Company name,City / Location,Industry Segment,Website,Revenue Band,DSIR Recognition Evidence,Promoter / Decision-Maker,Growth Signals
Fusion Klassroom Edutech Limited,"Mumbai office at Matruprabha, Ground Floor, Plot No -78, CTS No-2731, Daulat Nagar Road 7, Borivali East, Mumbai – 400066 for 22 months, ending on May 02, 2027. The lease deed has been executed on an arm’s length basis and the terms and conditions of the lease, including the lease rental are fair , reasonable and consistent with prevailing market practices.",See DRHP ‘Industry / Business overview’ section.,www.klassroom.in; www.maashitla.com; www.narnolia.com,Extract from restated financials in DRHP (pattern not matched).,No DSIR / R&D recognition wording detected in sampled DRHP pages.,DRHP: Ms. Jinal Karen Vora PROMOTERS OF; Mr. Suniel Shetty; Ms. Jinal Karen Vora,ISO certification mentioned
FX Multitech Limited,"WITH WIDE CIRCULATION, AT LEAST TWO WORKING DAYS PRIOR TO THE BID/OFFER OPENING DATE AND SHALL BE MADE AVAILABLE TO SME PLATFORM OF BSE (“BSE SME ”), FOR THE PURPOSE OF UPLOADING ON THEIR RESPECTIVE WEBSITE IN ACCORDANCE WITH THE SEBI ICDR REGULATIONS, AS AMENDED.",See DRHP ‘Industry / Business overview’ section.,https://www.fxmultitech.com; www.in.mpms.mufg.com; www.oneviewadvisors.com,"10,176.86 Lakhs",No DSIR / R&D recognition wording detected in sampled DRHP pages.,DRHP PDF could not be downloaded.,subsidiary / group structure
Shree TNB Polymers Limited,"Athalroad, Silvassa, Dadra & Nagar Haveli, India- 396230.",See DRHP ‘Industry / Business overview’ section.,www.shreetnbpolymers.in,Extract from restated financials in DRHP (pattern not matched).,No DSIR / R&D recognition wording detected in sampled DRHP pages.,DRHP PDF could not be downloaded.,subsidiary / group structure
Bipin Offset Limited,"into Public Limited Company and name of company was changed from “Bipin Offset Private Limited” to “Bipin Offset Limited” vide fresh certificate of incorporation dated July 01, 2025. For further details, please see chapter titled """,See DRHP ‘Industry / Business overview’ section.,https://bipinoffset.com/,Extract from restated financials in DRHP (pattern not matched).,No DSIR / R&D recognition wording detected in sampled DRHP pages.,DRHP: Mrs. Radhika Parth Soni; Mr. Rakesh Bhogilal Patel; Mrs. Zinnal Rakeshkumar Patel; Mr. Rikin Bipinchandra Patel. For; Mrs. Zinnal Rakeshkumar Patel. For,No explicit expansion/hiring/certification keywords in sampled pages — check MD&A / risk factors in full DRHP.
Maharaja & Speedex India Limited,"53/27 GT Karnal Road Village Alipur, Near Alipur Police Station, New Delhi, Delhi-110036. “we”, “us” and “our” Unless the context otherwise indicates or implies refers to our Company. “you”, “your” or “yours” Prospective investors in the Offer.",See DRHP ‘Industry / Business overview’ section.,https://speedexind.com,Extract from restated financials in DRHP (pattern not matched).,No DSIR / R&D recognition wording detected in sampled DRHP pages.,Promoter names not machine-extracted — verify in IPO prospectus or LinkedIn.,subsidiary / group structure
Sollfege Smart Electronics Limited,See DRHP ‘General Information’ — address not matched by pattern.,See DRHP ‘Industry / Business overview’ section.,www.finshoregroup.com; www.sollfege.com,Extract from restated financials in DRHP (pattern not matched).,No DSIR / R&D recognition wording detected in sampled DRHP pages.,Mr. Umesh Kumar Agarwal,No explicit expansion/hiring/certification keywords in sampled pages — check MD&A / risk factors in full DRHP.
Home Zone Rubber Solutions Limited,"D1 Grd Floor, Plot No 100 Sarjan Plaza Dr Annie Besant Road, Worli, Mumbai, Maharashtra - 400018 We/ us/ our Unless the context otherwise indicates or implies, refers to our Company",See DRHP ‘Industry / Business overview’ section.,www.homezone.co.in; www.horizonmanagement.in; www.maashitla.com,Extract from restated financials in DRHP (pattern not matched).,No DSIR / R&D recognition wording detected in sampled DRHP pages.,DRHP PDF could not be downloaded.,No explicit expansion/hiring/certification keywords in sampled pages — check MD&A / risk factors in full DRHP.
JEE Pumps Limited,"details, see “Our Business – Our Properties” on page 130 of the Draft Red Herring Prospectus.","(a) Business Overview – Products We are engaged in manufacturing and assembly of metallic and non - metallic customized pumps like centrifugal pump, chemical process pump, self -priming pump and mud pump comprising of electric motors or engines, which are designed, assembled and tested to operate for longer period of time. Th ese pumps are sold under the brand name “JEE Pumps”.",www.ib.marwadichandaranagroup.com; www.jeepumps.com,Extract from restated financials in DRHP (pattern not matched).,No DSIR / R&D recognition wording detected in sampled DRHP pages.,Promoter names not machine-extracted — verify in IPO prospectus or LinkedIn.,No explicit expansion/hiring/certification keywords in sampled pages — check MD&A / risk factors in full DRHP.
Manisha Textiles Limited,"Survey No 6, House No 8 P, Gova MIDC, Vill Sarav ali, Bhiwandi -421302 Maharashtra, India. Registrar of Companies / RoC Registrar of Companies, Mumbai II, Maharashtra",See DRHP ‘Industry / Business overview’ section.,www.kfintech.com; www.manishatextiles.in; www.rarever.in,Extract from restated financials in DRHP (pattern not matched).,No DSIR / R&D recognition wording detected in sampled DRHP pages.,DRHP: Ms. Kapila Shardul Tikke Company Secretary; Ms. Kapila Shardul Tikke,ISO certification mentioned; subsidiary / group structure
MILAN GINNING PRESSING LIMITED,& FACTORY CONTACT PERSON EMAIL AND TELEPHONE,See DRHP ‘Industry / Business overview’ section.,www.milangroupindia.com,Extract from restated financials in DRHP (pattern not matched).,No DSIR / R&D recognition wording detected in sampled DRHP pages.,DRHP: Mr. S. Ramakrishna Iyengar Telephone,subsidiary / group structure
Dudani Retail Limited,and Corporate Structure” beginning on page no 130 of the Draft Prospectus.,See DRHP ‘Industry / Business overview’ section.,www.divenaworld.com; www.finshoregroup.com; www.maashitla.com,Extract from restated financials in DRHP (pattern not matched).,No DSIR / R&D recognition wording detected in sampled DRHP pages.,DRHP: Mr. Ramgopal Sharma Company Secretary; Mr. Akshay Dudani; Mrs. Charu Dudani DETAILS OF OFFER TO; Mr. Mukul Agarwal Email; Akshay Dudani; Charu Dudani,ISO certification mentioned
Acme Universal Safezone 9 Limited,"PERSON E-MAIL AND TELEPHONE WEBSITE Near Twelve Shops Girwai Naka, A. B. Road, Gwalior, Madhya Pradesh, India, 474001 1209 Remi Commercio, Opp Yash Raj Studios Off Link Road Andheri West, Mumbai, Maharashtra, India, 400053 Priya Darshil Mody Company Secretary and Compliance Officer E-Mail Id: compliance@acmeuniversal9.com Telephone: +91- 91099 71732",See DRHP ‘Industry / Business overview’ section.,www.acmeuniversal9.com,Extract from restated financials in DRHP (pattern not matched).,No DSIR / R&D recognition wording detected in sampled DRHP pages.,Promoter names not machine-extracted — verify in IPO prospectus or LinkedIn.,subsidiary / group structure
Ratnadhar Infra Limited,(g) Business Strengths and Strategies,the tradin g of ready-mix concrete and other construction materials,www.kreocapital.com; www.ratnadharinfra.com,Extract from restated financials in DRHP (pattern not matched).,No DSIR / R&D recognition wording detected in sampled DRHP pages.,Promoter names not machine-extracted — verify in IPO prospectus or LinkedIn.,subsidiary / group structure
GOVINDAH NUTRITION LIMITED,"For further details on the changes in the name and registered office of our Company, see ""History and Certain Corporate Matters"" on page 202 of this Draft Red Herring Prospectus.",See DRHP ‘Industry / Business overview’ section.,www.govindahnutrition.com,Extract from restated financials in DRHP (pattern not matched).,No DSIR / R&D recognition wording detected in sampled DRHP pages.,Could not download DRHP PDF/ZIP for promoter extraction.,No explicit expansion/hiring/certification keywords in sampled pages — check MD&A / risk factors in full DRHP.
Neptune Holidays Limited,Download failed (timeout or HTTP error).,,,,,DRHP: NOVELTY MERCHANTS PRIVATE LIMITED; NEPTUNE AVIATIONS PRIVATE LIMITED; NEPTUNE,
Om Galaxy Limited,"5, Industrial Estate, Sativali Road, Village Valiv, Vasai, Thane, Maharashtra - 401208, India “we”, “us” and “our” Unless the context otherwise indicates or implies, refers to our Company and our Subsidiaries",See DRHP ‘Industry / Business overview’ section.,www.omgalaxymould.com,Extract from restated financials in DRHP (pattern not matched).,No DSIR / R&D recognition wording detected in sampled DRHP pages.,Promoter names not machine-extracted — verify in IPO prospectus or LinkedIn.,subsidiary / group structure
G V ELECTRICALS LIMITED,"Hammersmith Industrial Premises Co-op Society Ltd, Narayan Pathare Marg, Off. Sitladevi Temple Road, Mahim, Mumbai, Maharashtra, India, 400016 “we”, “us” or “our” Unless the context otherwise indicates or implies refers to our Company. “you”, “your” or “yours” Prospective investors/bidders in this Offer.",See DRHP ‘Industry / Business overview’ section.,www.gvelectricals.com,Extract from restated financials in DRHP (pattern not matched).,No DSIR / R&D recognition wording detected in sampled DRHP pages.,Promoter names not machine-extracted — verify in IPO prospectus or LinkedIn.,ISO certification mentioned
ADON AGRO COMMODITIES LIMITED,"Office No. I -3029, 3rd floor, Akshar Business Park, Plot No.3, Sector 25, Janta Market Road, Vashi, Navi Mumbai – 400703, Maharashtra Mrs. Snehal Gajanan Mhatre, Company Secretary & Compliance Officer Tel: 022 - 6501 1773 E-mail: cs@adonagrocommodities.com www.adonagrocommodities.com",See DRHP ‘Industry / Business overview’ section.,www.adonagrocommodities.com,Extract from restated financials in DRHP (pattern not matched).,No DSIR / R&D recognition wording detected in sampled DRHP pages.,DRHP: Mrs. Snehal Gajanan Mhatre; Mr. Vishal Sancheti E-mail; Mr. Murali Krishna E-mail; Mr. Narayanswamy Venkitkrishnan MOA; Mr. Narayanswamy Venkitkrishnan; Mrs. Jigisha Narayanswamy; Mr. Shubham Ratan Sharma. For,subsidiary / group structure
Shellz India Limited,"registered office of our Company, see “History and Certain Corporate Matters” on page 217.",See DRHP ‘Industry / Business overview’ section.,www.shellz.in,200.00 Lakhs,No DSIR / R&D recognition wording detected in sampled DRHP pages.,DRHP: KAPIL GARG AND SHALINI GARG,subsidiary / group structure
Core4 Engineers Limited,"CORPORATE OFFICE CONTACT PERSON EMAIL AND TELEPHONE WEBSITE Mathrushree No. 12, 1 st Floor, Near Ramana Maharshi Gyana Kendra, Next to New court, K Block, Kuvempunagar, Mysore – 570 023, Karnataka, India Theja Raju Company Secretary and Compliance Officer Email: investor@core4grp.com",See DRHP ‘Industry / Business overview’ section.,https://core4engineers.com/,Extract from restated financials in DRHP (pattern not matched).,No DSIR / R&D recognition wording detected in sampled DRHP pages.,DRHP: AGRAHARA CHAMARAJE GOWDA ABHINANDAN; HOSAHALLI; HOSAHALLI APPAGIGOWDA SAVITHA,subsidiary / group structure
Merritronix Limited,"While we have conducted searches of our records at our Company’s offices, the portal of Ministry of Corporate Affairs and the records maintained by the jurisdictional RoC, we have not been able to trace the certain corporate records, form filings and challans. In this regard, we have also relied on the search report dated March 23, 2026 prepared by LA & Associates, practi",See DRHP ‘Industry / Business overview’ section.,https://www.merritronix.com/; www.bigshareonline.com; www.gyrcapitaladvisors.com,"5,317.38 lakhs",No DSIR / R&D recognition wording detected in sampled DRHP pages.,DRHP: Ms. Mandava Swathi; Ms. Mandava Swathi Company Secretary; Mr. Mohit Baid SEBI Registration Number; Mr. Rajesh Kumawat. SEBI Registration Number; Mr. Dovari Amarnath; involved in a venture which is in the similar line of business/unit as that of our,capacity expansion; capex / capital expenditure; ISO certification mentioned; backward integration
Advantal Technologies Limited,"Unit No. 527 & 528, 5th Floor, Vipul Trade Centre, Sector 48, Sohna Road, Gurgaon, Haryana, India-122018. 17A Electronic Complex, Pardeshipura, Indore - 452010, Madhya Pradesh, India Prajakta Ashish Lapalikar, Company Secretary & Compliance Officer E-mail: cs@advantal.net Tel No: +0124-4381845 Website: www.advantaltechnologies.com",See DRHP ‘Industry / Business overview’ section.,https://www.hemsecurities.com/Offerdocumen; www.advantaltechnologies.com,Extract from restated financials in DRHP (pattern not matched).,No DSIR / R&D recognition wording detected in sampled DRHP pages.,Promoter names not machine-extracted — verify in IPO prospectus or LinkedIn.,No explicit expansion/hiring/certification keywords in sampled pages — check MD&A / risk factors in full DRHP.
Dove Soft Limited,"³ZH´³XV´DQG³RXU´ Unless the context otherwise indicates or implies, refers to our Company.",See DRHP ‘Industry / Business overview’ section.,www.dovesoft.io,Extract from restated financials in DRHP (pattern not matched).,No DSIR / R&D recognition wording detected in sampled DRHP pages.,Promoter names not machine-extracted — verify in IPO prospectus or LinkedIn.,No explicit expansion/hiring/certification keywords in sampled pages — check MD&A / risk factors in full DRHP.
Poojaa Precision Engg. Limited,"Gat No. 253/1A, Village-Kharabwadi, Chakan, Pune, Maharashtra, India, 410501 Office No. T3 -401 & T -2 407, Kohinoor World Tower, Opp. Empire Estate, Chinchwad, Chinchwad East, Pune, Pune City, Maharashtra, India, 411019 Bhavana Phoolchand Tak, Company Secretary & Compliance Officer Email: bhavanat@poojaaprecisionengg.in Telephone: +91- 86001 08448 www.poojacastings.in",See DRHP ‘Industry / Business overview’ section.,https://www.hemsecurities.com/Offerdocume; www.poojacastings.in,Extract from restated financials in DRHP (pattern not matched).,No DSIR / R&D recognition wording detected in sampled DRHP pages.,Promoter names not machine-extracted — verify in IPO prospectus or LinkedIn.,ISO certification mentioned
Gulf Lloyds (India) Limited,"into fresh lease or leave and license agreement. Such a situation could result in lo ss of business, time overruns and may adversely affect our business operations and profitability.",See DRHP ‘Industry / Business overview’ section.,www.gulflloydsgroup.com; www.ifinservices.in; www.kfintech.Com,"1,664.38 lakhs",No DSIR / R&D recognition wording detected in sampled DRHP pages.,DRHP: Jaykumar Bhavsar; Anitaben Bhavsar; Bhagirath Bhavsar; Shivaniben,ISO certification mentioned
Avtar Career Creators Limited,"relation to use of the pr emises could have a material adverse effect on our business and results of operations Our Registered Office, located at No. 10, Raja Nagar, Neelangarai, Chennai – 600041, has been taken on lease from our Promoter and Managing Director, Dr. Saundarya Rajesh, since inception of our Company. The current lease arrangement is for a period of 11 months commen",See DRHP ‘Industry / Business overview’ section.,https://in.mpms.mufg.com/; www.avtarcc.com; www.mefcomcap.in,Extract from restated financials in DRHP (pattern not matched).,No DSIR / R&D recognition wording detected in sampled DRHP pages.,DRHP: Dr. Saundarya Rajesh; Mr. Akshey Rajesh; Mr. Umasanker Kandaswamy DETAILS OF THE ISSUE; Mr. Umasanker Kandaswamy THE ISSUE INITIAL PUBLIC,hiring / recruitment; subsidiary / group structure
Fine Refiners Limited,LOCATED). AT LEAST TWO WORKING DAYS PRIOR TO THE OFFER OPENING DATE AND SHALL BE MADE AVAILABLE TO THE BSE LIMITED (“BSE”) FOR THE PURPOSE OF UPLOADING ON THEIR,See DRHP ‘Industry / Business overview’ section.,https://in.mpms.mufg.com/; www.finerefiners.com; www.fintellectualadvisors.com,"6,020.54 lakhs",No DSIR / R&D recognition wording detected in sampled DRHP pages.,DRHP PDF could not be downloaded.,No explicit expansion/hiring/certification keywords in sampled pages — check MD&A / risk factors in full DRHP.
Dhaval Packaging Limited,Download failed (timeout or HTTP error).,,,,,Promoter names not machine-extracted — verify in IPO prospectus or LinkedIn.,
Devson Catalyst Limited,"2025. Consequently, the name of Company changed from “Devson Catalyst Private Limited” to “Devson Catalyst Limited”. The Corporate Identification Number of the Company is U31300GJ2004PLC044722.",See DRHP ‘Industry / Business overview’ section.,www.devsongroup.com; www.in.mpms.mufg.com; www.jjipoadvisors.com,"3,253.15 lakhs",No DSIR / R&D recognition wording detected in sampled DRHP pages.,DRHP PDF could not be downloaded.,No explicit expansion/hiring/certification keywords in sampled pages — check MD&A / risk factors in full DRHP.
Zebion Infotech Limited,"Sr. No. 383/8 FL 101 & 102 Atharv, Jaytu New Timber Merchant Society, Ghorpade Peth, Pune, Maharashtra, India, 411042 Aakash Chaturvedi Company Secretary & Compliance Officer Email: cs@zebion.in Telephone: +91 9623441166 www.zebion.in",See DRHP ‘Industry / Business overview’ section.,www.zebion.in,Extract from restated financials in DRHP (pattern not matched).,No DSIR / R&D recognition wording detected in sampled DRHP pages.,Promoter names not machine-extracted — verify in IPO prospectus or LinkedIn.,subsidiary / group structure
Horizon Reclaim  (India) Limited,"2025. Our Company’s Corporate Identity Number is U25206UP2006PLC032294. For details of change in Registered office of our Company, please refer to the chapter titled “History and Certain Corporate Matters” on page 149 of the Draft Red Herring Prospectus.",See DRHP ‘Industry / Business overview’ section.,https://horizonreclaim.com/; www.gyrcapitaladvisors.com; www.kfintech.com,Extract from restated financials in DRHP (pattern not matched).,No DSIR / R&D recognition wording detected in sampled DRHP pages.,DRHP: Ms. Deeksha Thakral Company Secretary; Mr. Mohit Baid SEBI Registration Number; Ms. Neha Ahuja; Mr. Raj Mehta,capacity expansion
Susan Electricals India Limited,"Flat No. 1703, 17th Floor, Nirmal Tower 26, Barakhamba Road, New Delhi-110001, Delhi (admeasuring 450.00 Sqft) Rent Mr. Aman Singh Panwar Obtained on rent from Mr. Aman Singh Panwar for a period of eleven (11) months commen",See DRHP ‘Industry / Business overview’ section.,https://seil.net.in/; https://serencapital.in/; www.mudrarta.com,Extract from restated financials in DRHP (pattern not matched).,No DSIR / R&D recognition wording detected in sampled DRHP pages.,DRHP: Ms. Mahak Jain,capacity expansion
Quanto Agroworld Limited,"Express Highway, Behind Express Zone, Goregaon East, Mumbai – 400 063, Maharashtra, India “we” or “us” or “our” Unless the context otherwise indicates or implies, refers to our Company, our Subsidiaries or Group Companies.",See DRHP ‘Industry / Business overview’ section.,https://in.mpms.mufg.com/; www.quantoagro.com; www.sobhagyacapital.com,Extract from restated financials in DRHP (pattern not matched).,No DSIR / R&D recognition wording detected in sampled DRHP pages.,DRHP PDF could not be downloaded.,ISO certification mentioned; subsidiary / group structure
Navkkar Gold & Diamond Limited,"Registered Office: SCO 19, Sector 34C, Sector 34(Chandigarh), Chandigarh -160022 India; Tel. No.: +91 01722623796; Email: info@navkkarjewellers.com; Website: www.navkkarjewellers.com; Contact Person: Mr. Chirag Bharatbhai Ghataliya, Company Secretary & Compliance Officer",See DRHP ‘Industry / Business overview’ section.,www.navkkarjewellers.com; www.skylinerta.com; www.wealthminenetworks.com,Extract from restated financials in DRHP (pattern not matched).,No DSIR / R&D recognition wording detected in sampled DRHP pages.,DRHP: Mr. Chirag Bharatbhai Ghataliya; Mr. Vivek Jain; Mrs. Taruna Jain; Ms. Muskan Jain; Ms. Dhawani Jain; Mr. Jinesh Jain; Mr. Yogesh Jain; Mr. Vivek Jain March; Mr. Yogesh Jain Negligible Negligible July; Mr. Jinesh Jain Negligible Negligible July,subsidiary / group structure
Anand Seamless Limited,"Ronak Jhuthawat & Co., Practi",See DRHP ‘Industry / Business overview’ section.,http://www.aftertrade.in; https://www.anandseamless.com/; www.in.mpms.mufg.com,Extract from restated financials in DRHP (pattern not matched).,No DSIR / R&D recognition wording detected in sampled DRHP pages.,DRHP PDF could not be downloaded.,capex / capital expenditure; subsidiary / group structure
Futurex Management Solution Limited,"198 & 199, First Floor, Pocket -3, Sector - 24, Rohini, Northwest, Delhi, 110085 Ground Floor, Viraat I, C-56/35, Sector - 62, Noida 201309 Shweta Bansal Company Secretary and Compliance Officer Email: cs@futurexsolutions.com Tel No: 011-41687775 www.futurexsolutions. com PROMOTERS OF OUR COMPANY: RAVI GAHLOT AND SULEKHA GAHLOT DETAILS OF THE OFFER TYPE FRESH ISSUE SIZE",See DRHP ‘Industry / Business overview’ section.,www.futurexsolutions; www.futurexsolutions.com,Extract from restated financials in DRHP (pattern not matched).,No DSIR / R&D recognition wording detected in sampled DRHP pages.,DRHP PDF could not be downloaded.,subsidiary / group structure
Lorven International Limited,"regularize such compliance, our Company has filed a compounding application before the Regional Director, West- ern Region, Mumbai on February 02, 2026. As on the date of this Offer Document, the said compounding application is pending adjudication and no hearing has been conducted.",See DRHP ‘Industry / Business overview’ section.,https://lorveninternational.in; https://www.Bigshareonline.Com; www.Bigshareonline.Com; www.ifinservices.in,2 lakhs,No DSIR / R&D recognition wording detected in sampled DRHP pages.,DRHP: Mr. Sohil Nitin Savla. CIN Corporate Identification; Ms. Meenakshi Jain Depositories Act The Depositories; Pankaj Baldevkumar Aggarwal; Sangeeta Deepak Aggarwal; Rupen Deepak,capex / capital expenditure; ISO certification mentioned; subsidiary / group structure
Sham Foam Limited,Promoters and the same property has been used as security for loan taken by our Company for its machineries:,"As on date of the Draft Prospectus, our Company has been using the following brand names for marketing and distribution of",www.alankitassignments.com; www.corporatemakers.in; www.navigantcorp.com; www.shamfoam.com,Extract from restated financials in DRHP (pattern not matched).,No DSIR / R&D recognition wording detected in sampled DRHP pages.,DRHP: Ms. Reetika Dhain; Mr. Manish Kumar Singh SEBI Registration Number; Mr. Gagan Goel CIN; Mr. Harish Chandra Agrawal SEBI Registration No; Ms. Reetika Dhain Company Secretary; Mr. Rajinder Kumar Jindal; Mr. Sanjeev Kumar Jindal; Ms. Monica Jindal; Ms. Deepika Jindal; Mr. Abhinav Jindal,capacity expansion
Twinkle Papers limited,110001 Telephone: +91 9910990488 Email: mb@novuscaps.com; Twinkleipo@novuscaps.com Website: www.novuscaps.com Investor Grievance Email: investor@novuscaps.com Contact Person: Ms. Sakshi/Ms. Neha Mehra SEBI registration number: INM000012500,See DRHP ‘Industry / Business overview’ section.,https://twinklepapers.com/; https://www.alankit.com/; www.novuscaps.com,91.51 crores,No DSIR / R&D recognition wording detected in sampled DRHP pages.,Could not download DRHP PDF/ZIP for promoter extraction.,capacity expansion; hiring / recruitment; facility expansion
Fusion Klassroom Edutech Limited,"Mumbai office at Matruprabha, Ground Floor, Plot No -78, CTS No-2731, Daulat Nagar Road 7, Borivali East, Mumbai – 400066 for 22 months, ending on May 02, 2027. The lease deed has been executed on an arm ’s length basis and the terms and conditions of the lease, including the lease rental are fair, reasonable and consistent with prevailing market practices.",See DRHP ‘Industry / Business overview’ section.,www.klassroom.in; www.maashitla.com; www.narnolia.com,Extract from restated financials in DRHP (pattern not matched).,No DSIR / R&D recognition wording detected in sampled DRHP pages.,DRHP: Ms. Jinal Karen Vora PROMOTERS OF; Mr. Suniel Shetty; Ms. Jinal Karen Vora,ISO certification mentioned
MILLWORKS TECHNOLOGIES LIMITED,"PERSON EMAIL ID AND TELEPHONE WEBSITE No.458/1, 10th a Cross, Phase-4, Peenya Industrial Area, Peenya Small Industries, Bangalore, Bangalore north, Karnataka, India – 560058 Mr. Srivathsan K N Company Secretary and Compliance Officer Email-id cs@millworksindia.com Investor Grievance Maid Id: Investor.Relations@millworksindia.com Tel.: +91 9187045959",See DRHP ‘Industry / Business overview’ section.,https://millworksindia.com/,Extract from restated financials in DRHP (pattern not matched).,No DSIR / R&D recognition wording detected in sampled DRHP pages.,Mr. Sridhar Acharya,No explicit expansion/hiring/certification keywords in sampled pages — check MD&A / risk factors in full DRHP.
Liqvd Digital India Limited,"AT LEAST TW O WORKING DAYS PRIOR TO THE BID/ OFFER OPENING DATE AND SHALL BE MADE AVAILABLE TO THE SME PLATFORM OF BSE (“BSE SME”) FOR THE PURPOSES OF UPLOADING ON THEIR WEBSITE, IN ACCORDANCE WITH THE SEBI ICDR REGULATIONS.",See DRHP ‘Industry / Business overview’ section.,https://liqvd.asia/,Extract from restated financials in DRHP (pattern not matched).,No DSIR / R&D recognition wording detected in sampled DRHP pages.,Could not download DRHP PDF/ZIP for promoter extraction.,subsidiary / group structure
Liqvd Digital India Limited,"AT LEAST TW O WORKING DAYS PRIOR TO THE BID/ OFFER OPENING DATE AND SHALL BE MADE AVAILABLE TO THE SME PLATFORM OF BSE (“BSE SME”) FOR THE PURPOSES OF UPLOADING ON THEIR WEBSITE, IN ACCORDANCE WITH THE SEBI ICDR REGULATIONS.",See DRHP ‘Industry / Business overview’ section.,https://liqvd.asia/,Extract from restated financials in DRHP (pattern not matched).,No DSIR / R&D recognition wording detected in sampled DRHP pages.,Could not download DRHP PDF/ZIP for promoter extraction.,subsidiary / group structure
Panchatv Bharat limited,"of the Draft Prospectus, the Corporate Identification Number of our Company is U13999DL2024PLC427903. For further details, please refer to the chapter titled “",See DRHP ‘Industry / Business overview’ section.,https://www.markcorporateadvisors.com/; https://www.panchatvlimited.com/; www.maashitla.com,Extract from restated financials in DRHP (pattern not matched).,No DSIR / R&D recognition wording detected in sampled DRHP pages.,Could not download DRHP PDF/ZIP for promoter extraction.,No explicit expansion/hiring/certification keywords in sampled pages — check MD&A / risk factors in full DRHP.
Paluck Technologies Limited,"Company, please refer to the chapter titled “History and Certain Corporate Matters” on page 176 of this Draft Red Herring Prospectus.",See DRHP ‘Industry / Business overview’ section.,https://palucktechno.com/; www.horizonmanagement.in,Extract from restated financials in DRHP (pattern not matched).,No DSIR / R&D recognition wording detected in sampled DRHP pages.,DRHP: Mr. Ganesh Shinde SEBI Registration No; Mr. Sumit Kumar Bajaj; in dematerialized form,No explicit expansion/hiring/certification keywords in sampled pages — check MD&A / risk factors in full DRHP.
Technocrats Plasma Systems Limited,"108, Nirav -2, Gaon Devi Industrial Estate, Sativali, Vasai East, Dist. Palghar – 401 208, Maharashtra, India. Promoters/Our Promoters The Promoters of our Company being Arun Kumar and Vandana Sharma. Promoter Group Such persons , entities and companies constituting our promoter group pursuant to Regulation 2(1) (pp) of the SEBI (ICDR) Regulations.",See DRHP ‘Industry / Business overview’ section.,www.technocratplasma.com,Extract from restated financials in DRHP (pattern not matched).,No DSIR / R&D recognition wording detected in sampled DRHP pages.,Promoter names not machine-extracted from sampled DRHP pages; verify in IPO prospectus or LinkedIn.,No explicit expansion/hiring/certification keywords in sampled pages — check MD&A / risk factors in full DRHP.
UHM Vacation Limited,"C 715, Dattani Plaza, Near E W Ind Est, Safed Pool, Saki Naka, Andheri (East), Mumbai - 400072, Maharashtra, India Sanchita Dad, Company Secretary and Compliance Officer Email: cs@uhmvacation.com Telephone: 02246079484",See DRHP ‘Industry / Business overview’ section.,www.uhmvacation.com/,Extract from restated financials in DRHP (pattern not matched).,No DSIR / R&D recognition wording detected in sampled DRHP pages.,Could not download DRHP PDF/ZIP for promoter extraction.,subsidiary / group structure
Fly-Hi Maritime Travels Limited,Our Company” on page no 166:,See DRHP ‘Industry / Business overview’ section.,www.corporatemakers.in; www.kfintech.com,1 Crore,No DSIR / R&D recognition wording detected in sampled DRHP pages.,DRHP: unable or unwilling to continue in their present position; we may not be able to replace them; Mr. Satish Kumar Gupta SEBI Registration No,No explicit expansion/hiring/certification keywords in sampled pages — check MD&A / risk factors in full DRHP.
Craftech Paper Mills Limited,"Karwa Complex, Opp",See DRHP ‘Industry / Business overview’ section.,www.craftechpaper.com; www.horizonmanagement.in; www.maashitla.com,Extract from restated financials in DRHP (pattern not matched).,No DSIR / R&D recognition wording detected in sampled DRHP pages.,DRHP: Mr. Narendra Bajaj SEBI Registration No; Mr. Mukul Agrawal SEB,No explicit expansion/hiring/certification keywords in sampled pages — check MD&A / risk factors in full DRHP.
Dhnawel Hybrid Seeds Limited,Corporate Identification Number of our Company is U46101GJ2024PLC148851.,See DRHP ‘Industry / Business overview’ section.,www.cameoindia.com; www.dhanwelseeds.com; www.wealthminenetworks.com,Extract from restated financials in DRHP (pattern not matched).,No DSIR / R&D recognition wording detected in sampled DRHP pages.,Mr. Kishankumar Gordhanbhai Meghani Chairman; Mr. Nikunj Mansukhlal Suvagiya Non; Mr. Sudhir Mohanbhai Pipaliya Non; Mr. Vimal Mansukhbhai Vekariya Whole; Ms. Dixita Rajendrasinh Chauhan Chief Financial; Ms. Keshvi Akshay Barasiya Non; Ms. Parul Agarwal; Ms. Parul Agarwal Company Secretary,No explicit expansion/hiring/certification keywords in sampled pages — check MD&A / risk factors in full DRHP.
Larisa Hotels and Resorts Limited,"Centre issued a new certificate of incorporation consequent upon conversion dated October 08, 2024, bearing",See DRHP ‘Industry / Business overview’ section.,https://larisahotelsandresorts.co; https://larisahotelsandresorts.com/,Extract from restated financials in DRHP (pattern not matched).,No DSIR / R&D recognition wording detected in sampled DRHP pages.,Could not download DRHP PDF/ZIP for promoter extraction.,subsidiary / group structure
Saffron Speciality Papers Limited,"77/5, Village Aamne Near Indian Petrol Pump, Thane, Bhiwandi 421302, Maharashtra We / us / our Unless the context otherwise indicates or implies, refers to our Company. You / your / yours Prospective investors in this Issue.",See DRHP ‘Industry / Business overview’ section.,www.saffronindia.net,Extract from restated financials in DRHP (pattern not matched).,No DSIR / R&D recognition wording detected in sampled DRHP pages.,Promoter names not machine-extracted from sampled DRHP pages; verify in IPO prospectus or LinkedIn.,capex / capital expenditure; ISO certification mentioned
FX Multitech Limited,"WITH WIDE CIRCULATION, AT LEAST TWO WORKING DAYS PRIOR TO THE BID/OFFER OPENING DATE AND SHALL BE MADE AVAILABLE TO SME PLATFORM OF BSE (“BSE SME ”), FOR THE PURPOSE OF UPLOADING ON THEIR RESPECTIVE WEBSITE IN ACCORDANCE WITH THE SEBI ICDR REGULATIONS, AS AMENDED.",See DRHP ‘Industry / Business overview’ section.,https://www.fxmultitech.com; www.in.mpms.mufg.com; www.oneviewadvisors.com,"10,176.86 Lakhs",No DSIR / R&D recognition wording detected in sampled DRHP pages.,DRHP PDF could not be downloaded.,subsidiary / group structure
AEGEUS TECHNOLOGIES LIMITED,"Central Processing Centre has issued a new certificate of incorporation consequent upon conversion dated August 08, 2024, bearing",See DRHP ‘Industry / Business overview’ section.,https://tcagroup.in; www.aegeustechnologies.com; www.skylinerta.com,Extract from restated financials in DRHP (pattern not matched).,No DSIR / R&D recognition wording detected in sampled DRHP pages.,Mr. Suraj Vernekar,capacity expansion; hiring / recruitment; subsidiary / group structure
Wagons Learning Limited,"Office Contact Person Email and Telephone Website Office No -302, Tower 2, Montreal Business Center, Pallod Farms Baner, Pune, Baner Gaon, Pune, Haveli, Maharashtra, India, 411045 N.A. Ms. Neeru Saini, Company Secretary and Compliance Officer Email: compliance@wagonslearning.com Telephone: +91-8149006055",See DRHP ‘Industry / Business overview’ section.,www.cameoindia.com; www.kslindia.in; www.wagonslearning.co; www.wagonslearning.com,Extract from restated financials in DRHP (pattern not matched).,No DSIR / R&D recognition wording detected in sampled DRHP pages.,DRHP: Ms. Neeru Saini; Mr. Uday Shetty Promoter Up; Mr. Raviraj Poojary Promoter Up; Mr. Alok Desai Telephone; Mr. K. Sreepriya Telephone; Mr. Raviraj Poojary; Mr. Uday Shetty,No explicit expansion/hiring/certification keywords in sampled pages — check MD&A / risk factors in full DRHP.
Kratikal Tech Limited,"Deputy Registrar of Companies/ Registrar of Companies, Central Processing Centre. Our Company ’s Corporate Identity Number consequent to Alteration of Object Clause(s) is U62099UP2013PLC060625. For details of change in registered office of our Company, please refer to chapter titled “History and Corporate Structure” beginning on page no. 201 of the Draft Red Herring Prospectus.",See DRHP ‘Industry / Business overview’ section.,https://kratikal.com; www.beelinemb.com; www.kfintech.com,931.66 lakhs,No DSIR / R&D recognition wording detected in sampled DRHP pages.,DRHP: Mr. Anmol Gupta PROMOTERS OF OUR; directors on the boards of our subsidiaries,ISO certification mentioned; digital / hiring channel mention; subsidiary / group structure
Sotefin Bharat Limited,"Kalikapur, Kolkata, West Bengal, India, 700099. Furthermore, unless the context otherwise indicates, all references to the terms, “we”, “us” and “our” are to our Company.",See DRHP ‘Industry / Business overview’ section.,www.sotefinbharat.com,Extract from restated financials in DRHP (pattern not matched).,No DSIR / R&D recognition wording detected in sampled DRHP pages.,Promoter names not machine-extracted from sampled DRHP pages; verify in IPO prospectus or LinkedIn.,No explicit expansion/hiring/certification keywords in sampled pages — check MD&A / risk factors in full DRHP.
Efficient Fire and Security Solutions Limited,Centre. The present,See DRHP ‘Industry / Business overview’ section.,www.bigshareonline.com; www.efficientfire.in; www.swastika.co.in,Extract from restated financials in DRHP (pattern not matched).,No DSIR / R&D recognition wording detected in sampled DRHP pages.,DRHP: ANAND BABRUVAN GADEKAR AND AARTI ANAND GADEKAR,No explicit expansion/hiring/certification keywords in sampled pages — check MD&A / risk factors in full DRHP.
Taldar Hotels and Resorts Limited,"Company, see “History and Certain Corporate Matters” on page 206 of the DP.",See DRHP ‘Industry / Business overview’ section.,https://socradamus.in/; www.bigshareonline.com; www.mumbaihousehotels.com,Extract from restated financials in DRHP (pattern not matched).,No DSIR / R&D recognition wording detected in sampled DRHP pages.,DRHP: RATAN TALDAR; SAPNA TALDAR AND DOLLY TALDAR,hiring / recruitment
Silverstorm Parks and Resorts Limited,"India. Furthermore, unless the context otherwise indicates, all references to the terms, “we”, “us” and “our” are to our Company.",See DRHP ‘Industry / Business overview’ section.,https://silverstorm.in/,Extract from restated financials in DRHP (pattern not matched).,No DSIR / R&D recognition wording detected in sampled DRHP pages.,Promoter names not machine-extracted from sampled DRHP pages; verify in IPO prospectus or LinkedIn.,No explicit expansion/hiring/certification keywords in sampled pages — check MD&A / risk factors in full DRHP.
Recode Studios Limited,"TELEPHONE WEBSITE R-89, Phase V, Focal Point, Ludhiana, Punjab, India - 141010 Mukta Ahuja Company Secretary and Compliance Officer E-mail: info@recodestudios.com Tel No: 0161- 4752672 Website: www.shop.recodestudios.com",See DRHP ‘Industry / Business overview’ section.,https://serencapital.in/; www.mudrarta.com; www.recodestudios.com,Extract from restated financials in DRHP (pattern not matched).,No DSIR / R&D recognition wording detected in sampled DRHP pages.,Promoter names not machine-extracted from sampled DRHP pages; verify in IPO prospectus or LinkedIn.,ISO certification mentioned
YAASHVI JEWELLERS LIMITED,"Colony Vaishali Nagar, Jaipur, Rajasthan, India, 302021. “you”, “your” or “yours” Prospective investors in this Issue. “we”, “us” or “our” Unless the context otherwise indicates or implies, refers to our Company.",See DRHP ‘Industry / Business overview’ section.,www.bigshareonline.com; www.shcapl.com; www.yaashvijewellers.com,Extract from restated financials in DRHP (pattern not matched).,No DSIR / R&D recognition wording detected in sampled DRHP pages.,DRHP: Mr. Parth Shah Website; ANKITA AGARWAL AND ANKIT AGGARWAL; held in dematerialized form; Mr. Parth Shah; Mr. Parth Shah E-mail,No explicit expansion/hiring/certification keywords in sampled pages — check MD&A / risk factors in full DRHP.
Advance Technoforge Limited,and Certain Corporate Matters” on page 150.,See DRHP ‘Industry / Business overview’ section.,www.advancetechforge.com/; www.kfintech.com; www.suncapitalservices.co.in,Extract from restated financials in DRHP (pattern not matched).,No DSIR / R&D recognition wording detected in sampled DRHP pages.,DRHP: Ms. Payal Bansal,capacity expansion
Aureate Tradde Limited,"delayed compliance /lapses may attract certain penalties The Company has generally complied with certain statutory provisions and there are the following discrepancies observed under provisions of Companies Act, 2013.",See DRHP ‘Industry / Business overview’ section.,www.aureatetradde.in; www.corporatemakers.in,"1,000 Lakhs",No DSIR / R&D recognition wording detected in sampled DRHP pages.,Could not download DRHP PDF/ZIP for promoter extraction.,No explicit expansion/hiring/certification keywords in sampled pages — check MD&A / risk factors in full DRHP.
Mother Agri Food Limited,"details of change in name and registered office of our company, please refer to section titled “","the cleaning, grading, processing, sorting and trading of various agricultural commodities, including",https://motheragrifood.com/,6693.51 lakhs,No DSIR / R&D recognition wording detected in sampled DRHP pages.,DRHP: Mr. S. Ramakrishna Iyengar PURVA SHAREGISTRY; Ms. Deepali Dhuri ISSUE PROGRAMME ANCHOR BID,ISO certification mentioned; forward integration
Diksha Polymers Limited,"True Copies of the relevant MCA forms which are not available with the Company and are not reflected in the MCA Master Data, as the filings pertain to a period when electronic filing was not in force.",See DRHP ‘Industry / Business overview’ section.,www.afsl.co.in; www.cameoindia.com; www.dikshagroup.in,"2,299.83 lakhs",No DSIR / R&D recognition wording detected in sampled DRHP pages.,DRHP: Mrs. Anjana Mandelia. For,capacity expansion; backward integration
Peshwa Wheat Limited,"of filing of the Draft Red Herring Prospectus with BSE SME and inviting the public to provide their comments to the BSE SME Exchange, our Company or the Book Running Lead Manager(s) in respect of the disclosures made in this Draft Red Herring Prospectus.",See DRHP ‘Industry / Business overview’ section.,www.peshwawheat.com,Extract from restated financials in DRHP (pattern not matched).,No DSIR / R&D recognition wording detected in sampled DRHP pages.,Could not download DRHP PDF/ZIP for promoter extraction.,ISO certification mentioned; subsidiary / group structure
NTL India Limited,"DAYS PRIOR TO THE BID/ISSUE OPENING DATE AND SHALL BE MADE AVAILABLE TO SME PLATFORM OF BSE LIMITED FOR THE PURPOSES OF UPLOADING ON THEIR WEBSITES IN ACCORDANCE WITH THE SECURITIES AND EXCHANGE BOARD OF INDIA (ISSUE OF CAPITAL AND DISCLOSURE REQUIREMENTS REGULATIONS, 2018, AS AMENDED (THE “SEBI ICDR REGULATIONS”).",See DRHP ‘Industry / Business overview’ section.,www.cameoindia.com; www.cumulativecapital.group; www.ntlchennai.net,Extract from restated financials in DRHP (pattern not matched).,No DSIR / R&D recognition wording detected in sampled DRHP pages.,DRHP: D RAMESH AND DAYANITHI,No explicit expansion/hiring/certification keywords in sampled pages — check MD&A / risk factors in full DRHP.
RCRS Innovations Limited,"CORPORATE OFFICE CONTACT PERSON TELEPHONE AND EMAIL WEBSITE Building No. 13, Office no. 403, 4th Floor, Veer Savarkar Block, Shakarpur East Delhi, India, 110092 C-79 Ground Floor, Sector 63, Noida, Gautam Buddha Nagar, Noida, Uttar Pradesh, India, 201301 Ms. Komal Company Secretary",See DRHP ‘Industry / Business overview’ section.,https://rcrsinnovations.com/,Extract from restated financials in DRHP (pattern not matched).,No DSIR / R&D recognition wording detected in sampled DRHP pages.,Could not download DRHP PDF/ZIP for promoter extraction.,No explicit expansion/hiring/certification keywords in sampled pages — check MD&A / risk factors in full DRHP.
Vahh Chemicals Limited,"Our Company has delayed in complying with certain statutory provisions under Companies Act 2013. Further, as mentioned in below table there were non-compliances and discrepancies in filing with RoC.",See DRHP ‘Industry / Business overview’ section.,www.kfintech.com; www.vahhchemicals.com,2554.25 Lakhs,No DSIR / R&D recognition wording detected in sampled DRHP pages.,DRHP: Mr. Aayush Hiren Desai; Mrs. Hetal Hirenbhai Desai,subsidiary / group structure; backward integration
Black Opal Consultants Limited,Central Processing Centre. The Corporate Identification Number of our Company is U70109DL2020PLC369011.,See DRHP ‘Industry / Business overview’ section.,www.blackopalgroup.in,2 crores,DSIR Department of Scientific and Industrial Research EBIT EBIT provides information regarding the operational efficie ncy of the business after deducting depreciation and amortization cost.,DRHP: Ms. Anju Company Secretary; Mr. Chandan Mishra Email; Mr. Anuj Rana Email; Mr. Gaurav Bhardwaj. Corporate Identification Number; Ms. Anju. Corporate Office; Mr. Prasoon Chauhan; Mr. Sheikh Arfeen Ahmed; Mr. Prasoon Chauhan. Promoter Group Individuals,capex / capital expenditure; subsidiary / group structure
Udaan Paper Industries Limited,"Pithampur, Madhya Pradesh, India - 454774.",See DRHP ‘Industry / Business overview’ section.,https://serencapital.in/; https://www.udaanindustries.com/; www.bigshareonline.com,Extract from restated financials in DRHP (pattern not matched).,No DSIR / R&D recognition wording detected in sampled DRHP pages.,DRHP: Mr. Babu Rapheal; Mr. Yash Bakliwal; Mr. Sapan Bakliwal; Ms. Shubhangi Jain,No explicit expansion/hiring/certification keywords in sampled pages — check MD&A / risk factors in full DRHP.
ENS Enterprises Limited,"May 08, 2025.The CIN of our Company is U74120UP2016PLC075577. For details of incorporation, change of registered office of our Company, please refer to the section title “History and Corporate Structure” on page no. 156 of this Draft Red Herring Prospectus.",See DRHP ‘Industry / Business overview’ section.,www.abhipra.com; www.corporatemakers.in; www.ens.enterprises,Extract from restated financials in DRHP (pattern not matched).,No DSIR / R&D recognition wording detected in sampled DRHP pages.,DRHP: Mr. Akhil Jain; Mr. Manish Kumar Srivastava July; Mr. Avinash Kumar Singh July; Mr. Anupam Kumar Srivastava July; Mr. Avinash Kumar Singh; Mr. Manish Kumar Srivastava For; Mr. Anupam Kuma; Mr. Anupam Kumar Srivastava,No explicit expansion/hiring/certification keywords in sampled pages — check MD&A / risk factors in full DRHP.
MTE STRUCTURES LIMITED,Centre. For further details please refer to chapter titled “History and Certain Corporate Matters” beginning on Page No. 145 of the Draft Red Herring Prospectus.,the manufacturing of specialized solar panel mounting structures and provides solar mounting solutions,https://in.mpms.mufg.com/; https://mtegroup.in/; www.gyrcapitaladvisors.com,Extract from restated financials in DRHP (pattern not matched).,No DSIR / R&D recognition wording detected in sampled DRHP pages.,DRHP: Mrs. Jinal Bhavik Shah; Mrs. Jinal Bhavik Shah Company Secretary; Mr. Mohit Baid SEBI Registration Number; Mr. Shanti Gopalkrishnan SEBI Registration Number,ISO certification mentioned
Fractal Industries Limited,"Kurla Rd, Andheri East, Mumbai - 400072, Maharashtra. Our Promoters 1. Pankaj Bishwanath Agrawal 2. Priti Pankaj Agrawal",See DRHP ‘Industry / Business overview’ section.,https://fractalindustries.in/,Extract from restated financials in DRHP (pattern not matched).,No DSIR / R&D recognition wording detected in sampled DRHP pages.,Could not download DRHP PDF/ZIP for promoter extraction.,ISO certification mentioned; subsidiary / group structure
Ajwa Projects Limited,"details on incorporation and registered office of our Company, see “",See DRHP ‘Industry / Business overview’ section.,www.ajwaprojects.com; www.kfintech.com; www.wealthminenetworks.com,Extract from restated financials in DRHP (pattern not matched).,No DSIR / R&D recognition wording detected in sampled DRHP pages.,Mr. Mohammad Khurshid Alam Khan,No explicit expansion/hiring/certification keywords in sampled pages — check MD&A / risk factors in full DRHP.
Kwick Forensic Solutions Limited,"New No 12 Old No 11 East Park Road, Shenoy Nagar, Chennai, Tamil Nadu, India, 600030. Ms. Selvakumar Krithika (Company Secretary & Compliance Officer) Email: cs@kwickforensic.com Tel: +91-8807110249 https://kwickforensic.com/",See DRHP ‘Industry / Business overview’ section.,https://kwickforensic.com/,Extract from restated financials in DRHP (pattern not matched).,No DSIR / R&D recognition wording detected in sampled DRHP pages.,DRHP: Ms. Selvakumar Krithika; Ms. Harpreet Parashar Tel. No; Mr. Babu Rapheal C. Tel No,ISO certification mentioned
Liqvd Digital India Limited,"AT LEAST TW O WORKING DAYS PRIOR TO THE BID/ OFFER OPENING DATE AND SHALL BE MADE AVAILABLE TO THE SME PLATFORM OF BSE (“BSE SME”) FOR THE PURPOSES OF UPLOADING ON THEIR WEBSITE, IN ACCORDANCE WITH THE SEBI ICDR REGULATIONS.",See DRHP ‘Industry / Business overview’ section.,https://liqvd.asia/,Extract from restated financials in DRHP (pattern not matched).,No DSIR / R&D recognition wording detected in sampled DRHP pages.,Could not download DRHP PDF/ZIP for promoter extraction.,subsidiary / group structure
PARAMOUNT SYNTEX LIMITED,"Bhuwan, Hazrat Abbas Raod, 3Samuel Street, Vadgadi Masjid, Chinchbunder, Princess",See DRHP ‘Industry / Business overview’ section.,www.paramountsyntex.com; www.sobhagyacapital.com,Extract from restated financials in DRHP (pattern not matched).,No DSIR / R&D recognition wording detected in sampled DRHP pages.,DRHP: Ms. Bharti Singh Company Secretary; Mr. Rishabh Singhvi; Mrs. Menka Jha SEBI; Mrs. Bharti Singh,subsidiary / group structure
Apana Logistics Limited,please refer to the section title “History and Corporate Structure” on page no. Error! Bookmark not defined. of this Draft Prospectus.,See DRHP ‘Industry / Business overview’ section.,www.apanalogistics.com; www.corporatemakers.in; www.kfintech.com,Extract from restated financials in DRHP (pattern not matched).,No DSIR / R&D recognition wording detected in sampled DRHP pages.,DRHP: Ms. Neelam Damji Shah; Mr. Rohit Pareek; Mr. Manish Kumar Singh SEBI Registration Number; Mr. Pratyaksh Sureka; Mr. Adarsh Sureka; Mr. Shrawan Kumar Sureka Date; Mr. Shrawan Kumar Sureka; Mrs. Devika Sureka,No explicit expansion/hiring/certification keywords in sampled pages — check MD&A / risk factors in full DRHP.
PARAMOUNT SYNTEX LIMITED,"Bhuwan, Hazrat Abbas Raod, 3Samuel Street, Vadgadi Masjid, Chinchbunder, Princess",See DRHP ‘Industry / Business overview’ section.,www.paramountsyntex.com; www.sobhagyacapital.com,Extract from restated financials in DRHP (pattern not matched).,No DSIR / R&D recognition wording detected in sampled DRHP pages.,DRHP: Ms. Bharti Singh Company Secretary; Mr. Rishabh Singhvi; Mrs. Menka Jha SEBI; Mrs. Bharti Singh,subsidiary / group structure
ACCORD TRANSFORMER & SWITCHGEAR LIMITED,"December 04, 2024. Our Company’s Corporate Identity Number is U31500HR2014PLC052544. For details of change in administration of our Company, please refer to the chapter titled “History and Certain Corporate Matters” on page 122 of th e Draft Red Herring Prospectus.",See DRHP ‘Industry / Business overview’ section.,https://atsgroup.in/; www.gyrcapitaladvisors.com; www.kfintech.com,Extract from restated financials in DRHP (pattern not matched).,No DSIR / R&D recognition wording detected in sampled DRHP pages.,DRHP: Ms. Tulsi Sharma; Ms. Tulsi Sharma Company Secretary; Mr. Mohit Baid; Ms. Maitri Thakkar SEBI Registration Number; Mr. Pradeep Kumar Verma; Mrs. Shalini Singh; Mr. Pradeep Kumar Verma Chief Financial Officer; Mr. Ranjan Kumar Samal. Company Secretary; Ms. Tulsi Sharma. Depositories Act The Depositories,No explicit expansion/hiring/certification keywords in sampled pages — check MD&A / risk factors in full DRHP.
Vision Time India Limited,studios are located and the same are either on lease arrangement or on right to use basis. Any termination of such lease/license and/or non-renewal thereof and attachment by property owner could adversely affect our operations .,See DRHP ‘Industry / Business overview’ section.,www.arihantcapital.com; www.cameoindia.com; www.visiontime.in,Extract from restated financials in DRHP (pattern not matched).,No DSIR / R&D recognition wording detected in sampled DRHP pages.,Could not download DRHP PDF/ZIP for promoter extraction.,subsidiary / group structure
K. V. TOYS INDIA LIMITED,LOCATED) AT LEAST TWO WORKING DAYS PRIOR TO THE BID/ISSUE OPENING DATE WITH THE RELEVANT FINANCIAL RATIOS CALCULATED AT THE FLOOR PRICE AND THE CAP PRICE AND SHALL BE MADE AVAILABLE TO THE SME PLATFORM OF BSE LIMITED (“BSE”) FOR THE PURPOSES OF UPLOADING ON ITS,See DRHP ‘Industry / Business overview’ section.,https://kvtoys.com/; www.gyrcapitaladvisors.com; www.purvashare.com,Extract from restated financials in DRHP (pattern not matched).,No DSIR / R&D recognition wording detected in sampled DRHP pages.,Ms. Namita Narang,No explicit expansion/hiring/certification keywords in sampled pages — check MD&A / risk factors in full DRHP.
RAKSAN TRANSFORMERS LIMITED,"PERSON EMAIL AND TELEPHONE WEBSITE Shop No. 16, Local Shopping Centre-3, Sector-8, Rohini, North Delhi, New Delhi, Delhi, India, 110085",See DRHP ‘Industry / Business overview’ section.,www.raksantransformers.com,Extract from restated financials in DRHP (pattern not matched).,No DSIR / R&D recognition wording detected in sampled DRHP pages.,Could not download DRHP PDF/ZIP for promoter extraction.,No explicit expansion/hiring/certification keywords in sampled pages — check MD&A / risk factors in full DRHP.
Mopshop Distribution Limited,"Registered Office: Gala No. C/7, Sagar Industrial Estate 1, Near Parabwa Chinchoti, Kol., Vasai Palghar , Thane- 401208, Maharashtra, India. Telephone: +91 72089 10888; E Mail: info@mopshop.in; Investor Grievance e-mail: investor@mopshop.in Website: www.mopshop.in; Contact Person: Mukesh Kumar, Company Secretary and Compliance Officer",See DRHP ‘Industry / Business overview’ section.,www.cameoindia.com; www.kslindia.com; www.mopshop.in,Extract from restated financials in DRHP (pattern not matched).,No DSIR / R&D recognition wording detected in sampled DRHP pages.,Could not download DRHP PDF/ZIP for promoter extraction.,subsidiary / group structure
Jivial Industries Limited,section title “History and Corporate Structure” on page no. 165 of this Draft Prospectus.,significant customers or the inability to procure new orders on a regular basis or at all may have an adverse effect on,www.bigshareonline.com; www.corporatemakers.in; www.jivialrailings.com,Extract from restated financials in DRHP (pattern not matched).,No DSIR / R&D recognition wording detected in sampled DRHP pages.,Could not download DRHP PDF/ZIP for promoter extraction.,subsidiary / group structure
Goldline Pharmaceutical Limited,"WORKING DAYS PRIOR TO THE BID/ISSUE OPENING DATE AND SHALL BE MADE AVAILABLE TO THE BSE LIMITED (“BSE”) FOR THE PURPOSES OF UPLOADING O N THEIR WEBSITE IN ACCORDANCE WITH SECURITIES AND EXCHANGE BOARD OF INDIA (ISSUE OF CAPITAL AND DISCLOSURE REQUIREMENTS) REGULA TIONS, 2018, AS AMENDED (THE “SEBI ICDR REGULATIONS”).",the business of marketing pharmaceutical products under the brand name “Goldline”,www.bigshareonline.com; www.cumulativecapital.group; www.goldlinepharma.in,Extract from restated financials in DRHP (pattern not matched).,No DSIR / R&D recognition wording detected in sampled DRHP pages.,Could not download DRHP PDF/ZIP for promoter extraction.,ISO certification mentioned
Datasol (Bangalore) Limited,"company, please refer to section titled “",See DRHP ‘Industry / Business overview’ section.,www.datasolindia.com,Extract from restated financials in DRHP (pattern not matched).,No DSIR / R&D recognition wording detected in sampled DRHP pages.,DRHP: Ms. Sachi Shrikumar Lakhotia Company Secretary; Mr. Satish Reddy; Mr. Balakuntlam Sathyanarayana Sureshkumar; Mrs. Basavana Palli Ambika Soni; Mrs. Shyalaja Ramamurthy DETAILS OF OFFER TO; Mr. S. Ramakrishna Iyengar Email; Ms. Sachi Shrikumar Lakhotia; Mrs. Shyalaja Ramamurthy. Promoter Group Includes,No explicit expansion/hiring/certification keywords in sampled pages — check MD&A / risk factors in full DRHP.
VK TYRE INDIA LIMITED,"Pradesh, on December 15, 2025, vide Service Request Number (SRN) AB9977117. The said application is currently pending with the Registrar of Companies.",See DRHP ‘Industry / Business overview’ section.,www.bigshareonline.com; www.hemsecurities.com; www.vktyre.com,Extract from restated financials in DRHP (pattern not matched).,No DSIR / R&D recognition wording detected in sampled DRHP pages.,DRHP: Mr. Rahul Puri,No explicit expansion/hiring/certification keywords in sampled pages — check MD&A / risk factors in full DRHP.
Highness Microelectronics Limited,Download failed (timeout or HTTP error).,,,,,Could not download DRHP PDF/ZIP for promoter extraction.,
Emiac Technologies Limited,please refer to the chapter titled “History and Certain Corporate Matters” beginning on page 162 of the Draft Red Herring Prospectus.,See DRHP ‘Industry / Business overview’ section.,https://emiactech.com/; www.bigshareonline.com; www.shcapl.com,Extract from restated financials in DRHP (pattern not matched).,No DSIR / R&D recognition wording detected in sampled DRHP pages.,Could not download DRHP PDF/ZIP for promoter extraction.,capacity expansion; ISO certification mentioned; digital / hiring channel mention
PAN HR Solution Limited,"Nagar, Noida - 201301, Uttar Pradesh, India. “we”, “us” and “our” Unless the context otherwise indicates or implies, refers to our Company. “you”, “your” or “yours” Prospective investors in this Offer",See DRHP ‘Industry / Business overview’ section.,www.panhr.in,Extract from restated financials in DRHP (pattern not matched).,No DSIR / R&D recognition wording detected in sampled DRHP pages.,Could not download DRHP PDF/ZIP for promoter extraction.,No explicit expansion/hiring/certification keywords in sampled pages — check MD&A / risk factors in full DRHP.
Kwick Forensic Solutions Limited,Sales & Marketing (On-site),See DRHP ‘Industry / Business overview’ section.,https://ccvindia.com/mb/; https://kwickforensic.com/; www.bigshareonline.com,Extract from restated financials in DRHP (pattern not matched).,No DSIR / R&D recognition wording detected in sampled DRHP pages.,DRHP: Ms. Selvakumar Krithika; Ms. Harpreet Parashar Tel. No; Mr. Babu Rapheal C. Tel No,No explicit expansion/hiring/certification keywords in sampled pages — check MD&A / risk factors in full DRHP.
Acme India Industries Limited,"filing of ADT-1, MGT-7 and in the drafting of Board Reports. List o f Delays/Errors mentioned below:",See DRHP ‘Industry / Business overview’ section.,https://acmeindia.co/; www.bigshareonline.com; www.hemsecurities.com,822.62 Lakhs,No DSIR / R&D recognition wording detected in sampled DRHP pages.,Promoter names not machine-extracted from sampled DRHP pages; verify in IPO prospectus or LinkedIn.,subsidiary / group structure
Novus Loyalty Limited,"Companies, Central Processing Centre. The corporate identification number of our Company is U72900HR2011PLC127344.",See DRHP ‘Industry / Business overview’ section.,www.kfintech.com; www.novus-loyalty.com; www.shcapl.com,Extract from restated financials in DRHP (pattern not matched).,No DSIR / R&D recognition wording detected in sampled DRHP pages.,Could not download DRHP PDF/ZIP for promoter extraction.,hiring / recruitment
MRC Infracon Limited,"Registered Office: MRC Group,",See DRHP ‘Industry / Business overview’ section.,www.cumulativecapital.group; www.kfintech.com; www.mrcgroup.in,Extract from restated financials in DRHP (pattern not matched).,No DSIR / R&D recognition wording detected in sampled DRHP pages.,DRHP: Mr. Mukesh Ranjan; in dematerialized form,No explicit expansion/hiring/certification keywords in sampled pages — check MD&A / risk factors in full DRHP.
Vectras Enprocon Limited,"2025. The corporate identification number of our Company is U45309 GJ2021PLC122680. Registered Office: Office No. 601-602, Amrakunj Avis, Near Tapovan Circle, Chandkheda, Ahmedabad – 382424, Gujarat. Website: www.vectrasgroup.com; E-Mail: compliance@vectrasgroup.com; Telephone No: +91 63531 52513; Company Secretary and Compliance Officer: Arpit Nikunjbhai Thakkar",See DRHP ‘Industry / Business overview’ section.,www.beelinemb.com; www.vectrasgroup.com,Extract from restated financials in DRHP (pattern not matched).,No DSIR / R&D recognition wording detected in sampled DRHP pages.,DRHP: also directors on the Board; Mr. Nikhil Shah Upto; Mrs. Khushbu Shah SEBI Registration No. INZ,No explicit expansion/hiring/certification keywords in sampled pages — check MD&A / risk factors in full DRHP.
Autofurnish Limited,"K-55, Udyog Nagar, Peeragarhi, Nangloi, West Delhi, New Delhi-110041",See DRHP ‘Industry / Business overview’ section.,www.autofurnish.com; www.novuscaps.com; www.skylinerta.com,Extract from restated financials in DRHP (pattern not matched).,No DSIR / R&D recognition wording detected in sampled DRHP pages.,DRHP: Ms. Srishti Narang Company Secretary; Mr. Puneet Arora; Mr. Ruppal Wadhwa DETAILS OF OFFER TO; Ms. Srishti Narang,capacity expansion; subsidiary / group structure
SAFETY CONTROLS & DEVICES LIMITED,"C-43/28/1 Nawal Kishore Road Hazratganj, Lucknow-226001, Uttar Pradesh, India N.A. Mr. Shiva Nigam, Company Secretary and Compliance Officer Tel. No.: +91 05224026070 Email: cs@safetygroup.in",See DRHP ‘Industry / Business overview’ section.,www.maashitla.com; www.sobhagyacapital.com,Extract from restated financials in DRHP (pattern not matched).,No DSIR / R&D recognition wording detected in sampled DRHP pages.,DRHP: Mr. Shiva Nigam,subsidiary / group structure
Tipco Engineering India Limited,"taken by any regulatory authorities in future, for such delay filings/non filings with provisions of corporate or any other law could impact the financial position of the Company to that extent.",See DRHP ‘Industry / Business overview’ section.,https://tipcoengineering.com/; www.maashitla.com; www.shcapl.com,Extract from restated financials in DRHP (pattern not matched).,No DSIR / R&D recognition wording detected in sampled DRHP pages.,Could not download DRHP PDF/ZIP for promoter extraction.,ISO certification mentioned
Phychem Technologies Limited,"Gat No. 172, Khatwad, Dindori, Nashik, Mumbai, Maharashtra, India – 422004 Pooja Sharma, Company Secretary & Compliance Officer Email: cs@phychem.com Telephone: +91-95187-20873 www.phychem.com Promoter of the Company Umakant Savadekar, Ulka Umakant Savadekar, Nivrutti Sonu Savdekar and Vijaya Nivrutti Savdekar",See DRHP ‘Industry / Business overview’ section.,www.phychem.com,Extract from restated financials in DRHP (pattern not matched).,No DSIR / R&D recognition wording detected in sampled DRHP pages.,Promoter names not machine-extracted from sampled DRHP pages; verify in IPO prospectus or LinkedIn.,ISO certification mentioned
Rajnandini Fashion India Limited,"Area, Jaipur, Rajasthan, India - 302022. “we”, “us” or “our” Unless the context otherwise indicates or implies refers to our Company. “you”, “your” or “yours” Prospective investors in this Issue.",See DRHP ‘Industry / Business overview’ section.,https://rfil.in,Extract from restated financials in DRHP (pattern not matched).,No DSIR / R&D recognition wording detected in sampled DRHP pages.,Promoter names not machine-extracted from sampled DRHP pages; verify in IPO prospectus or LinkedIn.,ISO certification mentioned
Jain International Power Limited,"and takeover the existing proprietorship business of a sole proprietorship as going concern carried by Mr. Prakash Kumar Jain in the name and style as ‘M/s. Jain International’. As on date of this Draft Red Herring Prospectus the Corporate Identification Number of our Company is U31909WB2022PLC253094. For further details, please refer to section titled “",See DRHP ‘Industry / Business overview’ section.,www.in.mpms.mufg.com; www.jainint.com; www.shareindia.com,"18,988.77 lakhs",No DSIR / R&D recognition wording detected in sampled DRHP pages.,DRHP: Mrs. Juhi Gupta; Mrs. Juhi Gupta Company Secretary,hiring / recruitment
Sobo Films Holding Limited,CORPORATE OFFICE CONTACT PERSON CONTACT NUMBER AND EMAIL,See DRHP ‘Industry / Business overview’ section.,www.bigshareonlince.com; www.comfortsecurities.co.in; www.sobofilms.com,Extract from restated financials in DRHP (pattern not matched).,No DSIR / R&D recognition wording detected in sampled DRHP pages.,Could not download DRHP PDF/ZIP for promoter extraction.,subsidiary / group structure
Seemax Resources Limited,"Registered Office: 403, Mayfair Corporate Park, Behind DPS School, Kalali, Vadodara, Gujarat, India,390012; Tel. No.: +91-99040 89444; Email: info@seemaxresources.com; Website: www.seemaxresources.com; Contact Person: Mr. Pankaj Kewalramani, Company Secretary & Compliance Officer",See DRHP ‘Industry / Business overview’ section.,www.cameoindia.com; www.seemaxresources.com; www.wealthminenetworks.com,643.29 lakhs,No DSIR / R&D recognition wording detected in sampled DRHP pages.,Mr. Amit Naldev Trivedi; Mr. Amit Naldev Trivedi Managing Director; Mr. Pankaj Kewalramani; Mr. Pankaj Kewalramani Company Secretary; Mr. Sanjay Chindu Patil Chief Financial; Mr. Srinivasan Venkateshmurthy Non; Mrs. Sapna Jain Non; Mrs. Aishwarya Singhvi Non; Mrs. Seema Trivedi Whole,No explicit expansion/hiring/certification keywords in sampled pages — check MD&A / risk factors in full DRHP.
GABION TECHNOLOGIES INDIA LIMITED,"Mumbai, Maharashtra to New Delhi and fresh certificate of incorporation was obtained from ROC, Delhi vide",See DRHP ‘Industry / Business overview’ section.,www.gyrcapitaladvisors.com; www.kfintech.com,Extract from restated financials in DRHP (pattern not matched).,No DSIR / R&D recognition wording detected in sampled DRHP pages.,DRHP: Ms. Puja Aggarwal; Ms. Puja Aggarwal Company Secretary; Mr. Mohit Baid SEBI Registration Number; engaged in a similar line of business,capex / capital expenditure; hiring / recruitment; subsidiary / group structure
Accretion Nutraveda Limited,2013: 1. Form DPT-3,See DRHP ‘Industry / Business overview’ section.,www.accretionnutraveda.com,Extract from restated financials in DRHP (pattern not matched).,No DSIR / R&D recognition wording detected in sampled DRHP pages.,Mr. Harshad Nanubhai Rathod,No explicit expansion/hiring/certification keywords in sampled pages — check MD&A / risk factors in full DRHP.
Shakti Polytarp Limited,company. Any termination of the relevant lease/ rent agreements could adversely affect our operations.,See DRHP ‘Industry / Business overview’ section.,www.nexgenfin.com; www.shaktipolytarp.com; www.skylinerta.com,Extract from restated financials in DRHP (pattern not matched).,No DSIR / R&D recognition wording detected in sampled DRHP pages.,Mr. Ravi Singhal,capacity expansion
Shivchem Agro limited,See DRHP ‘General Information’ — address not matched by pattern.,See DRHP ‘Industry / Business overview’ section.,www.maashitla.com; www.shannon.co.in; www.shivchemagro.com,Extract from restated financials in DRHP (pattern not matched).,No DSIR / R&D recognition wording detected in sampled DRHP pages.,Could not download DRHP PDF/ZIP for promoter extraction.,No explicit expansion/hiring/certification keywords in sampled pages — check MD&A / risk factors in full DRHP.
Harikanta Overseas Limited,"Tel. No.: +919898682560; Website: www.harikantaoverseas.com; e-Mail: info@harikantaoverseas.com Contact Person: Swati Malu, Company Secretary and Compliance Officer",See DRHP ‘Industry / Business overview’ section.,www.bigshareonline.com; www.harikantaoverseas.com; www.ifinservices.in,Extract from restated financials in DRHP (pattern not matched).,No DSIR / R&D recognition wording detected in sampled DRHP pages.,DRHP: Mr. Hardik Gotawala; Mr. Abhishek Gotawala; Ms Carloss Pipe,ISO certification mentioned; subsidiary / group structure
Sai Urja Indo Ventures Limited,"UG-2 Office Floor, J. K. Complex, Nanaji Nagar Nagpur Road, Chandrapur, Maharashtra, India, 442401 Shop No G 14 and G 15 Jayanti Nagari IV, Besa Road Manish Nagar, Besa Road, Nagpur, Maharashtra – 440037, India",See DRHP ‘Industry / Business overview’ section.,https://suiv.co.in/,Extract from restated financials in DRHP (pattern not matched).,No DSIR / R&D recognition wording detected in sampled DRHP pages.,Could not download DRHP PDF/ZIP for promoter extraction.,subsidiary / group structure
INDO SMC Limited,Download failed (timeout or HTTP error).,,,,,DRHP: Ms. Avani Patel; Ms. Avani Patel Company Secretary; Mr. Mohit Baid SEBI Registration Number; Mr. Neel Niteshbhai Shah Managing Director; Mr. Nitin Jasvantbhai Patel Chairman; Mr. Chaitanya Patel Executive Director; Mrs. Riktabahen Sonawala Non-Executive Director; Mr. Shashwat Yatishkumar Shah Non-Executive Independent Director; Mr. Chintan Umeshbhai Bhatt Non-Executive Independent Director; Mr. Pramod Sultania SEBI Registration Number,
Elfin Agro India Limited,"in name and registered office of our company, please refer to section titled “",See DRHP ‘Industry / Business overview’ section.,www.cameoindia.com; www.elfinagroindia.com; www.finshoregroup.com,Extract from restated financials in DRHP (pattern not matched).,No DSIR / R&D recognition wording detected in sampled DRHP pages.,DRHP: Ms. Khushbu Sethi Company Secretary; Mr. Vimal Kumar Daga; Mr. Deepak Pal Daga; Mrs. Seema Daga; Mrs. Neetu Daga; Mr. S. Ramakrishna Iyengar Telephone; Ms. K. Sreepriya Telephone; Ms. Khushbu Sethi; Mr. Ratan Lal Bareth,ISO certification mentioned
Shree Balaji (Mala) Textiles Limited,Certain Corporate Matters” on page 153 of this Draft Red Herring Prospectus.,See DRHP ‘Industry / Business overview’ section.,www.gyrcapitaladvisors.com; www.kfintech.com; www.malasaree.com,Extract from restated financials in DRHP (pattern not matched).,No DSIR / R&D recognition wording detected in sampled DRHP pages.,Could not download DRHP PDF/ZIP for promoter extraction.,No explicit expansion/hiring/certification keywords in sampled pages — check MD&A / risk factors in full DRHP.
Defrail Technologies Limited,"Manufactu ring Plant- 2 3,330 sq. yards 1,51503.33 sq. yards",See DRHP ‘Industry / Business overview’ section.,www.defrailtech.in; www.maashitla.com; www.nexgenfin.com,Extract from restated financials in DRHP (pattern not matched).,No DSIR / R&D recognition wording detected in sampled DRHP pages.,Ms. Ashi Aggarwal,No explicit expansion/hiring/certification keywords in sampled pages — check MD&A / risk factors in full DRHP.
HGI AUTOMOTIVES LIMITED,"alia, (i) forms in respect of the allotment of 128,300 and 65,000 equity shares on March 31, 1999, and (ii) filings of profit and loss accounts in Form 23ACA for the financial years 2005-06 to 2013-14. We have obtained a search report dated September 29, 2025, issued by B. S. Vyas & Associates, Practi",See DRHP ‘Industry / Business overview’ section.,www.hgiautomotives.com; www.kfintech.com; www.nirbhaycapital.com,Extract from restated financials in DRHP (pattern not matched).,No DSIR / R&D recognition wording detected in sampled DRHP pages.,Could not download DRHP PDF/ZIP for promoter extraction.,capacity expansion; ISO certification mentioned; subsidiary / group structure
SPECIALITY MEDICINES LIMITED,Download failed (timeout or HTTP error).,,,,,Could not download DRHP PDF/ZIP for promoter extraction.,
Yashhtej Industries (India) Limited,"Additional MIDC, Latur, Maharashtra - 413512 We / us / our Unless the context otherwise indicates or implies, refers to our Company",See DRHP ‘Industry / Business overview’ section.,www.erudorecapital.com; www.masserv.com; www.yashhtej.com,Extract from restated financials in DRHP (pattern not matched).,No DSIR / R&D recognition wording detected in sampled DRHP pages.,Could not download DRHP PDF/ZIP for promoter extraction.,ISO certification mentioned
SJP ULTRASONICS LIMITED,"Maharashtra, Mumbai.",investors may not have access to comparable industry metrics when evaluating,www.kslindia.com; www.maashitla.com; www.sjpultrasonics.in,Extract from restated financials in DRHP (pattern not matched).,No DSIR / R&D recognition wording detected in sampled DRHP pages.,Could not download DRHP PDF/ZIP for promoter extraction.,No explicit expansion/hiring/certification keywords in sampled pages — check MD&A / risk factors in full DRHP.
GRE RENEW ENERTECH LIMITED,"Plot no. 423, G.I.D.C.-II, Dediyasan, Mehsana-384002, Gujarat B-1104/1105, Empire Business Hub, Near Shukan Mall, Science City Road, Sola, Ahmedabad-380060, Gujarat Mr. Rohan Jayeshbhai Dhruve, Company Secretary and Compliance Officer Email: cs@greindia.com Tel No.: +91 9974039300 https://greindia.com",See DRHP ‘Industry / Business overview’ section.,https://greindia.com,Extract from restated financials in DRHP (pattern not matched).,No DSIR / R&D recognition wording detected in sampled DRHP pages.,DRHP: Mr. Rohan Jayeshbhai Dhruve; Mr. Kunal Bansal Email; Mr. Mukul Agrawal Email Id; Mr Rohan Jayeshbhai Dhruve; Mr. Kamleshkumar Dahyalal Patel; Mr. Kirtikumar Kantilal Suthar; Mr. Mukeshkumar Prahladbhai Trivedi Promoters Group,capex / capital expenditure; ISO certification mentioned; subsidiary / group structure
Segmental Infrastructure Development Limited,"of the Company was shifted from the state of Delhi to State of Haryana vide Certificate of Incorporation dated September 12, 2023 issued by Registrar of Companies, Delhi",See DRHP ‘Industry / Business overview’ section.,www.bigshareonline.comInvestor; www.segmental.in; www.segmental.in/Promoter; www.shareindia.comInvestor,Extract from restated financials in DRHP (pattern not matched).,No DSIR / R&D recognition wording detected in sampled DRHP pages.,Could not download DRHP PDF/ZIP for promoter extraction.,subsidiary / group structure
ATHARVA POLY-PLAST LIMITED,"Corporate Identification Number U25209PN2014PLC150099. For details of Incorporation, change of name, and registered office of our Company, please refer to the chapter titled “",See DRHP ‘Industry / Business overview’ section.,https://atharvapolyplast.in/,Extract from restated financials in DRHP (pattern not matched).,No DSIR / R&D recognition wording detected in sampled DRHP pages.,Could not download DRHP PDF/ZIP for promoter extraction.,No explicit expansion/hiring/certification keywords in sampled pages — check MD&A / risk factors in full DRHP.
Chamelidevi Flour Mills Limited,"Any interest, penalty, or late fees, if levied, shall not be met from the IPO proceeds, including General Corporate Purposes, and",See DRHP ‘Industry / Business overview’ section.,https://in.mpms.mufg.com; https://www.cdfm.in; www.beelinemb.com,Extract from restated financials in DRHP (pattern not matched).,No DSIR / R&D recognition wording detected in sampled DRHP pages.,Could not download DRHP PDF/ZIP for promoter extraction.,hiring / recruitment
Roopa Screen Limited,"carry out our business activities. In case of non -renewal of lease agreements or disp ute in relation to use of the said premise, our business and results of operations can be adversely affected.",See DRHP ‘Industry / Business overview’ section.,https://serencapital.in/; www.bigshareonline.com; www.roopaindia.in,Extract from restated financials in DRHP (pattern not matched).,No DSIR / R&D recognition wording detected in sampled DRHP pages.,Could not download DRHP PDF/ZIP for promoter extraction.,facility expansion
H. R. Hygiene Products Limited,"no. 1 to 3, Village: Lothada, Rajkot - 360002, Gujarat, India. “we”, “us” and “our” Unless the context otherwise indicates or implies, refers to our Company “you”, “your” or “yours” Prospective Investors in this Offer",See DRHP ‘Industry / Business overview’ section.,www.hrhygiene.com,Extract from restated financials in DRHP (pattern not matched).,No DSIR / R&D recognition wording detected in sampled DRHP pages.,Could not download DRHP PDF/ZIP for promoter extraction.,No explicit expansion/hiring/certification keywords in sampled pages — check MD&A / risk factors in full DRHP.
Luxury Time Limited,Identification Number of our Company is U74900DL2008PLC182377. For further details please refer to t he chapter titled “History and Certain Corporate Matters” beginning on Page No. 132 of this Draft Red Herring Prospectus.,See DRHP ‘Industry / Business overview’ section.,www.gyrcapitaladvisors.com; www.luxurytimeindia.com; www.masserv.com,Extract from restated financials in DRHP (pattern not matched).,No DSIR / R&D recognition wording detected in sampled DRHP pages.,Could not download DRHP PDF/ZIP for promoter extraction.,No explicit expansion/hiring/certification keywords in sampled pages — check MD&A / risk factors in full DRHP.
Sampark India Logistics Limited,"Plot No. 48, Bhule Ram Colony, Block B, Gali No. 7, Rangpuri Extension, Palam Airport, South West Delhi, New Delhi - 110037, India 17/3, Mathura Road, Ground & Second Floor, Faridabad City, Haryana-121002, India Ms. Ritika Bachhawat Company Secretary & Compliance Officer Email ID: compliance@silpl.com Tel No: +91 9355579723",See DRHP ‘Industry / Business overview’ section.,https://silpl.rathigroup.info; https://silpl.rathigroup.info/,Extract from restated financials in DRHP (pattern not matched).,No DSIR / R&D recognition wording detected in sampled DRHP pages.,Could not download DRHP PDF/ZIP for promoter extraction.,No explicit expansion/hiring/certification keywords in sampled pages — check MD&A / risk factors in full DRHP.
Vama Wovenfab Limited,100% Book Built Issue,See DRHP ‘Industry / Business overview’ section.,www.vamawoven.com,Extract from restated financials in DRHP (pattern not matched).,DRHP references DSIR / industrial research — verify exact status in full document.,Could not download DRHP PDF/ZIP for promoter extraction.,No explicit expansion/hiring/certification keywords in sampled pages — check MD&A / risk factors in full DRHP.
Exato Technologies Limited,"A-33, 02nd Floor, Sector -2, Noida, Gautam Buddha Nagar, Noida, Uttar Pradesh, India, 201301. Telephone: +91 9810430894; E-mail: compliance@exato.ai Ms. Geeta Jain Company Secretary & Compliance Officer https://www.exato.ai/ PROMOTERS OF OUR COMPANY: MR. APPUORV K SINHA AND MRS. SWATI SINHA DETAILS OF THE OFFER TYPE FRESH ISSUE SIZE",See DRHP ‘Industry / Business overview’ section.,https://www.exato.ai/; www.gyrcapitaladvisors.com; www.kfintech.com,Extract from restated financials in DRHP (pattern not matched).,No DSIR / R&D recognition wording detected in sampled DRHP pages.,Could not download DRHP PDF/ZIP for promoter extraction.,subsidiary / group structure
Pajson Agro India Limited,"Contact Person Email and Telephone Website 510, 5th Floor, Pearl Omaxe Tower, Netaji Subhash Place, Pitampura, Shakur Pur I Block, North West Delhi, Delhi, India, 110034. Roopal Saxena , Company Secretary and Compliance Officer Email: investor@pajsonagro.com",See DRHP ‘Industry / Business overview’ section.,www.pajsonagro.com,Extract from restated financials in DRHP (pattern not matched).,No DSIR / R&D recognition wording detected in sampled DRHP pages.,Could not download DRHP PDF/ZIP for promoter extraction.,No explicit expansion/hiring/certification keywords in sampled pages — check MD&A / risk factors in full DRHP.
Oneindig Technologies Limited,"V-503, Atrium, VIVANTA by Taj Hotel Complex, Shooting Range Road, Suraj Kund, Faridabad-121009, Haryana, India C-48, 3rd Floor, DDA Sheds, Okhla Industrial Area Phase-1, South Delhi, New Delhi-110020 Mr. Sumit Das (Company Secretary and Compliance Officer) Email: info@oneindig.tech",See DRHP ‘Industry / Business overview’ section.,www.maashitla.com; www.oneindig.tech; www.shareindia.com,1 crore,No DSIR / R&D recognition wording detected in sampled DRHP pages.,Could not download DRHP PDF/ZIP for promoter extraction.,subsidiary / group structure
Astron Multigrain Limited,Download failed (timeout or HTTP error).,,,,,DRHP: Mr. Jenish Parshottambhai Khunt; Mr. Ikshit Shah; Mr. Yash Doshi Email,
Farm Peace Limited,Download failed (timeout or HTTP error).,,,,,DRHP: SANDIPKUMAR NARSINHBHAI PATEL; SUDHIR HARIBHAI PATEL; GIRISHBHAI; GIRISHBHAI FALJIBHAI PATEL,
Nanta Tech Limited,"Contact Person Email and Telephone Website Office No. 703, Skywalk the Element, Godrej Garden City, Gota, Ahmedabad, Daskroi, Gujarat, India,382481. Mr. Pintu Kumar Kuberbhai Chaudhari Company Secretary and Compliance Officer Email: investors@nantatech.com Telephone: +91 9227088102",See DRHP ‘Industry / Business overview’ section.,https://www.nantatech.com; www.bigshareonline.com; www.nantatech.com; www.shcapl.com,Extract from restated financials in DRHP (pattern not matched).,No DSIR / R&D recognition wording detected in sampled DRHP pages.,DRHP: Mr. Pintu Kumar Kuberbhai Chaudhari; MAYANK A JANI AND JANI MANSIBEN MAYANKKUMAR; Mr. Parth Shah SEBI Registration No; Mr. Sagar Pathare SEBI Registration No; Mr. Pintu Kumar Kuberbhai Chaudhari Company Secretary; MAYANK A JANI AND JANI MANSIBEN MANYANKKUMAR,ISO certification mentioned
M.R.MANIVENI FOODS LIMITED,"Chennai, Andaman and Nicobar Islands, bearing Corporate Identity Number (",See DRHP ‘Industry / Business overview’ section.,https://www.mrgolddhall.com/; www.bigshareonline.com; www.capitalsquare.in,Extract from restated financials in DRHP (pattern not matched).,No DSIR / R&D recognition wording detected in sampled DRHP pages.,DRHP: K R MANIKANDAN; M CHANDRA AND K SELVAM,capacity expansion; ISO certification mentioned
Injecto Polymers Limited,"taken on lease from a Promoter, Group Companies and a third party respectively.",See DRHP ‘Industry / Business overview’ section.,www.injectopolymers.in,"12,238.81 lakhs",No DSIR / R&D recognition wording detected in sampled DRHP pages.,Promoter names not machine-extracted from sampled DRHP pages; verify in IPO prospectus or LinkedIn.,No explicit expansion/hiring/certification keywords in sampled pages — check MD&A / risk factors in full DRHP.
Unisem Agritech Limited,"Village, Near KSRTC Bus Depot, Ranebennur, Haveri, Ranebennur, Karnataka, India, 581115. You’, ‘your’, or ‘yours’ Prospective Investor in this Issue.",See DRHP ‘Industry / Business overview’ section.,www.unisem.in,Extract from restated financials in DRHP (pattern not matched).,No DSIR / R&D recognition wording detected in sampled DRHP pages.,DRHP: H N DEVAKUMAR; B H DEVASINGHNAIK; DHARANENDRA H GOUDA; Ms. Bobby Seth. Depositories Act The Depositories,subsidiary / group structure
Matangi Rubber Limited,"Subsequently, our Company was converted into a Public Limited Company under the Companies Act, 2013 pursuant to a special resolution passed by the shareholders of our Company on November 04, 2024 and the n ame was changed to “Matangi Rubber Limited” pursuant to a fresh Certificate of Incorporation dated November 26, 2024 issued by the Registrar of Companies, Central Processing Centre, bearing",See DRHP ‘Industry / Business overview’ section.,www.bigshareonline.com; www.matangirubber.com; www.sarthi.in,Extract from restated financials in DRHP (pattern not matched).,No DSIR / R&D recognition wording detected in sampled DRHP pages.,Mr. Mohit Gupta,subsidiary / group structure
Digilogic Systems Limited,"company pursuant to special resolution passed by the shareholders at the EGM held on June 18, 2025, and consequently, the name of our Company was changed to “Digilogic Systems Limited” and a fresh certificate of incorporation consequent upon conversion from private company to public company was issued by Registrar of Companies, Central Processing Centre on July 01, 2025 bearing","technology-led company engaged in the design, development, integration, manufacturing, supply and support",www.bsesme.com; www.digilogicsystems.com; www.indorient.in; www.kfintech.com,Extract from restated financials in DRHP (pattern not matched).,No DSIR / R&D recognition wording detected in sampled DRHP pages.,DRHP: Mr. Kameswara Rao Vempati; Mr. Madhusudhan Varma Jetty; Mrs. Radhika Varma Jetty,facility expansion
EverestIMS Technologies Limited,"“U72900KA2017PLC102256”. For details of Incorporation, change of name and registered office of our company, please refer to c hapter titled “",See DRHP ‘Industry / Business overview’ section.,https://everestims.com/; www.maashitla.com; www.oneviewadvisors.com,"5,778.09 Lakhs",No DSIR / R&D recognition wording detected in sampled DRHP pages.,Mr. Sudhakar Aruchamy,subsidiary / group structure
Topsun Energy Limited,by the Company may result in regulatory or enforcement issues.,See DRHP ‘Industry / Business overview’ section.,www.bigshareonline.com; www.ifinservices.in; www.topsunenergy.com,Extract from restated financials in DRHP (pattern not matched).,No DSIR / R&D recognition wording detected in sampled DRHP pages.,DRHP: Chintan Patel; Chanakyakumar Patel; Kalpeshbhai Patel; Kesul Patel,No explicit expansion/hiring/certification keywords in sampled pages — check MD&A / risk factors in full DRHP.
Methodhub Software Limited,"Unit No. 109, 1 st Floor, Prestige Meridian – 1, No. 29, M.G. Road, Bengaluru – 560 001, Karnataka, India. Muthukrishnan Shanmuga Thevar- Company Secretary and Compliance Officer Telephone: +91 78248 23132 Email: cs@methodhub.in",See DRHP ‘Industry / Business overview’ section.,www.methodhub.in,Extract from restated financials in DRHP (pattern not matched).,No DSIR / R&D recognition wording detected in sampled DRHP pages.,Promoter names not machine-extracted from sampled DRHP pages; verify in IPO prospectus or LinkedIn.,subsidiary / group structure
HRS Aluglaze Limited,"located), at least two working days prior to the Bid / Issue Opening Date and shall be available to the Stock Exchange for the purpose of uploading on their respective websites. “Pri",See DRHP ‘Industry / Business overview’ section.,www.hrsaluglaze.com,3 Crores,No DSIR / R&D recognition wording detected in sampled DRHP pages.,Promoter names not machine-extracted from sampled DRHP pages; verify in IPO prospectus or LinkedIn.,ISO certification mentioned; facility expansion
ANUBHAV PLAST LIMITED,"01, 1987, vide certificate of incorporation bearing",See DRHP ‘Industry / Business overview’ section.,www.anubhavpole.com; www.bigshareonline.com; www.capitalsquare.in,Extract from restated financials in DRHP (pattern not matched).,No DSIR / R&D recognition wording detected in sampled DRHP pages.,Could not download DRHP PDF/ZIP for promoter extraction.,No explicit expansion/hiring/certification keywords in sampled pages — check MD&A / risk factors in full DRHP.
Helloji Holidays Limited,"passed by the shareholders on May 06, 2025 from Union Territory of Chandigarh to National Capital Territory of Delhi. As on date of this Draft Red Herring Prospectus, the Corporate Identification Number of our Company is U63040DL2012PLC452865.",See DRHP ‘Industry / Business overview’ section.,www.helloji.com; www.khambattasecurities.com; www.maashitla.com,2 crores,DSIR Department of Scientific and Industrial Research EBIT EBIT provides information regarding the operational efficiency of the business after deducting depreciation and amortization cost.,DRHP: Ms. Shikha Daruka; Ms. Shikha Daruka Company Secretary; Mr. Chandan Mishra Email; Mr. Mukul Agrawal Email; Mr. Chandan Mishra SEBI Registration No; Mr. Mukul Agrawal SEBI Registration No,No explicit expansion/hiring/certification keywords in sampled pages — check MD&A / risk factors in full DRHP.
Mother Nutri Foods Limited,"Survey No 276/1, Opp. Petrol Pump Mahuva-Bhavnagar Road, At Otha, Mahuva, Bhavnagar – 364295, Gujarat, India. Richa Kachhawaha, Company Secretary and Compliance officer cs@mothernutrifoods.com +91 99744 14123",See DRHP ‘Industry / Business overview’ section.,www.mothernutrifoods.com,Extract from restated financials in DRHP (pattern not matched).,No DSIR / R&D recognition wording detected in sampled DRHP pages.,Promoter names not machine-extracted from sampled DRHP pages; verify in IPO prospectus or LinkedIn.,No explicit expansion/hiring/certification keywords in sampled pages — check MD&A / risk factors in full DRHP.
SMR Jewels Limited,"Office Contact Person Email and Telephone Website 3, Vrindavan Appartments, Gulbai Tekra Ahmedabad Gujarat, India 380006. -",See DRHP ‘Industry / Business overview’ section.,https://smrjewels.in; www.smrjewels.in,Extract from restated financials in DRHP (pattern not matched).,No DSIR / R&D recognition wording detected in sampled DRHP pages.,Mr. Vismay Manojkumar Soni Promoter; Mrs. Bhanumati Ramanlal Parekh; Mrs. Dipikaben Virendra Soni Promoter; Mrs. Drashti Pal Modi Promoter; Mrs. Parul Manoj Soni Promoter,No explicit expansion/hiring/certification keywords in sampled pages — check MD&A / risk factors in full DRHP.
Access Point India Limited,"Registrar of Companies/ Registrar of Companies, Central Processing Centre vide bearing",See DRHP ‘Industry / Business overview’ section.,https://www.myaccessp.net; www.finaaxcapital.com; www.in.mpms.mufg.com,652.40 Lakhs,No DSIR / R&D recognition wording detected in sampled DRHP pages.,DRHP: Ms. Reena Sharma NOTICE TO INVESTORS; Mr. Bherusingh Rajput Managing Director DIN; Mr. Ikshit Shah; Mr. Yash Doshi CIN; Mr. Pravinbhai Chandubhai Chandulal Patel; Mr. Pankajkumar Chandubhai,hiring / recruitment
Msafe Equipments Limited,"Central Registration Centre August 19, 2019 Valid till Cancelled 2. Certificate of Incorporation of “MSAFE EQUIPMENTS LIMITED” U29309DL2019PLC353936 Companies Act 2013 Registrar ofCompanies, Central Processing Centre May 26, 2025 Valid till Cancelled","the business of manufacturing, sales and rental of access and height-safety equipments, primarily",https://serencapital.in/; www.maashitla.com; www.msafegroup.com,Extract from restated financials in DRHP (pattern not matched).,No DSIR / R&D recognition wording detected in sampled DRHP pages.,Promoter names not machine-extracted from sampled DRHP pages; verify in IPO prospectus or LinkedIn.,facility expansion
STANBIK AGRO LIMITED,to section titled “Our History and Certain Corporate Matters” beginning on page number 136 of the Draft Prospectus.,"“manufacturing” has been replaced with “contract farming.” Further, in paragraph 3, an additional line has been inserted.",https://growhousewealth.com; https://stanbikagro.com,Extract from restated financials in DRHP (pattern not matched).,No DSIR / R&D recognition wording detected in sampled DRHP pages.,Could not download DRHP PDF/ZIP for promoter extraction.,No explicit expansion/hiring/certification keywords in sampled pages — check MD&A / risk factors in full DRHP.
Century Business Media Limited,"minutes, share certificates, and the statutory register maintained by the Company. However, we cannot assure that the filings were made with the ROC. Although Our Company has obtained a search report dated May 06, 2025 from a Practi",See DRHP ‘Industry / Business overview’ section.,www.centurymedia.in; www.hemsecurities.com; www.kfintech.com,Extract from restated financials in DRHP (pattern not matched).,No DSIR / R&D recognition wording detected in sampled DRHP pages.,Promoter names not machine-extracted from sampled DRHP pages; verify in IPO prospectus or LinkedIn.,No explicit expansion/hiring/certification keywords in sampled pages — check MD&A / risk factors in full DRHP.
Narmadesh Brass Industries Limited,"of our Company is U24209GJ2023PLC145839. For further details, please refer to chapter titled “",See DRHP ‘Industry / Business overview’ section.,www.afsl.co.in; www.kfintech.com; www.narmadeshbrass.com,Extract from restated financials in DRHP (pattern not matched).,No DSIR / R&D recognition wording detected in sampled DRHP pages.,DRHP: Ms. Hetal Vachhani Company Secretary; Mr. Hitesh Dudhagara; Mrs. Ronak Dudhagara DETAILS OF OFFER TYPE; Mrs. Ronak Dudhagara; Mrs. Ronak Dudhagara THE OFFER INITIAL PUBLIC; Mr. Hitesh Dudhagara MOA; Mr. Krish Dudhagara; Mrs. Ronak Dudhagara Promoters Group Such; Mrs. Ronak Dudhagara Stakeholders,ISO certification mentioned
Shayona Engineering Ltd.,"please see “Our History and Certain Corporate Matters” on page 144 of this Draft Red Herring Prospectus. Registered Office: Shed No. 113/1, GIDC, Makarpura, M.I. Estate, Vadodara-390010, Gujarat, India, Telephone: +91 9310806080 E-mail: compliance@shayonaengg.com; Website: www.shayonaengg.com; Contact Person: Arti Ankitkumar Singh, Company Secretary and Compliance Officer;",See DRHP ‘Industry / Business overview’ section.,www.horizonmanagement.in; www.kfintech.com; www.shayonaengg.com,Extract from restated financials in DRHP (pattern not matched).,No DSIR / R&D recognition wording detected in sampled DRHP pages.,Promoter names not machine-extracted from sampled DRHP pages; verify in IPO prospectus or LinkedIn.,hiring / recruitment
Vegorama Punjabi Angithi Limited,"Below are the Forms which were filed in delay, the details are as below:",See DRHP ‘Industry / Business overview’ section.,www.bigshareonline.com; www.corporatemakers.in; www.punjabiangithi.in,Extract from restated financials in DRHP (pattern not matched).,No DSIR / R&D recognition wording detected in sampled DRHP pages.,DRHP: Ms. Karuna Sharma OUR; Mr. Rohit Pareek; Mr. Manish Kumar Singh SEBI Registration Number; Mr. Babu Rapheal; Ms. Karuna Sharma,No explicit expansion/hiring/certification keywords in sampled pages — check MD&A / risk factors in full DRHP.
Sodhani Capital Limited,"1st floor C-373 C Block Vaishali Nagar, Jaipur-302021, Rajasthan, India. Ms. Renu Sharma, Company Secretary and Compliance Officer Email: cs@sodhanicapital.com Tel: +91 9694875201",See DRHP ‘Industry / Business overview’ section.,https://sodhanicapital.com/; www.bonanzaonline.com; www.ndml.in; www.sodhanicapital.com,Extract from restated financials in DRHP (pattern not matched).,No DSIR / R&D recognition wording detected in sampled DRHP pages.,DRHP: Ms. Renu Sharma; Ms. Swati Agrawal; Mr. Abhay Bansal Email ID,subsidiary / group structure
Sakhiya Skin Clinic Limited,"on October 06, 2021. Our Company’s Corporate Identity Number is U85110GJ2011PLC121885. For details of change in Registered o ffice of our Company, please refer to the chapter titled “History and Certain Corporate Matters” on page 174 of the Draft Red Herring Prospectus.","dermatology-focused healthcare services provider in India, with a long -standing operational history, we endeavour to support our patient s",www.gyrcapitaladvisors.com; www.kfintech.com; www.sakhiyaskinclinic.com,Extract from restated financials in DRHP (pattern not matched).,No DSIR / R&D recognition wording detected in sampled DRHP pages.,DRHP: Ms. Pooja Ankit Sundarka Company Secretary; Mr. Mohit Baid SEBI Registration Number; Mr. Jagdishkumar Jadavbhai Sakhiya; Mrs. Rupalben Sakhiya; Dr. Sakhiya's Advanced Skin Science LLP,subsidiary / group structure
ADMACH SYSTEMS LIMITED,"Survey No 122, Village Nandoshi, Off Pune Sinhagad Road, Khadakwasla R.S., Pune – 411 024, Maharashtra, India. Not Applicable Aniruddha Shrikant Deshmukh Company Secretary and Compliance Officer E-mail: admach@admach.co.in Tel No: +91-7020909040 www.admach.co.in",See DRHP ‘Industry / Business overview’ section.,https://maashitla.com; www.admach.co.in; www.aftertrade.in,Extract from restated financials in DRHP (pattern not matched).,No DSIR / R&D recognition wording detected in sampled DRHP pages.,Could not download DRHP PDF/ZIP for promoter extraction.,capex / capital expenditure; facility expansion
Gujarat Peanut and Agri Products Limited,"Peanut and Agri Products Limited” vide a fresh Certificate of Incorporation dated November 12, 2024 issued by the Registrar of Companies, Central Processing Centre. For further details of change in name and registered office of our company , please refer to section titled “",See DRHP ‘Industry / Business overview’ section.,www.finshoregroup.com; www.gujaratpeanut.com; www.integratedregistry.in,Extract from restated financials in DRHP (pattern not matched).,No DSIR / R&D recognition wording detected in sampled DRHP pages.,Could not download DRHP PDF/ZIP for promoter extraction.,ISO certification mentioned
LIOTECH INDUSTRIES LIMITED,Registration Centre bearing,See DRHP ‘Industry / Business overview’ section.,www.liotechindustries.in,Extract from restated financials in DRHP (pattern not matched).,No DSIR / R&D recognition wording detected in sampled DRHP pages.,Could not download DRHP PDF/ZIP for promoter extraction.,capex / capital expenditure; subsidiary / group structure
Sihora Industries Limited,"Compound, Udhna, Mangrol, Surat-394210, Gujarat, India. You or Your or Yours Prospective Investors in the Issue",See DRHP ‘Industry / Business overview’ section.,www.bigshareonline.com; www.sihoragroup.com; www.sobhagyacapital.com,Extract from restated financials in DRHP (pattern not matched).,No DSIR / R&D recognition wording detected in sampled DRHP pages.,Could not download DRHP PDF/ZIP for promoter extraction.,subsidiary / group structure
NATRINAI VENTURES LIMITED,vide Certificate of Incorporation bearing,"Offer Size and Pre-Offer Shareholding of Promoters, Promoter Group and Promoter Selling Shareholder as a percentage of",https://www.kreocapital.com; www.cameoindia.com; www.ngegreenenergy.com,Extract from restated financials in DRHP (pattern not matched).,No DSIR / R&D recognition wording detected in sampled DRHP pages.,Could not download DRHP PDF/ZIP for promoter extraction.,ISO certification mentioned
JJ PV SOLAR LIMITED,"Our Company in consultation with the BRLM, may, consider closing the Bid/Issue Period for QIBs one Working Day prior to the Bid/Issue Closing Date in accordance with the SEBI ICDR Regulations.",See DRHP ‘Industry / Business overview’ section.,www.jjpvsolar; www.jjpvsolar.com,Extract from restated financials in DRHP (pattern not matched).,No DSIR / R&D recognition wording detected in sampled DRHP pages.,Could not download DRHP PDF/ZIP for promoter extraction.,subsidiary / group structure
Logiciel Solutions Limited,"The registered office of our company is situated at H.NO. 9-A, Main Road Sunder Nagar, Ludhiana, Punjab, 141007, India . For further details, please refer to section titled “",See DRHP ‘Industry / Business overview’ section.,www.fintellectualadvisors.com; www.logiciel.io; www.maashitla.com,Extract from restated financials in DRHP (pattern not matched).,No DSIR / R&D recognition wording detected in sampled DRHP pages.,DRHP: Mrs. Geetanjali Nerchehal PROMOTER OF OUR; Mrs. Geetanjali Nerchehal Company Secretary; Mr. Amit Puri; Mr. Pramod Negi SEBI Registration Number,digital / hiring channel mention; facility expansion
Infinity Infoway Limited,"another premises or agree to pay the extra amount for using the same prices. Further, increase in rent structure will lead to increase of our expenditure which in turn will lead to decrease of revenue and increase of operational cost.",See DRHP ‘Industry / Business overview’ section.,www.holaniconsultants.co.in; www.infinityinfoway.com,2 Lakhs,No DSIR / R&D recognition wording detected in sampled DRHP pages.,DRHP: Mrs. Payal Jain Email; Mr. Babu Rapheal; Mr. Bhaveshkumar Dhirajlal Gadhethriya; Mrs. Rinaben Bhaveshkumar Gadhethariya; Mr. Dhirajlal Bhanjibhai Gadhethariya; Mr. Nikunj Vrajlal Gajera,subsidiary / group structure
Ravelcare Limited,"Malad, Mumbai - 400064, Maharashtra, India. “we”, “us” and “our” Unless the context otherwise indicates or implies, refers to our Company. “you”, “your” or “yours” Prospective investors in this Issue",See DRHP ‘Industry / Business overview’ section.,www.ravelcare.com,Extract from restated financials in DRHP (pattern not matched).,No DSIR / R&D recognition wording detected in sampled DRHP pages.,Promoter names not machine-extracted from sampled DRHP pages; verify in IPO prospectus or LinkedIn.,No explicit expansion/hiring/certification keywords in sampled pages — check MD&A / risk factors in full DRHP.
Sharp Agricom Limited,Download failed (timeout or HTTP error).,,,,,DRHP: Ms. Neha Gupta; Mr. Sanjay Singhal; Ms. Gauri Singhal; Mr. Sunand Singhal; Ms. Vidhi Goel. Companies Act The Companies; Mrs. Neha Gupta. Committee,
Kanishk Aluminium India Limited,Processing Centre. Our Company’s Corporate Identity Number is,See DRHP ‘Industry / Business overview’ section.,https://kanishkindia.co.in/; www.kfintech.com; www.suncapitalservices.co.in,Extract from restated financials in DRHP (pattern not matched).,No DSIR / R&D recognition wording detected in sampled DRHP pages.,DRHP: Ms. Prachi Mittal PROMOTERS OF OUR; Mr. Parmanand Agarwal Date,No explicit expansion/hiring/certification keywords in sampled pages — check MD&A / risk factors in full DRHP.
Om Metallogic Limited,"Road, Village Sikri, Opp. Gopal Jee Milk Plant, Ballabhgarh, Haryana, India, 121004 and corporate office at C -808, 8 th Floor, Vipul Plaza, Sector 81, Faridabad. We / us / our Unless the context otherwise indicates or implies, refers to our Company you / your / yours Prospective Investors in this Issue",See DRHP ‘Industry / Business overview’ section.,www.corporatemakers.in; www.ommetallogic.com; www.skylinerta.com,Extract from restated financials in DRHP (pattern not matched).,DRHP references DSIR / industrial research — verify exact status in full document.,DRHP: Ms. Prachi Gupta; Ms. Pachi Gupta; Mr. Tulsiram Company Secretary; Ms. Prachi Gupta. Corporate Identification Number; Mr. Manish Sharma. MOA; Mr. Manish Sharma; Mrs. Seema Sharma. Promoter Group Such,ISO certification mentioned
BharatRohan Airborne Innovations Limited,"Fourth Floor B -117, DDA Sheds , Okhla Industrial Area Phase - I, South Delhi, New Delhi- 110020, India. Office No -301 Tower 4 DLF Corporate Greens, Sector 74A, Gurgaon, Narsinghpur, Haryana 122004, India. Ms. Aakansha Singh, Company Secretary & Compliance Officer Email: investors@bharatrohan.in",See DRHP ‘Industry / Business overview’ section.,https://bharatrohan.in/,Extract from restated financials in DRHP (pattern not matched).,No DSIR / R&D recognition wording detected in sampled DRHP pages.,DRHP: Ms. Aakansha Singh; Mr. Amandeep Panwar; Mr. Rishabh Choudhary. For; Mr. Rishabh Choudhary. ISSUE RELATED TERMS,subsidiary / group structure
Nityanand Udyog Limited,"2) CIN is not mentioned on the letterhead of Directors Report; 3) Name and DIN of the Directors signing Directors Report is not mentioned; 4). Form AOC -2 attached with Director’s Report is not in the prescribed format; 5) Pradeep Agarwal resigned on August 1, 2015. However, in Form MGT -7 he was shown 7",See DRHP ‘Industry / Business overview’ section.,https://in.mpms.mufg.com/; www.nityanandudyog.com; www.unistonecapital.com,299.36 lakhs,No DSIR / R&D recognition wording detected in sampled DRHP pages.,Promoter names not machine-extracted from sampled DRHP pages; verify in IPO prospectus or LinkedIn.,subsidiary / group structure
Riyaasat Lifestyle Limited,"01/GF, 'Time Square', B/S. 'Pariseema', C.G. Road, Ahmedabad -380009, Gujarat, India. Ms. Mansi Pratik Patel Company Secretary and Compliance Officer Mobile No: +918866115025",See DRHP ‘Industry / Business overview’ section.,www.riyaasat.in,200 lakhs,No DSIR / R&D recognition wording detected in sampled DRHP pages.,DRHP: Ms. Mansi Pratik Patel Company Secretary; Ms. Mansi Pratik Patel PROMOTERS OF; Mr. Nileshbhai Mansukhbhai Chalalia Company Secretary; Ms. Mansi Pratik Patel. Depositories Act,subsidiary / group structure
MEHUL TELECOM LIMITED,"Ahmedabad. e) The track record of applicant company seeking listing should be atleast 3 years. Where the applicant company has taken over a proprietorship concern/ registered partnership firm/ LLP, then the track record together with such proprietorship concern/ registered firm/ LLP should be atleast 3 years.",See DRHP ‘Industry / Business overview’ section.,www.cumulativecapital.group; www.kfintech.com; www.mehultelecom.com,Extract from restated financials in DRHP (pattern not matched).,No DSIR / R&D recognition wording detected in sampled DRHP pages.,Could not download DRHP PDF/ZIP for promoter extraction.,No explicit expansion/hiring/certification keywords in sampled pages — check MD&A / risk factors in full DRHP.
M P K STEELS (I) LIMITED,"Corporate Identification Number of the Company is U27109AS2005PLC007674. For details in relation to the incorporation, Change in Registered Office and other details, please refer to the chapter titled “",See DRHP ‘Industry / Business overview’ section.,www.gretexcorporate.com; www.maashitla.com; www.mpksteels.com,Extract from restated financials in DRHP (pattern not matched).,DRHP references DSIR / industrial research — verify exact status in full document.,DRHP: Ms. Priyanka Jain Company Secretary; Mr. Manoj Upadhyay; Mr. Suresh Kumar Sharma; Mrs. Nidhi Upadhyay; Mrs. Santosh Devi Sharma; Ms. Priyanka Jain,No explicit expansion/hiring/certification keywords in sampled pages — check MD&A / risk factors in full DRHP.
TRUE COLORS LIMITED,"Stakeholders Relationship Committee The Stakeholders Relationship Committee of our Board of Directors constituted in accordance with Section 178 of the Companies Act, 2013. For details refer section titled “Our Management” on page 146 of this Draft Red Herring Prospectus. WTD Whole-Time Director of our company",See DRHP ‘Industry / Business overview’ section.,https://truecolorsgroup.com/; www.bigshareonline.com; www.gyrcapitaladvisors.com,Extract from restated financials in DRHP (pattern not matched).,No DSIR / R&D recognition wording detected in sampled DRHP pages.,DRHP: Ms. Gandharva Javanika; Ms. Gandharva Javanika Company Secretary; Mr. Babu Rapheal C. SEBI Registration Number,No explicit expansion/hiring/certification keywords in sampled pages — check MD&A / risk factors in full DRHP.
Telge Projects Limited,"U, 8906 E, Skely Drive, Tulsa, Oklahoma- 74129.",See DRHP ‘Industry / Business overview’ section.,https://telgeprojects.com/; www.bigshareonline.com; www.shcapl.com,Extract from restated financials in DRHP (pattern not matched).,No DSIR / R&D recognition wording detected in sampled DRHP pages.,DRHP: Ms. Barkha Mohit Bharuka; Ms. Shraddha Shailesh Telge Chairman; Ms. Barkha Mohit Bharuka Company Secretary; Ms. Shraddha Shailesh Telge; Ms. Shraddha Shailesh Telge. For; Mr. Uttam Gangadhar Telge; Ms. Shraddha Shailesh Telge. KEY PERFORMANCE INDICATORS,subsidiary / group structure
R. P. Multimetals Limited,"While the Company has generally complied with applicable statutory provisions, ce rtain discrepancies were noted in past filings with the Registrar of Companies, which have since been rectified by payment of additional fees:",See DRHP ‘Industry / Business overview’ section.,https://rpmultimetals.in/; www.fintellectualadvisors.com; www.skylinerta.com,Extract from restated financials in DRHP (pattern not matched).,No DSIR / R&D recognition wording detected in sampled DRHP pages.,DRHP: Ms. Rajwinder Kaur PROMOTER OF OUR,No explicit expansion/hiring/certification keywords in sampled pages — check MD&A / risk factors in full DRHP.
Global Ocean Logistics India Limited,Registration Centre bearing,See DRHP ‘Industry / Business overview’ section.,www.globalocean.in; www.ib.marwadichandaranagroup.com; www.kfintech.com,Extract from restated financials in DRHP (pattern not matched).,No DSIR / R&D recognition wording detected in sampled DRHP pages.,Promoter names not machine-extracted from sampled DRHP pages; verify in IPO prospectus or LinkedIn.,subsidiary / group structure
SSMD Agrotech India Limited,"CORPORATE OFFICE CONTACT PERSON EMAIL AND TELEPHONE WEBSITE Khasra No. 640/641, Libaspur Road, Village Siraspur, Siraspur, North West Delhi, Delhi, Delhi, India, 110042. G - 215 Preet Vihar, Upper Ground Floor, Delhi – 110092.",See DRHP ‘Industry / Business overview’ section.,www.houseofmanohar.com,Extract from restated financials in DRHP (pattern not matched).,No DSIR / R&D recognition wording detected in sampled DRHP pages.,DRHP: Mr. Rajesh Thakur; Mr. Ishu Munjal; Mrs. Surbhi Munjal; Mr. Jai Gopal Munjal DETAILS OF; Mr. Jai Gopal Munjal; Mrs. Surbhi Munjal WTD Whole- Time Director; Mrs. Surbhi Munjal Issue Related Terms Term,No explicit expansion/hiring/certification keywords in sampled pages — check MD&A / risk factors in full DRHP.
BAI-KAKAJI POLYMERS LIMITED,"Plot No. M3 & M4 MIDC, Latur, Maharashtra, India, 413531 Dheerajkumar Pannalal Tiwari Company Secretary & Compliance Officer E-mail: cs@baikakaji.com Tel No: +91 9028254663 Website: https://baikakajipolymers.com",See DRHP ‘Industry / Business overview’ section.,https://baikakajipolymers.com,Extract from restated financials in DRHP (pattern not matched).,No DSIR / R&D recognition wording detected in sampled DRHP pages.,Promoter names not machine-extracted from sampled DRHP pages; verify in IPO prospectus or LinkedIn.,subsidiary / group structure
Abril Paper Tech Limited,"and enter into fresh lease or leave and license agreement. Such a situation could resu lt in loss of business, time overruns and may adversely affect our operations and profitability.",See DRHP ‘Industry / Business overview’ section.,www.abrilpapertech.com; www.ifinservices.in; www.kfintech.com,25 crores,No DSIR / R&D recognition wording detected in sampled DRHP pages.,Promoter names not machine-extracted from sampled DRHP pages; verify in IPO prospectus or LinkedIn.,No explicit expansion/hiring/certification keywords in sampled pages — check MD&A / risk factors in full DRHP.
FCML Distributors Limited,"OFFICE CONTACT PERSON TELEPHONE AND EMAIL WEBSITE A-217 Okhla Industrial Area Phase I, New Delhi- 110020, India. Sakshi Batra Company Secretary and Compliance Officer. Tel No: 011-49372800 Email Id: cs@fcmlindia.com",See DRHP ‘Industry / Business overview’ section.,www.fcmlindia.com,Extract from restated financials in DRHP (pattern not matched).,No DSIR / R&D recognition wording detected in sampled DRHP pages.,Promoter names not machine-extracted from sampled DRHP pages; verify in IPO prospectus or LinkedIn.,No explicit expansion/hiring/certification keywords in sampled pages — check MD&A / risk factors in full DRHP.
AIRFLOA RAIL TECHNOLOGY LIMITED,"Processing Centre on November 15, 2024. Our Company’s Corporate Identity Number is U30204TN1998PLC041571. For details of change in Registered office of our C ompany, please refer to the chapter titled “History and Certain Corporate Matters” on page 154 of this Draft Red Herring Prospectus.",See DRHP ‘Industry / Business overview’ section.,https://www.airflow.co.in/; www.gyrcapitaladvisors.com; www.kfintech.com,Extract from restated financials in DRHP (pattern not matched).,No DSIR / R&D recognition wording detected in sampled DRHP pages.,Mr. Venkatesan Dakshinamoorthy,subsidiary / group structure
JD Cables Limited,"DATE AND SHALL BE MADE AVAILABLE TO THE BSE LIMITED (“BSE”) FOR THE PURPOSES OF UPLOADING ON THEIR WEBSITE IN ACCORDANCE WITH SECURITIES AND EXCHANGE BOARD OF INDIA (OFFER OF CAPITAL AND DISCLOSURE REQUIREMENTS) REGULATIONS, 2018, AS AMENDED (THE “SEBI ICDR REGULATIONS”).",See DRHP ‘Industry / Business overview’ section.,https://jdcables.in/; www.gyrcapitaladvisors.com; www.linkintime.co.in,Extract from restated financials in DRHP (pattern not matched).,No DSIR / R&D recognition wording detected in sampled DRHP pages.,Mr. Piyush Garodia Promoter Selling Shareholder; Mrs. Vrunda Pathak; Ms. Shanti Gopalkrishnan Telephone; Ms. Swati Mittal; Ms. Swati Mittal Company Secretary,capacity expansion; capex / capital expenditure; facility expansion
PRODOCS SOLUTIONS LIMITED,"Information” and “History and Certain Corporate Matters’ on pages 65 and 173, respectively of this Draft Red Herring Prospectus.",page 23 of the Draft Red Herring Prospectus as follows:,www.cumulativecapital.group; www.prodocssolution.com,995.93 lakhs,No DSIR / R&D recognition wording detected in sampled DRHP pages.,Promoter names not machine-extracted from sampled DRHP pages; verify in IPO prospectus or LinkedIn.,ISO certification mentioned; subsidiary / group structure
Phytochem Remedies (India) Limited,"Nagar Main Road, Udaipur City, Udaipur, Girwa, Rajasthan-313001. “we”, “us” or “our” Unless the context otherwise indicates or implies, refers to our Company “you”, “your” or “yours” Prospective investors in this Issue.",See DRHP ‘Industry / Business overview’ section.,www.bigshareonline.com; www.mefcomcap.in; www.phytochem.co.in,Extract from restated financials in DRHP (pattern not matched).,No DSIR / R&D recognition wording detected in sampled DRHP pages.,DRHP: ADITI BOHRA; BOHRA AGRIFILMS PRIVATE LIMITED,No explicit expansion/hiring/certification keywords in sampled pages — check MD&A / risk factors in full DRHP.
KASLIWAL PROJECTS LIMITED,"wide circulation. Our Promoters will be required to provide an exit opportunity to such Shareholders who do not agree to the above stated proposal, in accordance with the Companies Act, 2013 and in accordance with such terms and conditions, including in respect of pri",See DRHP ‘Industry / Business overview’ section.,https://kasliwalprojects.com/; www.corpwis.com; www.purvashare.com,Extract from restated financials in DRHP (pattern not matched).,No DSIR / R&D recognition wording detected in sampled DRHP pages.,DRHP: Mr. Padam Kumar Jain; Mr. Nitish Padam Jain; Mrs. Jyoti Jain; Mrs. Poonam Anish Jain; Mrs. Mina Devi Jain; Mr. Anish Padam Jain,capacity expansion; subsidiary / group structure
Shining Tools Ltd,"For further details, please refer to chapter titled “",See DRHP ‘Industry / Business overview’ section.,www.maashitla.com; www.sobhagyacapital.com; www.tixnatools.com,Extract from restated financials in DRHP (pattern not matched).,No DSIR / R&D recognition wording detected in sampled DRHP pages.,Could not download DRHP PDF/ZIP for promoter extraction.,capacity expansion
K K Silk Mills Limited,"Corporate Structure” beginning on page no. 143 of this Draft Red Herring Prospectus. Registered Office: 314, Kewal Industrial Estate, S. B. Road, Delisle Road, Lower Parel (W)- 400013, Mumbai, Maharashtra, India Website: www.kksilkmills.com ; E-Mail: cs@kksilkmills.com; Telephone No: +91 8879779739 Company Secretary and Compliance Officer: Ms. Saachi Rajesh Madnani",See DRHP ‘Industry / Business overview’ section.,www.axialcapital.in; www.kksilkmills.com; www.linkintime.co.in,Extract from restated financials in DRHP (pattern not matched).,No DSIR / R&D recognition wording detected in sampled DRHP pages.,DRHP: Ms. Saachi Rajesh Madnani PROMOTERS OF; Mr. Ashish Roongta CIN; Ms. Shanti Gopalkrishnan Email Id; Mrs. Asha Manish Shah; Ms. Saachi Rajesh Madnani; Ms. Saachi Rajesh Madnani Membership No,No explicit expansion/hiring/certification keywords in sampled pages — check MD&A / risk factors in full DRHP.
FourFront Limited,OPENING DATE AND SHALL BE MADE AVAILABLE TO THE BSE LIMITED “BSE”) FOR THE PURPOSE OF UPLOADING ON THEIR WEBSITE. FOR FURTHER DETAILS KINDLY REFER TO,See DRHP ‘Industry / Business overview’ section.,www.beelinemb.com; www.fourfront.in; www.in.mpms.mufg.com,Extract from restated financials in DRHP (pattern not matched).,No DSIR / R&D recognition wording detected in sampled DRHP pages.,Promoter names not machine-extracted from sampled DRHP pages; verify in IPO prospectus or LinkedIn.,subsidiary / group structure
Dachepalli Publishers Limited,"public limited company, the name of our Company was changed to “Dachepalli Publishers Limited” vide fresh certificate of incorporation dated 29th July, 2024 issued by the Registrar of Companies, Central Processing Centre. For further details please refer to chapter titled “History and Corporate Structure” beginning on page 147 of this Draft Prospectus.",See DRHP ‘Industry / Business overview’ section.,https://www.dachepalli.com/; www.bigshareonline.com; www.synfinx.com,Extract from restated financials in DRHP (pattern not matched).,No DSIR / R&D recognition wording detected in sampled DRHP pages.,Could not download DRHP PDF/ZIP for promoter extraction.,No explicit expansion/hiring/certification keywords in sampled pages — check MD&A / risk factors in full DRHP.
Oval Projects Engineering Limited,"name and Registered Office of the Company, please refer to the section titled “History and Certain Corporate Matters” on page 137.",11. In the past our Company has paid late filing fees for non -compliances with certain provisions of the lab,https://www.ovalprojects.com; www.masserv.com; www.smccapitals.com,Extract from restated financials in DRHP (pattern not matched).,No DSIR / R&D recognition wording detected in sampled DRHP pages.,Promoter names not machine-extracted from sampled DRHP pages; verify in IPO prospectus or LinkedIn.,No explicit expansion/hiring/certification keywords in sampled pages — check MD&A / risk factors in full DRHP.
GAME CHANGERS TEXFAB LIMITED,Working Days from the date of the Red Herring Prospectus until the Issue Closing Date.,See DRHP ‘Industry / Business overview’ section.,www.corpwis.com; www.skylinerta.com; www.tradeuno.com,Extract from restated financials in DRHP (pattern not matched).,No DSIR / R&D recognition wording detected in sampled DRHP pages.,DRHP: Mr. Nikunj Gupta; Mrs. Santhanam Subhashini; Mr. Vijay Rajagopalan. Accordingly; Mr. Sanjeev Goel; Mr. Ankur Aggarwal; Mr. Sanjeev Goel. Mr. Ankur Agarwal; Mr. Ved Parkash Goel,No explicit expansion/hiring/certification keywords in sampled pages — check MD&A / risk factors in full DRHP.
APTUS PHARMA LIMITED,Company was changed to “Aptus Pharma Limited.” The Corporate Identification Number of our Company is U24230GJ2010PLC061957.,See DRHP ‘Industry / Business overview’ section.,www.aptus-pharma.com,Extract from restated financials in DRHP (pattern not matched).,No DSIR / R&D recognition wording detected in sampled DRHP pages.,Promoter names not machine-extracted from sampled DRHP pages; verify in IPO prospectus or LinkedIn.,No explicit expansion/hiring/certification keywords in sampled pages — check MD&A / risk factors in full DRHP.
Yajur Fibres Limited,TELEPHONE AND FACSIMILE CORPORATE OFFICE TELEPHONE AND FACSIMILE CONTACT PERSON EMAIL AND,See DRHP ‘Industry / Business overview’ section.,www.yajurfibres.com,Extract from restated financials in DRHP (pattern not matched).,No DSIR / R&D recognition wording detected in sampled DRHP pages.,Promoter names not machine-extracted from sampled DRHP pages; verify in IPO prospectus or LinkedIn.,subsidiary / group structure
Earkart Limited,"U74999DL2021PLC399313. For further information, please refer chapter “",See DRHP ‘Industry / Business overview’ section.,www.earkart.in; www.sarthiwm.in; www.skylinerta.com,Extract from restated financials in DRHP (pattern not matched).,No DSIR / R&D recognition wording detected in sampled DRHP pages.,Promoter names not machine-extracted from sampled DRHP pages; verify in IPO prospectus or LinkedIn.,subsidiary / group structure
Workmates Core2Cloud Solution Limited,"Flat 7, 3rd Floor, 3A Rammohan Mullick Garden Lane Kolkata - 700010, West Bengal, India Purbali Saha Company Secretary and Compliance Officer + 91 33 450 84924",See DRHP ‘Industry / Business overview’ section.,www.cloudworkmates.com; www.horizonmanagement.in,Extract from restated financials in DRHP (pattern not matched).,No DSIR / R&D recognition wording detected in sampled DRHP pages.,Promoter names not machine-extracted from sampled DRHP pages; verify in IPO prospectus or LinkedIn.,hiring / recruitment; subsidiary / group structure
Sunsky Logistics Limited,"Sola, Ahmedabad-380060, Gujarat, India, on leave and license basis through a leave and license agreement entered between our Company with Mrs. Maltiben R Dudhrejiya. Mrs. Maltiben R Dudherjiya is not a related party to the Company.",See DRHP ‘Industry / Business overview’ section.,www.kfintech.com; www.nirbhaycapital.com; www.sunskylogistics.com,Extract from restated financials in DRHP (pattern not matched).,No DSIR / R&D recognition wording detected in sampled DRHP pages.,DRHP: Mr. Kunjal Soni CIN,No explicit expansion/hiring/certification keywords in sampled pages — check MD&A / risk factors in full DRHP.
Dove Soft Limited,"(RoC). Further, our Company has not complied with certain statutory provisions under various acts. Such non - compliances/ lapses may attract penalties.","9. We are involved in certain legal proceedings, which, if determined adversely, may affect",www.dovesoft.io; www.growhousewealth.com; www.purvashare.com; www.unistonecapital.com,"9,801 lakhs",No DSIR / R&D recognition wording detected in sampled DRHP pages.,Promoter names not machine-extracted — verify in IPO prospectus or LinkedIn.,subsidiary / group structure
Neptune Logitek Limited,"EMAIL WEBSITE BBZ-N-62/A, WARD 12/A, Gandhidham, Kachchh - 370201, Gujarat, India Mrs. Manisha Jain Company Secretary & Compliance Officer Email ID: cs@neptunelogitek.com Tel No: +91 9737658111",See DRHP ‘Industry / Business overview’ section.,www.bigshareonline.com; www.galacticocorp.com; www.neptunelogitek.com,Extract from restated financials in DRHP (pattern not matched).,No DSIR / R&D recognition wording detected in sampled DRHP pages.,DRHP: Mrs. Manisha Jain Company Secretary; Mr. Vishal Sancheti CIN; Mr. Ganesh Shinde SEBI Registration No; Mr. Ankit Devidas Shah; Mrs. Reema Ankit Shah. For,No explicit expansion/hiring/certification keywords in sampled pages — check MD&A / risk factors in full DRHP.
Vyara Tiles Limited,"converted into a Public L imited Company vide Special Resolution passed by the Shareholders at the Extra - Ordinary General Meeting, held on August 07, 2024, and consequently the name of our Company was changed from “Vyara Tiles Private Limited” to “Vyara Tiles Limited” vide a fresh certificate of incorporation dated October 07, 2024 issued by the Registrar of Companies, Ahmedabad bearing",See DRHP ‘Industry / Business overview’ section.,www.kfintech.com; www.shareindia.com; www.vyaratiles.i; www.vyaratiles.in,Extract from restated financials in DRHP (pattern not matched).,No DSIR / R&D recognition wording detected in sampled DRHP pages.,Mr. Padamkumar Babulal Jain,capacity expansion; capex / capital expenditure
Systematic Industries Limited,"Registered Office: 418, 4th Floor, Nirmal Corporate Center, L.B.S. Marg, Mulund (West), Mumbai - 400080, Maharashtra, India. Tel No: +91 -22 - 41383900; E-mail: cs@systemati",See DRHP ‘Industry / Business overview’ section.,https://systematicindustries.com/; www.cameoindia.com; www.hemsecurities.com,Extract from restated financials in DRHP (pattern not matched).,No DSIR / R&D recognition wording detected in sampled DRHP pages.,Promoter names not machine-extracted from sampled DRHP pages; verify in IPO prospectus or LinkedIn.,No explicit expansion/hiring/certification keywords in sampled pages — check MD&A / risk factors in full DRHP.
Purple Wave Infocom Limited,"minutes, reporting in number of board meetings in annual returns and typographical errors in forms filed in ROC filing made by our company.",See DRHP ‘Industry / Business overview’ section.,www.maashitla.com; www.purplewave.in; www.shcapl.com,Extract from restated financials in DRHP (pattern not matched).,No DSIR / R&D recognition wording detected in sampled DRHP pages.,DRHP: Ms. Shivani Gupta; Mr. Parth Shah SEBI Registration No; Mr. Mukul Agrawal SEBI Registration No; MANOJ KUMAR SINGH; SANDHYA SINGH AND ANANYA SINGH; Ms. Shivani Gupta Company Secretary,No explicit expansion/hiring/certification keywords in sampled pages — check MD&A / risk factors in full DRHP.
L. T. Elevator Limited,"Centre. For details of change in Registered Office of our Company, please refer to the chapter titled “History and Certain Corporate Matters” on page 144 of the Draft Red Herring Prospectus.",See DRHP ‘Industry / Business overview’ section.,www.cameoindia.com; www.horizonmanagement.in; www.ltelevator.com,Extract from restated financials in DRHP (pattern not matched).,No DSIR / R&D recognition wording detected in sampled DRHP pages.,DRHP: Ms. K. Sreepriya ISSUE OPENS ON ISSUE,ISO certification mentioned; subsidiary / group structure
NSB BPO Solutions Limited,"3rd Floor, Plot No. 13, Railway Colony, E-8, Arera Colony, Trilanga, Bhopal, Huzur, Madhya Pradesh, India 462039 Plot No., A 100, Sector 58, Noida UP-201301 Ms. Anjali Shukla, Company Secretary and Compliance Officer E-mail: ipo@nsbbpo.in Tel: +91 755 4500715 www.nsbbpo.com",See DRHP ‘Industry / Business overview’ section.,www.nsbbpo.com,Extract from restated financials in DRHP (pattern not matched).,No DSIR / R&D recognition wording detected in sampled DRHP pages.,DRHP: Ms. Anjali Shukla,ISO certification mentioned; subsidiary / group structure
ARC DISTRIBUTORS (I) LIMITED,chapter titled “History and Corporate Structure” beginning on page 162 of this Draft Red Herring Prospectus.,See DRHP ‘Industry / Business overview’ section.,www.arc-distributors.com,Extract from restated financials in DRHP (pattern not matched).,No DSIR / R&D recognition wording detected in sampled DRHP pages.,Promoter names not machine-extracted from sampled DRHP pages; verify in IPO prospectus or LinkedIn.,No explicit expansion/hiring/certification keywords in sampled pages — check MD&A / risk factors in full DRHP.
Dhillon Freight Carrier Limited,"– Kolkata. For further details of change in name and registered office of our company, please refer to section titled “",See DRHP ‘Industry / Business overview’ section.,www.dfclogistics.in,Extract from restated financials in DRHP (pattern not matched).,No DSIR / R&D recognition wording detected in sampled DRHP pages.,DRHP: Mrs. Sneha Agarwal; Mr. S. Ramakrishna Iyengar KFIN TECHNOLOGIES LIMITED; Mr. Dhillon. Subsequently; Mr. Karan Singh Dhillon; Mrs. Rucheka Kothari; Mr. Javed Anw; Mr. Javed Anwar; Mr. Karamveer Dhillon,No explicit expansion/hiring/certification keywords in sampled pages — check MD&A / risk factors in full DRHP.
SK Minerals & Additives Limited,Company is situated.,See DRHP ‘Industry / Business overview’ section.,www.skminerals.net,2 crores,"DSIR Department of Scientific and Industrial Research EC European Commission EC European Commission EFSA European Food Safety Authority Emulsifiers Emulsifiers help mix two things that don’t usually mix, like oil and water.",DRHP: Ms. Divya Company Secretary; Mr. Chandan Mishra Email; Mr. Mukul Agrawal Email; Mr. Neeraj Kumar Tuli. Company Secretary; Ms. Divya. Corporate Identification Number; Mr. Mohit Jindal. MOA; Mrs. Sunita Rani; Mr. Mohit Jindal; Mr. Rohit Jindal; Mr. Shubham Jindal. Promoter Group Such,capex / capital expenditure; ISO certification mentioned
Justo Realfintech Limited,Corporate Matters” on page Error! Bookmark not defined. of this Draft Red Herring Prospectus.,See DRHP ‘Industry / Business overview’ section.,www.justo.co.in; www.purvashare.com; www.vivro.net,Extract from restated financials in DRHP (pattern not matched).,No DSIR / R&D recognition wording detected in sampled DRHP pages.,Promoter names not machine-extracted from sampled DRHP pages; verify in IPO prospectus or LinkedIn.,ISO certification mentioned; subsidiary / group structure
Vyara Tiles Limited,"converted into a Public L imited Company vide Special Resolution passed by the Shareholders at the Extra - Ordinary General Meeting, held on August 07, 2024, and consequently the name of our Company was changed from “Vyara Tiles Private Limited” to “Vyara Tiles Limited” vide a fresh certificate of incorporation dated October 07, 2024 issued by the Registrar of Companies, Ahmedabad bearing",See DRHP ‘Industry / Business overview’ section.,www.kfintech.com; www.shareindia.com; www.vyaratiles.i; www.vyaratiles.in,Extract from restated financials in DRHP (pattern not matched).,No DSIR / R&D recognition wording detected in sampled DRHP pages.,Mr. Padamkumar Babulal Jain,capacity expansion; capex / capital expenditure
Twinkle Papers limited,Delhi-110001 Telephone: +91 9910990488 Email: mb@ftfinsec.com Website: www.ftfinsec.com Investor Grievance Email: investor@ftfinsec.com Contact Person: Ms. Sakshi/ Ms. Amisha Gupta SEBI registration number: INM000012500,See DRHP ‘Industry / Business overview’ section.,https://twinklepapers.com/; https://www.alankit.com/; www.ftfinsec.com,Extract from restated financials in DRHP (pattern not matched).,No DSIR / R&D recognition wording detected in sampled DRHP pages.,Could not download DRHP PDF/ZIP for promoter extraction.,ISO certification mentioned; subsidiary / group structure
Systematic Industries Limited,Download failed (timeout or HTTP error).,,,,,Promoter names not machine-extracted from sampled DRHP pages; verify in IPO prospectus or LinkedIn.,
AJC Jewel Manufacturers Limited,PDF parse error: PdfStreamError,,,,,Could not download DRHP PDF/ZIP for promoter extraction.,
Krupalu Metals Limited,to section titled “Our History and Certain Corporate Matters” beginning on page no 138 of the Draft Prospectus.,"relationships with us due to a change in preference or any other reason on immediate basis, which could materially and adversely impact",www.krupalumetals.com,Extract from restated financials in DRHP (pattern not matched).,No DSIR / R&D recognition wording detected in sampled DRHP pages.,DRHP: Mr. S. Ramakrishna Iyengar CAMEO CORPORATE SERVICES; Ms. K. Sreepriya ISSUE PROGRAMME ISSUE OPENS; Mr. S. Ramakrishna Iyengar SEBI Registration No,ISO certification mentioned
Justo Realfintech Limited,"El Tara Building, Powai, Off. Orchard Avenue, Hiranandani Gardens, Mumbai City, Mumbai, 400076, Maharashtra, India. “we”, “us” and “our” Unless the context otherwise indicates or implies, refers to our Company and our Subsidiary on a consolidated basis. “you”, “your”, or “yours” Prospective investors in this Issue",See DRHP ‘Industry / Business overview’ section.,www.justo.co.in,Extract from restated financials in DRHP (pattern not matched).,No DSIR / R&D recognition wording detected in sampled DRHP pages.,Promoter names not machine-extracted from sampled DRHP pages; verify in IPO prospectus or LinkedIn.,subsidiary / group structure
Shakti Polytarp Limited,"OFFICE CONTACT PERSON TELEPHONE AND EMAIL WEBSITE Shop No. 4, 4/1, Nayapura Main Road , Indore, Madhya Pradesh, India, 452009 N.A. Ms. Aditi Vohra Company Secretary & Compliance Officer +91-9826648050 & md@shaktipolytarp.com",See DRHP ‘Industry / Business overview’ section.,www.narnolia.com; www.shaktipolytarp.com; www.skylinerta.com,Extract from restated financials in DRHP (pattern not matched).,No DSIR / R&D recognition wording detected in sampled DRHP pages.,Mr. Ravi Singhal,subsidiary / group structure
SK Minerals & Additives Limited,"Registered Office: Satkartar Building, Near Khalsa Petrol Pump, G.T Road, Khanna, Ludhiana -141401, Punjab, India Tel.: +91 9041114180; Email: companysecretary@skminerals.net ; Website: www.skminerals.net Contact Person: Ms. Divya, Company Secretary and Compliance Officer",See DRHP ‘Industry / Business overview’ section.,www.khambattasecurities.com; www.maashitla.com; www.skminerals.net,Extract from restated financials in DRHP (pattern not matched).,"DSIR Department of Scientific and Industrial Research EC European Commission EC European Commission EFSA European Food Safety Authority Emulsifiers Emulsifiers help mix two things that don’t usually mix, like oil and water.",DRHP: Ms. Divya Company Secretary; Mr. Chandan Mishra Email; Mr. Mukul Agrawal Email; Mr. Neeraj Kumar Tuli. Company Secretary; Ms. Divya. Corporate Identification Number; Mr. Mohit Jindal. MOA; Mrs. Sunita Rani; Mr. Mohit Jindal; Mr. Rohit Jindal; Mr. Shubham Jindal. Promoter Group Such,capacity expansion
Dove Soft Limited,"OFFICE CONTACT PERSON EMAIL & TELEPHONE WEBSITE Office No. 1101, DLH Park, Opp. MTNL, Goregoan West Mumbai- 400062, Maharashtra, India NA Archit Tundia, Company Secretary and Compliance Officer secretarial@dove-soft.com & +91 9321938063 www.dovesoft.io",See DRHP ‘Industry / Business overview’ section.,www.dovesoft.io,Extract from restated financials in DRHP (pattern not matched).,No DSIR / R&D recognition wording detected in sampled DRHP pages.,Promoter names not machine-extracted — verify in IPO prospectus or LinkedIn.,No explicit expansion/hiring/certification keywords in sampled pages — check MD&A / risk factors in full DRHP.
Aritas Vinyl Limited,"3. One of our promoter group company Elegant Vinyl Private Limited is engaged in the similar business in which issuer company is engaged which may create a conflict of interest. Further, we do not enjoy contractual protection by way of a non-compete or other agreement or arrangement with our group company.",See DRHP ‘Industry / Business overview’ section.,www.aritasvinyl.com; www.bigshareonline.com; www.ifinservices.in,Extract from restated financials in DRHP (pattern not matched).,No DSIR / R&D recognition wording detected in sampled DRHP pages.,DRHP: Mr. Anilkumar Prakashchandra Agrawal; Mr. Sanjaykumar Kantilal Patel; Mr. Roque Antonio Dias,ISO certification mentioned
Bhavik Enterprises Limited,"Corporate Office Contact Person Email and Telephone Website Office No. 1105, 11th Floor, DLH Park, S V Road, Goregaon West, Malad, Mumbai- 400064, Maharashtra, India. N.A. Mr. Nikhil D Bhatt Company Secretary and Compliance Officer",See DRHP ‘Industry / Business overview’ section.,https://bhavikenterprises.com/; www.bigshareonline.com; www.shcapl.com,Extract from restated financials in DRHP (pattern not matched).,No DSIR / R&D recognition wording detected in sampled DRHP pages.,DRHP: Mr. Mukesh Natverlal Thakkar Chairman; Mr. Parth Shah Website; Mr. Asif Sayyed SEBI Registration No; Ms. Shruti Shah March; Mr. Mukesh Natverlal Thakkar Late Natverlal Chaturdas; Ms. Purnima Mukesh Thakkar Late Madhusudan Chhotalal; Mr. Mukesh Natverlal Thakkar,No explicit expansion/hiring/certification keywords in sampled pages — check MD&A / risk factors in full DRHP.
Shlokka Dyes Limited,"Saykha, Saran, Bharuch, Vagra, Gujarat, India-392140. Promoters Vaibhav Shah & Shivani Rajpurohit Promoter Group Companies, individuals and entities (other than companies) as defined under Regulation 2 sub-regulation (pp) of the SEBI ICDR Regulations, 2018. “you”, “your” or “yours” Prospective Investors in this Issue",See DRHP ‘Industry / Business overview’ section.,www.bigshareonline.com; www.ifinservices.in; www.shlokkadyes.com,Extract from restated financials in DRHP (pattern not matched).,No DSIR / R&D recognition wording detected in sampled DRHP pages.,DRHP: Mr. Siddharth Gajra Company Secretary; Mr. Siddharth Gajra; Mr. Siddharth Gajra Chief Financial Officer; Mr. Rajesh Patel. Act; Vaibhav Shah & Shivani Rajpurohit,ISO certification mentioned
Kiaasa Retail Limited,further details of our Company see “General Information” and “History and Certain Corporate Matters” beginning on page 70 and 182 respectively of this Draft Red Herring Prospectus,See DRHP ‘Industry / Business overview’ section.,www.kiaasa.com,Extract from restated financials in DRHP (pattern not matched).,No DSIR / R&D recognition wording detected in sampled DRHP pages.,DRHP: Ms. Kanishka Singhal Company Secretary; Ms. Kanishka Singhal; Mr. Om Prakash; Mr. Amit Chauhan,subsidiary / group structure
Monika Alcobev Limited,Registration Centre. For further details please refer to section titled “History and Corporate Structure” beginning on page 174 of the Draft Red Herring Prospectus.,See DRHP ‘Industry / Business overview’ section.,www.in.mpms.mufg.com; www.monikaalcobev.com,Extract from restated financials in DRHP (pattern not matched).,No DSIR / R&D recognition wording detected in sampled DRHP pages.,Promoter names not machine-extracted from sampled DRHP pages; verify in IPO prospectus or LinkedIn.,No explicit expansion/hiring/certification keywords in sampled pages — check MD&A / risk factors in full DRHP.
Essex Marine Limited,TELEPHONE CORPORATE OFFICE TELEPHONE CONTACT PERSON,See DRHP ‘Industry / Business overview’ section.,www.essexmpl.com; www.kslindia.com; www.skylinerta.com,Extract from restated financials in DRHP (pattern not matched).,No DSIR / R&D recognition wording detected in sampled DRHP pages.,Promoter names not machine-extracted from sampled DRHP pages; verify in IPO prospectus or LinkedIn.,No explicit expansion/hiring/certification keywords in sampled pages — check MD&A / risk factors in full DRHP.
LAPL Automotive Limited,"Processing Centre. The corporate identification number of our Company is U34300MH2004PLC149728. For further details on Incorporation and Registered Office of our Company, see “History and Certain Corporate Matters” beginning on page 189 of this Draft Prospectus.",See DRHP ‘Industry / Business overview’ section.,https://laplautomotive.com/; www.maashitla.com; www.shcapl.com,Extract from restated financials in DRHP (pattern not matched).,No DSIR / R&D recognition wording detected in sampled DRHP pages.,DRHP: NEERAJ SATYAPRAKASH GOYAL; SHUBHAM NEERAJ GOYAL AND ANITA NEERAJ GOYAL; Mr. Parth Shah E-mail,capex / capital expenditure; ISO certification mentioned
Mittal Sections Limited,"with the Registrar of Companies. As per relevant provisions of erstwhile Companies Act, 1956 and present Companies Act, 2013 all the respective instances that have been provided below:",See DRHP ‘Industry / Business overview’ section.,www.bigshareonline.com; www.mittalsectionslimited.com; www.wealthminenetworks.com,Extract from restated financials in DRHP (pattern not matched).,No DSIR / R&D recognition wording detected in sampled DRHP pages.,DRHP: Mr. Hirenkumar Babubahi Patel PROMOTERS OF,No explicit expansion/hiring/certification keywords in sampled pages — check MD&A / risk factors in full DRHP.
Sodhani Capital Limited,"1st floor C-373 C Block Vaishali Nagar, Jaipur-302021, Rajasthan, India. Ms. Renu Sharma, Company Secretary and Compliance Officer Email: cs@sodhanicapital.com Tel: +91 9694875201",See DRHP ‘Industry / Business overview’ section.,https://sodhanicapital.com/; www.bonanzaonline.com; www.ndml.in; www.sodhanicapital.com,Extract from restated financials in DRHP (pattern not matched).,No DSIR / R&D recognition wording detected in sampled DRHP pages.,DRHP: Ms. Renu Sharma; Ms. Swati Agrawal; Mr. Abhay Bansal Email ID,subsidiary / group structure
M P K STEELS (I) LIMITED,100% Book Built Issue,See DRHP ‘Industry / Business overview’ section.,www.mpksteels.com,Extract from restated financials in DRHP (pattern not matched).,DRHP references DSIR / industrial research — verify exact status in full document.,DRHP: Ms. Priyanka Jain Company Secretary; Mr. Manoj Upadhyay; Mr. Suresh Kumar Sharma; Mrs. Nidhi Upadhyay; Mrs. Santosh Devi Sharma; Ms. Priyanka Jain,No explicit expansion/hiring/certification keywords in sampled pages — check MD&A / risk factors in full DRHP.
Umiya Mobile Limited,"Office Contact Person Email and Telephone Website Plot No. 3, Ward No. 7, C.S. No. 5805, Vhora Aghat NR PDM COM. Collage, Opp. Lathiya Motors, Gondal Road, Rajkot - 360004, Gujarat, India. N.A. Mr. Vinay B Karkera, Company Secretary and Compliance Officer investors@umiyamobile.in",See DRHP ‘Industry / Business overview’ section.,www.bigshareonline.com; www.shcapl.com; www.umiyamobile.com,Extract from restated financials in DRHP (pattern not matched).,No DSIR / R&D recognition wording detected in sampled DRHP pages.,DRHP: Mr. Jadwani Kishorbhai Premjibhai; Mr. Jadvani Girishkumar Premjibhai; Mr. Vijesh Premjibhai Patel,No explicit expansion/hiring/certification keywords in sampled pages — check MD&A / risk factors in full DRHP.
Modern Diagnostic & Research Centre Limited,PDF parse error: PdfStreamError,,,,,Could not download DRHP PDF/ZIP for promoter extraction.,
Oremet Alloys And Castings Limited,"Telephone Website C/o. Shree Balaji Minerals, Near Jamna Marble, Roopangarh, Ajmer, Rajasthan - 305801, India 19 Floor Room No 12 Chatterjee International, Park Street Area, Middleton Row, Kolkata, West Bengal-700071 Ms. Amisha Company Secretary and Compliance Officer Email Id: info@oremetalloys.com Tel. No: 033 45034564",See DRHP ‘Industry / Business overview’ section.,https://oremetalloys.com/,Extract from restated financials in DRHP (pattern not matched).,No DSIR / R&D recognition wording detected in sampled DRHP pages.,DRHP: Ms. Amisha Company Secretary; Mr. Yash Vardhan Birla Promoter Selling Shareholder; Mr. Abhishek Birla Promoter Selling Shareholder Upto; Mr. Yash Vardhan Birla; Mr. Abhishek Birla,No explicit expansion/hiring/certification keywords in sampled pages — check MD&A / risk factors in full DRHP.
Swastika Castal Ltd,"Public Limited Company on June 10, 1996. For further details of our company, please refer to section titled “History and Certain Corporate Matters” beginning on page no 162 of the Draft Prospectus.",See DRHP ‘Industry / Business overview’ section.,https://sclcasting.com/; www.accuratesecurities.com; www.horizonmanagement.in,Extract from restated financials in DRHP (pattern not matched).,No DSIR / R&D recognition wording detected in sampled DRHP pages.,DRHP: Mr. Varun Sharda; Ms. Indra Sharda ADDENDUM TO THE DRAFT; Ms. Indra Sharda; in dematerialized form,capex / capital expenditure; subsidiary / group structure
Kasturi Metal Composite Limited,PDF parse error: PdfStreamError,,,,,Could not download DRHP PDF/ZIP for promoter extraction.,
Goel Construction Company Limited,Structure” beginning on page no. 177 of the Draft Red Herring Prospectus.,See DRHP ‘Industry / Business overview’ section.,https://in.mpms.mufg.com/; www.goelconstruction.co.in; www.srujanalpha.com,Extract from restated financials in DRHP (pattern not matched).,No DSIR / R&D recognition wording detected in sampled DRHP pages.,DRHP: Ms. Surbhi Maloo; Mr. Purushottam Dass Goel; Mr. Arun Kumar Goel; Mr. Naresh Kumar Goel; Mrs. Nirmala Goel; Mr. Anuj Goel; Mr. Amit Goel; Mr. Ashwani Goel; Mr. Prem Goel; Mr. Vijay Kumar Goel,No explicit expansion/hiring/certification keywords in sampled pages — check MD&A / risk factors in full DRHP.
ANKIT GOLD LIMITED,"Ni Khadki, Madan Gopal Ni Haveli Road, Ahmedabad - 380001, Gujarat, India “we”, “us” or “our” Unless the context otherwise indicates or implies, refers to our Company “you”, “your” or “yours” Prospective Investor in this Issue",See DRHP ‘Industry / Business overview’ section.,https://www.ankitgoldltd.com; https://www.cfml.in; www.kfintech.com,Extract from restated financials in DRHP (pattern not matched).,No DSIR / R&D recognition wording detected in sampled DRHP pages.,DRHP: Mr. Hinil Patel,ISO certification mentioned
Chiraharit Limited,"number (CIN) being U45101AP2006PTC050818. Later, the name of the Company has been changed to “Chiraharit Agro Farms Private Limited” in accordance with the Companies Act, 2013 pursuant to a Certificate of Incorporation issued by Registrar of Companies, Hyderabad, Telangana on September 18, 2015 with the corporate identification number (",See DRHP ‘Industry / Business overview’ section.,https://chiraharit.com/#; www.bigshareonline.com; www.finshoregroup.com,Extract from restated financials in DRHP (pattern not matched).,No DSIR / R&D recognition wording detected in sampled DRHP pages.,DRHP: Mr. Dixitula Venkata Kama Dixitulu Company Secretary; Mr. Pavan Kumar Bang; Mrs. Tejaswini Yarlagadda; Mr. Venkata Ramana Reddy Gaggenapalli DETAILS OF; Mr. Babu Raphe; Mr. Babu Rapheal; Mr. Dixitula Venkata Kama Dixitulu; Mr. Venkata Ramana Reddy Gaggenapalli THE ISSUE; Mr. Venkata Ramana Reddy Gaggenapalli; Mrs. Tejaswini Yarlagadda. Promoter Group Includes,ISO certification mentioned
Zelio E-Mobility Limited,PDF parse error: PdfStreamError,,,,,Could not download DRHP PDF/ZIP for promoter extraction.,
JAY AMBE SUPERMARKETS LIMITED,IS LOCATED) AT LEAST TWO WORKING DAYS PRIOR TO THE ISSUE OPENING DATE AND SHALL BE MADE AVAILABLE TO THE BSE LIMITED “BSE” FOR THE PURPOSE OF UPLOADING ON THEIR WEBSITE. FOR FURTHER DETAILS KINDLY REFER TO CHAPTER TITLED “TERMS OF THE ISSUE” BEGINNING ON PAGE 319 OF THIS DRAFT RED HERRING PROSPECTUS. Potential Bidders may note the following:,lease agreements may have certain irregularities because of which we may be unable to effectively enforce,https://in.mpms.mufg.com/; www.beelinemb.com; www.citysquaremart.com,Extract from restated financials in DRHP (pattern not matched).,No DSIR / R&D recognition wording detected in sampled DRHP pages.,DRHP: Mr Hitendra Patel,No explicit expansion/hiring/certification keywords in sampled pages — check MD&A / risk factors in full DRHP.
Ameenji Rubber Limited,"shareholders at the Extra Ordinary General Meeting held on May 09, 2024 our company was converted into a Public Limited Compa ny and consequently the name of our Company was changed from “Ameenji Rubber Private Limited” to “Ameenji Rubber Limited” vide a fresh Certificate of Incorporation dated Jul y 31, 2024 issued by the Registrar of Companies, Central Processing Centre, bearing",See DRHP ‘Industry / Business overview’ section.,www.ameenji.com; www.bigshareonline.com; www.hemsecurities.com,Extract from restated financials in DRHP (pattern not matched).,No DSIR / R&D recognition wording detected in sampled DRHP pages.,Promoter names not machine-extracted from sampled DRHP pages; verify in IPO prospectus or LinkedIn.,capex / capital expenditure; subsidiary / group structure; facility expansion
Kanone Technologies Limited,"B4(1) 46/2678, Kaniyapilly Road, Chakkaraparambu Vennala P.O Ernakulam, Vennala, Ernakulam, Ernakulam, Kerala, India, 682028",See DRHP ‘Industry / Business overview’ section.,www.cameoindia.com; www.ftfinsec.com; www.kanone.in,Extract from restated financials in DRHP (pattern not matched).,No DSIR / R&D recognition wording detected in sampled DRHP pages.,DRHP: Mrs. Sweety Jhunjhunwala Company Secretary; Mr. Faizal Bavaraparambil Abdul Khader; Mrs. Sruthi Muhammed Ali; Mr. Anaz Abdul Khader Bavaraparambil; Mrs. Sweety Jhunjhunwala; Mr. Vivek Vilas Joshi; Mr. Adarsh Punnakkattu Vinu,No explicit expansion/hiring/certification keywords in sampled pages — check MD&A / risk factors in full DRHP.
Shipwaves Online Limited,identification number (,See DRHP ‘Industry / Business overview’ section.,www.cameoindia.com; www.finshoregroup.com; www.shipwaves.com,Extract from restated financials in DRHP (pattern not matched).,No DSIR / R&D recognition wording detected in sampled DRHP pages.,DRHP: Mrs. Jessica Juliana Mendonca Company Secretary; Mr. Kalandan Mohammed Haris; Mr. Kalandan Mohammed Althaf; Mr. Kalandan Mohammad Arif; Mr. Abid Ali; Mrs. Bibi Hajira; Mr. Mohammed Sahim Haris DETAILS OF OFFER; Ms. K. Sreepriya Email; Mrs. Jessica Juliana Mendonca; Mr. Mohammed Sahim Haris THE ISSUE INITIAL,ISO certification mentioned
Mehul Colours Limited,"TELEPHONE WEBSITE Unit No - A 305,306, Kemp Plaza, Link Road, Chincholi Bunder Road, Mind Space, Near Evershine Mall, Malad West, Mumbai, Maharashtra - 400064 Shilpa Karan Mehta, Company Secretary & Compliance Officer E-mail: info@mehulcolours.com Tel No: +91-22-2872 3555 / 2872 7874 Website: https://www.mehulcolours.com",See DRHP ‘Industry / Business overview’ section.,https://serencapital.in/; https://www.mehulcolours.com; www.bigshareonline.com,Extract from restated financials in DRHP (pattern not matched).,No DSIR / R&D recognition wording detected in sampled DRHP pages.,Promoter names not machine-extracted from sampled DRHP pages; verify in IPO prospectus or LinkedIn.,facility expansion
Sampat Aluminium Limited,"Our Company has delayed in filing of Forms for certain years with Registrar of Companies for which additional fees has been paid by the Company and which has been certified by Dhyanam Vyas & Associates, Practi",See DRHP ‘Industry / Business overview’ section.,https://sampataluminium.com/; www.cameoindia.com,Extract from restated financials in DRHP (pattern not matched).,No DSIR / R&D recognition wording detected in sampled DRHP pages.,DRHP: Mr. Sanket Sanjay Deora Chairman,subsidiary / group structure
Advance Technoforge Limited,"Sr. No.-121, Plot No.1 to 6, At. & Po. Padavala Road, Opp. Eaterflow Piping System, Veraval Shapar, Lodhika, Rajkot, Gujarat, India, 360024 Ms. Payal Bansal",See DRHP ‘Industry / Business overview’ section.,www.advancetechforge.co; www.advancetechforge.com/; www.kfintech.com; www.suncapitalservices.co.in,Extract from restated financials in DRHP (pattern not matched).,No DSIR / R&D recognition wording detected in sampled DRHP pages.,DRHP: Ms. Payal Bansal,subsidiary / group structure
Bedi Steels Limited,"G.T. Road, Doraha, Ludhiana - 141421, Punjab, India. NA Mr. Dishant Khanna Company Secretary and Compliance Officer Email: cs@bedisteelsltd.com Tel.: +91-9115700625 www.bedisteelsltd.com",See DRHP ‘Industry / Business overview’ section.,www.bedisteelsltd.com; www.bigshareonline.com; www.khambattasecurities.com,2 crores,No DSIR / R&D recognition wording detected in sampled DRHP pages.,DRHP: Mr. Dishant Khanna Company Secretary; Mr. Chandan Mishra Email; Mr. Vinayak Morbale Email; Mr. Abhishek Sehgal. Company Secretary; Mr. Dishant Khanna. Corporate Identification Number; Mr. Prayank Gupta. MOA; Mr. Prayank Gupta; Mr. Mahesh Gupta; Mrs. Khushboo Gupta; Mrs. Sarita Gupta,capex / capital expenditure; ISO certification mentioned; forward integration
Hannah Joseph Hospital Limited,"nursing staff 3. Property Address: Sub- District, Madurai South Taluk, No.37, Chinthamani Village, Shown in Patta No. 51, Ayan Nanja",See DRHP ‘Industry / Business overview’ section.,https://hannahjosephhospital.com/,Extract from restated financials in DRHP (pattern not matched).,No DSIR / R&D recognition wording detected in sampled DRHP pages.,Promoter names not machine-extracted from sampled DRHP pages; verify in IPO prospectus or LinkedIn.,subsidiary / group structure
Karbonsteel Engineering Limited,"TELEPHONE WEBSITE B-8; Ratnadeep Cosmopolitan Chs Ltd, 140-141 S.V. Road, Nr. Shoppers Stop, Andheri (W), Mumbai, Maharashtra, India-400058. Jankhana Vasanji Gala (Company Secretary & Compliance Officer) E-mail: info@karbonsteel.com Tel No: +91-22- 61872821 Website: https://www.karbonsteel.com/",See DRHP ‘Industry / Business overview’ section.,https://serencapital.in/; https://www.karbonsteel.com/; www.maashitla.com,Extract from restated financials in DRHP (pattern not matched).,No DSIR / R&D recognition wording detected in sampled DRHP pages.,Promoter names not machine-extracted from sampled DRHP pages; verify in IPO prospectus or LinkedIn.,facility expansion
Apollo Techno Industries Limited,"the Bid Opening Date and the Bid/ Issue Closing Date and the floor price or price band along with necessary details subject to regulation 250 of SEBI ICRD Regulations. This advertisement, subject to the provisions of section 30 of the Companies Act, 2013, shall be in the format prescribed in Part A of Schedule X of the SEBI Regulations.",See DRHP ‘Industry / Business overview’ section.,https://in.mpms.mufg.com/; www.apollotechno.com; www.beelinemb.com,"6,897.67 lakhs",No DSIR / R&D recognition wording detected in sampled DRHP pages.,DRHP: Mr. Patel Parth Rashmikant,ISO certification mentioned; subsidiary / group structure
Riddhi Display Equipments Limited,PDF parse error: PdfStreamError,,,,,Could not download DRHP PDF/ZIP for promoter extraction.,
STAR IMAGING AND PATH LAB LIMITED,"Registered Office: 4B/4, Tilak Nagar, Near Sant Pura, Tilak Nagar West Delhi, New Delhi- 110018, India Tel. No.: +91 9990019189 Email: cs@starimaging.com Website: www.starimaging.in Contact Person: Md Shadab Khan, Company Secretary & Compliance Officer",See DRHP ‘Industry / Business overview’ section.,www.kfintech.com; www.shareindia.com; www.starimaging.in,Extract from restated financials in DRHP (pattern not matched).,No DSIR / R&D recognition wording detected in sampled DRHP pages.,DRHP: Ms. Chhaya Gupta; Mr. Kunal Bansal Investor Grievances Email; Mr. Murali Krishna BID; Mr. Pawan Gupta; Mr. Kunal Bansal Email; Mr. Murali Krishna Email,No explicit expansion/hiring/certification keywords in sampled pages — check MD&A / risk factors in full DRHP.
Grace Renewable Energy Limited,"Hotel, S G Highway, Bodakdev, Ahmedabad, Gujarat, India, 380054 “we”, “us” and “our” Unless the context otherwise indicates or implies, refers to our Company. “you”, “your” or “yours” Prospective investors in this Issue",See DRHP ‘Industry / Business overview’ section.,www.gracerenew.com,Extract from restated financials in DRHP (pattern not matched).,No DSIR / R&D recognition wording detected in sampled DRHP pages.,Promoter names not machine-extracted from sampled DRHP pages; verify in IPO prospectus or LinkedIn.,No explicit expansion/hiring/certification keywords in sampled pages — check MD&A / risk factors in full DRHP.
Gallard Steel Limited,"TELEPHONE WEBSITE Flat No. 01, SukhsnehApartment, 168-M Khatiwala Tank, Indore, Madhya Pradesh-MP – 452014",See DRHP ‘Industry / Business overview’ section.,https://www.gallardsteel.com,Extract from restated financials in DRHP (pattern not matched).,No DSIR / R&D recognition wording detected in sampled DRHP pages.,Promoter names not machine-extracted from sampled DRHP pages; verify in IPO prospectus or LinkedIn.,subsidiary / group structure
Chemkart India Limited,PDF parse error: PdfStreamError,,,,,Could not download DRHP PDF/ZIP for promoter extraction.,
NSB BPO Solutions Limited,"3rd Floor, Plot No. 13, Railway Colony, E-8, Arera Colony, Trilanga, Bhopal, Huzur, Madhya Pradesh, India 462039 Plot No., A 100, Sector 58, Noida UP-201301 Ms. Anjali Shukla, Company Secretary and Compliance Officer E-mail: ipo@nsbbpo.in Tel: +91 755 4500715 www.nsbbpo.com",See DRHP ‘Industry / Business overview’ section.,www.nsbbpo.com,Extract from restated financials in DRHP (pattern not matched).,No DSIR / R&D recognition wording detected in sampled DRHP pages.,DRHP: Ms. Anjali Shukla,ISO certification mentioned; subsidiary / group structure
B. D. Industries (Pune) Limited,"The registered office of B D INNO Ventures Private Limited (BDIVPL) is situated at Unit No. 602, 6th Floor, Universal Majestic, P.L. Lokhande Marg, Chembur, Mumbai, Maharashtra, India, 400043.",See DRHP ‘Industry / Business overview’ section.,www.bdi-group.org,Extract from restated financials in DRHP (pattern not matched).,No DSIR / R&D recognition wording detected in sampled DRHP pages.,DRHP: subject to any pledge,ISO certification mentioned; subsidiary / group structure
Yajur Fibres Limited,TELEPHONE AND FACSIMILE CORPORATE OFFICE TELEPHONE AND FACSIMILE CONTACT PERSON EMAIL AND,See DRHP ‘Industry / Business overview’ section.,www.yajurfibres.com,Extract from restated financials in DRHP (pattern not matched).,No DSIR / R&D recognition wording detected in sampled DRHP pages.,Promoter names not machine-extracted from sampled DRHP pages; verify in IPO prospectus or LinkedIn.,subsidiary / group structure
GAME CHANGERS TEXFAB LIMITED,"3656-P NO-21, Hathi Khanna, Bahadur Garh Road, Delhi- 110006 135/1, Gurugram, Gurgaon, Haryana, India, 122001 Name: Mr. Nikunj Gupta Company Secretary & Compliance Officer Email: compliance@tradeuno.com Telephone: +91 8377936803 www.tradeuno.com",See DRHP ‘Industry / Business overview’ section.,www.tradeuno.com,Extract from restated financials in DRHP (pattern not matched).,No DSIR / R&D recognition wording detected in sampled DRHP pages.,DRHP: Mr. Nikunj Gupta; Mrs. Santhanam Subhashini; Mr. Vijay Rajagopalan. Accordingly; Mr. Sanjeev Goel; Mr. Ankur Aggarwal; Mr. Sanjeev Goel. Mr. Ankur Agarwal; Mr. Ved Parkash Goel,No explicit expansion/hiring/certification keywords in sampled pages — check MD&A / risk factors in full DRHP.
UNITED TECHFAB LIMITED,"EMAIL WEBSITE Survey No. 416, Village -Navapura (Miroli), Taluka -Dascroi, Miroli, Ahmedabad, Dascroi, Gujarat, India, 382425 Survey No 238 239 Shahwadi, Opp Aarvee Denim Narol Sarkhej Highway, Shahwadi, Ahmedabad, Ahmadabad City, Gujarat, India, 382405 Mr. Sohitkumar Dineshchandra Mehta",See DRHP ‘Industry / Business overview’ section.,www.kfintech.com; www.nirbhaycapital.com; www.unitedtechfab.com,Extract from restated financials in DRHP (pattern not matched).,No DSIR / R&D recognition wording detected in sampled DRHP pages.,Mr. Gagan Nirmalkumar Mittal,subsidiary / group structure
Solvex Edibles Limited,"India, 244921. We / us / our Unless the context otherwise indicates or implies, refers to our Company you / your / yours Prospective Investors in this Issue",See DRHP ‘Industry / Business overview’ section.,www.corporatemakers.in; www.maashitla.com; www.solvexedibles.in,Extract from restated financials in DRHP (pattern not matched).,No DSIR / R&D recognition wording detected in sampled DRHP pages.,DRHP: Ms. Swati Vaish; Ms. Swati Vaish. Corporate Identification Number; Mr. Ashish Goel. MOA; Mr. Ashish Goel; Mr. Vishal Goel; Mrs. Rashika Gupta; Mr. Brij Bhushan Goel. Promoter Group Such,ISO certification mentioned
Mahamaya Lifesciences Limited,"TELEPHONE WEBSITE Unit No: DPT – 033, Ground Floor, Plot No: 79 – 80, DLF Prime Tower, F – Block, Okhla, Phase – 1 New Delhi – 110020, India. 337-338, 3rd Floor, Tower-B, Spaze I Tech Park, Sector-49, Sohna Road, Gurugram-122001, Haryana",See DRHP ‘Industry / Business overview’ section.,https://www.mahamayalifesciences.com/; www.kfintech.com; www.oneviewadvisors.com,Extract from restated financials in DRHP (pattern not matched).,No DSIR / R&D recognition wording detected in sampled DRHP pages.,Mr. Krishnamurthy Ganesan,ISO certification mentioned
LGT Business Connextions Limited,the Corporate Identification Number of our Company is U74999TN2016PLC112289. For further details of incorporation please refer to section titled “,See DRHP ‘Industry / Business overview’ section.,www.lgtholidays.com; www.markcorporateadvisors.com; www.skylinerta.com,Extract from restated financials in DRHP (pattern not matched).,No DSIR / R&D recognition wording detected in sampled DRHP pages.,Promoter names not machine-extracted from sampled DRHP pages; verify in IPO prospectus or LinkedIn.,subsidiary / group structure
Neptune Holidays Limited,"3rd Floor 113/F, Matheshwartola Road, Kolkata, West Bengal, India, 700046 Ms. Ruchika Anchal Company Secretary and Compliance Officer Email-id: cs@neptuneholidays.com",See DRHP ‘Industry / Business overview’ section.,www.neptuneholidays.com/,Extract from restated financials in DRHP (pattern not matched).,No DSIR / R&D recognition wording detected in sampled DRHP pages.,DRHP: NOVELTY MERCHANTS PRIVATE LIMITED; NEPTUNE AVIATIONS PRIVATE LIMITED; NEPTUNE,No explicit expansion/hiring/certification keywords in sampled pages — check MD&A / risk factors in full DRHP.
Chatterbox Technologies Limited,"and other provisions of Companies Act, 2013. Any penalty or action taken by any regulatory authorizes in future for non -compliance with provisions of corporate and other law could impact the financial position of the Company to that extent.",See DRHP ‘Industry / Business overview’ section.,www.bigshareonline.in; www.chtrbox.com; www.expertglobal.in,Extract from restated financials in DRHP (pattern not matched).,No DSIR / R&D recognition wording detected in sampled DRHP pages.,DRHP: Mr. Adheesh Kabra SEBI Registration No. INZ,subsidiary / group structure
INFRAPRIME LOGISTICS TECHNOLOGIES LIMITED,"Registered Office 418, 4th Floor, Tower B, Emaar Digital Greens, Golf Course Extension, Sector 61, Bhondsi, Gurgaon - 122102, Haryana, India. Website: https://www.infraprimelogistics.com; E-Mail: cs@ipllogisticstechnologies.com; Telephone No: +91 7428694681; Company Secretary and Compliance Officer: Mr. Manish",See DRHP ‘Industry / Business overview’ section.,https://www.infraprimelogistics.com; www.infraprimelogistics.com,Extract from restated financials in DRHP (pattern not matched).,No DSIR / R&D recognition wording detected in sampled DRHP pages.,Mr. Chetan Singhal,subsidiary / group structure
EverestIMS Technologies Limited,"No.759, Sree Gururaya Mansion, South Wing 8th Main, J.P.Nagar, III Phase, Bangalore, Karnataka, India, 560078 Ms. Vijayalaxmi Sangayya Salimath Company Secretary and Compliance Officer Email: cs@everestims.com Tel No: 080 - 46567100",See DRHP ‘Industry / Business overview’ section.,https://everestims.com/,Extract from restated financials in DRHP (pattern not matched).,No DSIR / R&D recognition wording detected in sampled DRHP pages.,Mr. Sudhakar Aruchamy,subsidiary / group structure
FFS Defence Engineering Limited,"Office Contact Person Email and Telephone Website Plot No. J-17, Hingna MIDC, Hingna Road, Near IC Chawk, MIDC Nagpur, Nagpur (Urban) – 440 016, Maharashtra, India N.A. Saarthak Chaudhary, Company Secretary and Compliance Officer E-mail: info@ffsdefence.com",See DRHP ‘Industry / Business overview’ section.,www.ffsdefence.com; www.inventuremerchantbanker.com; www.linkintime.co.in,Extract from restated financials in DRHP (pattern not matched).,No DSIR / R&D recognition wording detected in sampled DRHP pages.,Promoter names not machine-extracted from sampled DRHP pages; verify in IPO prospectus or LinkedIn.,ISO certification mentioned
Turtle Infratrade Limited,"Office Contact Person Email and Telephone Website Metropolitan Condominium, Plot No. 27, 2nd Floor, Sr. No. 21, Hissa 4/1, Wakdewadi, Old Mumbai Pune Road, Shivajinagar, Pune – 411005, Maharashtra, India N.A. Ms. Arati Virendra Bandi, Company Secretary and Compliance Officer E-mail: info@turtleinfra.com",See DRHP ‘Industry / Business overview’ section.,www.bigshareonline.com; www.inventuremerchantbanker.com; www.turtleinfra.com,Extract from restated financials in DRHP (pattern not matched).,No DSIR / R&D recognition wording detected in sampled DRHP pages.,DRHP: Ms. Arati Virendra Bandi,ISO certification mentioned
Icodex Publishing Solutions Limited,PDF parse error: PdfStreamError,,,,,Could not download DRHP PDF/ZIP for promoter extraction.,
Leapfrog Engineering Services Limited,"company, please refer to section titled “",See DRHP ‘Industry / Business overview’ section.,www.lesgroup.in,Extract from restated financials in DRHP (pattern not matched).,No DSIR / R&D recognition wording detected in sampled DRHP pages.,DRHP: Ms. Sneha Hegde; Mr. Prabhav Narasimha Rao; Mrs. Priyashaila Prabhav Rao ADDENDUM TO; Mr. S. Ramakrishna Iyengar INTEGRATED REGISTRY MANAGEMENT; Mr. Suresh Bohra Telephone,subsidiary / group structure
Taiyo Feed Mill Limited,"at No. 17 A, South Mada Street, Kolathur, Chennai-600099, Tamil Nadu, India. For further details, please refer to section titled “",See DRHP ‘Industry / Business overview’ section.,www.purvashare.com; www.shareindia.com; www.taiyogroup.in,Extract from restated financials in DRHP (pattern not matched).,No DSIR / R&D recognition wording detected in sampled DRHP pages.,DRHP: Mr. Andrew Gerard Barrington; Mr. Kunal Bansal SEBI Registration No; Ms. Deepali Dhuri SEBI Registration No; Mr. Ramasamy Prabakar On Incorporation Subscription; Mr. Ramesh Kumar; Mrs. Swetha November; Mrs. Sowmiya August; Mrs. R. Nalayini; Mr. Ramasamy Prabakar. Taiyo Feed Mill Limited,No explicit expansion/hiring/certification keywords in sampled pages — check MD&A / risk factors in full DRHP.
Shining Tools Ltd,"ATE OFFICE CONTACT PERSON EMAIL AND TELEPHONE WEBSITE Survey no. 63/2, Plot No. 2, Rajkot, Gondal Highway, Pipaliya, Gondal, Rajkot-360 311, Gujarat, India.",See DRHP ‘Industry / Business overview’ section.,https://accuratesecurities.com/; www.sobhagyacapital.com; www.tixnatools.com,Extract from restated financials in DRHP (pattern not matched).,No DSIR / R&D recognition wording detected in sampled DRHP pages.,Could not download DRHP PDF/ZIP for promoter extraction.,ISO certification mentioned
WESTERN OVERSEAS STUDY ABROAD LIMITED,"S.C.F No-27-28, Vikas Vihar, Ambala City, Ambala, Haryana, Pin Code: 134003. We / us / our Unless the context otherwise indicates or implies, refers to our Company you / your / yours Prospective Investors in this Issue",See DRHP ‘Industry / Business overview’ section.,www.skylinerta.com; www.sobhagyacap.com; www.western-overseas.com,Extract from restated financials in DRHP (pattern not matched).,No DSIR / R&D recognition wording detected in sampled DRHP pages.,DRHP: Ms. Shruti Gupta; Mr. Pardeep Balyan. MOA; Mr. Pardeep Balyan; Mrs. Rekha Rani. Promoter Group Such,ISO certification mentioned
Grandmaa International Limited,"School, Rahon Road, Village Khwajke, Basti Jodhewal, Ludhiana, Punjab, India, 141007 Promoter Jaideep Jain, Seema Jain Promoter Group Companies, individuals and entities (other than companies) as defined under Regulation 2 sub-regulation (pp) of the SEBI ICDR Regulations, 2018. “you”, “your” or “yours” Prospective Investors in this Issue",See DRHP ‘Industry / Business overview’ section.,www.grandmaa.in; www.ifinservices.in; www.skylinerta.com,Extract from restated financials in DRHP (pattern not matched).,No DSIR / R&D recognition wording detected in sampled DRHP pages.,DRHP: Jaideep Jain; Seema Jain,ISO certification mentioned; subsidiary / group structure
Satol Chemicals Limited,"name and registered office of our company, please refer to secti on titled “",See DRHP ‘Industry / Business overview’ section.,https://www.satol.net; www.blackfoxindia.com; www.finshoregroup.com,Extract from restated financials in DRHP (pattern not matched).,No DSIR / R&D recognition wording detected in sampled DRHP pages.,DRHP: Mr. Nitin Vinayak Kore; Mr. S. Ramakrishna Iyengar KFIN TECHNOLOGIES LIMITED; Mr. S. Ramakrishna Iyengar SEBI Registration No; Mr. Suresh Bohra Telephone,ISO certification mentioned; subsidiary / group structure; facility expansion
ASSTON PHARMACEUTICALS LIMITED,"Bhavan, Plot No 42A Sector -11 CBD Bel apur, Navi Mumbai, Thane – 400 614, 3 | P a g e",See DRHP ‘Industry / Business overview’ section.,www.asstonpharmaceuticals.com; www.sobhagyacapital.com,Extract from restated financials in DRHP (pattern not matched).,No DSIR / R&D recognition wording detected in sampled DRHP pages.,Dr. Ashish Narayan Sakalkar,subsidiary / group structure
Home Zone Rubber Solutions Limited,"100 Sarjan Plaza Dr Annie Besant Road, Worli, Mumbai, Maharashtra- 400018 We/ us/ our Unless the context otherwise indicates or implies, refers to our Company",See DRHP ‘Industry / Business overview’ section.,www.homezone.co.in; www.horizonmanagement.in; www.maashitla.com,Extract from restated financials in DRHP (pattern not matched).,No DSIR / R&D recognition wording detected in sampled DRHP pages.,DRHP PDF could not be downloaded.,No explicit expansion/hiring/certification keywords in sampled pages — check MD&A / risk factors in full DRHP.
Riddhi Display Equipments Limited,"Plot No.1, Survey No.2/1 P4/P2, National Highway -27 Gondal Highway, Village Bhojpara, Rajkot, Gondal, Gujarat, India, 360311 Ms. Neelu Jain, Company Secretary & Compliance Officer E-mail: info@riddhidisplay.com; Tel No.: +91 - 98250 72799 www.riddhidisplay.com",See DRHP ‘Industry / Business overview’ section.,www.jawacapital.in; www.riddhidisplay.com,Extract from restated financials in DRHP (pattern not matched).,No DSIR / R&D recognition wording detected in sampled DRHP pages.,Could not download DRHP PDF/ZIP for promoter extraction.,ISO certification mentioned
Shlokka Dyes Limited,"Saykha, Saran, Bharuch, Vagra, Gujarat, India-392140. Promoters Vaibhav Shah & Shivani Rajpurohit Promoter Group Companies, individuals and entities (other than companies) as defined under Regulation 2 sub-regulation (pp) of the SEBI ICDR Regulations, 2018. “you”, “your” or “yours” Prospective Investors in this Issue",See DRHP ‘Industry / Business overview’ section.,www.bigshareonline.com; www.ifinservices.in; www.shlokkadyes.com,Extract from restated financials in DRHP (pattern not matched).,No DSIR / R&D recognition wording detected in sampled DRHP pages.,DRHP: Mr. Siddharth Gajra Company Secretary; Mr. Siddharth Gajra; Mr. Siddharth Gajra Chief Financial Officer; Mr. Rajesh Patel. Act; Vaibhav Shah & Shivani Rajpurohit,ISO certification mentioned
Abram Food Limited,"Central Processing Centre. For details of incorporation, change of registered office of our Company, please refer to the section title “History and Corporate Structure” on page no. 151 of this Draft Prospectus.","Our Company is engaged in the business of manufacturing, marketing and selling of Chana, Chana Dal, Besan, Edible Oil, Spices and fl",www.abramfood.in; www.corporatemakers.in; www.kfintech.com; www.kherliwala.com,Extract from restated financials in DRHP (pattern not matched).,No DSIR / R&D recognition wording detected in sampled DRHP pages.,DRHP: Mr. Sanjiva Gaur OUR; Mr. Pawan Mahur; Mr. Rohit Pareek SEBI Registration Number; Mr. M. Murali Krishna SEBI Registration Number; Mr. Sanjay Jain,No explicit expansion/hiring/certification keywords in sampled pages — check MD&A / risk factors in full DRHP.
CFF Fluid Control Ltd,"Identification Number of our Company is U28990MH2012PLC227023. For further details pertaining to the change of name of our Co mpany and the change in Registered Office, please refer the chapter “History and Certain Corporate Matters” on page no. 116 of this Draft Prospectus.",See DRHP ‘Industry / Business overview’ section.,www.afsl.co.in; www.cameoindia.com; www.cffdefensys.com,Extract from restated financials in DRHP (pattern not matched).,No DSIR / R&D recognition wording detected in sampled DRHP pages.,DRHP: Sunil Menon; Gautam Makker,No explicit expansion/hiring/certification keywords in sampled pages — check MD&A / risk factors in full DRHP.
JKV SOLUTIONS LIMITED,"9th Floor - 903, B - Square, Near Neptune House, Iscon Ambli Brts Road, Ahmedabad - 380058, Gujarat, India. NA Tanuja Vaghela, Company Secretary & Compliance Officer investors@jkvsolutions.com",See DRHP ‘Industry / Business overview’ section.,www.aftertrade.in; www.bigshareonline.com; www.jkvsolutions.com,Extract from restated financials in DRHP (pattern not matched).,No DSIR / R&D recognition wording detected in sampled DRHP pages.,Promoter names not machine-extracted from sampled DRHP pages; verify in IPO prospectus or LinkedIn.,ISO certification mentioned; subsidiary / group structure
Globtier Infotech limited,"company is situated at B-67, 3rd Floor, Sector 67, Gautam Buddha Nagar, Noida, Uttar Pradesh, India, 201301. For further details of our Company, please refer to chapter titled “General Information” and “",See DRHP ‘Industry / Business overview’ section.,www.globtierinfotech.com; www.shannon.co.in; www.skylinerta.com,Extract from restated financials in DRHP (pattern not matched).,No DSIR / R&D recognition wording detected in sampled DRHP pages.,DRHP: Mr. Rajiv Shukla; Ms. Rekha Shukla; Mr. Rajiv Shukla. As,subsidiary / group structure
Gujarat Peanut and Agri Products Limited,"Peanut and Agri Products Limited” vide a fresh Certificate of Incorporation dated November 12, 2024 issued by the Registrar of Companies, Central Processing Centre. For further details of change in name and registered office of our company , please refer to section titled “",See DRHP ‘Industry / Business overview’ section.,www.finshoregroup.com; www.gujaratpeanut.com; www.integratedregistry.in,Extract from restated financials in DRHP (pattern not matched).,No DSIR / R&D recognition wording detected in sampled DRHP pages.,Could not download DRHP PDF/ZIP for promoter extraction.,ISO certification mentioned
Oval Projects Engineering Limited,to the section titled “History and Certain Corporate Matters” on page 141.,See DRHP ‘Industry / Business overview’ section.,https://www.ovalprojects.com,Extract from restated financials in DRHP (pattern not matched).,No DSIR / R&D recognition wording detected in sampled DRHP pages.,Promoter names not machine-extracted from sampled DRHP pages; verify in IPO prospectus or LinkedIn.,No explicit expansion/hiring/certification keywords in sampled pages — check MD&A / risk factors in full DRHP.
Archee Group Contracts Limited,"National Capital Territory of Delhi and Haryana pursuant to a certificate of incorporation dated May 16, 2011 bearing Corporate Identification Number (",See DRHP ‘Industry / Business overview’ section.,www.archeegroup.com,200 lakhs,No DSIR / R&D recognition wording detected in sampled DRHP pages.,DRHP: Ms. Monika Dhaka Promoter Selling Shareholder Up; Ms. Monika Dhaka. Later,No explicit expansion/hiring/certification keywords in sampled pages — check MD&A / risk factors in full DRHP.
Vyara Tiles Limited,"converted into a Publi c Limited Company vide Special Resolution passed by the Shareholders at the Extra-Ordinary General Meeting, held on August 07, 2024, and consequently the name of our Company was changed from “Vyara Tiles Private Limited” to “Vyara Tiles Limited” vide a fre sh certificate of incorporation dated October 07, 2024 issued by the Registrar of Companies, Ahmedabad bearing",See DRHP ‘Industry / Business overview’ section.,www.kfintech.com; www.shareindia.com; www.vyaratiles.in,Extract from restated financials in DRHP (pattern not matched).,No DSIR / R&D recognition wording detected in sampled DRHP pages.,Mr. Padamkumar Babulal Jain,subsidiary / group structure
ENPROCON ENTERPRISE LIMITED,"EnProCon Enterprise Limited B-705 Mondeal heights, Nr.Wide Angle, S G Highway, Ahmedabad, Gujarat, India, 380015 Telephone: +91 79 48473809; E-mail: cs@enprocon.com Investor grievance id: investorgrievance@enprocon.com Website: https://enprocon.com/",See DRHP ‘Industry / Business overview’ section.,https://enprocon.com/,Extract from restated financials in DRHP (pattern not matched).,No DSIR / R&D recognition wording detected in sampled DRHP pages.,DRHP: Ms Dhwani Mahendra Bothra; Mr. Mukhtiyarhusain Ruknudin Shaikh Company Secretary,No explicit expansion/hiring/certification keywords in sampled pages — check MD&A / risk factors in full DRHP.
Crazy Snacks Limited,"in 2006, earlier submissions were made physically and cannot be retrieved from the Ministry of Corporate Affairs (MCA) portal. Despite our efforts to locate these documents at the Registrar of Companies office, they remain unavailable.",See DRHP ‘Industry / Business overview’ section.,www.crazy.org.in; www.inventuremerchantbanker.com; www.kfintech.com,Extract from restated financials in DRHP (pattern not matched).,No DSIR / R&D recognition wording detected in sampled DRHP pages.,Promoter names not machine-extracted from sampled DRHP pages; verify in IPO prospectus or LinkedIn.,subsidiary / group structure
PATEL CHEM SPECIALITIES LIMITED,"There have been some instances of delayed filing in the past with the Registrar of Companies of Form CHG-1, MGT-14 and INC-27 with additional fees which may attract penalties.",See DRHP ‘Industry / Business overview’ section.,www.cumulativecapital.group; www.linkintime.co.in; www.patelchem.com; www.unistonecapital.com,Extract from restated financials in DRHP (pattern not matched).,No DSIR / R&D recognition wording detected in sampled DRHP pages.,Promoter names not machine-extracted from sampled DRHP pages; verify in IPO prospectus or LinkedIn.,ISO certification mentioned; digital / hiring channel mention
Shree Refrigerations Limited,"at Plot. No. 131/1+2, Opp. MSEB Stores, Virwade Road, Ogalewadi, Karad, Maharashtr a-415105, India. For details of change in name and registered office of our Company, please refer to chapter titled “",See DRHP ‘Industry / Business overview’ section.,https://linkintime.co.in; www.narnolia.com; www.shreeref.com,Extract from restated financials in DRHP (pattern not matched).,No DSIR / R&D recognition wording detected in sampled DRHP pages.,Mr. Ravalnath Gopinath Shende,No explicit expansion/hiring/certification keywords in sampled pages — check MD&A / risk factors in full DRHP.
Glen Industries Limited,"Registrar of Companies, West Bengal Shareholders Shareholders of our company Stakeholders Relationship Committee The Stakeholders Relationship Committee of our Board of Directors constituted in accordance with Section 178 of the Companies Act, 2013 and Listing Regulations. For details refer section titled “Our Management” on page 127 of this Draft Red Herring Prospectus. 7",See DRHP ‘Industry / Business overview’ section.,www.glen-india.com; www.gyrcapitaladvisors.com; www.kfintech.com,Extract from restated financials in DRHP (pattern not matched).,No DSIR / R&D recognition wording detected in sampled DRHP pages.,DRHP: Ms. Shikha Sureka Company Secretary; Mr. Mohit Baid SEBI Registration Number,subsidiary / group structure
Safecure Services Limited,"Registered Office: Office No. - 5, Fifth Floor, Building No. 6, Old S No. 9, 12, 14 (PT) News No. 62, 66, 69, Opp. Pleasant Park, Mira Bhaynder Road, Behind Jhankar - 6, Mira Road (East), Thane 4011107, Maharashtra, India Contact Person: Govind Chhabra, Company Secretary and Compliance Officer; Tel: +91 99678 81047, E-mail: E-mail: secretarial@safecure.in; Website: www.safecure.in",See DRHP ‘Industry / Business overview’ section.,www.linkintime.co.in; www.safecure.in; www.suncapitalservices.co.in,Extract from restated financials in DRHP (pattern not matched).,No DSIR / R&D recognition wording detected in sampled DRHP pages.,DRHP: Mr. Shailendra Pandey; Mrs. Ranju Pandey; Mr. Nikit Pandey; Mr. Revati Raman Sharma; Mr. Satish Pandey; Mr. Raju Mishra,hiring / recruitment; subsidiary / group structure
Sharvaya Metals Limited,on the page 163 of the DRHP:,See DRHP ‘Industry / Business overview’ section.,www.bigshareonline.com; www.expertglobal.in; www.sharvayametals.com,Extract from restated financials in DRHP (pattern not matched).,No DSIR / R&D recognition wording detected in sampled DRHP pages.,Promoter names not machine-extracted from sampled DRHP pages; verify in IPO prospectus or LinkedIn.,capacity expansion; capex / capital expenditure; facility expansion; backward integration
Manoj Jewellers Limited,PERSON EMAIL AND TELEPHONE WEBSITE,See DRHP ‘Industry / Business overview’ section.,http://www.manojjewellerslimited.com; https://manojjewellerslimited; www.jawacapital.in; www.skylinerta.com,Extract from restated financials in DRHP (pattern not matched).,No DSIR / R&D recognition wording detected in sampled DRHP pages.,DRHP: Ms. Vaneeta Khanna; Ms. Vaneeta Khanna. DIN Directors Identification Number; Mr. Manoj Kumar. MOA; Mr. Manoj Kumar; Mr. Sunil Shantilal; Ms. Raj Kumari; Ms. Shalu. For; Mr. Shantilal Sammirmal Jain. Stakeholders Relationship Committee; Ms. Raj Kumari. KEY PERFORMANCE INDICATORS Key,subsidiary / group structure
Valencia India Limited,"U91990GJ2017PLC096165. For further details pertaini ng to the change of name of our Company and the cha nge in Registered Office, please refer the chapter “History and Certain Corporate Matters” on page 102 of this Draft Red-he rring Prospectus.",See DRHP ‘Industry / Business overview’ section.,www.ifinservices.in; www.kfintech.com; www.valenciaindia.in,Extract from restated financials in DRHP (pattern not matched).,No DSIR / R&D recognition wording detected in sampled DRHP pages.,DRHP: Mr. Keyur Patel Type Fresh Issue Size; Mr. Keyur Patel. For,No explicit expansion/hiring/certification keywords in sampled pages — check MD&A / risk factors in full DRHP.
Technowire Data Science Limited,"EMAIL WEBSITE 1815, Block-B, Navratna Corporate Park, Opp. Jayantilal Park, Ambli Bopal Road, Ahmedabad, Gujarat, India, 380058 Ms. Mahima Bhati, Company Secretary & Compliance Officer Tel: +91 92650 23824 E-mail: compliance@technowire.in https://technowire.in/",See DRHP ‘Industry / Business overview’ section.,https://technowire.in/; www.galacticocorp.com; www.linkintime.co.in,Extract from restated financials in DRHP (pattern not matched).,No DSIR / R&D recognition wording detected in sampled DRHP pages.,DRHP: Ms. Mahima Bhati; Mr. Prabhat Vishnu Somani; Mrs. Asha Vishnu Somani. For,capex / capital expenditure; subsidiary / group structure
Vandan Foods Limited,"OFFICE CONTACT PERSON TELEPHONE AND EMAIL WEBSITE 503/B, Wall Street-1, Opp. Orient Club, Nr. Rly. Crossing, Ellisbridge, Ahmedabad -380006, Gujarat, India - Ms. Aayushi Naresh Bhatia - Company Secretary & Compliance Officer Mobile No: + 91-8980121363 Email Id: cs@vandanfoods.in",See DRHP ‘Industry / Business overview’ section.,www.bigshareonline.com; www.nirbhaycapital.com; www.vandanfoods.in,Extract from restated financials in DRHP (pattern not matched).,No DSIR / R&D recognition wording detected in sampled DRHP pages.,d Mrs Jyotsanaben Jitendrabhai Patel is not traceable. In accordance with the,capex / capital expenditure
NAKSHATRA ASSET VENTURES LIMITED,"Ho. No. 1016/Pl. No. 377, Flat No. Nakshatra-3rd Floor, Gandhi Nagar, Ambazari Road, Shankar Nagar, Nagpur, Maharashtra, India, 440010 Nakshatra 402 Ground Floor, Building, Solitaire Park, Chakala, Andheri -Mumbai 400093 Hansdhwani Hitendrabhai Dwivedi Company Secretary & Compliance Officer",See DRHP ‘Industry / Business overview’ section.,www.bigshareonline.com; www.nakshatraassetventures.com; www.narnolia.com,Extract from restated financials in DRHP (pattern not matched).,No DSIR / R&D recognition wording detected in sampled DRHP pages.,Mr. Amar Vijaykumar Agrawal,subsidiary / group structure
Shayona Engineering Ltd.,"Registered Office: Shed No. 113/1, GIDC, Makarpura, M.I. Estate, Vadodara -390010, Gujarat, India, Telephone: +91 9310806080 E-mail: compliance@shayonaengg.com; Website: www.shayonaengg.com; Contact Person: Arti Ankitkumar Singh, Company Secretary and Compliance Officer;",See DRHP ‘Industry / Business overview’ section.,www.horizonmanagement.in; www.kfintech.com; www.shayonaengg.com,Extract from restated financials in DRHP (pattern not matched).,No DSIR / R&D recognition wording detected in sampled DRHP pages.,Promoter names not machine-extracted from sampled DRHP pages; verify in IPO prospectus or LinkedIn.,subsidiary / group structure
SURIFRESH EXTRACT LIMITED,"of incorporation consequent upon conversion dated July 24, 2024, bearing",See DRHP ‘Industry / Business overview’ section.,www.bigshareonline.com; www.narnolia.com; www.surifreshextract.com,Extract from restated financials in DRHP (pattern not matched).,No DSIR / R&D recognition wording detected in sampled DRHP pages.,DRHP: Mr. Kunjbihari Yadav Company Secretary; Mr. Pankaj Pasi SEBI Registration Number; Mr. Kunjbihari Yadav. Depositories Act The Depositories; Mr. Sudhir Suri; Mr. Manav Suri; Mr. Hitin Suri; Mr. Siddhaarth Suri; Mr. Sidhantt Suri. Promoters Group,subsidiary / group structure
Amtech Esters Limited,"Restated Financial Statements The financial information of the Company which comprises of the restated statement of assets and liabilities, Profit and Loss and Cash Flows for the financial year ended March 31, 2024, March 31, 2023 and March 31, 2022 and for the period ended June 30, 2024 and the related notes, schedules and annexures thereto included in this Draft Prospectus,",See DRHP ‘Industry / Business overview’ section.,https://www.amtechesters.com/; www.maashitla.com; www.sobhagyacapital.com,Extract from restated financials in DRHP (pattern not matched).,No DSIR / R&D recognition wording detected in sampled DRHP pages.,DRHP: Ms. Anjali Bansal; Ajit Singh Bawa; Mandeep Singh; Meenakshi; Mr. Avtar Singh Bawa; Mr. Ajit Singh Bawa. WTD,capex / capital expenditure; subsidiary / group structure
Meta Infotech Limited,"instance, there has been a clerical error in Issue Price mentioned in form 2 filed for allotment of 1,25,000 equity shares by way of right issue in FY 2008. Further secretarial records for following past allotments of Equity Shares made by our Company could not be traced, as under:",See DRHP ‘Industry / Business overview’ section.,www.hemsecurities.com; www.kfintech.com; www.metainfotech.com/,Extract from restated financials in DRHP (pattern not matched).,No DSIR / R&D recognition wording detected in sampled DRHP pages.,Promoter names not machine-extracted from sampled DRHP pages; verify in IPO prospectus or LinkedIn.,No explicit expansion/hiring/certification keywords in sampled pages — check MD&A / risk factors in full DRHP.
Unified Data- Tech Solutions Limited,PDF parse error: PdfStreamError,,,,,Could not download DRHP PDF/ZIP for promoter extraction.,
Marc Loire Fashions Limited,"Plot No. 426/1, First Floor, Rani Khera Road, Village Mundaka, West Delhi, Delhi, India, 110041. Vasant Kuber Soni Company Secretary & Compliance Officer Email ID: csvasant@marcloire.in Tel No: +91 62009 62002 https://marcloire.com/ NAMES OF PROMOTERS OF THE COMPANY Mr. Arvind Kamboj, Mrs. Shaina Malhotra & Mr. Atul Malhotra DETAILS OF OFFER TO PUBLIC, PROMOTERS/SELLING SHAREHOLDERS",See DRHP ‘Industry / Business overview’ section.,https://marcloire.com/; www.finshoregroup.com; www.maashitla.com,Extract from restated financials in DRHP (pattern not matched).,No DSIR / R&D recognition wording detected in sampled DRHP pages.,Mr. Arvind Kamboj,ISO certification mentioned
Rachit Prints Limited,Number of our Company is U22190UP2003PLC027364.,See DRHP ‘Industry / Business overview’ section.,www.khambattasecurities.com; www.maashitla.com; www.rachitprints.co.in,476.05 lakhs,No DSIR / R&D recognition wording detected in sampled DRHP pages.,DRHP: Ms. Ayushi Verma,No explicit expansion/hiring/certification keywords in sampled pages — check MD&A / risk factors in full DRHP.
Beezaasan Explotech Limited,"5th Floor, 511, Pramukh Tangent Complex, Sargasan Cross Road, S.G. Highway, Gandhinagar, Gujarat 382421, India. Opposite LIC Office, Palace Road Himatnagar Dist: Sabarkantha, Himatnagar, Gujarat 383001, India. Ms. Ankita Choudhury Company Secretary and Compliance Officer Email: investors@beezaasan.in",See DRHP ‘Industry / Business overview’ section.,www.beezaasan.com,Extract from restated financials in DRHP (pattern not matched).,No DSIR / R&D recognition wording detected in sampled DRHP pages.,DRHP: Ms. Ankita Choudhury Company Secretary; Ms. Ankita Choudhury; Mr. Navneetkumar Radheshyam Somani MOA; Mr. Navneetkumar Radheshyam Somani; Mr. Sunilkumar Radheshyam Somani; Mr. Rajan Sunilkumar Somani; Mr. Devi Singh Kachhwaha; Mr. Satya Prakash Heda; Ms. Manisha Navneet Somani; Ms. Komalben Sunilkumar Somani,No explicit expansion/hiring/certification keywords in sampled pages — check MD&A / risk factors in full DRHP.
KVS Castings Limited,INTELLECTUAL PROPERTY RIGHTS,See DRHP ‘Industry / Business overview’ section.,https://kvscastings.com/; www.narnolia.com; www.skylinerta.com,Extract from restated financials in DRHP (pattern not matched).,No DSIR / R&D recognition wording detected in sampled DRHP pages.,Mr. Arpan Jindal,No explicit expansion/hiring/certification keywords in sampled pages — check MD&A / risk factors in full DRHP.
AMRUT DREDGING AND SHIPPING LIMITED,"Harihar Chowk, Sadar Bazar, Rajkot - 360 001, Gujarat, India “We” or “us” or “our” Unless the context otherwise indicates or implies, refers to our Company “You” or “your” or “yours” Prospective investors in this issue",See DRHP ‘Industry / Business overview’ section.,www.amrutdredging.com; www.kfintech.com,Extract from restated financials in DRHP (pattern not matched).,No DSIR / R&D recognition wording detected in sampled DRHP pages.,DRHP: Mr Pavan Anilbhai Gandhi Materiality Policy,subsidiary / group structure
Spinaroo Commercial Limited,"company, please refer to section titled “",See DRHP ‘Industry / Business overview’ section.,www.cameoindia.com; www.finshoregroup.com; www.spino.co.in,Extract from restated financials in DRHP (pattern not matched).,No DSIR / R&D recognition wording detected in sampled DRHP pages.,DRHP: Ms. Ankita Periwal Company Secretary; Mr. Amit Sultania; Mr. Aditya Todi; Mrs. Mridula Todi DETAILS OF OFFER TO; Mr. S. Ramakrishna Iyengar Telephone; Ms. K. Sreepriya Telephone; Ms. Ankita Periwal; Mrs. Mridula Todi Promoter Group Includes,ISO certification mentioned
3B FILMS LIMITED,"CORPORATE OFFICE CONTACT PERSON TELEPHONE AND EMAIL WEBSITE Registered Office: SF 220, Pancham Icon, Besides D-Mart, Vasna Road, Vadodara, Gujarat, India, 390007 Corporate Office: Block No 1241, 1242, 1243, 1244, Padra Jambusar Highway, Masar, Padra, Vadodara, Gujarat, India, 391421 Ms. Janki Raj Company Secretary and Compliance Officer Tel: +91-6359 632600 Email: cs@3bfilms.com",See DRHP ‘Industry / Business overview’ section.,www.3bfilms.com; www.maashitla.com; www.nirbhaycapital.com,Extract from restated financials in DRHP (pattern not matched).,No DSIR / R&D recognition wording detected in sampled DRHP pages.,Mr. Ashokbhai Dhanjibhai Babariya,subsidiary / group structure
Sugs Lloyd Limited,"further details, please refer to chapter titled “History and Corporate Structure” beginning on page 160 of this Draft Red Herring Prospectus.",See DRHP ‘Industry / Business overview’ section.,www.3dcsl.com; www.sugslloyds.com,Extract from restated financials in DRHP (pattern not matched).,No DSIR / R&D recognition wording detected in sampled DRHP pages.,DRHP: Ms. Nimmy Singh Chauhan; Mr. Rhydham Kapoor Email; Mrs. Priti Shah; Mr. Santosh Kumar Shah; Mr. Santosh Kumar Shah CIN Corporate Identification; Mr. Vicky Kumar Companies Act; Ms. Nimmy Singh Chauhan. Corporate; Mrs. Priti Shah. MOA; Mr. Santosh Kumar Shah For; Mr. Laxman Prasad,subsidiary / group structure
Goblin India Ltd,"EMAIL WEBSITE Camex House, 1 st Floor, Commerce Road, Navrangpura, Ahmedabad - 380009, India Ms. Farhat Mohanif Patel, Company Secretary & Compliance Officer Tel: +91 79 26465080 Email:cs@goblinindia.com www.goblinindia.com",See DRHP ‘Industry / Business overview’ section.,www.bigshareonline.com; www.galacticocorp.com; www.goblinindia.com,Extract from restated financials in DRHP (pattern not matched).,No DSIR / R&D recognition wording detected in sampled DRHP pages.,DRHP: Ms. Farhat Mohanif Patel; Mr. Manojkumar Choukhany; Mrs. Sonam Choukhany. For; Mrs. Sonam Choukhany. Abridged Prospectus Abridged,subsidiary / group structure
Repono Limited,"up 1020 Sq. Ft., Akshar Business Park, Plot No. 3, Phase 2, Sector 25, Vashi, Navi Mumbai – 400703, Maharashtra for Commercial purpose and we also operate following 7 (Seven) business warehouses as of the date of Draft Red Herring Prospectus on lease basis.",See DRHP ‘Industry / Business overview’ section.,https://repono.in/; www.cameoindia.com; www.wealthminenetworks.com,Extract from restated financials in DRHP (pattern not matched).,No DSIR / R&D recognition wording detected in sampled DRHP pages.,DRHP: Mr. Mistry Jinesh Deepakkumar; Mr. Sankalpa Bhattacherjee,No explicit expansion/hiring/certification keywords in sampled pages — check MD&A / risk factors in full DRHP.
Yash Highvoltage Limited,"Corporate Office: 603, 6th floor, Ozone Complex, Sarabhai Compound, Dr. Vikram Sarabhai Marg, Subhanpura, Vadodara-390023, Gujarat, India. Contact Person: Mr. Tushar Janardan Lakhmapurkar, Company Secretary and Compliance Officer Tel: +91-74900 28892; E-mail: cs@yashhv.com; Website: www.yashhv.com",See DRHP ‘Industry / Business overview’ section.,www.bigshareonline.com; www.indorient.in; www.yashhv.com,Extract from restated financials in DRHP (pattern not matched).,No DSIR / R&D recognition wording detected in sampled DRHP pages.,Mr. Keyur Girishchandra Shah Promoter Selling; Mr. Tushar Janardan Lakhmapurkar Company Secretary; Mr. Tushar Janardan Lakhmapurkar Company Secretary,ISO certification mentioned
Max Supreme Textiles Ltd,"of our company, please see “History and Certain Corporate Matters” beginning on page139",See DRHP ‘Industry / Business overview’ section.,www.fedsec.in; www.kfintech.com; www.maxsupremetextiles.com,Extract from restated financials in DRHP (pattern not matched).,No DSIR / R&D recognition wording detected in sampled DRHP pages.,Promoter names not machine-extracted from sampled DRHP pages; verify in IPO prospectus or LinkedIn.,No explicit expansion/hiring/certification keywords in sampled pages — check MD&A / risk factors in full DRHP.
Infinity Infoway Limited,in relation to this lease/ rental/tenancy agreement may have an adverse effect on our business operations and results thereof.,See DRHP ‘Industry / Business overview’ section.,www.bigshareonline.com; www.holaniconsultants.co.in; www.infinityinfoway.com,2 Lakhs,No DSIR / R&D recognition wording detected in sampled DRHP pages.,DRHP: Mrs. Payal Jain Email; Mr. Babu Rapheal; Mr. Bhaveshkumar Dhirajlal Gadhethriya; Mrs. Rinaben Bhaveshkumar Gadhethariya; Mr. Dhirajlal Bhanjibhai Gadhethariya; Mr. Nikunj Vrajlal Gajera,subsidiary / group structure
Nilachal Carbo Metalicks Limited,"February 13, 2003, vide certificate of incor poration bearing",See DRHP ‘Industry / Business overview’ section.,https://nilachalcoke.com/; www.kfintech.com; www.suncapitalservices.co.in,Extract from restated financials in DRHP (pattern not matched).,No DSIR / R&D recognition wording detected in sampled DRHP pages.,DRHP: Mr. Haraprasad Rout PROMOTERS OF OUR; Mr. Bibhu Datta Panda; Mrs. Geeta Rani Panda; Mrs. Geeta Rani Panda Nil Not Applicable,capacity expansion; subsidiary / group structure
RUKMANI DEVI GARG AGRO IMPEX LIMITED,"have been certain instances of regulatory non -compliances or delays or errors in the past. We may be subject to regulatory actions and penalties for any such past or future non -compliance or delays or errors and our business, financial condition and reputation may be adversely affected.",See DRHP ‘Industry / Business overview’ section.,www.bigshareonline.com; www.fedsec.in; www.rdgagro.com,Extract from restated financials in DRHP (pattern not matched).,No DSIR / R&D recognition wording detected in sampled DRHP pages.,DRHP: Mrs. Ayushi Agrawal; Mr. Vishal Garg; Mrs. Anju Garg,subsidiary / group structure
Pind Hospitality Limited,CORPORATE OFFICE CONTACT PERSON EMAIL Plot no,See DRHP ‘Industry / Business overview’ section.,www.bigshareonline.com; www.fedsec.in; www.pindpunjab.in,Extract from restated financials in DRHP (pattern not matched).,No DSIR / R&D recognition wording detected in sampled DRHP pages.,DRHP: NIMISH PARVEEN MALHOTRA; CHIRAG PARVEEN MALHOTRA AND ANITA,capex / capital expenditure
SANJEEVANI AGROFOODS LIMITED,"of Central Processing Centre bearing Corporate identification number U15122UR2008PLC032737. At present, the registered office of the company situated at Khasra No 148, Cha Mauza Chandrabani Khalsa, Mohabbewala Industrial Area, Dehradun, Uttarakhand- 248002. For details of change in name and registered office of our Company, please refer to chapter titled “",See DRHP ‘Industry / Business overview’ section.,www.bigshareonline.com; www.sanjeevaniagrofoods.com; www.shareindia.com,Extract from restated financials in DRHP (pattern not matched).,No DSIR / R&D recognition wording detected in sampled DRHP pages.,DRHP: Mr. Kunal Bansal Email Id; Mr. Vinayak Morbale Email Id; Mr. Shrikant Sharma Chairman; Mr. Tara Singh Director Mr. Vijay Kannojiya; Mr. Jogindar Chief Financial Officer Ms. Megha; Mrs. Anjali Wife; Mr. Shrikant Sharma; Mr. Tara Singh; Mr. Vijay Kannojiya; Ms. Shreen Katyan,digital / hiring channel mention; subsidiary / group structure
Vashishtha Luxury Fashion Limited,Information” and “History and Certain Corporate Matters” beginning on page 50 and 144 respectively of the Draft Red Herring Prospectus.,See DRHP ‘Industry / Business overview’ section.,www.bigshareonline.com; www.expertglobal.in; www.vashishthaluxuryfashion.com,445.87 lakhs,No DSIR / R&D recognition wording detected in sampled DRHP pages.,DRHP: Mr. Shobit R. Agarwal SEBI; Mr. Abhishek Jain SEBI Registration No. INZ; Ms. Krupali Thakkar; Mr. Ravindra Dhareshivkar; Mr. Mustak Odiya; Ms. Archana Odiya DETAILS OF OFFER TO,subsidiary / group structure
Rikhav Securities Limited,Identification Number of our Company is U99999MH1995PLC086635.,See DRHP ‘Industry / Business overview’ section.,https://www.rikhav.net/,Extract from restated financials in DRHP (pattern not matched).,No DSIR / R&D recognition wording detected in sampled DRHP pages.,DRHP: Ms. Sona Jain; Mr. Harshil Mahesh Shah; Mr. Harsh Mahesh Shah; Mr. Darshan Vikram Shah; Mr. Dhruvil Vikram Shah; Ms. Daksha Sharad Maniyar Public Selling Shareholder; Mr. Jayesh Mulchand Maniyar Public Selling Shareholder; Mr. Mukesh Jayantilal Sanghavi Public Selling Shareholder; Ms. Virali Girish Maniyar Public Selling Shareholder; Mr. Yash Jayesh Maniyar Public Selling Shareholder,subsidiary / group structure
AJC Jewel Manufacturers Limited,"38/227-Z, Inkel Greens Edu City, Karathode-Konampara Road, Panakkad Village, Pattarkadavu, Malappuram, Ernad, Kerala-676519, India N.A. Ms. Reshmi N K Company Secretary and Compliance Officer Email: investors@ajcjewel.com",See DRHP ‘Industry / Business overview’ section.,https://ajcjewel.com/ab; https://ajcjewel.com/about,Extract from restated financials in DRHP (pattern not matched).,No DSIR / R&D recognition wording detected in sampled DRHP pages.,Could not download DRHP PDF/ZIP for promoter extraction.,No explicit expansion/hiring/certification keywords in sampled pages — check MD&A / risk factors in full DRHP.
CREATEROI FINANCIAL CONSULTANCY LIMITED,See DRHP ‘General Information’ — address not matched by pattern.,See DRHP ‘Industry / Business overview’ section.,www.creater,Extract from restated financials in DRHP (pattern not matched).,No DSIR / R&D recognition wording detected in sampled DRHP pages.,DRHP: Ms. Sarita Chouhan,ISO certification mentioned
Desco Infratech Limited,"in the same building i.e., A -703, Swastik Universal, Next to Valentine Theatre, Dumas Road, Umra, Surat -395007, Gujarat, India (Area",See DRHP ‘Industry / Business overview’ section.,www.bigshareonline.com; www.descoinfra.co.in; www.shcapl.com,Extract from restated financials in DRHP (pattern not matched).,No DSIR / R&D recognition wording detected in sampled DRHP pages.,DRHP: Ms. Gandharva Javanika; Ms. Sonal Jhaveri; Ms. Sonali Jhaveri; Ms. Prinkle Jain; Mr. Pankaj Pruthu Desai; Mr. Pankaj Pruthu Desai Chairman; Mr. Parth Shah Website; Mr. Babu Rapheal C. SEBI Registration No,subsidiary / group structure
OSPYN Technologies Limited,PDF parse error: PdfStreamError,,,,,Could not download DRHP PDF/ZIP for promoter extraction.,
Netanalytiks Technologies Limited,"91 Springboard Gopala Krishna, Complex No. 45/3 Residency Rd MG Rd, Museum Road, North Bangalore, Karnataka, India, 560025. Mr. Kodlu Ramakrishna Abhijith Company Secretary & Compliance Officer Email ID: cs@netanalytiks.com Tel No: +91 9880458806 www.netanalytiks.com",See DRHP ‘Industry / Business overview’ section.,www.finshoregroup.com; www.integratedregistry.in; www.netanalytiks.com,Extract from restated financials in DRHP (pattern not matched).,No DSIR / R&D recognition wording detected in sampled DRHP pages.,Mr. Shankara Anantharamaiah Chilkunda,ISO certification mentioned
Skill Tree Consulting Limited,"Certain Corporate Matters” beginning on page 101 of this Draft Red Herring Prospectus. Registered Office Office No 208, 2nd Floor, DLF Star Tower, Sector 30, Gurgaon, Sadar Bazar, Haryana, India, 122001 Telephone: +2269798570 E-mail: info@skilltree.org.in Investor grievance id: compliance@skilltree.org.in Website: https://www.skilltreeconsulting.in/",See DRHP ‘Industry / Business overview’ section.,https://www.skilltreeconsulting.in/,Extract from restated financials in DRHP (pattern not matched).,No DSIR / R&D recognition wording detected in sampled DRHP pages.,DRHP: Ms. Hunny Naresh Mehta; Mr. Jaspal Singh Sehgal; Mr. Vishesh Saini Chief Financial Officer; Mr. Yogesh Gupta. Company Secretary; Ms. Hunny Naresh Mehta. Depositories Act; Mr. Jaspal Singh Sehgal For,subsidiary / group structure
Infonative Solutions Limited,PDF parse error: PdfStreamError,,,,,Could not download DRHP PDF/ZIP for promoter extraction.,
Om Metallogic Limited,"Sikri, Opp. Gopal Jee Milk Plant, Ballabhgarh, Haryana, India, 121004 and corporate office at C-808, 8th Floor, Vipul Plaza, Sector 81, Faridabad. We / us / our Unless the context otherwise indicates or implies, refers to our Company you / your / yours Prospective Investors in this Issue",See DRHP ‘Industry / Business overview’ section.,www.navigantcorp.com; www.ommetallogic.in; www.skylinerta.com,Extract from restated financials in DRHP (pattern not matched).,DRHP references DSIR / industrial research — verify exact status in full document.,DRHP: Ms. Prachi Gupta; Ms. Pachi Gupta; Mr. Tulsiram Company Secretary; Ms. Prachi Gupta. Corporate Identification Number; Mr. Manish Sharma. MOA; Mr. Manish Sharma; Mrs. Seema Sharma. Promoter Group Such,ISO certification mentioned
NIS Management Limited,"Opening Date with the relevant financial ratios calculated at the Floor Price and at the Cap Price, and shall be made available to the Stock Exchanges for the purpose of uploading on their respective websites. Pri",See DRHP ‘Industry / Business overview’ section.,www.nis.co.in,Extract from restated financials in DRHP (pattern not matched).,No DSIR / R&D recognition wording detected in sampled DRHP pages.,DRHP: Ms. Ramyani Chatterjee Company Secretary; Mr. Debajit Choudhury Promoter Upto; Ms. Ramyani Chatterjee OUR; Mr. Debajit Choudhury; Ms. Rina Choudhury; Ms. Susmita Mukherjee; Ms. Debahuti Chatterjee; Ms. Nita Dey; Ms. Ramyani Chatterjee; Mr. Kanad Mukherjee,subsidiary / group structure
Icon Facilitators Limited,in Form GNL 2 with SRN: AB2710819 AOC-4 (For the FY2015-2016),See DRHP ‘Industry / Business overview’ section.,www.iconf.in; www.khambattasecurities.com; www.maashitla.com,Extract from restated financials in DRHP (pattern not matched).,No DSIR / R&D recognition wording detected in sampled DRHP pages.,DRHP: Ms. Mamzuza Malia; Mrs. Pooja Makhija; Mr. Sunil Bharihoke,hiring / recruitment
Ace Alpha Tech Limited,"new certificate of incorporation pursuant to change of name dated 17th May, 2024.",See DRHP ‘Industry / Business overview’ section.,www.acealphatech.in; www.narnolia.com; www.skylinerta.com,Extract from restated financials in DRHP (pattern not matched).,No DSIR / R&D recognition wording detected in sampled DRHP pages.,Could not download DRHP PDF/ZIP for promoter extraction.,hiring / recruitment; subsidiary / group structure
Super Iron Foundry Ltd,Factor / Manufacturing facility and Warehouse at factory 161 Our Company does not employ any contract labour in our manufacturing process.,See DRHP ‘Industry / Business overview’ section.,www.horizonmanagement.in; www.linkintime.co.in; www.superironfoundry.com,Extract from restated financials in DRHP (pattern not matched).,No DSIR / R&D recognition wording detected in sampled DRHP pages.,Could not download DRHP PDF/ZIP for promoter extraction.,No explicit expansion/hiring/certification keywords in sampled pages — check MD&A / risk factors in full DRHP.
Integrum Energy Infrastructure Limited,"Koramangala, 560034, Bangalore, Karnataka -560034, India. “we”, “us” and “our” Unless the context otherwise indicates or implies, refers to our Company “you”, “your” or “yours” Prospective investors in this Offer",See DRHP ‘Industry / Business overview’ section.,www.beelinemb.com; www.integratedregistry.in; www.integrumenergy.in,1238.60 Lakhs,No DSIR / R&D recognition wording detected in sampled DRHP pages.,Could not download DRHP PDF/ZIP for promoter extraction.,subsidiary / group structure
Monarch Surveyors and Engineering Consultants Limited,Bidder/ Investor Any prospective investor who makes a bid for Equity Shares in terms of Red Herring Prospectus.,See DRHP ‘Industry / Business overview’ section.,www.monarchconsultants.in,Extract from restated financials in DRHP (pattern not matched).,No DSIR / R&D recognition wording detected in sampled DRHP pages.,Mr. Dattatraya Mohaniraj Karpe,subsidiary / group structure
BLT LOGISTICS LIMITED,"Opening Date, with the relevant financial ratios calculated at the Floor Price and at the Cap Price, and shall be made available to the Stock Exchanges for the purpose of uploading on their respective website. Prospectus The Prospectus, to be filed with the ROC containing, inter alia, the Issue opening and",See DRHP ‘Industry / Business overview’ section.,www.bltlogistics.com,Extract from restated financials in DRHP (pattern not matched).,No DSIR / R&D recognition wording detected in sampled DRHP pages.,Could not download DRHP PDF/ZIP for promoter extraction.,subsidiary / group structure
GRE RENEW ENERTECH LIMITED,"Plot no. 423, G.I.D.C.-II, Dediyasan, Mehsana-384002, Gujarat B-1104/1105, Empire Business Hub, Near Shukan Mall, Science City Road, Sola, Ahmedabad-380060, Gujarat Mr. Rohan Jayeshbhai Dhruve, Secretary and Compliance Officer Email: cs@greindia.com Tel No.: +91 9974039300 https://greindia.com",See DRHP ‘Industry / Business overview’ section.,https://greindia.com,Extract from restated financials in DRHP (pattern not matched).,No DSIR / R&D recognition wording detected in sampled DRHP pages.,DRHP: Mr. Rohan Jayeshbhai Dhruve; Mr. Kunal Bansal Email; Mr. Mukul Agrawal Email Id; Mr Rohan Jayeshbhai Dhruve; Mr. Kamleshkumar Dahyalal Patel; Mr. Kirtikumar Kantilal Suthar; Mr. Mukeshkumar Prahladbhai Trivedi Promoters Group,capex / capital expenditure; ISO certification mentioned; subsidiary / group structure
Valplast Technologies Limited,"was U45400HR2014FLC094931. Further, pursuant to our email dated September 26, 2023, and January 11, 2024, to Registrar of companies, Delhi, our",See DRHP ‘Industry / Business overview’ section.,www.bigshareonline.com; www.fintellectualadvisors.com; www.valplastech.com,Extract from restated financials in DRHP (pattern not matched).,No DSIR / R&D recognition wording detected in sampled DRHP pages.,Could not download DRHP PDF/ZIP for promoter extraction.,subsidiary / group structure
Durgadevi Raiment Limited,"A5, Calcutta Land Premises No. E3-509/New, Shibrampur Road, PO- Ganipur, PS-Maheshtala, Kolkata - 700141, West Bengal, India. N.A. Ms. Nikita Agarwal, Company Secretary and Compliance Officer E-mail: info@ddrl.in",See DRHP ‘Industry / Business overview’ section.,www.ddrl.in; www.inventuremerchantbanker.com; www.purvashare.com,Extract from restated financials in DRHP (pattern not matched).,No DSIR / R&D recognition wording detected in sampled DRHP pages.,Could not download DRHP PDF/ZIP for promoter extraction.,ISO certification mentioned
N R GOLD LIMITED,"Bldg., 18/22 Shaikh Memon Street, Kalbadevi , Mumbai, Maharashtra , 400002 India Promoters Sanjay Jain, Rinku Jain and Barbelo Estates LLP Promoter Group Companies, individuals and entities (other than companies) as defined under Regulation 2 sub-regulation (pp) of the SEBI ICDR Regulations, 2018. “you”, “your” or “yours” Prospective Investors in this Issue",See DRHP ‘Industry / Business overview’ section.,www.ifinservices.in; www.nrgold.com; www.skylinerta.com; www.wealthminenetworks.com,Extract from restated financials in DRHP (pattern not matched).,No DSIR / R&D recognition wording detected in sampled DRHP pages.,Could not download DRHP PDF/ZIP for promoter extraction.,subsidiary / group structure
Radiant Innovative Manufacturing Limited,"Unit No. 412-413, Best Business Park, Plot No. P- 2, Netaji Subhash Place, New Delhi- 110034, India N.A. Ms. Himanshi Saluja Company Secretary & Compliance Officer investors@radiantiml.com & 011-45952200 www.radiantiml.com NAME OF PROMOTER(S) OF THE COMPANY MR. NITIN BAHL AND MR. NALIN BAHL DETAILS OF OFFER TO PUBLIC, PROMOTERS/ SELLING SHAREHOLDERS",See DRHP ‘Industry / Business overview’ section.,www.narnolia.com; www.radiantiml.com; www.skylinerta.com,Extract from restated financials in DRHP (pattern not matched).,No DSIR / R&D recognition wording detected in sampled DRHP pages.,Could not download DRHP PDF/ZIP for promoter extraction.,ISO certification mentioned; subsidiary / group structure
Neev Credit Limited,"PERSON TELEPHONE AND EMAIL WEBSITE Room number 408, 4th Floor, PS IXL Building, Atghora, Chinar Park, Parganas North 24, Kolkata, West Bengal- 700136 India Srivatsa Arcade, No. 6, Ground Floor, 12 th Cross, Wilson Garden, Bangalore- 560027, Karnataka, India. Deepika Bhutra Tel. No: +91 70440 24108 Email Id: compliance@neevcredit.com",See DRHP ‘Industry / Business overview’ section.,www.neevfinance.com,Extract from restated financials in DRHP (pattern not matched).,No DSIR / R&D recognition wording detected in sampled DRHP pages.,Could not download DRHP PDF/ZIP for promoter extraction.,No explicit expansion/hiring/certification keywords in sampled pages — check MD&A / risk factors in full DRHP.
Austere Systems Limited,"TELEPHONE WEBSITE Office 301-303, A Square, Plot No. 34 A DC Sector 26, Pradhikaran, Pune, Maharashtra, India, 411044 Unit No 120 First Floor Vipul Plaza, Suncity Sector -54, DLF QE, Gurgaon, Dlf Qe, Haryana, India, 122002 Ms. Shampa Juneja Company Secretary and Compliance Officer Email-id: compliance@austere.co.in Tel.: +91 97738 23372 www.austeresystems.com",Summary of Financial Information: A summary of the financial information of,www.austeresystems.com; www.gyrcapitaladvisors.com; www.kfintech.com,Extract from restated financials in DRHP (pattern not matched).,No DSIR / R&D recognition wording detected in sampled DRHP pages.,Could not download DRHP PDF/ZIP for promoter extraction.,No explicit expansion/hiring/certification keywords in sampled pages — check MD&A / risk factors in full DRHP.
Takyon Networks Limited,"CP 37, Viraj Khand Gomti Nagar, Lucknow – 226 010, Uttar Pradesh, India Pooja Sharma Company Secretary & Compliance Officer E-mail: cs@takyon.co.in Tel No: +91-0522-6656617 Website: www.takyon.co.in",See DRHP ‘Industry / Business overview’ section.,www.cameoindia.com; www.hemsecurities.com; www.takyon.co.in,Extract from restated financials in DRHP (pattern not matched).,No DSIR / R&D recognition wording detected in sampled DRHP pages.,Promoter names not machine-extracted from sampled DRHP pages; verify in IPO prospectus or LinkedIn.,No explicit expansion/hiring/certification keywords in sampled pages — check MD&A / risk factors in full DRHP.
Shanmuga Hospital Limited,"For further details of change in name and registered office of our company, please refer to section titled “",See DRHP ‘Industry / Business overview’ section.,www.shanmugahospital.com,3 crores,No DSIR / R&D recognition wording detected in sampled DRHP pages.,DRHP: Mr. Veer Pratap Reddy Gandluru; Mr. S. Ramakrishna Iyengar INTEGRATED REGISTRY MANAGEMENT,subsidiary / group structure
LIOTECH INDUSTRIES LIMITED,LEAD MANAGER TO THE ISSUE REGISTAR TO THE ISSUE,See DRHP ‘Industry / Business overview’ section.,www.kfintech.com; www.liotechindustries.in; www.wealthminenetworks.com,Extract from restated financials in DRHP (pattern not matched).,No DSIR / R&D recognition wording detected in sampled DRHP pages.,Could not download DRHP PDF/ZIP for promoter extraction.,capex / capital expenditure
IKEDA LIMITED,"W.E.A., Karol Bagh, New Delhi, Central Delhi, Delhi, India, 110005",See DRHP ‘Industry / Business overview’ section.,www.finkeda.com; www.ftfinsec.com; www.maashitla.com,Extract from restated financials in DRHP (pattern not matched).,No DSIR / R&D recognition wording detected in sampled DRHP pages.,Could not download DRHP PDF/ZIP for promoter extraction.,subsidiary / group structure
Aten Papers and Foam Limited,"Madhav Nagar, 11/12 S V Road, Andheri West, Mumbai City – 400058 (Maharashtra). Merchant Banking Division Address: 48 Jaora Compound, M.Y .H Road, Indore (MP) – 452001; Telephone Number: +91-22-26254568-69 / 0731-6644244; Email Id: merchantbanking@swastika.co.in; Investors Grievance Id: mb.investorgreivance@swastika.co.in; Website: WWW.swastika.co.in",See DRHP ‘Industry / Business overview’ section.,www.atenpapers.com; www.skylinerta.com; www.swastika.co.in,Extract from restated financials in DRHP (pattern not matched).,No DSIR / R&D recognition wording detected in sampled DRHP pages.,DRHP: Ms. Neha Munot. PROMOTERS OF OUR,subsidiary / group structure
NEETU YOSHI LIMITED,"Jakhan, Rajpur Road, Dehradun, Dehradun, Uttarakhand, India-248001 “we”, “us” and “our” Unless the context otherwise indicates or implies, refers to our Company together with our Subsidiaries, on a consolidated basis as on the date of this Draft Red Herring Prospectus. “you”, “your” or “yours” Prospective investors in this Issue",See DRHP ‘Industry / Business overview’ section.,www.neetuyoshi.com,Extract from restated financials in DRHP (pattern not matched).,No DSIR / R&D recognition wording detected in sampled DRHP pages.,Could not download DRHP PDF/ZIP for promoter extraction.,subsidiary / group structure
Srigee DLM Limited,PDF parse error: PdfStreamError,,,,,Could not download DRHP PDF/ZIP for promoter extraction.,
Nukleus Office Solutions Limited,"1102, Barakhamba Tower, 22 Barakhamba Road, Connaught Place, New Delhi - 110 001, India Nukleus Co-working & Managed Offices, Plot No 29, Sector 142, Noida - 201 305, Uttar Pradesh, India Pooja Jaiswal, Company Secretary & Compliance Officer Tel.: +91 96 6704 9487 E-mail: cs@nukleus.work www.nukleus.work PROMOTERS OF OUR COMPANY: NIPUN GUPTA AND PUJA GUPTA",See DRHP ‘Industry / Business overview’ section.,www.bigshareonline.com; www.nukleus.work; www.sundaecapital.com,Extract from restated financials in DRHP (pattern not matched).,No DSIR / R&D recognition wording detected in sampled DRHP pages.,Could not download DRHP PDF/ZIP for promoter extraction.,No explicit expansion/hiring/certification keywords in sampled pages — check MD&A / risk factors in full DRHP.
Malpani Pipes & Fittings Limited,"Area, Ratlam, Madhya Pradesh-457001, India. Promoters Rohit Malpani, Mohit Malpani and Harsh Malpani Promoter Group Companies, individuals and entities (other than companies) as defined under Regulation 2 sub-regulation (pp) of the SEBI ICDR Regulations, 2018. “you”, “your” or “yours” Prospective Investors in this Issue",See DRHP ‘Industry / Business overview’ section.,www.bigshareonline.com; www.ifinservices.in; www.malpanipipes.com,Extract from restated financials in DRHP (pattern not matched).,No DSIR / R&D recognition wording detected in sampled DRHP pages.,DRHP: Rohit Malpani; Harsh Malpani; Mohit Malpani,ISO certification mentioned
Praruh Technologies Limited,refer to the section title “History and Corporate Structure” on page no. 152 of this Draft Red Herring Prospectus. Telephone: +911203583845; Website: www.praruh.in ; E-mail: compliance@praruh.in Company Secretary and Compliance Officer: Ms. Geeta Kumari,See DRHP ‘Industry / Business overview’ section.,www.corporatemakers.in; www.maashitla.com; www.praruh.in,Extract from restated financials in DRHP (pattern not matched).,No DSIR / R&D recognition wording detected in sampled DRHP pages.,DRHP: Ms. Geeta Kumari OUR; Ms. Geeta Kumari Company Secretary; Mr. Jitender Kumar ISSUE RELATED TERMS Term; Mr. Visal Prakash; Mr. Amar Deep Sharma; Ms. Pariza Chaturvedi; Ms. Nilam Pandey; Mr. Vikash Prakash,No explicit expansion/hiring/certification keywords in sampled pages — check MD&A / risk factors in full DRHP.
Paradeep Parivahan Limited,"Odisha. Subsequently, our Company was converted into a Public Limited Company pursuant to shareholders resolution passed at the Extra Ordinary General Meeting of the Company held on March 06, 2024 and the name of our Company was changed from “Paradeep Parivahan Private Limited” to “Paradeep Parivahan Limited” vide a fresh Certificate of Incorporation dated June 03, 2024 having",See DRHP ‘Industry / Business overview’ section.,www.paradeepparivahan.com,Extract from restated financials in DRHP (pattern not matched).,No DSIR / R&D recognition wording detected in sampled DRHP pages.,DRHP: Mr. Khalid Khan Managing Director Tel No; Mr. Khalid Khan PROMOTERS OF OUR; Mr. Khalid Khan; Ms. Fouzia Khan; Mr. Pravat Kumar Nandi; Ms. Parbati Priya Nandi; Ms. Alka Bothra; Mr. Faisal Khan; Mr. Nasir Uddin Khan,capex / capital expenditure; subsidiary / group structure
SOLARIUM GREEN ENERGY LIMITED,Little or no extractable text (likely scanned PDF — needs OCR).,,,,Not assessed (no machine-readable text).,Promoter names not machine-extracted from sampled DRHP pages; verify in IPO prospectus or LinkedIn.,Not assessed (no machine-readable text).
NAPS Global India Limited,"“we”, “us” or “our” Unless the context otherwise indicates or implies, refers to our Company. “you”, “your”, or “yours” Prospective Investor in this issue",See DRHP ‘Industry / Business overview’ section.,www.afsl.co.in; www.cameoindia.com; www.napsglobalindia.com,Extract from restated financials in DRHP (pattern not matched).,No DSIR / R&D recognition wording detected in sampled DRHP pages.,Promoter names not machine-extracted from sampled DRHP pages; verify in IPO prospectus or LinkedIn.,subsidiary / group structure
Leo Dryfruits & Spices Trading Limited,"Office Contact Person Email and Telephone Website A 812, MIDC Khairane, Thane Belapur Rd, TTC Industrial Area, Koperkhairane, Thane, Maharashtra-400705, India N.A. Ms. Pratibha Kumari Bharadia Company Secretary and Compliance Officer Email: info@leodryfruitsandspices.com",See DRHP ‘Industry / Business overview’ section.,www.leodryfruitsandspices.com,Extract from restated financials in DRHP (pattern not matched).,No DSIR / R&D recognition wording detected in sampled DRHP pages.,DRHP: Ms. Pratibha Kumari Bharadia Company Secretary; Ms. Tanya Goyal E-mail; Ms. Pratibha Kumari Bharadia; Mr. Kaushik Sobhagchand Shah. MOA; Mr. Parth Ashish Mehta. NRIs; Mr. Kaushik Sobhagchand Shah; Mr. Ketan Sobhagchand Shah; Mr. Parth Ashish Mehta. For; Mr. Ashish Jaswantrai Mehta; Mr. Parth Ashish Mehta. Stakeholders Relationship Committee,No explicit expansion/hiring/certification keywords in sampled pages — check MD&A / risk factors in full DRHP.
Adcounty Media India Limited,Little or no extractable text (likely scanned PDF — needs OCR).,,,,Not assessed (no machine-readable text).,DRHP: Ms. Ashita Agrawal Our; Mr. Chandan Garg; Mr. Aditya Jangid; Mr. Abbhinav Rajendra Jain; Mr. Delphin Varghese; Ms. Vartika Dangayach; Mr. Bhupinder Singh Bindra; Mr. Chandan Garg. Our; Mr. Rajveer Singh,Not assessed (no machine-readable text).
INDOBELL INSULATIONS LIMITED,and Certain Corporate Matters” beginning on page no 136 of the Draft Prospectus.,See DRHP ‘Industry / Business overview’ section.,www.finshoregroup.com; www.indobell.com; www.integratedregistry.in,Extract from restated financials in DRHP (pattern not matched).,No DSIR / R&D recognition wording detected in sampled DRHP pages.,DRHP: Mr. Sanjay Agarwal Company Secretary; Mr. Vijay Burman; Mr. Man Mohan Burman; Ms. Megha Burman; Ms. Raksha Burman DETAILS OF OFFER TO; Mr. S. Ramakrishna Iyengar Email; Mr. S. Giridhar Email; Mr. Sanjay Agarwal; Ms. Raksha Burman. Promoter Group Includes; Mr. Abhirup Bose,ISO certification mentioned
Solar91 Cleantech Limited,"incorporation consequent upon conversion dated July 22, 2024 bearing",See DRHP ‘Industry / Business overview’ section.,www.maashitla.com; www.narnolia.com; www.solar91.com,Extract from restated financials in DRHP (pattern not matched).,No DSIR / R&D recognition wording detected in sampled DRHP pages.,DRHP: Mr. Harshit Jain; Mr. Pankaj Pasi Website; Mr. Mukul Agrawal CIN; Mrs. Surbhi Toshniwal. This; Mr. Dhawal Gaurang Vasavada; Mr. Saurabh Vyas; Mr. Prateek Agrawal; Mr. Sandeep Gurnani,subsidiary / group structure
CRYOGENIC OGS LIMITED,Download failed (timeout or HTTP error).,,,,,Could not download DRHP PDF/ZIP for promoter extraction.,
Astonea Labs Ltd,"House No. 1358, 1st Floor Sector-22B, Chandigarh, 160022 SCO 331, Second Floor, Sector 9, Panchkula, Haryana – 134113 M Company Secretary and Compliance Officer Type Fresh Issue Size (In Lakh) Offer For Sale Size Fresh Issue Fresh Issue of up to 27,90,000 Equity Shares of face value of ₹ [●] each aggregating up to ₹ [●] Lakhs NIL",See DRHP ‘Industry / Business overview’ section.,https://www.astonea.org/,Extract from restated financials in DRHP (pattern not matched).,No DSIR / R&D recognition wording detected in sampled DRHP pages.,DRHP: Ms. Avneet Kaur; Ms. Alka Mishra Email; Mr. Murali Krishna; Mr. Ashish Gulati,No explicit expansion/hiring/certification keywords in sampled pages — check MD&A / risk factors in full DRHP.
DSM Fresh Foods Limited,"consequent upon conversion dated July 09, 2024, bearing",See DRHP ‘Industry / Business overview’ section.,https://www.zappfresh.com/; www.maashitla.com; www.narnolia.com,Extract from restated financials in DRHP (pattern not matched).,No DSIR / R&D recognition wording detected in sampled DRHP pages.,DRHP: Mr. DEEPANSHU MANCHANDA; Mrs. PRIYA AGGARWAL ADDENDUM TO THE DRAFT; Mr. Rajveer Singh Website; Mr. Mukul Agrawal CIN; Mr. Deepanshu Manchanda; Mrs. Priya Aggarwal. For; Mr. Sandeep Kumar; Mr. Sajit Kumar; Ms. Shruti Gochhwal; Mr. Mange Ram Gochhwal,No explicit expansion/hiring/certification keywords in sampled pages — check MD&A / risk factors in full DRHP.
Technichem Organics Limited,Little or no extractable text (likely scanned PDF — needs OCR).,,,,Not assessed (no machine-readable text).,DRHP: Mr. Thakkar Parth; Mr. Bharat Jayantilal Pandya MOA; Mr. Bharat Jayantilal Pandya; Mr. Pandya Anilkumar Jayantilal; Mr. Pandya Anilkumar Jayantilal. Stakeholders Relationship Committee; Mr. Piyush Maganlal Nathwani KEY PERFORMANCE INDICATORS,Not assessed (no machine-readable text).
Landmark Immigration Consultants Limited,"over such premises. In the event we lose such rights or are required to negotiate it, our cash flows, business, financial conditions and results of operations could be adversely affected.",See DRHP ‘Industry / Business overview’ section.,www.kfintech.com; www.landmarkimmigration.com; www.shreni.in,3 Crores,No DSIR / R&D recognition wording detected in sampled DRHP pages.,DRHP: Ms. Charanchit Kaur; Mr. Jasmeet Singh Bhatia Chairman; Ms. Tanya Goyal Website,hiring / recruitment
EUREKA CONVEYOR BELTINGS LIMITED,Little or no extractable text (likely scanned PDF — needs OCR).,,,,Not assessed (no machine-readable text).,DRHP: Ms. Prerna Jain; Mr. Raj Kumar Khubchandani; Mr. Bharat Kumar Khubchandani; Mr. Sumit Khubchandani; Mr. Nitin Khubchandani; Mr. Puneet Khubchandani; Mrs. Bhakti Khubchandani. For; Mr. Govind Ram Mittal. ISSUE RELATED TERMS,Not assessed (no machine-readable text).
L.K.Mehta Polymers Limited,Little or no extractable text (likely scanned PDF — needs OCR).,,,,Not assessed (no machine-readable text).,DRHP: Ms. Pooja Wadhvani; Mr. Mohit R. Goyal Email Id; Mr. Babu Rapheal; Mr. Kamlesh Mehta; Mr. Rina Mehta; Ms. Aashi Mehta. Company Secretary; Mrs. Pooja Wadhvani. Depositories Act The Depositories; Mrs. Rina Mehta. For; Mrs. Rina Mehta; Ms. Aashi Mehta,Not assessed (no machine-readable text).
SPECIALITY MEDICINES LIMITED,Little or no extractable text (likely scanned PDF — needs OCR).,,,,Not assessed (no machine-readable text).,Could not download DRHP PDF/ZIP for promoter extraction.,Not assessed (no machine-readable text).
Quanto Agroworld Limited,Little or no extractable text (likely scanned PDF — needs OCR).,,,,Not assessed (no machine-readable text).,DRHP PDF could not be downloaded.,Not assessed (no machine-readable text).
Rajesh Power Services Limited,"380/3, Siddhi House, Opp",See DRHP ‘Industry / Business overview’ section.,www.bigshareonline.com; www.iskadvisors.com; www.rajeshpower.com,Extract from restated financials in DRHP (pattern not matched).,No DSIR / R&D recognition wording detected in sampled DRHP pages.,Mr. Rajendra Baldevbhai Patel,No explicit expansion/hiring/certification keywords in sampled pages — check MD&A / risk factors in full DRHP.
Creativity At Best Technologies Limited,"Khasra No. 1788/438, Ground Floor, Asola Fatehpur Beri, South West Delhi, New Delhi – 110074, India Universal Trade Tower 3rd Floor 331A, sector49, Sohna Road, Gurgaon, Haryana – 122018, India. Ms. Mrinalini Mehra Company Secretary & Compliance officer Phone No.: +91 88264 79962 E-mail ID: Compliance@cabtgroup.com",See DRHP ‘Industry / Business overview’ section.,www.cabtechnologies.com; www.kfintech.com; www.narnolia.com,Extract from restated financials in DRHP (pattern not matched).,No DSIR / R&D recognition wording detected in sampled DRHP pages.,DRHP: Ms. Mrinalini Mehra Company Secretary; Mr. Pankaj Pasi SEBI Registration Number; Ms. Mrinalini Mehra OUR; Mr. Shalaj Mridul; Mr. Shailesh Kumar; Mrs. Anupam Kumari. Promoters Group,subsidiary / group structure
Fabtech Technologies Cleanrooms Limited,"of our company is U74999MH2015PLC265137. For change in registered office and other details please, see “History and Certain Corporate Matters” on page 152 of the Draft Red Herring Prospectus.",See DRHP ‘Industry / Business overview’ section.,www.fabtechcleanroom.com; www.maashitla.com; www.vivro.net,"12,466.63 lakhs",No DSIR / R&D recognition wording detected in sampled DRHP pages.,Promoter names not machine-extracted from sampled DRHP pages; verify in IPO prospectus or LinkedIn.,No explicit expansion/hiring/certification keywords in sampled pages — check MD&A / risk factors in full DRHP.
B.R.Goyal Infrastructure Limited,bearing Corporate Identification Number (,See DRHP ‘Industry / Business overview’ section.,www.brginfra.com,200 Lakhs,No DSIR / R&D recognition wording detected in sampled DRHP pages.,Mr. Balkrishna Goyal; Mr. Uppal Goyal,subsidiary / group structure
Richesm Healthcare Limited,"Office No. 1/54, 1st Floor, Wave Silver Tower, Plot No. D-6, Sector 18, Noida, Gautam Buddha Nagar, Noida, Uttar Pradesh, India, 201301 Preeti Srivastava, Company Secretary and Compliance Officer",See DRHP ‘Industry / Business overview’ section.,www.kslindia.com; www.richesm.com; www.skylinerta.com,Extract from restated financials in DRHP (pattern not matched).,No DSIR / R&D recognition wording detected in sampled DRHP pages.,DRHP: Ashish Aggarwal; Dilmeet Kaur,No explicit expansion/hiring/certification keywords in sampled pages — check MD&A / risk factors in full DRHP.
NISUS FINANCE SERVICE CO LIMITED,LOCATED). AT LEAST TWO WORKING DAYS PRIOR TO THE OFFER OPENING DATE AND SHALL BE MADE AVAILABLE TO THE BSE LIMITED (“BSE”) FOR THE PURPOSE OF UPLOADING ON THEIR,See DRHP ‘Industry / Business overview’ section.,www.beelinemb.com; www.nisusfin.com; www.skylinerta.com,"2,615.58 Lakhs",No DSIR / R&D recognition wording detected in sampled DRHP pages.,DRHP: Dr. Annie Besant Road; Mr. Nikhil Shah CIN; Dr. Ambedkar Road Near Kapole Niwas; Dr Ambedkar Road,subsidiary / group structure
FLYWINGS SIMULATOR TRAINING CENTRE LIMITED,"Ground Floor, Killa No. 13, Begampur Khatola, Sector 35, Gurgaon, Sadar Bazar, Haryana, India, 122001. Mr. Robbin Company Secretary and Compliance Officer Email Id: info@fwstc.co.in Tel No: 01244957945",See DRHP ‘Industry / Business overview’ section.,www.fwstc.co.in,Extract from restated financials in DRHP (pattern not matched).,No DSIR / R&D recognition wording detected in sampled DRHP pages.,DRHP: Mr. Robbin Company Secretary; Ms. Rupal Sanjay Mandavia,No explicit expansion/hiring/certification keywords in sampled pages — check MD&A / risk factors in full DRHP.
CLN Energy Limited,"Plot-18, Sector-140, Phase-2, Nepz Post Office, Gautam Buddha Nagar, Dadri, 201305, Uttar Pradesh, India. Sonal Jhanwar Company Secretary & Compliance Officer E-mail: ipo@clnenergy.in Tel No: +91 75799 06940 www.clnenergy.in PROMOTERS OF OUR COMPANY: CLN ENERGY PTE.LTD. AND RAJIV SETH DETAILS OF THE ISSUE TYPE FRESH ISSUE SIZE",See DRHP ‘Industry / Business overview’ section.,www.afsl.co.in; www.clnenergy.in,Extract from restated financials in DRHP (pattern not matched).,No DSIR / R&D recognition wording detected in sampled DRHP pages.,DRHP: Mr. Jeevan Chand Managerial Remuneration; Mr. Sunil Gandhi Managerial Remuneration; Mr. Manish Shah; Mr. Jeevan Chand; Mr. Sunil Gandhi,No explicit expansion/hiring/certification keywords in sampled pages — check MD&A / risk factors in full DRHP.
PDP Shipping & Projects Limited,Email and Telephone,See DRHP ‘Industry / Business overview’ section.,www.kfintech.com; www.pdpprojects.com; www.suncapitalservices.co.in,Extract from restated financials in DRHP (pattern not matched).,No DSIR / R&D recognition wording detected in sampled DRHP pages.,Promoter names not machine-extracted from sampled DRHP pages; verify in IPO prospectus or LinkedIn.,No explicit expansion/hiring/certification keywords in sampled pages — check MD&A / risk factors in full DRHP.
Hamps Bio Limited,"of our Company, see “History and Certain Corporate Matters” beginning on page 131 of this Draft Prospectus",See DRHP ‘Industry / Business overview’ section.,www.bigshareonline.com; www.hampsbio.com; www.ib.marwadichandaranagroup.com,Extract from restated financials in DRHP (pattern not matched).,No DSIR / R&D recognition wording detected in sampled DRHP pages.,Not extracted from PDF text; verify in IPO prospectus or LinkedIn.,No explicit expansion/hiring/certification keywords in sampled pages — check MD&A / risk factors in full DRHP.
Jungle Camps India Limited,"Jungle Resorts Private Limited” and “Jungle Camps Private Limited”, the same are required to be updated/ changed with various government/semi government authorities and various organizations.",See DRHP ‘Industry / Business overview’ section.,www.junglecampsindia.com; www.khambattasecurities.com; www.skylinerta.com,Extract from restated financials in DRHP (pattern not matched).,No DSIR / R&D recognition wording detected in sampled DRHP pages.,DRHP: Ms. Parul Shekhawat; Mr. Chandan Mishra; Ms. Nisha Shaw SEBI Registration No; Mr. Anuj Rana Website,No explicit expansion/hiring/certification keywords in sampled pages — check MD&A / risk factors in full DRHP.
Swasth Foodtech India Limited,"name of our Company was changed to ‘Swasth Foodtech India Limited’. Registered Office: Baro Chowmata Belari, Guskara, Purba Burdwan, Bardhaman – 713 141, West Bengal, India, Telephone: +91 890 073 8769; E-mail: info@swasthfoodtech.com; Website: www.swasthfoodtech.com; Contact Person: Seema Agarwal, Company Secretary and Compliance Officer;",See DRHP ‘Industry / Business overview’ section.,www.horizonmanagement.in; www.swasthfoodtech.com,"3,335.34 Lakhs",No DSIR / R&D recognition wording detected in sampled DRHP pages.,Promoter names not machine-extracted from sampled DRHP pages; verify in IPO prospectus or LinkedIn.,subsidiary / group structure
Wagons Learning Limited,"Office No. 302, Tower 2, Montreal Business Center, Pallod Farms, Baner, Pune - 411045 Neeru Saini, Company Secretary & Compliance Officer E-mail: compliance@wagonslearning.com Tel No: +91-8149006055 Website: www.wagonslearning.com",See DRHP ‘Industry / Business overview’ section.,https://www.cameoindia.com; www.kslindia.com; www.wagonslearning.com,Extract from restated financials in DRHP (pattern not matched).,No DSIR / R&D recognition wording detected in sampled DRHP pages.,DRHP: Ms. Neeru Saini; Mr. Uday Shetty Promoter Up; Mr. Raviraj Poojary Promoter Up; Mr. Alok Desai Telephone; Mr. K. Sreepriya Telephone; Mr. Raviraj Poojary; Mr. Uday Shetty,No explicit expansion/hiring/certification keywords in sampled pages — check MD&A / risk factors in full DRHP.
Toss the Coin Limited,"which inter-alia include clerical errors by our Company with the ROC. For instances, in all annual returns filed by the company with ROC, all the public shareholders are shown under Promoter Category for the year 2021, 2022 & 2023 which is later rectified and refilled in RoC.",See DRHP ‘Industry / Business overview’ section.,www.beelinemb.com; www.linkintime.co.in; www.tossthe.co.in,200 Lakhs,No DSIR / R&D recognition wording detected in sampled DRHP pages.,DRHP: Ms. Pooja Jain; Mr. Narayanan Jayan Place; Mr. Nikhil Shah SEBI Registration No; Mr. Nikhil Shah CIN,hiring / recruitment; subsidiary / group structure
Rosmerta Digital Services Limited,"a new certificate of incorporation consequent upon conversion dated June 03, 2024, bearing",See DRHP ‘Industry / Business overview’ section.,www.beelinemb.com; www.linkintime.co.in; www.narnolia.com; www.rosmertadigital.com,Extract from restated financials in DRHP (pattern not matched).,No DSIR / R&D recognition wording detected in sampled DRHP pages.,DRHP: Mr. Kuntal Kar OUR; Mr. Pankaj Pasi SEBI Registration Number; Mr. Nikhil Shah SEBI Registration Number; Ms. Shanti Gopalkrishnan SEBI Registration Number; Mr. Karn Vivek Nagpal; Mr. Kartick Vivek Nagpal; Mr. Amit Kumar Somani Remuneration,subsidiary / group structure
IDENTIXWEB LIMITED,LOCATED) AT LEAST TWO WORKING DAYS PRIOR TO THE ISSUE OPENING DATE AND SHALL BE MADE AVAILABLE TO THE BSE LIMITED (“BSE”) FOR THE PURPOSE OF UPLOADING ON ITS,See DRHP ‘Industry / Business overview’ section.,www.beelinemb.com; www.identixweb.com; www.skylinerta.com,Extract from restated financials in DRHP (pattern not matched).,No DSIR / R&D recognition wording detected in sampled DRHP pages.,DRHP: Mrs. Pooja Shah PROMOTERS OF OUR; Mr. Priyankkumar Jivarajbhai Savani Chairman,subsidiary / group structure
Shiv Texchem Limited,"and other details please, see “History and Certain Corporate Matters” on page 126 of the Draft Red Herring Prospectus",See DRHP ‘Industry / Business overview’ section.,www.linkintime.co.in; www.shivtexchem.com; www.vivro.net,Extract from restated financials in DRHP (pattern not matched).,No DSIR / R&D recognition wording detected in sampled DRHP pages.,DRHP: Vikas Pavankumar; Hemanshu S,No explicit expansion/hiring/certification keywords in sampled pages — check MD&A / risk factors in full DRHP.
SUBAM PAPERS LIMITED,"For details in relation to the incorporation, Change in Registered Office and other details, please refer to the chapter titled “","c) Under the head Overview of Our Business on Page 135, the standalone revenue breakup and State wise revenue breakup has been inserted; d) Under the head Overview of",www.gretexcorporate.com; www.subampapers.com,Extract from restated financials in DRHP (pattern not matched).,No DSIR / R&D recognition wording detected in sampled DRHP pages.,DRHP: Mr. Poovalingam Nagarajan; Ms. Sudha Alagarsamy DETAILS OF THE OFFER,capex / capital expenditure; subsidiary / group structure
RAVIRAJ PROCESS CONTROLS LIMITED,"Plot No. A/677, TTC, MIDC, Khairne Navi Mumbai, Thane 400 709, Navi Mumbai, Maharashtra, India. Mr. Ravi Bansilal Darira Managing Director Email Id: info@raviraj.net Tel no: 022-45419000",See DRHP ‘Industry / Business overview’ section.,www.ekadrisht.com; www.raviraj.net,Extract from restated financials in DRHP (pattern not matched).,No DSIR / R&D recognition wording detected in sampled DRHP pages.,DRHP: Mr. Ravi Bansilal Darira Managing Director Email; Mr. Ravi Bansilal Darira. Email Id; Mr. Ravi Bansilal Darira; Mr. Balasubrahmanya Narayana Rao,ISO certification mentioned; subsidiary / group structure
Park Smart Solutions Limited,"registered office of our company, please refer to section titled “",See DRHP ‘Industry / Business overview’ section.,www.cameoindia.com; www.finshoregroup.com; www.ltparksmart.com,Extract from restated financials in DRHP (pattern not matched).,No DSIR / R&D recognition wording detected in sampled DRHP pages.,DRHP: Mr. Sandipan Lai Company Secretary; Mr. Arvind Gupta; Mrs. Usha Gupta; Mr. Yash Gupta DETAILS OF OFFER TO; Mr. S. Ramakrishna Iyengar Telephone; Ms. K. Sreepriya Telephone; Mr. Sandipan Lai; Mr. Yash Gupta. Promoter Group Includes; Mr. Umang Gupta; Mr. Vishal Yadav,ISO certification mentioned
Locksworth Infrastructure Limited,"Trade Centre, Plot No - P- 1 Netaji Subhash Place, Shakur Pur I Block, North West Delhi, India, 110034",See DRHP ‘Industry / Business overview’ section.,www.bigshareonline.com; www.gyrcapitaladvisors.com; www.locksworth.in,Extract from restated financials in DRHP (pattern not matched).,No DSIR / R&D recognition wording detected in sampled DRHP pages.,Mr. Vipin Kumar Chaurasia,ISO certification mentioned; subsidiary / group structure
CapitalNumbers Infotech Limited,CONTACT PERSON TELEPHONE AND EMAIL,See DRHP ‘Industry / Business overview’ section.,https://www.capitalnumbers.com/,Extract from restated financials in DRHP (pattern not matched).,No DSIR / R&D recognition wording detected in sampled DRHP pages.,DRHP: Ms. Priya Jhunjhunwala; Mr. Mohit Baid Telephone; Ms. Shanti Gopalkrishnan Tel,subsidiary / group structure
MACH CONFERENCES AND EVENTS LIMITED,CORPORATE OFFICE CONTACT PERSON TELEPHONE AND EMAIL,See DRHP ‘Industry / Business overview’ section.,www.machconferences.com,Extract from restated financials in DRHP (pattern not matched).,No DSIR / R&D recognition wording detected in sampled DRHP pages.,Promoter names not machine-extracted from sampled DRHP pages; verify in IPO prospectus or LinkedIn.,subsidiary / group structure
NACDAC Infrastructure Limited,"OFFICE CONTACT PERSON EMAIL ID AND TELEPHONE WEBSITE KF-120 Kavi Nagar, Ghaziabad, Uttar Pradesh, India, 201002 77, 2nd Floor, Navyug Market, Ghaziabad, Uttar Pradesh, India, 201001 Mr. Pradeep Singh Company Secretary and Compliance Officer Email-id: compliance.nacdac@gmail.com Investor Grievance Email Id: investorsupport@nacda",See DRHP ‘Industry / Business overview’ section.,http://nacdacinfrastructure.com/; www.nacdacinfrstructure.com,Extract from restated financials in DRHP (pattern not matched).,No DSIR / R&D recognition wording detected in sampled DRHP pages.,Mr. Ashish Saxena,No explicit expansion/hiring/certification keywords in sampled pages — check MD&A / risk factors in full DRHP.
Supertech EV Ltd,"Company, please refer to the section title “History and Corporate Structure” on page no 29 of this Draft Red Herring Prospectus. Registered Office: Plot No. 150, Sector-16, Phase-I, Bahadur Garh, Jhajjar, Haryana- 124507 Telephone: +91-1276-462166; Website: www.supertechev.in; E-mail: compliances@supertechev.in Company Secretary and Compliance Officer: Ms. Pooja Jain",See DRHP ‘Industry / Business overview’ section.,www.corporatemakers.in; www.skylinerta.com; www.supertechev.in,Extract from restated financials in DRHP (pattern not matched).,No DSIR / R&D recognition wording detected in sampled DRHP pages.,Could not download DRHP PDF/ZIP for promoter extraction.,No explicit expansion/hiring/certification keywords in sampled pages — check MD&A / risk factors in full DRHP.
PARMESHWAR METAL LIMITED,CORPORATE OFFICE CONTACT PERSON TELEPHONE AND EMAIL,See DRHP ‘Industry / Business overview’ section.,www.parmeshwarmetal.com,Extract from restated financials in DRHP (pattern not matched).,No DSIR / R&D recognition wording detected in sampled DRHP pages.,Mr. Shantilal Kailashchandra Shah,capex / capital expenditure; ISO certification mentioned; subsidiary / group structure
Katex Exim Limited,"OFFICE CONTACT PERSON TELEPHONE AND EMAIL WEBSITE 55/Ashra Ind. Estate B/h. Mahalaxmi Fabrics, Narol, Ahmedabad – 382405, Gujarat - Ms. Shivani Mittal Mobile No: +91 9484781647 Email Id: info@thekatex.com",See DRHP ‘Industry / Business overview’ section.,www.bigshareonline.com; www.nirbhaycapital.com; www.thekatex.com,Extract from restated financials in DRHP (pattern not matched).,No DSIR / R&D recognition wording detected in sampled DRHP pages.,Mr. Sajal Rakesh Bansal,subsidiary / group structure
H.M. ELECTRO MECH LIMITED,Download failed (timeout or HTTP error).,,,,,Could not download DRHP PDF/ZIP for promoter extraction.,
Citichem India Limited,titled ‘General Information’ and ‘History and Certain Corporate Ma tters’ beginning on page 53 and 119 respectively of this Draft Prospectus .,"3. Majority of our revenues are dependent on few customers and the loss of, or a significant reduction in purchases by such customers could adversely affect",www.citichemindia.com; www.horizonmanagement.in; www.kfintech.com,Extract from restated financials in DRHP (pattern not matched).,No DSIR / R&D recognition wording detected in sampled DRHP pages.,DRHP: Mrs. Puja Sharma; Mr. Arif Esmail Merchant Managing Director BOOK; Mr. Arif Esmail Merchant; Mr. Hashim Arif Merchant; Mrs. Fozia Arif Esmail Merchant; Mrs. Saima Hashim Merchant. For; Mrs Fozia Arif Merchant,No explicit expansion/hiring/certification keywords in sampled pages — check MD&A / risk factors in full DRHP.
Kenrik Industries Limited,"of Our Company, please refer to section titled “Our History and Certain Corporate Matters” beginning on page no",See DRHP ‘Industry / Business overview’ section.,https://tcagroup.in; www.kenrikindustries.net; www.skylinerta.com,4980.74 lakhs,No DSIR / R&D recognition wording detected in sampled DRHP pages.,DRHP: Mrs. Kiran Nitesh Prajapati; Mrs. Kiran Nitesh Prajapati Company Secretary; Mr. Heemadri Mukerjea Telephone; Mr. Anuj Rana Telephone; Mr. Nitin Dalpat Lal Shah; Mr. Nihar Nitinbhai Shah; Ms. Manisha Nitinkumar Shah,No explicit expansion/hiring/certification keywords in sampled pages — check MD&A / risk factors in full DRHP.
Trafiksol ITS Technologies Limited,Little or no extractable text (likely scanned PDF — needs OCR).,,,,Not assessed (no machine-readable text).,Promoter names not machine-extracted from sampled DRHP pages; verify in IPO prospectus or LinkedIn.,Not assessed (no machine-readable text).
Khyati Global Ventures Limited,117 of this Draft Prospectus.,See DRHP ‘Industry / Business overview’ section.,www.afsl.co.in; www.bigshareonline.com; www.kgv.co.in,Extract from restated financials in DRHP (pattern not matched).,No DSIR / R&D recognition wording detected in sampled DRHP pages.,Promoter names not machine-extracted from sampled DRHP pages; verify in IPO prospectus or LinkedIn.,No explicit expansion/hiring/certification keywords in sampled pages — check MD&A / risk factors in full DRHP.
Amwill Health Care Limited,"Chamrajpet, Bangalore – 560 018, Karnataka, India.","derma-cosmetic company, engaged in the business of product formulation and development of diverse dermatological",https://www.ibef.org/news/premiumisation-internet-drive-growth-of-beauty-industry-in-india-report; www.amwillhealthcare.com; www.bigshareonline.com; www.unistonecapital.com,Extract from restated financials in DRHP (pattern not matched).,No DSIR / R&D recognition wording detected in sampled DRHP pages.,Promoter names not machine-extracted from sampled DRHP pages; verify in IPO prospectus or LinkedIn.,subsidiary / group structure
Share Samadhan Limited,"Tel: 01149084044 Fax: N.A., Website: www.sharesamadhan.com; E-mail: info@sharesamadhan.com Company Secretary and Compliance Officer: Mr. Kumar Rishi OUR PROMOTERS: MR. ABHAY KUMAR CHANDALIA AND MR. VIKASH KUMAR JAIN",See DRHP ‘Industry / Business overview’ section.,www.narnolia.com; www.sharesamadhan.com; www.skylinerta.com,Extract from restated financials in DRHP (pattern not matched).,No DSIR / R&D recognition wording detected in sampled DRHP pages.,DRHP: Mr. Kumar Rishi OUR; Mr. Abhay Kumar Chandalia; Mrs. Anjali Mathur; Mr. Vinay Kumar Sangwan; Mrs. Veena Khanna,subsidiary / group structure
SHREENATH PAPER PRODUCTS LIMITED,CORPORATE OFFICE CONTACT PERSON EMAIL Shop no,See DRHP ‘Industry / Business overview’ section.,www.bigshareonline.com; www.fedsec.in; www.shreenathpaper.com,Extract from restated financials in DRHP (pattern not matched).,No DSIR / R&D recognition wording detected in sampled DRHP pages.,DRHP: ALOK PAREKH; RONAK PAREKH; NAVNEETDAS PAREKH; HASUMATI,No explicit expansion/hiring/certification keywords in sampled pages — check MD&A / risk factors in full DRHP.
Travels & rentals Limited,titled “Our History and Certain Corporate Matters ” beginning on page no 137 of the Prospectus.,See DRHP ‘Industry / Business overview’ section.,www.cameoindia.com; www.finshoregroup.com; www.travelsandrentals.in,Extract from restated financials in DRHP (pattern not matched).,No DSIR / R&D recognition wording detected in sampled DRHP pages.,DRHP: Ms. Jaya Jain,No explicit expansion/hiring/certification keywords in sampled pages — check MD&A / risk factors in full DRHP.
Archit Nuwood Industries Limited,"Company was converted into Public Limited Company and name of company was changed to “Archit Nuwood Industries Limited” vide fresh certificate of incorporation dated December 27, 2023 issued by the Registrar of Companies, Delhi. For further details, pleas e refer to chapter titled “History and Corporate Structure” beginning on page 159 of this Draft Red Herring Prospectus.","21. In Chapter titled “Our Management” beginning on Page 163 of the Draft Red Herring Prospectus, table of ‘ Family Relationship Between Directors’ has been inserted, Organization Structure has been updated, years of experience of Key Managerial Personnel have been updated. 22. In Chapter titled “",www.architnuwood.com; www.maashitla.com; www.shareindia.com,Extract from restated financials in DRHP (pattern not matched).,No DSIR / R&D recognition wording detected in sampled DRHP pages.,DRHP: Mr. Rahul Kumar; Mr. Vineet Kumar Whole Time Director; Mr. Vinod Kumar Singla Managing Director; Mr. Prem Chand Director; Mr. Ravinder Sharma Director; Mr. Sahil Arora Independent Director; Mr. Ajay Kumar Independent Director; Mr. Anisha Modi Independent Director; Mrs. Roopa Garg Independent Director; Mr. Rahul Kumar Company Secretary,subsidiary / group structure
Aelea Commodities Limited,"401 & 402, Saifee Park-2, Dr. Mascarenhas Road, Mazgaon, Mumbai 400 010, Maharashtra, India. Office No.7, 2nd Floor, Ahfajo House, Plot No. 778 & 779, 22 Rustom Shidwa Marg, Gunbow Street, Fort, Mumbai 400 001, Maharashtra, India. Rekha Kamal Rathi Company Secretary and Compliance Officer E-mail: info@aeleacommodities.com Tel No: +91- 22 6634 09891",See DRHP ‘Industry / Business overview’ section.,www.aeleacommodities.com,Extract from restated financials in DRHP (pattern not matched).,No DSIR / R&D recognition wording detected in sampled DRHP pages.,DRHP: Dr. Mascarenhas Road,subsidiary / group structure
Three M Paper Boards Limited,AND SHALL BE MADE AVAILABLE TO THE SME PLATFORM OF BSE (“BSE SME”) FOR THE PURPOSES OF UPLOADING ON THEIR WEBSITE.,See DRHP ‘Industry / Business overview’ section.,www.bigshareonlince.com; www.bsesme.com; www.comfortsecurities.co.in; www.threempaper.com,Extract from restated financials in DRHP (pattern not matched).,No DSIR / R&D recognition wording detected in sampled DRHP pages.,DRHP: Ms. Sneha Parth Shah NOTICE TO INVESTORS; Ms. Sneha Parth Shah Tel. No,capex / capital expenditure
Popular Foundations limited,"New No. 32/1, 32/2, Old No. 9/1, 9/2, Kamatchi Apartment, 10th Avenue, Ashok Nagar, Chennai- 600083, Tamilnadu, India N.A Ms. Soniya Sharma, Company Secretary and Compliance Officer Tel: +91 9414987318 Email: info@grouppopular.com",See DRHP ‘Industry / Business overview’ section.,www.bigshareonline.com; www.grouppopular.com; www.srujanalpha.com,Extract from restated financials in DRHP (pattern not matched).,No DSIR / R&D recognition wording detected in sampled DRHP pages.,DRHP: Ms. Soniya Sharma; Mr. Jinesh Doshi Telephone; Mr Jinesh Doshi E-mail; Mr. Vinayak Morbale SEBI Registration Number,No explicit expansion/hiring/certification keywords in sampled pages — check MD&A / risk factors in full DRHP.
Afcom Holdings Limited,"aircrafts will be leased exclusively from these lessors. On Page no. 36 we shall update the following risk factor: 10. There have been instances of delays of certain forms which were required to be filed as per the reporting requirements under the Companies Act, 2013 to ROC and error in filing of resolutions.",See DRHP ‘Industry / Business overview’ section.,https://afcomcargo.com/; www.gyrcapitaladvisors.com; www.linkintime.co.in,Extract from restated financials in DRHP (pattern not matched).,No DSIR / R&D recognition wording detected in sampled DRHP pages.,DRHP: Dr. Radhakrishnan Nagar; Ms Deccan Chronicle Holdings Limited; Ms. Canara Bank Versus Ms Deccan Chronicle; Ms ICICI Bank Versus Ms Deccan Chronicle; Mrs. Manjula Annamalai; Mr. Kannan Ramakrishnan,subsidiary / group structure
Neopolitan Pizza Limited,"of the Company was situated at 104, Ashwamegh Avenue, Nr",See DRHP ‘Industry / Business overview’ section.,https://tcagroup.in; www.bigshareonline.com; www.neopolitanpizza.in,Extract from restated financials in DRHP (pattern not matched).,No DSIR / R&D recognition wording detected in sampled DRHP pages.,DRHP: Mr. Mukund Purohit; Mrs. Arti Mukund Purohit ADDENDUM TO; Mrs. Arti Mukund Purohit DETAILS OF OFFER; Mrs. Arti Mukund Purohit,No explicit expansion/hiring/certification keywords in sampled pages — check MD&A / risk factors in full DRHP.
SATTRIX INFORMATION SECURITY LIMITED,"28, Damubhai Colony , Bhattha Paldi, Ahmedabad- 380007 Gujarat, India Ms.Rina Kumari Company Secretary and Compliance Officer",See DRHP ‘Industry / Business overview’ section.,www.bigshareonline.com; www.iskadvisors.com; www.sattrix.com,Extract from restated financials in DRHP (pattern not matched).,No DSIR / R&D recognition wording detected in sampled DRHP pages.,DRHP: Mr. Sachhin Kishorbhai Gajjaer; Mrs. Ronak Sachin Gajjar THE ISSUE INITIAL; Mrs. Ronak Sachin Gajjar Promoter Group Such; Mrs. Ronak Sachin Gajjar Company Secretary; Ms. Rina Kumari. Director,No explicit expansion/hiring/certification keywords in sampled pages — check MD&A / risk factors in full DRHP.
GB Logistics Commerce Limited,Contact Person Telephone and Email,See DRHP ‘Industry / Business overview’ section.,https://www.maashitla.com/; www.gblogisticsindia.com,Extract from restated financials in DRHP (pattern not matched).,No DSIR / R&D recognition wording detected in sampled DRHP pages.,Promoter names not machine-extracted from sampled DRHP pages; verify in IPO prospectus or LinkedIn.,subsidiary / group structure
Mangal compusolution limited,Corporate Identity Number (,See DRHP ‘Industry / Business overview’ section.,www.jawacapital.in; www.kfintech.com; www.mangalcompusolution.com,Extract from restated financials in DRHP (pattern not matched).,No DSIR / R&D recognition wording detected in sampled DRHP pages.,DRHP: Ms. Foram Rakeshkumar Shah; Mr. Mukesh Khandubhai Desai; Mrs. Binny Pathik Desai; Ms. Archana Sharma SEBI Registration No; Mr. M.Murali Krish; Mr. M.Murali Krishna SEBI Registration No,subsidiary / group structure
3C IT Solutions and Telecoms (India) Limited,Office Contact Person Email and Telephone Website,See DRHP ‘Industry / Business overview’ section.,http://3citsolutions.com/; https://www.kreocapital.com/; https://www.skylinerta.com/,Extract from restated financials in DRHP (pattern not matched).,No DSIR / R&D recognition wording detected in sampled DRHP pages.,DRHP: Ms. Laxmi Tiwari Company Secretary; Ms. Laxmi Tiwari; Ms. Laxmi Tiwari Corporate Identification Number; Mr. Ranjit Kulladhaja Mayengbam MOA; Dr. Ambedkar Chowk; Mr. Ranjit Kulladhaja Mayengbam; Mrs. Gangarani Devi Mayengbam. Promoter Group Such,ISO certification mentioned
VVIP Infratech Limited,"Fifth Floor, VVIP Style, Nh-58 Raj Nagar Extension, Ghaziabad, Uttar Pradesh- 201017, India Kanchan Aggarwal, Company Secretary cum Compliance Officer E-mail: cs@vvipinfra.com Tel No: +91 9990060123",See DRHP ‘Industry / Business overview’ section.,www.maashitla.com; www.shareindia.com; www.vvipinfra.com,Extract from restated financials in DRHP (pattern not matched).,No DSIR / R&D recognition wording detected in sampled DRHP pages.,DRHP: Mr. Praveen Tyagi; Mr. Vaibhav Tyagi; Mr. Vibhor Tyagi DETAILS OF THE ISSUE,ISO certification mentioned
Amkay Products Limited,Little or no extractable text (likely scanned PDF — needs OCR).,,,,Not assessed (no machine-readable text).,Could not download DRHP PDF/ZIP for promoter extraction.,Not assessed (no machine-readable text).
Ullu Digital Limited,Little or no extractable text (likely scanned PDF — needs OCR).,,,,Not assessed (no machine-readable text).,DRHP: Ms. Sheriya Jain Company Secretary; Mr. Pankaj Passi SEBI Registration Number; Ms. Sheriya Jain OUR; Ms. Sheriya Jain. Depositories Act The Depositories; Mr. Vibhu Agarwal; Mrs. Megha Agarwal. Promoters Group,Not assessed (no machine-readable text).
GEM Enviro Management Limited,Little or no extractable text (likely scanned PDF — needs OCR).,,,,Not assessed (no machine-readable text).,DRHP: Mr. Vijay Kumar Sharma OUR; Mr. Kunal Bansal Email Id; Mr. Amit Puri; Mr. Pramod Negi E-mail; Mr. Anuj Rana Email Id; Mr. Siddharth Jadhav Website,Not assessed (no machine-readable text).
Storage Technologies and Automation Limited,"Number U74900KA2010PLC052918. For details of change in the name and registered office of our Company, please refer to chapter titles “History and Corporate Structure” beginning on page no 125 of this Draft Red Herring Prospectus. PROMOTERS OF THE COMPANY: MR. HANIF A. KHATRI, MR. MOHAMMAD ARIF ABDUL GAFFAR DOR,MR. KHASIM SAIT, MR. SYED AZEEM, MR. AFZAL, HUSSAIN AND MR. NUUMAAN KHASIM",See DRHP ‘Industry / Business overview’ section.,https://racksandrollers.com; www.integratedindia.in; www.nikunjonline.com; www.oneviewadvisors.com,8137.12 lakhs,No DSIR / R&D recognition wording detected in sampled DRHP pages.,DRHP: Ms. Theja Raju Mobile No,subsidiary / group structure
Aztec Fluids & Machinery Limited,"Part H Plinth,4th Floor, Takshashila Square, Near Krishnabag Four Rd, Maninagar, Ahmedabad, Gujarat-380028. . Contact Person: Rekha Vishal Jhanwar, Company Secretary & Compliance Officer Tel No: +91-7048333211; E-mail: cs@aztecfluids.com ; Website: www.azte",See DRHP ‘Industry / Business overview’ section.,https://www.fbil.org.in/#/home; www.aztecindia.org; www.bigshareonline.com; www.hemsecurities.com,Extract from restated financials in DRHP (pattern not matched).,No DSIR / R&D recognition wording detected in sampled DRHP pages.,Promoter names not machine-extracted from sampled DRHP pages; verify in IPO prospectus or LinkedIn.,No explicit expansion/hiring/certification keywords in sampled pages — check MD&A / risk factors in full DRHP.
KP Green Engineering Limited,LOCATED). AT LEAST TWO WORKING DAYS PRIOR TO THE ISSUE OPENING DATE AND SHALL BE MADE AVAILABLE TO THE BSE LIMITED “BSE”) FOR THE PURPOSE OF UPLOADI NG ON THEIR,See DRHP ‘Industry / Business overview’ section.,www.beelinemb.com; www.bigshareonline.com; www.kpgreenengineering.com,Extract from restated financials in DRHP (pattern not matched).,No DSIR / R&D recognition wording detected in sampled DRHP pages.,DRHP: Mr. Saurabh Sharma PROMOTERS OF OUR; Mr. Muinulhaque Iqbalhusen Kadva Whole Time Director; Mr. Hassan Faruk Patel; Dr. Farukbhai Gulambhai Patel; Mr. Hassan Faruk Patel Page; Mr. Hassan Faruk Patel. For,subsidiary / group structure
Shivam Chemicals Limited,Little or no extractable text (likely scanned PDF — needs OCR).,,,,Not assessed (no machine-readable text).,DRHP: Mr. Manish Tarachand Pande,Not assessed (no machine-readable text).
CLINITECH LABORATORY LIMITED,Little or no extractable text (likely scanned PDF — needs OCR).,,,,Not assessed (no machine-readable text).,Promoter names not machine-extracted from sampled DRHP pages; verify in IPO prospectus or LinkedIn.,Not assessed (no machine-readable text).
RAPID MULTIMODAL LOGISTICS LIMITED,Little or no extractable text (likely scanned PDF — needs OCR).,,,,Not assessed (no machine-readable text).,DRHP: Mr. Narayan Agarwal; Mr. Naryan Agarwal; Mr. Manoj Goel; Mr. Summit Agarwal; Ms. Nidhi Agarwal DETAILS OF THE OFFER; Mr. Narayan Agarwal Managing Director Email Id; Mr. Ravi Bombarde Email; Mr. Vinayak Morbale Email; Ms. Nidhi Agarwal THE ISSUE PUBLIC ISSUE; Ms. Nidhi Agarwal,Not assessed (no machine-readable text).
Jay Kailash Namkeen Limited,CORPORATE OFFICE CONTACT PERSON EMAIL & TELEPHONE,See DRHP ‘Industry / Business overview’ section.,www.expertglobal.in; www.jaykailashnamkeen.com; www.skylinerta.com,Extract from restated financials in DRHP (pattern not matched).,No DSIR / R&D recognition wording detected in sampled DRHP pages.,DRHP: Ms. Anushree Vijay Company Secretary; Mr. Gaurav Jain SEBI; Ms. Anushree Vijay; Mr. Neel Narendrabhai Pujara. Promoter Group Such; Mr. Neel Narendrabhai Pujara. CIN Corporate Identity; Mrs. Tulsi Neel Pujara. Companies Act; Ms. Anushree Vijay. DIN Directors Identification Number; Mr. Neel Narendrabhai Pujara. MOA,No explicit expansion/hiring/certification keywords in sampled pages — check MD&A / risk factors in full DRHP.
RETAGGIO INDUSTRIES LIMITED,"Unit-204, Options Primo, Plot No.X-2, Next to Akruti Software Park, Andheri E, Mumbai- 400093, Maharashtra, India. Mr. Savinay Lodha Managing Director Email Id: info@retaggioindustries.com Tel no: 022-66913355",See DRHP ‘Industry / Business overview’ section.,www.bigshareonline.com; www.gretexcorporate.com; www.retaggioindustries.com,Extract from restated financials in DRHP (pattern not matched).,No DSIR / R&D recognition wording detected in sampled DRHP pages.,DRHP: Mr. Savinay Lodha Managing Director Email Id; Ms. Dimple Magharam Slun; Ms. Rashmi Ranjan Email; Mr. Vinayak Morbale Email; Mr. Savinay Lodha; Ms. Nidhi Lodha,No explicit expansion/hiring/certification keywords in sampled pages — check MD&A / risk factors in full DRHP.
Broach Lifecare Hospital Limited,See DRHP ‘General Information’ — address not matched by pattern.,See DRHP ‘Industry / Business overview’ section.,www.fedsec.in; www.kfintech.com; www.maplehospital.in,Extract from restated financials in DRHP (pattern not matched).,No DSIR / R&D recognition wording detected in sampled DRHP pages.,DRHP: Mrs. Swati Sharma,No explicit expansion/hiring/certification keywords in sampled pages — check MD&A / risk factors in full DRHP.
Dindigul Farm Product Limited,Identification Number of our company is U15200TZ2010PLC016407.,See DRHP ‘Industry / Business overview’ section.,www.beelinemb.com; www.ennutrica.com; www.linkintime.co.in,Extract from restated financials in DRHP (pattern not matched).,No DSIR / R&D recognition wording detected in sampled DRHP pages.,DRHP: Mr. Gurunathan Uma Kanth Narayanan PROMOTERS OF,subsidiary / group structure
Emmforce Autotech Limited,"2. Plot No.3&5 EPIP Phase- I, Jharmajri, Baddi Distt",See DRHP ‘Industry / Business overview’ section.,www.beelinemb.com; www.emmforce.com; www.linkintime.co.in,Extract from restated financials in DRHP (pattern not matched).,No DSIR / R&D recognition wording detected in sampled DRHP pages.,DRHP: Ms. Parul Gupta; Mr. Ashok Mehta Place; Mr. Nikhil Shah SEBI Registration No; Mr. Ashok Mehta; Mrs. Neetu Mehta; Mr. Azeez Mehta. For; Mr. Azeez Mehta. E. PRE-ISSUE SHAREHOLDING OF; Mr. Azeez Mehta; Ms. Navya Mehta; Mr. Narinder Krishan Miglani,No explicit expansion/hiring/certification keywords in sampled pages — check MD&A / risk factors in full DRHP.
Nexxus Petro Industries Limited,"B-811 Swati Trinity, Applewood Township Sanathal Sanand, Sarkhej, Ahmedabad, Dascroi, Gujarat, India, 382210",See DRHP ‘Industry / Business overview’ section.,www.kfintech.com; www.nexxusgroup.co.in; www.srujanalpha.com,Extract from restated financials in DRHP (pattern not matched).,No DSIR / R&D recognition wording detected in sampled DRHP pages.,Could not download DRHP PDF/ZIP for promoter extraction.,backward integration
TGIF Agribusiness Ltd,"A-52, 5th Floor, Corporate House, Opp",See DRHP ‘Industry / Business overview’ section.,www.bigshareonline.com; www.hemsecurities.com; www.tgifagri.com,. lakhs,No DSIR / R&D recognition wording detected in sampled DRHP pages.,DRHP: Mr. Sapan Smitesh Dalal; Mr. Niraj Chhaganraj Gemawat; Mr. Sourabh Garg SEBI Regn. No. INM; Mr. Babu Rapheal SEBI Registration Number,No explicit expansion/hiring/certification keywords in sampled pages — check MD&A / risk factors in full DRHP.
ASSOCIATED COATERS LIMITED,See DRHP ‘General Information’ — address not matched by pattern., The Following Changes or Updation has been incorporated under the chapter “,Search DRHP / issuer for corporate website.,Extract from restated financials in DRHP (pattern not matched).,No DSIR / R&D recognition wording detected in sampled DRHP pages.,Could not download DRHP PDF/ZIP for promoter extraction.,No explicit expansion/hiring/certification keywords in sampled pages — check MD&A / risk factors in full DRHP.
Sodhani Academy of Fintech Enablers Limited,"other provisions of Companies Act, 1956 and 2013. Any penalty or action taken by any regulatory authorizes in future, for non - compliance with provisions of corporate or any other law could impact the financial position of the Company to that extent.”",See DRHP ‘Industry / Business overview’ section.,www.cameoindia.com; www.safefintech.in; www.srujanalpha.com,Extract from restated financials in DRHP (pattern not matched).,No DSIR / R&D recognition wording detected in sampled DRHP pages.,Could not download DRHP PDF/ZIP for promoter extraction.,subsidiary / group structure
FAALCON CONCEPTS LIMITED,"We operate from our registered office situated N-75, Ground Floor, Mayfield Garden, Sector -51, Gurugram, Haryana. The same has been taken on lease from Mrs. Ruchika Saluja to use the place situated at N-75, Ground Floor, Mayfield Garden, Sector -51, Gurugram, Haryana as registered office for current lease period of 11 (Eleven) months commen",See DRHP ‘Industry / Business overview’ section.,www.beetalfinancial.com; www.faalcon.in; www.navigantcorp.com,Extract from restated financials in DRHP (pattern not matched).,No DSIR / R&D recognition wording detected in sampled DRHP pages.,Could not download DRHP PDF/ZIP for promoter extraction.,No explicit expansion/hiring/certification keywords in sampled pages — check MD&A / risk factors in full DRHP.
Resourceful Automobile Limited,"K-24, Upper Ground, KH No",See DRHP ‘Industry / Business overview’ section.,www.cameoindia.com; www.sawhneyauto.com; www.swastika.co.in,Extract from restated financials in DRHP (pattern not matched).,No DSIR / R&D recognition wording detected in sampled DRHP pages.,Could not download DRHP PDF/ZIP for promoter extraction.,No explicit expansion/hiring/certification keywords in sampled pages — check MD&A / risk factors in full DRHP.
SHREYAS FABTECH LIMITED,"Contact Person: Ms. Manisha Issrani, Company Secretary and Compliance Officer; Email: info@shreyas.biz ; Website: www.shreyas.biz; Contact No: 0253-2384537 Our Promoter: Mr. Shreyas Kantilal Patel",See DRHP ‘Industry / Business overview’ section.,www.gretexcorporate.com; www.linkintime.co.in; www.shreyas.biz,Extract from restated financials in DRHP (pattern not matched).,No DSIR / R&D recognition wording detected in sampled DRHP pages.,Could not download DRHP PDF/ZIP for promoter extraction.,capex / capital expenditure
DAVIN SONS RETAIL LIMITED,"2 years w.e.f. 1st April, 2023 2. WZ-410/2, Second Floor, Shakurpur Village, Near Britania Chowk, Delhi- 110034.",See DRHP ‘Industry / Business overview’ section.,www.davinsonsretail.com; www.kfintech.com; www.navigantcorp.com,Extract from restated financials in DRHP (pattern not matched).,No DSIR / R&D recognition wording detected in sampled DRHP pages.,Could not download DRHP PDF/ZIP for promoter extraction.,No explicit expansion/hiring/certification keywords in sampled pages — check MD&A / risk factors in full DRHP.
REET PROJECTS LIMITED,"Shop No. 327, Third Floor, Ishana the Business Hub, Al than Surat City, Surat- 395017, Gujarat NA Poorvi Jain, Company Secretary & Compliance Officer info@reetprojects.com",See DRHP ‘Industry / Business overview’ section.,www.fedsec.in; www.kfintech.com; www.reetprojects.com,Extract from restated financials in DRHP (pattern not matched).,No DSIR / R&D recognition wording detected in sampled DRHP pages.,Promoter names not machine-extracted from sampled DRHP pages; verify in IPO prospectus or LinkedIn.,No explicit expansion/hiring/certification keywords in sampled pages — check MD&A / risk factors in full DRHP.
Sai Swami Metals and Alloys Limited,Little or no extractable text (likely scanned PDF — needs OCR).,,,,Not assessed (no machine-readable text).,Could not download DRHP PDF/ZIP for promoter extraction.,Not assessed (no machine-readable text).
United Cotfab Limited,See DRHP ‘General Information’ — address not matched by pattern.,See DRHP ‘Industry / Business overview’ section.,www.beelinemb.com; www.purvashare.com; www.unitedcotfab.com,Extract from restated financials in DRHP (pattern not matched).,No DSIR / R&D recognition wording detected in sampled DRHP pages.,DRHP: Ms. Muskan Kashyap PROMOTERS OF OUR; Mr. Nirmalkumar Mangalchand Mittal; Mr. Gagan Nirmalkumar Mittal; Ms. Muskan Kashyap Mobile No; Mr. Nikhil Shah Email; Ms. Deepali Dhuri Email,capex / capital expenditure
Nimstech Industries Limited,"Plot No. 38, GIDC Estate, Sector-25, Gandhinagar, Gujarat- 382024",See DRHP ‘Industry / Business overview’ section.,https://tcagroup.in; www.nimstech.com; www.skylinerta.com,Extract from restated financials in DRHP (pattern not matched).,No DSIR / R&D recognition wording detected in sampled DRHP pages.,DRHP: Mr. Nimeshkumar Parsotambhai Patel; Mrs. Sonal Nimesh Patel DETAILS OF OFFER; Ms. Yashi Srivastava Telephone; Mr. Pawan Singh Bisht Telephone; Ms. Meena Omprakash Rangvani; Mrs. Sonal Nimesh Patel Promoter Group,No explicit expansion/hiring/certification keywords in sampled pages — check MD&A / risk factors in full DRHP.
Rudra Gas Enterprise Limited,"OFFICE CONTACT PERSON TELEPHONE AND EMAIL WEBSITE B-702, The Capital Building, Science City Road, Opp. Hetarth Party Plot, Sola, Ahmedabad-380060, Gujarat, India - Mr. Gauravkumar Pushkarrai Jani Mobile No: +91 98751 39472 Email Id: cs@rudragasenterprise.com",See DRHP ‘Industry / Business overview’ section.,www.beelinemb.com; www.linkintime.co.in; www.rudragasenterprise.com,Extract from restated financials in DRHP (pattern not matched).,No DSIR / R&D recognition wording detected in sampled DRHP pages.,Mrs. Manjulaben Sureshbhai Patel,ISO certification mentioned; subsidiary / group structure
Greenhitech Ventures Limited,Little or no extractable text (likely scanned PDF — needs OCR).,,,,Not assessed (no machine-readable text).,DRHP: Mrs. Senha Jain; Mr. Naved Iqbal Place; Mr. Nikhil Shah SEBI Registration No; Mr. Navel Iqbal; Mr. Mohamad Nadeem; Mr. Naved Iqbal; Mr. Mohammad Nadeem; Mr. Javed Iqubal; Mrs. Shagufta Jawed; Mrs. Neha Nasir,Not assessed (no machine-readable text).
Pune E - Stock Broking Limited,Little or no extractable text (likely scanned PDF — needs OCR).,,,,Not assessed (no machine-readable text).,DRHP: Mr. Daidipya Ghodnadikar,Not assessed (no machine-readable text).
Gconnect Logitech and Supply chain Limited,Little or no extractable text (likely scanned PDF — needs OCR).,,,,Not assessed (no machine-readable text).,DRHP: Mr. Jigar Vinodbhai Sheth June; Mr. Vinod Venilal Sheth June,Not assessed (no machine-readable text).
FINELISTINGS TECHNOLOGIES LIMITED,"G-07, Ground Floor, Ambience Mall, Nelson Mandela Road, Vasant Kunj, South West Delhi, New Delhi - 110070, India.",See DRHP ‘Industry / Business overview’ section.,https://www.finecars.co.in/; www.fedsec.in; www.skylinerta.com,Extract from restated financials in DRHP (pattern not matched).,No DSIR / R&D recognition wording detected in sampled DRHP pages.,DRHP: ANEESH MATHUR AND ARJUN SINGH RAJPUT,No explicit expansion/hiring/certification keywords in sampled pages — check MD&A / risk factors in full DRHP.
Shri Balaji Valve Components Limited,Little or no extractable text (likely scanned PDF — needs OCR).,,,,Not assessed (no machine-readable text).,DRHP: Mr. Sourabh Garg Email; Mr. Babu Rapheal Email,Not assessed (no machine-readable text).
Gabriel Pet Straps Limited,Little or no extractable text (likely scanned PDF — needs OCR).,,,,Not assessed (no machine-readable text).,DRHP: Ms. Gandecha Khyati Hareshbhai; Ms. Tanya Goyal E-mail; Ms. Gandecha Khyati Hareshbhai. Corporate Identification Number; Mr. Shah Jay Paresbhai MOA; Mr. Shah Jay Pareshbhai; Mr. Varasada Vimal Dayabhai; Mr. Kavathiya Vivek Dharmendrabhai. Promoter Group Such; Mr. Kavathiya Vivek Dharmendrabhai. KEY PERFORMANCE INDICATORS,Not assessed (no machine-readable text).
Harshdeep Hortico Limited,Little or no extractable text (likely scanned PDF — needs OCR).,,,,Not assessed (no machine-readable text).,Promoter names not machine-extracted from sampled DRHP pages; verify in IPO prospectus or LinkedIn.,Not assessed (no machine-readable text).
AIK Pipes and Polymers Limited,Contact Person Email and Telephone,See DRHP ‘Industry / Business overview’ section.,www.aikpipes.com; www.shreni.in; www.skylinerta.com,Extract from restated financials in DRHP (pattern not matched).,No DSIR / R&D recognition wording detected in sampled DRHP pages.,DRHP: Ms. Anshita Jain; Mr. Parth Shah Email; Mr. Imran Khan MOA; Mr. Imran Khan; Ms. Tahira Sheikh. For; Ms. Tahira Sheikh,ISO certification mentioned
Naturewings Holidays Limited,"DGK- 417, 4th Floor, DLF Galleria Building, Newtown, Kolkata North 24 Parganas New Town - 700156, West Bengal, India Tel No. / Mob No: +91 931317505;",See DRHP ‘Industry / Business overview’ section.,www.bigshareonline.com; www.fedsec.in; www.naturewings.com,Extract from restated financials in DRHP (pattern not matched).,No DSIR / R&D recognition wording detected in sampled DRHP pages.,DRHP: Mr. Aniket Chindarkar SEBI Registration No,No explicit expansion/hiring/certification keywords in sampled pages — check MD&A / risk factors in full DRHP.
MAGENTA LIFECARE LIMITED,"N P Patel Estate, A & T Padamla, Vadodara – 391350, Gujarat, India. NA Anita Kumawat , Company Secretary & Compliance Officer info@magentalifecare.com",See DRHP ‘Industry / Business overview’ section.,https://wisdom.cameoindia.com; https://www.magentamattresses.com; www.cameoindia.com; www.fedsec.in,Extract from restated financials in DRHP (pattern not matched).,No DSIR / R&D recognition wording detected in sampled DRHP pages.,Promoter names not machine-extracted from sampled DRHP pages; verify in IPO prospectus or LinkedIn.,No explicit expansion/hiring/certification keywords in sampled pages — check MD&A / risk factors in full DRHP.
Kizi Apparels Limited,"dated August 09, 2023. The Corporate Identification Number of our Company is U14109RJ2023PLC086522.",See DRHP ‘Industry / Business overview’ section.,www.bigshareonline.com; www.ifinservices.in; www.kiziapparels.co.in,Extract from restated financials in DRHP (pattern not matched).,No DSIR / R&D recognition wording detected in sampled DRHP pages.,DRHP: Ms. Kiran Nathani; Mr. Pradip Sandhir SEBI Reg. No; Mr. Asif Sayyed SEBI Reg. No; Mr. Abhishek Nathani,No explicit expansion/hiring/certification keywords in sampled pages — check MD&A / risk factors in full DRHP.
JKV SOLUTIONS LIMITED,"22 Administrative & HR 1 Total 50 *includes UI/UX Designer, Developers, Project Manager, System Architects, Database Administrators.",See DRHP ‘Industry / Business overview’ section.,www.bigshareonline.com; www.fedsec.in; www.jkvsolutions.com,Extract from restated financials in DRHP (pattern not matched).,No DSIR / R&D recognition wording detected in sampled DRHP pages.,Promoter names not machine-extracted from sampled DRHP pages; verify in IPO prospectus or LinkedIn.,ISO certification mentioned; subsidiary / group structure
Piotex Industries Limited,Little or no extractable text (likely scanned PDF — needs OCR).,,,,Not assessed (no machine-readable text).,DRHP: Mr. Mahendra Singh Rajpoot; Mr. Yogesh Omprakash Nimodiya; Mr. Abhay Shriram Asalkar; Mrs. Chaitali Abhay Asalkar; Mrs. Sandhya Nimodiya; Mr. Hitesh Loonia; Mr. Rupali Vinayak Hattikatti; Mr. Bharat Rikhabchand Dugad,Not assessed (no machine-readable text).
Rudra Gas Enterprise Limited,"OFFICE CONTACT PERSON TELEPHONE AND EMAIL WEBSITE B-702, The Capital Building, Science City Road, Opp. Hetarth Party Plot, Sola, Ahmedabad-380060, Gujarat, India - Mr. Gauravkumar Pushkarrai Jani Mobile No: +91 98751 39472 Email Id: cs@rudragasenterprise.com",See DRHP ‘Industry / Business overview’ section.,www.beelinemb.com; www.linkintime.co.in; www.rudragasenterprise.com,Extract from restated financials in DRHP (pattern not matched).,No DSIR / R&D recognition wording detected in sampled DRHP pages.,Mrs. Manjulaben Sureshbhai Patel,ISO certification mentioned; subsidiary / group structure
CREATEROI FINANCIAL CONSULTANCY LIMITED,"Office Contact Person Email and Telephone Website 403/A2, C Wing, Morya House, New Link Road, Andheri (West), Mumbai - 400053, Maharashtra, India N.A. Ms. Sarita Chouhan, Company Secretary and Compliance Officer E-mail: info@createroiconsulting.com",See DRHP ‘Industry / Business overview’ section.,www.createroiconsulting.com; www.inventuremerchantbanker.com; www.satellitecorporate.com,Extract from restated financials in DRHP (pattern not matched).,No DSIR / R&D recognition wording detected in sampled DRHP pages.,DRHP: Ms. Sarita Chouhan,ISO certification mentioned
Swashthik Plascon Limited,Little or no extractable text (likely scanned PDF — needs OCR).,,,,Not assessed (no machine-readable text).,Could not download DRHP PDF/ZIP for promoter extraction.,Not assessed (no machine-readable text).
Chatha Foods Limited,Download failed (timeout or HTTP error).,,,,,Could not download DRHP PDF/ZIP for promoter extraction.,
Lorven International Limited,Little or no extractable text (likely scanned PDF — needs OCR).,,,,Not assessed (no machine-readable text).,DRHP: Mr. Sohil Nitin Savla. CIN Corporate Identification; Ms. Meenakshi Jain Depositories Act The Depositories; Pankaj Baldevkumar Aggarwal; Sangeeta Deepak Aggarwal; Rupen Deepak,Not assessed (no machine-readable text).
New Swan Multitech Limited,Little or no extractable text (likely scanned PDF — needs OCR).,,,,Not assessed (no machine-readable text).,Promoter names not machine-extracted from sampled DRHP pages; verify in IPO prospectus or LinkedIn.,Not assessed (no machine-readable text).
Deepak Chemtex Limited,"Aawashi, 28/1A, A/P Adgul Aawashi, Lote, Ratnagiri, Ratnagiri, Maharashtra, India, 415722. Sonam Sharma Company Secretary & Compliance Officer E-mail: info@deepakchemtex.in Tel No: +91 88706 82632 Website: www.deepakchemtex.in",See DRHP ‘Industry / Business overview’ section.,www.bigshareonline.com; www.deepakchemtex.in; www.hemsecurities.com,Extract from restated financials in DRHP (pattern not matched).,No DSIR / R&D recognition wording detected in sampled DRHP pages.,Promoter names not machine-extracted from sampled DRHP pages; verify in IPO prospectus or LinkedIn.,ISO certification mentioned
Mayank Cattle Food Limited,Little or no extractable text (likely scanned PDF — needs OCR).,,,,Not assessed (no machine-readable text).,DRHP: Mrs. Payalben Mrugesh Pandya Company Secretary; Mr. S. Ramakrishna Iyengar Telephone; Ms. K. Sreepriya Telephone; Mr. Ankit Bharatbhai Vachhani; Mrs. Payalben Mrugesh Pandya,Not assessed (no machine-readable text).
Karma Ecotech Limited,Little or no extractable text (likely scanned PDF — needs OCR).,,,,Not assessed (no machine-readable text).,DRHP: Mr. Nimit Aggarwal DETAILS OF THE ISSUE,Not assessed (no machine-readable text).
Resvera Wines Limited,Little or no extractable text (likely scanned PDF — needs OCR).,,,,Not assessed (no machine-readable text).,DRHP: Ms. Megha Vyas; Mr. Jinesh Doshi Email; Ms. Megha Vyas Corporate Identification Number; Mr. Nikhil Rajendra Khode MOA; Mrs. Komal Piyush Somani; Mr. Nikhil Rajendra Khode. Promoter Group Such,Not assessed (no machine-readable text).
Viraunique Realtors Limited,Little or no extractable text (likely scanned PDF — needs OCR).,,,,Not assessed (no machine-readable text).,DRHP: Ms. Neelam Raj,Not assessed (no machine-readable text).
Brisk Technovision Limited,Little or no extractable text (likely scanned PDF — needs OCR).,,,,Not assessed (no machine-readable text).,DRHP: Mr. Shreyas Anil Haldankar Telephone No; Ms. Kinnari Mehta Email; Mr. Shreyas Anil Haldankar Corporate Identity Number,Not assessed (no machine-readable text).
Siyaram Recycling Industries Limited,Download failed (timeout or HTTP error).,,,,,Could not download DRHP PDF/ZIP for promoter extraction.,
VARYAA CREATIONS LIMITED,Little or no extractable text (likely scanned PDF — needs OCR).,,,,Not assessed (no machine-readable text).,DRHP: Ms. Akshita Agrawal; Ms. Mala Soneji; Mr. Ronak Bhatt Tel No; Mr. Asif Sayeed Te; Ms. Akshita Agrawal Director; Mrs. Pooja Vineet Naheta Materiality Policy; Mrs. Pooja Vineet Naheta; Mrs. Sarika Amit Naheta Promoter Companies,Not assessed (no machine-readable text).
Shanti Spintex Limited,"Sub Plot 1, Unit 1, Survey No. 297, Dholi - Integrated Spinning Park Limited, Dholi, Dholka, Ahmedabad, Gujarat – 382 240, India Mohini Singhal, Company Secretary & Compliance Officer E-mail: info@shantispintex.com Tel No: +91-98258 01039 www.shantispintex.com",See DRHP ‘Industry / Business overview’ section.,www.shantispintex.com,Extract from restated financials in DRHP (pattern not matched).,No DSIR / R&D recognition wording detected in sampled DRHP pages.,Promoter names not machine-extracted from sampled DRHP pages; verify in IPO prospectus or LinkedIn.,No explicit expansion/hiring/certification keywords in sampled pages — check MD&A / risk factors in full DRHP.
Sahara Maritime Limited,CORPORATE OFFICE CONTACT PERSON EMAIL TELEPHONE,See DRHP ‘Industry / Business overview’ section.,www.bigshareonline.com; www.saharamaritime.com; www.swarajshares.com,Extract from restated financials in DRHP (pattern not matched).,No DSIR / R&D recognition wording detected in sampled DRHP pages.,DRHP: Mr. Stallone Marshal Gonsalves; Mr. Sohrab Rustom Sayed; Mr. Nadeem Aboobakar Hira. For; Mr. Nadeem Aboobakar Hira; Mr. Harish Laxmana Poojary,capex / capital expenditure
Amkay Products Limited,Little or no extractable text (likely scanned PDF — needs OCR).,,,,Not assessed (no machine-readable text).,Could not download DRHP PDF/ZIP for promoter extraction.,Not assessed (no machine-readable text).
Qualitek Labs Limited,"73, National Park Lajpat Nagar- IV, New Delhi, South Delhi, 110024 India Ashima Bhatnagar Email:company.secretary@qualiteklab.com Tel No.: 0120-4336939",See DRHP ‘Industry / Business overview’ section.,www.oneviewadvisors.com; www.qualiteklab.com; www.skylinerta.com,Extract from restated financials in DRHP (pattern not matched).,No DSIR / R&D recognition wording detected in sampled DRHP pages.,DRHP: Mr. Kamal Grover Remuneration; Mr. Antaryami Nayak Remuneration; Mr. Alok Kumar Agarwal Investment,ISO certification mentioned
Mish Designs Limited,"“we”, “us” or “our” Unless the context otherwise indicates or implies, refers to our Company. “you”, “your”, or “yours” Prospective Investor in this issue",See DRHP ‘Industry / Business overview’ section.,www.afsl.co.in; www.bigshareonline.com; www.kfintech.com; www.mishindia.com,Extract from restated financials in DRHP (pattern not matched).,No DSIR / R&D recognition wording detected in sampled DRHP pages.,Promoter names not machine-extracted from sampled DRHP pages; verify in IPO prospectus or LinkedIn.,ISO certification mentioned
Shri Balaji Valve Components Limited,Little or no extractable text (likely scanned PDF — needs OCR).,,,,Not assessed (no machine-readable text).,DRHP: Mr. Sourabh Garg Email; Mr. Babu Rapheal Email,Not assessed (no machine-readable text).
VDOIT TECHNOLOGIES LIMITED,"Unit number 912, Emaar Palm Square, Sector – 66, Golf Course, Extension Road, Gurugram, Gurgaon, Haryana -122011, India. | Tel No.: +91-1244468926 |",See DRHP ‘Industry / Business overview’ section.,https://vdoitech.com/; www.cameoindia.com; www.fedsec.in,Extract from restated financials in DRHP (pattern not matched).,No DSIR / R&D recognition wording detected in sampled DRHP pages.,DRHP: Ms. K. Sreepriya,subsidiary / group structure
Organic Recycling Systems Limited,Little or no extractable text (likely scanned PDF — needs OCR).,,,,Not assessed (no machine-readable text).,DRHP: Ms. Zinal Mukund Shah Email; Ms. Zinal Mukund Shah; Mr. Sarang Bhand. For; Mr. Sarang Bhand; Mrs. Smita Suhas Bhand You,Not assessed (no machine-readable text).
Grandmaa International Limited,Little or no extractable text (likely scanned PDF — needs OCR).,,,,Not assessed (no machine-readable text).,DRHP: Jaideep Jain; Seema Jain,Not assessed (no machine-readable text).
Jay Kailash Namkeen Limited,"Number U15549GJ2021PLC123708. For details of incorporation, change of name and registered office of our Company, please refer to chapter titled “General Information” and “History and Certain Corporate Matters” beginning on page 53 and 136 respectively of this Draft Red Herring Prospectus.",See DRHP ‘Industry / Business overview’ section.,www.expertglobal.in; www.jaykailashnamkeen.com; www.skylinerta.com,Extract from restated financials in DRHP (pattern not matched).,No DSIR / R&D recognition wording detected in sampled DRHP pages.,DRHP: Ms. Anushree Vijay Company Secretary; Mr. Gaurav Jain SEBI; Ms. Anushree Vijay; Mr. Neel Narendrabhai Pujara. Promoter Group Such; Mr. Neel Narendrabhai Pujara. CIN Corporate Identity; Mrs. Tulsi Neel Pujara. Companies Act; Ms. Anushree Vijay. DIN Directors Identification Number; Mr. Neel Narendrabhai Pujara. MOA,No explicit expansion/hiring/certification keywords in sampled pages — check MD&A / risk factors in full DRHP.
AMIC FORGING LIMITED,Little or no extractable text (likely scanned PDF — needs OCR).,,,,Not assessed (no machine-readable text).,DRHP: Ms. Neha Fatehpuria Company Secretary; Ms. Dimple Magharam Slun Email; Mr. Vinayak Morbale Email; Ms. Neha Fatehpuria; Mr. Girdharilal Chamaria; Mr. Anshul Chamaria; Ms. Manju Chamaria; Ms. Rashmi Chamaria,Not assessed (no machine-readable text).
Manoj Ceramic Limited,Little or no extractable text (likely scanned PDF — needs OCR).,,,,Not assessed (no machine-readable text).,DRHP: Ms. Krupa Thakkar; Mr. Manoj Dharamshi Rakhasiya; Mrs. Anjana Manoj Rakhasiya; Mr. Dhruv Manoj Rakhasiya; Mrs. Manasvi Dhruv Rakhasiya; Ms. Deepali Dhuri Telephone; Mr. Akash Manoj Rakhasiya; Mr. Aakash Manoj Rakhasiya; Mr. Manoj Dha; Mr. Manoj Dharamshi Rakhasiya Director,Not assessed (no machine-readable text).
Kahali Craftistics Limited,"Registration Centre pursuant to a certificate of incorporation dated January 19, 2023 bearing Corporate Identification Number (",See DRHP ‘Industry / Business overview’ section.,www.bigshareonline.com; www.fedsec.in; www.kahalicraftistics.com,Extract from restated financials in DRHP (pattern not matched).,No DSIR / R&D recognition wording detected in sampled DRHP pages.,Promoter names not machine-extracted from sampled DRHP pages; verify in IPO prospectus or LinkedIn.,No explicit expansion/hiring/certification keywords in sampled pages — check MD&A / risk factors in full DRHP.
Shree Marutinandan Tubes Limited,Little or no extractable text (likely scanned PDF — needs OCR).,,,,Not assessed (no machine-readable text).,DRHP: Ms. Pooja Mangal PROMOTERS OF THE; Mrs. Kusumlata Shivratan Sharma; Mr. Vikram Shivratan Sharma; Mr. Bharat Shivratan Sharma; Mr. Vikram Shivratan Sharma Place,Not assessed (no machine-readable text).
Royal Sense Limited,Contact Person E-mail and Telephone,See DRHP ‘Industry / Business overview’ section.,www.bigshareonline.com; www.expertglobal.in; www.royalsense.in,Extract from restated financials in DRHP (pattern not matched).,No DSIR / R&D recognition wording detected in sampled DRHP pages.,DRHP: Ms. Priyanka Bhutani Company Secretary; Mr. Gaurav Jain Email; Ms. Priyanka Bhutani; Mr. Rishabh Arora Promoter Group Such; Mr. Rishabh Arora Company Secretary; Ms. Priyanka Bhutani. Director,ISO certification mentioned; subsidiary / group structure
Avax Apparels And Ornaments Limited,"& Haryana. For further details, please refer to """,See DRHP ‘Industry / Business overview’ section.,https://www.avaxapparels.com,Extract from restated financials in DRHP (pattern not matched).,No DSIR / R&D recognition wording detected in sampled DRHP pages.,DRHP: Mrs. Shruti Jain Company Secretary; Mrs. Rati Gupta SKI CAPITAL SERVICES LIMITED; Dr Joshi Road; Mr. Manick Wadhwa; Mr. Ghanisht Nagpal ISSUE PROGRAMME ISSUE OPENS; Mr. Vinod Malhotra; Mrs. Dipti Malhotra; Mr. Harinderpal Singh Sodhi,backward integration
Kalyani Cast-Tech Limited,"Floor, DDA Shed Phase -1, Okhla Industrial Area, Phase -I New Delhi, South Delhi Delhi-110020 India. “you”, “your” or “yours” Prospective investors in this Issue",See DRHP ‘Industry / Business overview’ section.,www.bigshareonline.com; www.gretexcorporate.com; www.kalyanicasttech.com,Extract from restated financials in DRHP (pattern not matched).,No DSIR / R&D recognition wording detected in sampled DRHP pages.,DRHP: Mr. Pankaj Kumar Company Secretary; Ms. Neha Maiya; Mr. Pankaj Kumar; Mr. Naresh Kumar; Mr. Javed Aslam; Mr. Nathmal Bangani; Ms. Kamala Kumari Jain; Ms. Muskan Bangani DETAILS OF THE ISSUE; Ms. Muskan Bangani,No explicit expansion/hiring/certification keywords in sampled pages — check MD&A / risk factors in full DRHP.
INTERIORS & MORE LIMITED,"Kumtha Street, off. Shahid Bhagat Singh Road, Ballard Estate, Fort Mumbai G.P.O. Mumbai Maharashtra 400001 India.",See DRHP ‘Industry / Business overview’ section.,www.inm.net.in,Extract from restated financials in DRHP (pattern not matched).,No DSIR / R&D recognition wording detected in sampled DRHP pages.,DRHP: Ms. Kuntal Pankaj Sharma Company Secretary; Ms. Kuntal Pankaj Sharma; Mr. Manish Mohan Tibrewal; Mr. Rahul Jhunjhunwala,No explicit expansion/hiring/certification keywords in sampled pages — check MD&A / risk factors in full DRHP.
BENCHMARK COMPUTER SOLUTIONS LIMITED,"Stakeholders Relationship Committee The Stakeholders Relationship Committee of our Board of Directors constituted in accordance with Section 178 of the Companies Act, 2013. For details , please refer chapter titled “Our Management” beginning on Page No. 131 of this Draft Prospectus. WTD Whole Time Director",See DRHP ‘Industry / Business overview’ section.,www.beelinemb.com; www.benchmarksolution.com; www.kfintech.com,Extract from restated financials in DRHP (pattern not matched).,No DSIR / R&D recognition wording detected in sampled DRHP pages.,Mr. Dhananjay Vrindawan Wakode,ISO certification mentioned; subsidiary / group structure
GRUNE HAFEN LIMITED,"Karkardooma Community Centre, East Delhi, Delhi – 110092, India Corporate Office: Plot No. 69-77(P), Kiadb Industrial Area, Humnabad, Dist. Bidar, Karnataka – 585330 Tel: +91-88616 29500 Fax: N.A., Website: ww.grunehafen.com; E-mail: compliance@grunehafen.com Company Secretary and Compliance Officer: Ms. Nishi Jain",See DRHP ‘Industry / Business overview’ section.,www.grunehafen.com; www.maashitla.com; www.narnolia.com,Extract from restated financials in DRHP (pattern not matched).,No DSIR / R&D recognition wording detected in sampled DRHP pages.,DRHP: Ms. Nishi Jain Company Secretary; Mr. Pankaj Pasi SEBI Registration Number; Ms. Nishi Jain; Ms. Nishi Jain. Depositories Act The Depositories; Mr. Gaurav Gupta,ISO certification mentioned; subsidiary / group structure
Techknowgreen Solutions Limited,"Flat-202, Hem Opal Apartment, Plot No. 26, Ekta Park Society, Wakdewadi Pune - 411003, Maharashtra, India. Vinayak Chindak, Company Secretary and Compliance Officer Email Id: cs@techknowgreen.com Tel no: +91 9607002553",See DRHP ‘Industry / Business overview’ section.,www.bigshareonline.com; www.indorient.in; www.techkno; www.techknowgreen.com,Extract from restated financials in DRHP (pattern not matched).,No DSIR / R&D recognition wording detected in sampled DRHP pages.,Promoter names not machine-extracted from sampled DRHP pages; verify in IPO prospectus or LinkedIn.,capex / capital expenditure
BBG Industries Limited,Little or no extractable text (likely scanned PDF — needs OCR).,,,,Not assessed (no machine-readable text).,DRHP: Ms. Riddhi Sureka; Mr. Priyadarshi Balu Agarwal; Mr. Harsh Agarwal. For,Not assessed (no machine-readable text).
Vruddhi Engineering Works Limited,"LOCATED), AT LEAST TWO WORKING DAYS PRIOR TO THE BID/ISSUE OPENING DATE AND SHALL BE MADE AVAILABLE TO THE SME PLATFORM OF BSE (“BSE SME”) FOR THE PURPOSES OF UPLOADING ON THEIR",See DRHP ‘Industry / Business overview’ section.,www.bigshareonline.com; www.fedsec.in; www.vruddhicouplers.com,Extract from restated financials in DRHP (pattern not matched).,No DSIR / R&D recognition wording detected in sampled DRHP pages.,Promoter names not machine-extracted from sampled DRHP pages; verify in IPO prospectus or LinkedIn.,capex / capital expenditure; ISO certification mentioned
SUNITA TOOLS LIMITED,Download failed (timeout or HTTP error).,,,,,Could not download DRHP PDF/ZIP for promoter extraction.,
Shreni Shares Limited,"Borivali (West)- 400092 Mumbai, Maharashtra, India “we”, “us” or “our” Unless the context otherwise indicates or implies, refers to our Company.",See DRHP ‘Industry / Business overview’ section.,www.afsl.co.in; www.bigshareonline.com; www.shreni.in,Extract from restated financials in DRHP (pattern not matched).,No DSIR / R&D recognition wording detected in sampled DRHP pages.,Promoter names not machine-extracted from sampled DRHP pages; verify in IPO prospectus or LinkedIn.,subsidiary / group structure
DAVIN SONS RETAIL LIMITED,"3, Road No. 44, Pitampura Rani Bagh, Delhi, North West Delhi -110034. We / us / our Unless the context otherwise indicates or implies, refers to our Company you / your / yours Prospective Investors in this Issue",See DRHP ‘Industry / Business overview’ section.,www.davinsonsretail.com; www.focl.in; www.kfintech.com; www.navigantcorp.com,Extract from restated financials in DRHP (pattern not matched).,No DSIR / R&D recognition wording detected in sampled DRHP pages.,Could not download DRHP PDF/ZIP for promoter extraction.,ISO certification mentioned
LABDHI COMMERCIALS LIMITED,"Boidapada, Vasai – 401 208, Thane, Maharashtra, India We / us / our Unless the context otherwise indicates or implies, refers to our Company you / your / yours Prospective Investors in this Issue",See DRHP ‘Industry / Business overview’ section.,www.bigshareonline.com; www.focl.in; www.labdhi.co.in,Extract from restated financials in DRHP (pattern not matched).,No DSIR / R&D recognition wording detected in sampled DRHP pages.,DRHP: Mr. Nikunj Mahendrabhai Kanabar; Mr. Nikunj Mahendrabhai Kanabar. Corporate Identification Number; Mr. Manoj Kantilal Raka. MOA; Mr. Manoj Kantilal Raka; Mrs. Rakhi Manoj Raka. Promoter Group Such,ISO certification mentioned
Koura Fine Diamond Jewelry Limited,"304, Iscon Emporio, B/S Star India Bazar Near Jodhpur Cross Road, Satellite, Ahmedabad-380015, Gujarat, India.","which one can evaluate our business, future prospects and viability.",www.gyrcapitaladvisors.com; www.kfintech.com; www.kouradiamondjewelry.com,Extract from restated financials in DRHP (pattern not matched).,No DSIR / R&D recognition wording detected in sampled DRHP pages.,Mr. Kamlesh Keshavlal Lodhiya,No explicit expansion/hiring/certification keywords in sampled pages — check MD&A / risk factors in full DRHP.
KK Shah Hospitals Limited,"124, Katju Nagar, Swastik APP., Ratlam-457001, Madhya Pradesh, India. N.A. Ms. Saloni Badjatya Company Secretary and Compliance Officer info@shahhospitalratlam .com",See DRHP ‘Industry / Business overview’ section.,www.fedsec.in; www.shahhospitalratla; www.shahhospitalratlam.com; www.shreni.in,Extract from restated financials in DRHP (pattern not matched).,No DSIR / R&D recognition wording detected in sampled DRHP pages.,DRHP: Ms. Saloni Badjatya Company Secretary; Mr. Saipan Sanghvi SEBI Registration Number; Mr. Parth Shah; Ms. Kritika Rupda SEBI Registr; Ms. Kritika Rupda SEBI Registration Number; Dr. Kirti Kumar Shah; Ms. Saloni Badjatya; Dr. Amit Shah; Dr. Kirti Kumar Shah Promoter Group Such; Dr. Amit Shah Company Secretary,ISO certification mentioned
Sodhani Academy of Fintech Enablers Limited,Little or no extractable text (likely scanned PDF — needs OCR).,,,,Not assessed (no machine-readable text).,Could not download DRHP PDF/ZIP for promoter extraction.,Not assessed (no machine-readable text).
Meson Valves India Limited,Little or no extractable text (likely scanned PDF — needs OCR).,,,,Not assessed (no machine-readable text).,DRHP: BRIJESH MADHAV MANERIKAR; SWAROOP RAGHUVIR NATEKAR; Mr. Parth Shah; Ms. Kritika Rupda E-mail,Not assessed (no machine-readable text).
Vrundavan Plantation Limited,Little or no extractable text (likely scanned PDF — needs OCR).,,,,Not assessed (no machine-readable text).,DRHP: Mr. Upendra Tiwari Promoter Group Companies; Ms. Kajal Kalwani. Chief Financial Officer; Mr. Dineshkumar Dubey. Act; Mr. Upendra Tiwari,Not assessed (no machine-readable text).
AIK Pipes and Polymers Limited,Little or no extractable text (likely scanned PDF — needs OCR).,,,,Not assessed (no machine-readable text).,DRHP: Ms. Anshita Jain; Mr. Parth Shah Email; Mr. Imran Khan MOA; Mr. Imran Khan; Ms. Tahira Sheikh. For; Ms. Tahira Sheikh,Not assessed (no machine-readable text).
Bondada Engineering Limited,Little or no extractable text (likely scanned PDF — needs OCR).,,,,Not assessed (no machine-readable text).,Promoter names not machine-extracted from sampled DRHP pages; verify in IPO prospectus or LinkedIn.,Not assessed (no machine-readable text).
Kahan Packaging Limited,Little or no extractable text (likely scanned PDF — needs OCR).,,,,Not assessed (no machine-readable text).,Promoter names not machine-extracted from sampled DRHP pages; verify in IPO prospectus or LinkedIn.,Not assessed (no machine-readable text).
ARROWHEAD SEPERATION ENGINEERING LIMITED,Little or no extractable text (likely scanned PDF — needs OCR).,,,,Not assessed (no machine-readable text).,Promoter names not machine-extracted from sampled DRHP pages; verify in IPO prospectus or LinkedIn.,Not assessed (no machine-readable text).
ASARFI HOSPITAL LIMITED,Little or no extractable text (likely scanned PDF — needs OCR).,,,,Not assessed (no machine-readable text).,Promoter names not machine-extracted from sampled DRHP pages; verify in IPO prospectus or LinkedIn.,Not assessed (no machine-readable text).
Ultra Rich Weddings Limited,Little or no extractable text (likely scanned PDF — needs OCR).,,,,Not assessed (no machine-readable text).,DRHP: Mr. Saurabh Goswami Type Fresh Issue Size; Mr. SAURABH GOSWAMI THE ISSUE INITIAL PUBLIC; Mr. Saurabh Goswami Promoter Group Companies; Ms. Nidhi Patel. Chief Financial Officer; Mr. Manish Shrivastava. Act; Mr. Saurabh Goswami,Not assessed (no machine-readable text).
TRANSTEEL SEATING TECHNOLOGIES LIMITED,Little or no extractable text (likely scanned PDF — needs OCR).,,,,Not assessed (no machine-readable text).,DRHP: Mr. Shiraz Ibrahim Managing Director Email Id; Ms. Dimple Magharam Slun Email; Mr. Asif Sayyed Email; Mr. Shiraz Ibrahim; Ms. Nasreen Shiraz,Not assessed (no machine-readable text).
ALPHALOGIC INDUSTRIES LIMITED,Little or no extractable text (likely scanned PDF — needs OCR).,,,,Not assessed (no machine-readable text).,DRHP: Ms. Aayushi Khandelwal Company Secretary; Mr. S. Ramakrishna Iyengar Telephone; Ms. K. Sreepriya Telephone; Ms. Aayushi Khandelwal; Ms Krina Gandhi,Not assessed (no machine-readable text).
Euphoria Infotech (India) Limited,Little or no extractable text (likely scanned PDF — needs OCR).,,,,Not assessed (no machine-readable text).,DRHP: Mr. Shamba Bhanja,Not assessed (no machine-readable text).
Khazanchi Jewellers Limited,Little or no extractable text (likely scanned PDF — needs OCR).,,,,Not assessed (no machine-readable text).,DRHP: Ms. Sakshi Jain; Mr Tarachand Mehta; Mr. Goutham Promoter Group Persons,Not assessed (no machine-readable text).
ACCELERATEBS INDIA LIMITED,Little or no extractable text (likely scanned PDF — needs OCR).,,,,Not assessed (no machine-readable text).,DRHP: Ms. Poonam Dinesh Yadav Company Secretary; Mr. Kunal Arvind Shah; Mr. Keyur Dipakkumar Shah; Mr. Parth Shah; Ms. Kritika Rupda E-ma; Ms. Kritika Rupda E-mail; Ms. Poonam Dinesh Yadav Corporate Identification Number; Mr. Kunal Arvind Shah MOA; Mr. Kunal Arvind Shah Promoter Group Such; Mr. Keyur Dipakkumar Shah KEY PERFORMANCE INDICATORS,Not assessed (no machine-readable text).
Viraunique Realtors Limited,Little or no extractable text (likely scanned PDF — needs OCR).,,,,Not assessed (no machine-readable text).,DRHP: Ms. Neelam Raj,Not assessed (no machine-readable text).
ALPHALOGIC INDUSTRIES LIMITED,Little or no extractable text (likely scanned PDF — needs OCR).,,,,Not assessed (no machine-readable text).,DRHP: Ms. Aayushi Khandelwal Company Secretary; Mr. S. Ramakrishna Iyengar Telephone; Ms. K. Sreepriya Telephone; Ms. Aayushi Khandelwal; Ms Krina Gandhi,Not assessed (no machine-readable text).
Hunger Choice Limited,Little or no extractable text (likely scanned PDF — needs OCR).,,,,Not assessed (no machine-readable text).,DRHP: Mr. Sarfraz Taherbhai Mulla; Mr. Maulik Khara; Ms. Riya Panchal,Not assessed (no machine-readable text).
DADA ORGANICS LIMITED,Little or no extractable text (likely scanned PDF — needs OCR).,,,,Not assessed (no machine-readable text).,DRHP: Ms. Komal Hirenkumar Jain Company Secretary; Mr. Dineshbhai Bhanushankar Pandya; Mrs. Jayshree Dineshbhai Pandya DETAILS OF OFFER; Mr. S. Ramakrishna Iyengar Telephone; Ms. K. Sreepriya Telephone; Ms. Komal Hirenkumar Jain; Mrs. Jayshree Dineshbhai Pandya Promoter Group Includes; Mr. Bharatbhai Odhavjibhai Goti,Not assessed (no machine-readable text).
ISH TRAVEL & TOURS  LIMITED,Download failed (timeout or HTTP error).,,,,,Could not download DRHP PDF/ZIP for promoter extraction.,
Veefin Solutions Limited,Little or no extractable text (likely scanned PDF — needs OCR).,,,,Not assessed (no machine-readable text).,DRHP: Ms. Sarita Vijay Mahajan Company Secretary; Mr. Raja Debnath; Mr. Gautam Vijay Udani; Mr. Ajay Babu Rajendran; Mr. Parth Shah; Ms. Kritika Rupda; Ms. Sarita Vijay Mahajan; Mr. Raja Debnath MOA; Mr. Gautam Vijay Udani Promoter Group Such; Mr. Gautam Vijay Udani KEY PERFORMANCE INDICATORS,Not assessed (no machine-readable text).
Kaka Industries Limited,Little or no extractable text (likely scanned PDF — needs OCR).,,,,Not assessed (no machine-readable text).,DRHP: Mr. Akun Goyal Email,Not assessed (no machine-readable text).
Hemant Surgical Industries Limited,Little or no extractable text (likely scanned PDF — needs OCR).,,,,Not assessed (no machine-readable text).,DRHP: Mrs. Meenal Ajmera Company Secretary; Mrs. Roshni Lahoti Email; Mr. Swapnil Kate Email; Mrs. Meenal Ajmera,Not assessed (no machine-readable text).
ACCELERATEBS INDIA LIMITED,Little or no extractable text (likely scanned PDF — needs OCR).,,,,Not assessed (no machine-readable text).,DRHP: Ms. Poonam Dinesh Yadav Company Secretary; Mr. Kunal Arvind Shah; Mr. Keyur Dipakkumar Shah; Mr. Parth Shah; Ms. Kritika Rupda E-ma; Ms. Kritika Rupda E-mail; Ms. Poonam Dinesh Yadav Corporate Identification Number; Mr. Kunal Arvind Shah MOA; Mr. Kunal Arvind Shah Promoter Group Such; Mr. Keyur Dipakkumar Shah KEY PERFORMANCE INDICATORS,Not assessed (no machine-readable text).
SHELTER PHARMA LIMITED,Little or no extractable text (likely scanned PDF — needs OCR).,,,,Not assessed (no machine-readable text).,DRHP: Ms. Dimple Magharam Slun Email; Mr. Swapnil Kate Email; Mr. Mustaqim Nisarahmed Sabugar; Mr. Shakil Nisarahmed Sabugar THE ISSUE PUBLIC; Mr. Shakil Nisarahmed Sabugar,Not assessed (no machine-readable text).
ROOPYAA FINBIZZ LIMITED,Little or no extractable text (likely scanned PDF — needs OCR).,,,,Not assessed (no machine-readable text).,DRHP: Mr. Hinil Patel Company Secretary; Mr. Rushabh Shroff; Ms. Mala Soneji Tel. No; Ms. Shanti Gopalkrishnan Tel. No; Mr. Hinil Patel; Mr. Hinil Patel Director; Mrs. Rupa Bhaskar Jha. Materiality Policy; Mr. Kunjit Maheshbhai Patel Promoter Companies; Mr. Kunjit Maheshbhai Patel Willful Defaulter,Not assessed (no machine-readable text).
Cosmic CRF Limited,Little or no extractable text (likely scanned PDF — needs OCR).,,,,Not assessed (no machine-readable text).,Promoter names not machine-extracted from sampled DRHP pages; verify in IPO prospectus or LinkedIn.,Not assessed (no machine-readable text).
Citichem India Limited,Little or no extractable text (likely scanned PDF — needs OCR).,,,,Not assessed (no machine-readable text).,DRHP: Mrs. Puja Sharma; Mr. Arif Esmail Merchant Managing Director BOOK; Mr. Arif Esmail Merchant; Mr. Hashim Arif Merchant; Mrs. Fozia Arif Esmail Merchant; Mrs. Saima Hashim Merchant. For; Mrs Fozia Arif Merchant,Not assessed (no machine-readable text).
Kaka Industries Limited,Little or no extractable text (likely scanned PDF — needs OCR).,,,,Not assessed (no machine-readable text).,DRHP: Mr. Akun Goyal Email,Not assessed (no machine-readable text).
Oliria Foods and Beverages Limited,Little or no extractable text (likely scanned PDF — needs OCR).,,,,Not assessed (no machine-readable text).,DRHP: Mr. Akun Goyal Email; Mr. Babu Rapheal Email,Not assessed (no machine-readable text).
Shoora Designs Limited,Little or no extractable text (likely scanned PDF — needs OCR).,,,,Not assessed (no machine-readable text).,DRHP: Ms. Priti Mohata; Mrs. Sejalben Satish Kansodariya; Mr. Rajeshbhai Labhubhai Mer DETAILS OF ISSUE; Mr. Rajeshbhai Labhubhai Mer. For; Mr. Rajeshbhai Labhubhai Mer; Mr. Ashwin Madhabhai Makwana,Not assessed (no machine-readable text).
Sonalis Consumer Products Limited,Little or no extractable text (likely scanned PDF — needs OCR).,,,,Not assessed (no machine-readable text).,DRHP: Ms. Ankita Chopra; Mr. Gaurav Jain SEBI; Ms. Sonali Nilesh Kocharekar; Ms. Smita Shashikant Shah. For; Ms. Smita Shashikant Shah; Mr. Shivang Shashikant Shah,Not assessed (no machine-readable text).
AHASolar Technologies Limited,Little or no extractable text (likely scanned PDF — needs OCR).,,,,Not assessed (no machine-readable text).,DRHP: Ms. Vrunda Manharbhai Patel Tel No; Mr. Nikhil Shah Email; Ms. Vrunda Manharbhai Patel PROMOTERS OF; Mr. Piyushkumar Vasantlal Bhatt; Mr. Pulkit Dhingra; Mr. Shatrughan Harinarayan Yadav; Mr. Vipin Sharma; Mr. Piyushkumar Vasantlal Bhatt. CMO The Chief; Mr. Ranjan Baheti CFO The Chief Financial; Mr. Priteshkumar Krishnaraj Mashru. COO The Chief,Not assessed (no machine-readable text).
Kelson Foods Limited - (Withdrawn),Little or no extractable text (likely scanned PDF — needs OCR).,,,,Not assessed (no machine-readable text).,DRHP: Kishan Tekchandani; Raina Tekchandani,Not assessed (no machine-readable text).
KK Shah Hospitals Limited,Little or no extractable text (likely scanned PDF — needs OCR).,,,,Not assessed (no machine-readable text).,DRHP: Ms. Saloni Badjatya Company Secretary; Mr. Saipan Sanghvi SEBI Registration Number; Mr. Parth Shah; Ms. Kritika Rupda SEBI Registr; Ms. Kritika Rupda SEBI Registration Number; Dr. Kirti Kumar Shah; Ms. Saloni Badjatya; Dr. Amit Shah; Dr. Kirti Kumar Shah Promoter Group Such; Dr. Amit Shah Company Secretary,Not assessed (no machine-readable text).
ASARFI HOSPITAL LIMITED,Little or no extractable text (likely scanned PDF — needs OCR).,,,,Not assessed (no machine-readable text).,Promoter names not machine-extracted from sampled DRHP pages; verify in IPO prospectus or LinkedIn.,Not assessed (no machine-readable text).
Hemant Surgical Industries Limited,Little or no extractable text (likely scanned PDF — needs OCR).,,,,Not assessed (no machine-readable text).,DRHP: Mrs. Meenal Ajmera Company Secretary; Mrs. Roshni Lahoti Email; Mr. Swapnil Kate Email; Mrs. Meenal Ajmera,Not assessed (no machine-readable text).
City Crops Agro Limited,Little or no extractable text (likely scanned PDF — needs OCR).,,,,Not assessed (no machine-readable text).,DRHP: Ms. Zalakben Chintan Gajjar Company Secretary; Mr. Kaupilkumar Hasmukhbhai Shah; Mrs. Shitalben Kaupilkumar Shah DETAILS OF OFFER; Mr. Heemadri Mukerjea Telephone; Mrs. Rati Gupta Telephone; Ms. Zalakben Chintan Gajjar,Not assessed (no machine-readable text).
SAN TRICA REALTORS LIMITED,Little or no extractable text (likely scanned PDF — needs OCR).,,,,Not assessed (no machine-readable text).,DRHP: Ms. Nupur Mohit Agrawal; Mr. Rushabh Shroff; Ms. Mala Soneji Tel. No; Mr. Babu Rapheal; Dr. Nitin Vithalrao Thorave Promoter Companies,Not assessed (no machine-readable text).
Sancode Technologies Limited,Little or no extractable text (likely scanned PDF — needs OCR).,,,,Not assessed (no machine-readable text).,DRHP: AMIT VIJAY JAIN; KHUSHBOO JAIN; MIHIR DEEPAK VORA AND ZNL; Amit Vijay Jain; Khushboo Jain; Mihir Deepak,Not assessed (no machine-readable text).
Exhicon Events Media Solutions Limited,Little or no extractable text (likely scanned PDF — needs OCR).,,,,Not assessed (no machine-readable text).,DRHP: Mr. Abhishek Jain Company Secretary; Mr. Anand Srivastava Email; Mr. Abhishek Jain; Mr. Mohammad Quaim Syed; Ms. Padma Mishra THE ISSUE INITIAL PUBLIC; Ms. Padma Mishra; Ms. Padma Mishra For,Not assessed (no machine-readable text).
Kumjai Farms Limited,Little or no extractable text (likely scanned PDF — needs OCR).,,,,Not assessed (no machine-readable text).,DRHP: JITENDRA SUDAM KULKARNI AND GAYATRI JITENDRA KULKARNI; Mr. Aniket Chindarkar SEBI Registration No,Not assessed (no machine-readable text).
INNOKAIZ INDIA LIMITED,Little or no extractable text (likely scanned PDF — needs OCR).,,,,Not assessed (no machine-readable text).,DRHP: Ms. Mamta Saini Company Secretary; Ms. Dimple Magharam Slun Email; Ms. Mamta Saini; Mr. Balakrishnan Sukumarbalakrishnan DETAILS OF THE ISSUE; Mr. Balakrishnan Sukumarbalakrishnan,Not assessed (no machine-readable text).
COMRADE APPLIANCES LIMITED,Little or no extractable text (likely scanned PDF — needs OCR).,,,,Not assessed (no machine-readable text).,DRHP: Ms. Kiran Tilwani Company Secretary; Ms. Dimple Magharam Slun Email; Ms. Kiran Tilwani; Mr. Khursheed Alam; Mr. Mehboob Alam DETAILS OF THE ISSUE; Mr. Mehboob Alam,Not assessed (no machine-readable text).
RETINA PAINTS LIMITED,Little or no extractable text (likely scanned PDF — needs OCR).,,,,Not assessed (no machine-readable text).,DRHP: Mr. Krishnamachari Ramu Company Secretary; Ms. Dimple Magharam Slun Email; Mr. Swapnil Kate E-mail; Mr. Krishnamachari Ramu; Mr. Rakesh Dommati; Ms. Rajitha Koyyada DETAILS OF THE ISSUE; Ms. Rajitha Koyyada For,Not assessed (no machine-readable text).
Labelkraft Technologies Limited,Little or no extractable text (likely scanned PDF — needs OCR).,,,,Not assessed (no machine-readable text).,DRHP: Mr. Mritunjay Kumar; Mr. Sourabh Garg Email; Mr. Babu Rapheal Email; Mr. Ranjeet Kumar Solanki DETAILS OF,Not assessed (no machine-readable text).
SEVEN SEAZ VACATIONS LIMITED,Little or no extractable text (likely scanned PDF — needs OCR).,,,,Not assessed (no machine-readable text).,DRHP: Ms. Nisha Singh; Mr. Vikas Jain; Mr. Guneet Sethi THE ISSUE TYPE FRESH; Mr. Guneet Sethi,Not assessed (no machine-readable text).
COMMAND POLYMERS LIMITED,Little or no extractable text (likely scanned PDF — needs OCR).,,,,Not assessed (no machine-readable text).,Promoter names not machine-extracted from sampled DRHP pages; verify in IPO prospectus or LinkedIn.,Not assessed (no machine-readable text).
Innovatus Entertainment Networks Limited,Little or no extractable text (likely scanned PDF — needs OCR).,,,,Not assessed (no machine-readable text).,DRHP: Ms. Sonal Gandhi,Not assessed (no machine-readable text).
Bizotic Commercial Limited,Little or no extractable text (likely scanned PDF — needs OCR).,,,,Not assessed (no machine-readable text).,DRHP: Sanjay Gupta; Sangita Aggarwala,Not assessed (no machine-readable text).
Avax Soft Technologies Limited,Little or no extractable text (likely scanned PDF — needs OCR).,,,,Not assessed (no machine-readable text).,DRHP: Mr. Manick Wadhwa Mr. Ghanisht Nagpal Email; Mrs. Rati Gupta Email; Mr. Harinderpal Singh Sodhi; Mr. Harish Kumar. For,Not assessed (no machine-readable text).
Maiden Forgings Limited,Little or no extractable text (likely scanned PDF — needs OCR).,,,,Not assessed (no machine-readable text).,DRHP: Ms. Monika Negi Company Secretary; Ms. Monika Negi; Mr. Nishant Garg; Ms. Nivedita Garg THE ISSUE INITIAL PUBLIC; Ms. Nivedita Garg,Not assessed (no machine-readable text).
Vivaa Tradecom Limited,Little or no extractable text (likely scanned PDF — needs OCR).,,,,Not assessed (no machine-readable text).,DRHP: Mr. Mitesh Adani. For,Not assessed (no machine-readable text).
PROSPECT COMMODITIES LIMITED,Little or no extractable text (likely scanned PDF — needs OCR).,,,,Not assessed (no machine-readable text).,DRHP: Ms. Bhargavi Pandya. Chief Financial Officer; Vimal Mishra; Priyanka Mishra,Not assessed (no machine-readable text).
Macfos Limited,Little or no extractable text (likely scanned PDF — needs OCR).,,,,Not assessed (no machine-readable text).,DRHP: Mr. Sagar Subhash Gulhane; Mr. Binod Prasad CIN Corporate Identification Number,Not assessed (no machine-readable text).
Manoj Jewellers Limited,Little or no extractable text (likely scanned PDF — needs OCR).,,,,Not assessed (no machine-readable text).,DRHP: Ms. Vaneeta Khanna; Ms. Vaneeta Khanna. DIN Directors Identification Number; Mr. Manoj Kumar. MOA; Mr. Manoj Kumar; Mr. Sunil Shantilal; Ms. Raj Kumari; Ms. Shalu. For; Mr. Shantilal Sammirmal Jain. Stakeholders Relationship Committee; Ms. Raj Kumari. KEY PERFORMANCE INDICATORS Key,Not assessed (no machine-readable text).
Dev Labtech Venture Limited,Little or no extractable text (likely scanned PDF — needs OCR).,,,,Not assessed (no machine-readable text).,DRHP: Mr. Pratik Ashokbhai Patel; Mr. Nikhil Shah Email; Mr. Shanti Gopalkrishnan Email; Mr. Jerambhai Lavjibhai Donda; Mrs. Labhuben Jerambhai Donda; Mr. Jay Jerambhai Donda For; Mr. Arunava Raha; Mr. Jerambhai Patel; Mrs. Vimlaben Bhlani; Mrs. Gauriben Bhlani Stakeholders Relationship Committee,Not assessed (no machine-readable text).
Labelkraft Technologies Limited,Little or no extractable text (likely scanned PDF — needs OCR).,,,,Not assessed (no machine-readable text).,DRHP: Mr. Mritunjay Kumar; Mr. Sourabh Garg Email; Mr. Babu Rapheal Email; Mr. Ranjeet Kumar Solanki DETAILS OF,Not assessed (no machine-readable text).
Earthstahl & Alloys Limited,Download failed (timeout or HTTP error).,,,,,Could not download DRHP PDF/ZIP for promoter extraction.,
PATRON EXIM LIMITED,Little or no extractable text (likely scanned PDF — needs OCR).,,,,Not assessed (no machine-readable text).,DRHP: Mr. Narendrakumar Patel; Mrs. Sushilabahen Patel Type Fresh Issue Size; Mrs. Sushilabahen Patel Promoter Group Companies; Mrs. Sonia Kakani. Chief Financial Officer; Mr. Hardikkumar Patel. Act; Mr. Narendrakumar Gangaramdas Patel; Mrs. Sushilabahen Narendrakumar Patel. For,Not assessed (no machine-readable text).
Sealmatic India Limited,Little or no extractable text (likely scanned PDF — needs OCR).,,,,Not assessed (no machine-readable text).,DRHP: Ms. Neha Pinak Chedda Company Secretary; Mr. Mohamed Hanif Chaudhari; Mr. Sadik S. Chaudhari; Mr. Abid Ali. Chaudhari; Mrs. Waheeda U. Balwa; Mr. Rafiq H. Balwa; Ms. Neha Pinak Chheda; Mr. Umar A. K. Balwa; Mr. Rafiq H. Balwa THE ISSUE INITIAL; Mr. Ratan Bhabutlal Kandare Company Secretary,Not assessed (no machine-readable text).
ITCONS E-SOLUTIONS LIMITED,Little or no extractable text (likely scanned PDF — needs OCR).,,,,Not assessed (no machine-readable text).,DRHP: Ms. Pooja Gupta Company Secretary; Mr. GAURAV MITTAL; Mrs. SWATI JAIN DETAILS OF OFFER TO; Mr. S. Ramakrishna Iyengar Telephone; Ms. K. Sreepriya Telephone; Ms. Pooja Gupta; Mrs. SWATI JAIN THE ISSUE INITIAL PUBLIC; Mr. Gaurav Mittal; Mrs. Swati Jain Promoter Group Includes; Mr. Chetan Prakash Mittal,Not assessed (no machine-readable text).
INNOKAIZ INDIA LIMITED,Little or no extractable text (likely scanned PDF — needs OCR).,,,,Not assessed (no machine-readable text).,DRHP: Ms. Mamta Saini Company Secretary; Ms. Dimple Magharam Slun Email; Ms. Mamta Saini; Mr. Balakrishnan Sukumarbalakrishnan DETAILS OF THE ISSUE; Mr. Balakrishnan Sukumarbalakrishnan,Not assessed (no machine-readable text).
Kalyani Cast-Tech Limited,Little or no extractable text (likely scanned PDF — needs OCR).,,,,Not assessed (no machine-readable text).,DRHP: Mr. Pankaj Kumar Company Secretary; Ms. Neha Maiya; Mr. Pankaj Kumar; Mr. Naresh Kumar; Mr. Javed Aslam; Mr. Nathmal Bangani; Ms. Kamala Kumari Jain; Ms. Muskan Bangani DETAILS OF THE ISSUE; Ms. Muskan Bangani,Not assessed (no machine-readable text).
AMANAYA VENTURES LIMITED,Little or no extractable text (likely scanned PDF — needs OCR).,,,,Not assessed (no machine-readable text).,DRHP: Mrs. Gurpreet Kaur Company Secretary; Mr. Satish Sheth; Ms. Mala Soneji Tel. No; Mr. Punit Mittal Tel. No; Mrs. Gurpreet Kaur; Mrs. Gurpreet Kaur. Director; Mrs. Rajni Mahajan. Materiality Policy; Mr. Manan Mahajan. Promoter Companies; Mr. Manan Mahajan. Willful Defaulter,Not assessed (no machine-readable text).
RESGEN LIMITED,Little or no extractable text (likely scanned PDF — needs OCR).,,,,Not assessed (no machine-readable text).,DRHP: Mr. Karan Atul Bora Managing Director Email; Ms. Dimple Magharam Slun Email; Mr. Swapnil Kate Email; Mr. Karan Atul Bora; Mr. Kunal Atul Bora For,Not assessed (no machine-readable text).
EBOR INDUSTRIES LIMITED,Little or no extractable text (likely scanned PDF — needs OCR).,,,,Not assessed (no machine-readable text).,DRHP: Mr. Vishal Girishkumar Suthar Company Secretary; Mr. DHRUMIL BIPIN PATEL DETAILS OF OFFER; Mr. S. Ramakrishna Iyengar Telephone; Mr. R.D. Ramasamy; Mr. Vishal Girishkumar Suthar; Mr. Dhrumil Bipin Patel THE ISSUE INITIAL; Mr. Dhrumil Bipin Patel. Promoter Group Includes; Mr. Dhrumil Bipin Patel. CIN Corporate Identification; Mr. Vishal Girishkumar Suthar Registered Office Plot,Not assessed (no machine-readable text).
SAN TRICA REALTORS LIMITED,Little or no extractable text (likely scanned PDF — needs OCR).,,,,Not assessed (no machine-readable text).,DRHP: Ms. Nupur Mohit Agrawal; Mr. Rushabh Shroff; Ms. Mala Soneji Tel. No; Mr. Babu Rapheal; Dr. Nitin Vithalrao Thorave Promoter Companies,Not assessed (no machine-readable text).
Bright Outdoor Media Limited,Little or no extractable text (likely scanned PDF — needs OCR).,,,,Not assessed (no machine-readable text).,DRHP: YOGESH JIWANLAL LAKHANI AND JAGRUTI YOGESH LAKHANI; Yogesh Jiwanlal Lakhani; Jagruti Yogesh,Not assessed (no machine-readable text).
CFF FLUID CONTROL LIMITED,Little or no extractable text (likely scanned PDF — needs OCR).,,,,Not assessed (no machine-readable text).,DRHP: Sunil Menon; Gautam Makker,Not assessed (no machine-readable text).
SUDARSHAN PHARMA INDUSTRIES LIMITED,Little or no extractable text (likely scanned PDF — needs OCR).,,,,Not assessed (no machine-readable text).,DRHP: Mr. Hemal Vasantrai Mehta Chairman; Ms. Dimple Magharam Slun Email; Mr. Hemal Vasantrai Mehta; Mr. Sachin Vasantrai Mehta DETAILS OF; Mr. Sachin Vasantrai Mehta,Not assessed (no machine-readable text).
SVS VENTURES LIMITED,Little or no extractable text (likely scanned PDF — needs OCR).,,,,Not assessed (no machine-readable text).,DRHP: Ms. Sanchita Kailashchandra Ojha Email; Mr. Babu Rapheal C. Tel No; Ms. Sanchita Kailashchandra Ojha; Mr. Shashikant Vedprakash Sharma Materiality Policy; Mr. Shashikant Vedprakash Sharma Promoter Companies,Not assessed (no machine-readable text).
LABDHI COMMERCIALS LIMITED,Little or no extractable text (likely scanned PDF — needs OCR).,,,,Not assessed (no machine-readable text).,DRHP: Mr. Nikunj Mahendrabhai Kanabar; Mr. Nikunj Mahendrabhai Kanabar. Corporate Identification Number; Mr. Manoj Kantilal Raka. MOA; Mr. Manoj Kantilal Raka; Mrs. Rakhi Manoj Raka. Promoter Group Such,Not assessed (no machine-readable text).
PNGS GARGI FASHION JEWELLERY LIMITED,"S. No. 37/1 & 37/2, Near Lokmat New Paper, Wadgaon, Khurd, Pune – 411 041, Maharashtra, India N.A. Ms. Bhargavi Pratish Aphale Company Secretary and Compliance Officer info@gargibypng.com",See DRHP ‘Industry / Business overview’ section.,www.bigshareonline.com; www.gargibypng.com; www.shreni.in,Extract from restated financials in DRHP (pattern not matched).,No DSIR / R&D recognition wording detected in sampled DRHP pages.,DRHP: Ms. Bhargavi Pratish Aphale Company Secretary; Mr. Parth Shah; Ms. Kritika Rupda E-mail; Mr. Aniket Chindarkar E-mail; Ms. Bhargavi Pratish Aphale; Ms. Bhargavi Pratish Aphale Corporate Identification Number; Mr. Prasad Prabhakar Ghodke MOA; Mr. Govind Vishwanath Gadgil; Ms. Renu Govind Gadgil,ISO certification mentioned
S. V. J. ENTERPRISES LIMITED,Little or no extractable text (likely scanned PDF — needs OCR).,,,,Not assessed (no machine-readable text).,DRHP: Ms. Saanvi Kargutkar Managing Director Email Id; Mr. Rushabh Shroff; Ms. Mala Soneji Email; Mr. Babu Rapheal; Ms. Saanvi Kargutkar; Mr. Suresh Jha; Ms. Veena Jha THE ISSUE PUBLIC ISSUE; Ms. Veena Jha,Not assessed (no machine-readable text).
SVS VENTURES LIMITED,"Block A, Office No. 1009, Mondeal Heights, Near Panchratna Party Plot, S. G. Highway, Ahmedabad 380 051, Gujarat, India Ms. Sanchita Kailashchandra Ojha Email: svsventures87@gmail.com;",See DRHP ‘Industry / Business overview’ section.,www.bigshareonline.com; www.focl.in; www.svsventures.co.in,Extract from restated financials in DRHP (pattern not matched).,No DSIR / R&D recognition wording detected in sampled DRHP pages.,DRHP: Ms. Sanchita Kailashchandra Ojha Email; Mr. Babu Rapheal C. Tel No; Ms. Sanchita Kailashchandra Ojha; Mr. Shashikant Vedprakash Sharma Materiality Policy; Mr. Shashikant Vedprakash Sharma Promoter Companies,capex / capital expenditure
Organic Recycling Systems Limited,"30A, Vashi, Navi Mumbai, Mumbai 400703 and having Corporate Identification Number U40106MH2008PLC186309.",See DRHP ‘Industry / Business overview’ section.,www.arihantcapital.com; www.maashitla.com; www.organicrecycling.co.in,Extract from restated financials in DRHP (pattern not matched).,No DSIR / R&D recognition wording detected in sampled DRHP pages.,DRHP: Ms. Zinal Mukund Shah Email; Ms. Zinal Mukund Shah; Mr. Sarang Bhand. For; Mr. Sarang Bhand; Mrs. Smita Suhas Bhand You,subsidiary / group structure
Droneacharya Aerial Innovations Limited,"Karnataka. The Corporate Identification Number of our Company is U29308KA2017PLC101287. For further details of change in name and change in Registered Office of our Company, please refer to section titled ‘",See DRHP ‘Industry / Business overview’ section.,www.bigshareonline.com; www.ccvindia.com; www.droneacharya.com,Extract from restated financials in DRHP (pattern not matched).,No DSIR / R&D recognition wording detected in sampled DRHP pages.,DRHP: Ms. Mukula Jayanat Joshi; Ms. Mukula Jayant Joshi; Mr. Prateek Srivastava; Mrs. Nikita Srivastava; Mrs. Nikita Srivastava. For,No explicit expansion/hiring/certification keywords in sampled pages — check MD&A / risk factors in full DRHP.
Transvoy Logistics India Limited,CORPORATE OFFICE CONTACT PERSON TELEPHONE AND EMAIL,See DRHP ‘Industry / Business overview’ section.,www.beelinemb.com; www.linkintime.co.in; www.transvoy.com,Extract from restated financials in DRHP (pattern not matched).,No DSIR / R&D recognition wording detected in sampled DRHP pages.,Mr. Ravindrakumar Kumarchandra Joshi,subsidiary / group structure
DAPS ADVERTISING LIMITED,"128, Clyde House, Office No. 9- B, The Mall, Kanpur, Uttar Pradesh – 208 001, India Pooja Kapoor Company Secretary and Compliance Officer. Email: investor@dapsadvertising.com",See DRHP ‘Industry / Business overview’ section.,www.bigshareonline.com; www.dapsadvertising.com; www.shreni.in,Extract from restated financials in DRHP (pattern not matched).,No DSIR / R&D recognition wording detected in sampled DRHP pages.,DRHP: AKHILESH CHATURVEDI; DHARMESH CHATURVEDI AND PARESH,ISO certification mentioned
STITCHED TEXTILES LIMITED,"1st Floor, Barcelona House, B/S",See DRHP ‘Industry / Business overview’ section.,www.barcelonaclub.in; www.bigshareonline.com; www.tcagroup.in,Extract from restated financials in DRHP (pattern not matched).,No DSIR / R&D recognition wording detected in sampled DRHP pages.,DRHP: Ms. Shivani Pathak; Mr. Garvit Bhola Telephone; Mr. Swapnil Kate Telephone,ISO certification mentioned
Haru Worldwide Limited,"Sukun Business Centre Nr. Fairdeal House, Swastik Cross Road, C. G. Road, Ahmedabad-380009, Gujarat, India. Promoters Mr. Anilkumar Runthala, Mrs. Harsha Sharma Promoter Group Companies, individuals and entities (other than companies) as defined under Regulation 2 sub-regulation (pp) of the SEBI ICDR Regulations, 2018. ―you‖, ―your‖ or ―yours‖ Prospective Investors in this Issue",See DRHP ‘Industry / Business overview’ section.,www.bigshareonline.com; www.haruworldwide.com; www.ifinservices.in,Extract from restated financials in DRHP (pattern not matched).,No DSIR / R&D recognition wording detected in sampled DRHP pages.,DRHP: Mr. Anil Runthala; Mrs. Harsha Sharma Type Fresh Issue Size; Mrs. Krishna Naik; Mr. Anilkumar Runthala; Mrs. Harsha Sharma Promoter Group Companies; Mr. Rakesh Dutta Companies Act Companies Act; Mrs. Harsha Sharma. For,No explicit expansion/hiring/certification keywords in sampled pages — check MD&A / risk factors in full DRHP.
Eastern Logica Infoway Ltd,Little or no extractable text (likely scanned PDF — needs OCR).,,,,Not assessed (no machine-readable text).,Promoter names not machine-extracted from sampled DRHP pages; verify in IPO prospectus or LinkedIn.,Not assessed (no machine-readable text).
Dharni Capital Services Limited,Little or no extractable text (likely scanned PDF — needs OCR).,,,,Not assessed (no machine-readable text).,DRHP: Mr. Hemant Dharnidharka; Mrs. Preeti Saraogi DETAILS OF OFFER TO; Mr. Jinesh Doshi Email; Mr. R.D. Ramasamy Email; Mr. Mayank Mundhra; Mrs. Preeti Saraogi DETAILS OF ISSUE INITIAL; Mr. Hemant Dharnidharka Materiality Policy; Mrs. Preeti Saraogi. For; Mrs. Preeti Saraogi,Not assessed (no machine-readable text).
Technopack Polymers Ltd.,"M/s Gokul Industries, Rafaleshvar Industrial Estate, Nr. Rafaleshvar Rlw. Track, Morbi, Jambudiya, Dist. Rajkot Gujarat – 363642 India Ms. Deepali Malpani,",See DRHP ‘Industry / Business overview’ section.,www.bigshareonline.com; www.iskadvisors.com; www.technopackltd.com,Extract from restated financials in DRHP (pattern not matched).,No DSIR / R&D recognition wording detected in sampled DRHP pages.,DRHP: Ms. Deepali Malpani; Mr. Kalpeshkumar Ishwarlal Pandya; Mr. Chetankumar Ishvarlal Pandya THE ISSUE INITIAL; Mr. Chetankumar Ishvarlal Pandya Promoter Group Such; Mr. Kalpesh Ishwarlal Pandya Company Secretary; Ms. Deepali Malpani Director,No explicit expansion/hiring/certification keywords in sampled pages — check MD&A / risk factors in full DRHP.
REX SEALING AND PACKING INDUSTRIES LIMITED,"A-207, 2nd Floor, Plot No.711 A, Byculla Services Industries, D K Road, Ghodapdeo, Byculla (East) Mumbai - 400027",See DRHP ‘Industry / Business overview’ section.,www.afsl.co.in; www.bigshareonline.com; www.rexseal.com,Extract from restated financials in DRHP (pattern not matched).,No DSIR / R&D recognition wording detected in sampled DRHP pages.,Promoter names not machine-extracted from sampled DRHP pages; verify in IPO prospectus or LinkedIn.,ISO certification mentioned
Cargotrans Maritime Limited,"DBZ-S-61A, 2nd Floor, Shyam Paragon, Gandhidham, Kachchh – 370 201, Gujarat Mrs. Chhayaben Mulani, Company Secretary & Compliance Officer Email ID:info@cargotrans.in Tel No: +91-90999-35142 www.cargotrans.in/",See DRHP ‘Industry / Business overview’ section.,www.bigshareonline.com; www.cargotrans.in; www.cargotrans.in/; www.hemsecurities.com,Extract from restated financials in DRHP (pattern not matched).,No DSIR / R&D recognition wording detected in sampled DRHP pages.,DRHP: Mrs. Chhayaben Mulani,No explicit expansion/hiring/certification keywords in sampled pages — check MD&A / risk factors in full DRHP.
AMBO AGRITEC LIMITED,Little or no extractable text (likely scanned PDF — needs OCR).,,,,Not assessed (no machine-readable text).,DRHP: Mrs. Sudha Jain Company Secretary; Mr. Umesh Kumar Agarwal DETAILS OF OFFER; Mr. S. Ramakrishna Iyengar Telephone; Mr. R.D. Ramasamy; Mrs. Sudha Jain; Mr. Umesh Kumar Agarwal THE ISSUE INITIAL; Mr. Umesh Kumar Agarwal. Promoter Group Includes; Mr. Atish Kumar Roy. CIN Corporate Identification,Not assessed (no machine-readable text).
PACE E-COMMERCE VENTURES LIMITED,Little or no extractable text (likely scanned PDF — needs OCR).,,,,Not assessed (no machine-readable text).,DRHP: Ms. Nikita Pediwal; Mr. Shaival Dharmendra Gandhi Type Fresh Issue; Mr. Shaival Gandhi Promoter Group Companies; Ms. Nikita Pediwal. Chief Financial Officer; Mr. Shaival Gandhi. Act; Mr. Kaushal Jitendra Doshi; Mr. Shaival Gandhi. For,Not assessed (no machine-readable text).
Vedant Asset Ltd,Little or no extractable text (likely scanned PDF — needs OCR).,,,,Not assessed (no machine-readable text).,DRHP: Mr. Shobhan Gupta; Mr. Sourabh Garg Email; Mr. Sagar Pathare Email; Mr. Lallit Tripathi; Mrs. Priyanka Maheshwari DETAILS OF THE ISSUE; Mrs. Priyanka Maheshwari. For,Not assessed (no machine-readable text).
Concord Control Systems Limited,Little or no extractable text (likely scanned PDF — needs OCR).,,,,Not assessed (no machine-readable text).,DRHP: Mrs. Lavisha Wadhwani Company Secretary; Mr. Nitin Jain; Mr. Gaurav Lath DETAILS OF THE ISSUE; Mr. Ajay Jain Email; Mr. Aniket Chindarkar Email; Mrs. Lavisha Wadhwani; Mr. Gaurav Lath. For; Mr. Gaurav Lath. Subsidiary Company The Subsidiary,Not assessed (no machine-readable text).
AMANAYA VENTURES LIMITED,Little or no extractable text (likely scanned PDF — needs OCR).,,,,Not assessed (no machine-readable text).,DRHP: Mrs. Gurpreet Kaur Company Secretary; Mr. Satish Sheth; Ms. Mala Soneji Tel. No; Mr. Punit Mittal Tel. No; Mrs. Gurpreet Kaur; Mrs. Gurpreet Kaur. Director; Mrs. Rajni Mahajan. Materiality Policy; Mr. Manan Mahajan. Promoter Companies; Mr. Manan Mahajan. Willful Defaulter,Not assessed (no machine-readable text).
Silicon Rental Solutions Ltd,Little or no extractable text (likely scanned PDF — needs OCR).,,,,Not assessed (no machine-readable text).,DRHP: Ms. Himanshi Tiwari; Ms. Anushka Sanjay Motiani,Not assessed (no machine-readable text).
Kedarnath Industries Limited,Little or no extractable text (likely scanned PDF — needs OCR).,,,,Not assessed (no machine-readable text).,DRHP: Mr. Jitendra Singh Rathore; Mr. Rohit Mittal Promoter Group; Mr. Rohit Mittal,Not assessed (no machine-readable text).
REETECH INTERNATIONAL CARGO AND COURIER LIMITED,"U51100CT2008PLC020983. For further Details of Incorporation and Change in Registered Office of our Company, please refer to s ection titled ‘",See DRHP ‘Industry / Business overview’ section.,www.bigshareonline.com; www.gretexcorporate.com; www.reetechinternational.com,Extract from restated financials in DRHP (pattern not matched).,No DSIR / R&D recognition wording detected in sampled DRHP pages.,DRHP: Ms. Chhaya Verma Company Secretary; Mr. Mahendra Ahuja Equity; Ms. Roma Ahuja Equity; Ms. Chhaya Verma; Mr. Mahendra Ahuja; Ms. Roma Ahuja THE ISSUE PUBLIC ISSUE; Ms. Roma Ahuja,No explicit expansion/hiring/certification keywords in sampled pages — check MD&A / risk factors in full DRHP.
INDONG TEA COMPANY LIMITED,Little or no extractable text (likely scanned PDF — needs OCR).,,,,Not assessed (no machine-readable text).,DRHP: Mr. Chandan Gupta; Mr. S. Ramakrishna Iyengar Telephone; Mr. R.D. Ramasamy; Mr. Hariram Garg; Mr. Madanlal Garg; Mr. Manoj Kumar Gan; Mr. Manoj Kumar Ganguly,Not assessed (no machine-readable text).
CONTAINE TECHNOLOGIES LIMITED,Little or no extractable text (likely scanned PDF — needs OCR).,,,,Not assessed (no machine-readable text).,DRHP: Mrs. Nikitha Sarda Company Secretary; Mr. Anand Kumar Seethala; Mrs. Botcha Bhavani DETAILS OF OFFER TO; Mr. S. Ramakrishna Iyengar Telephone; Mr. R.D. Ramasamy; Mrs. Nikitha Sarda; Mrs. Botcha Bhavani THE ISSUE INITIAL PUBLIC; Mrs. Botcha Bhavani. Promoter Group Includes,Not assessed (no machine-readable text).
Trident Lifeline Limited,Little or no extractable text (likely scanned PDF — needs OCR).,,,,Not assessed (no machine-readable text).,DRHP: Mr. Kunal Amrishbhai Chauhan Tel No; Mr. Nikhil Shah Email; Mr. Kunal Amrishbhai Chauhan PROMOTERS OF; Mr. Hardik Jigishkumar Desai; Mr. Mayurkumar Mansukhbhai Gajera; Mrs. Rinkal Mayurbhai Gajera; Mr. Tarang Nathabhai Gajera; Mr. Mohak Nathabhai Gajera; Mr. Hardik Jigishkumar Desai Chief Financial Officer; Mr. Mayurkumar Mansukhbhai Gajera Company Secretary,Not assessed (no machine-readable text).
STEELMAN TELECOM LTD.,Little or no extractable text (likely scanned PDF — needs OCR).,,,,Not assessed (no machine-readable text).,DRHP: Ms. Nidhi Goyal Company Secretary; Mr. Mahendra Bindal Equity; Mr. Mayank Bindal Equity; Ms. Dimple Magharam Slun Email; Mr. Aniket Chindarkar Email; Ms. Nidhi Goyal; Mr. Mayank Bindal THE ISSUE PUBLIC ISSUE; Mr. Mayank Bindal,Not assessed (no machine-readable text).
SHANTIDOOT INFRA SERVICES LIMITED,Little or no extractable text (likely scanned PDF — needs OCR).,,,,Not assessed (no machine-readable text).,DRHP: Ms. Anshu Anshuman Company Secretary; Mr. Avijeet Kumar Equity Shares; Ms. Anshu Anshuman; Mr. Avijeet Kumar,Not assessed (no machine-readable text).
Insolation Energy Limited,Little or no extractable text (likely scanned PDF — needs OCR).,,,,Not assessed (no machine-readable text).,DRHP: Mr. Manish Gupta; Mr. Vikas Jain DETAILS OF THE ISSUE; Mrs. Payal Jain Email; Mr. Aniket Chindarkar Email; Mr. Vikas Jain THE ISSUE INITIAL PUBLIC; Mr. Vikas Jain. For,Not assessed (no machine-readable text).
DIPNA PHARMACHEM LIMITED,Little or no extractable text (likely scanned PDF — needs OCR).,,,,Not assessed (no machine-readable text).,DRHP: Ms. Khushboo Jethaliya; Mr. Keyur Dipakkumar Shah Type Fresh Issue; Mr. Keyur Shah Promoter Group Companies; Ms. Khushboo Jethaliya. Chief Financial Officer; Mr. Keyur Parmar. Act; Mr. Keyur Shah. For,Not assessed (no machine-readable text).
Cargosol Logistics Limited,Little or no extractable text (likely scanned PDF — needs OCR).,,,,Not assessed (no machine-readable text).,DRHP: Mr. Sourabh Garg Email; Ms. Shanti Gopalkrishnan Email; Mr. Roshan Kishanchand Rohira; Mr. Samuel Janathan Muliyil DETAILS OF; Mr. Samuel Muliyil. For,Not assessed (no machine-readable text).
NATURO INDIABULL LIMITED,Little or no extractable text (likely scanned PDF — needs OCR).,,,,Not assessed (no machine-readable text).,DRHP: Ms. Shalini Joshi; Ms. Jyoti Choudhary; Mr. Gaurav Jain DETAILS OF OFFER TO; Mr. S. Ramakrishna Iyengar Telephone; Ms. Shanti Gopalkrishnan Telephone; Ms. JYOTI CHOUDHARY; Mr. GAURAV JAIN THE ISSUE INITIAL PUBLIC; Mr. Gaurav Jain; Mr. Rahul Khurana,Not assessed (no machine-readable text).
Mafia Trends Limited,Little or no extractable text (likely scanned PDF — needs OCR).,,,,Not assessed (no machine-readable text).,Promoter names not machine-extracted from sampled DRHP pages; verify in IPO prospectus or LinkedIn.,Not assessed (no machine-readable text).
MAAGH ADVERTISING AND MARKETING SERVICES LIMITED,Little or no extractable text (likely scanned PDF — needs OCR).,,,,Not assessed (no machine-readable text).,DRHP: Ms. Nidhi Jaiswal,Not assessed (no machine-readable text).
Rhetan TMT Limited,Little or no extractable text (likely scanned PDF — needs OCR).,,,,Not assessed (no machine-readable text).,Promoter names not machine-extracted from sampled DRHP pages; verify in IPO prospectus or LinkedIn.,Not assessed (no machine-readable text).
B-RIGHT REALESTATE LIMITED,Little or no extractable text (likely scanned PDF — needs OCR).,,,,Not assessed (no machine-readable text).,DRHP: Ms. Zoya Jahur Shaikh Company Secretary; Ms. Dimple Magharam Slun Email; Ms. Deepali Dhuri Email; Ms. Zoya Jahur Shaikh,Not assessed (no machine-readable text).
HEALTHY LIFE AGRITEC LIMITED,Little or no extractable text (likely scanned PDF — needs OCR).,,,,Not assessed (no machine-readable text).,DRHP: Mr. Shekhar Kapoor; Ms. DIVYA MOJJADA; Mr. S. Ramakrishna Iyengar Telephone; Mr. R.D. Ramasamy; Ms. Divya Mojjada; Mr. Sandeep Ramkirit Gaud,Not assessed (no machine-readable text).
JAYANT INFRATECH LIMITED,Little or no extractable text (likely scanned PDF — needs OCR).,,,,Not assessed (no machine-readable text).,DRHP: Mr. Sagar Subhash Gulhane Company Secretary; Ms. Dimple Magharam Slun Email; Mr. Swapnil Kate Email; Mr. Sagar Subhash Gulhane; Mr. Nilesh Jobanputra THE ISSUE PUBLIC ISSUE; Mr. Nilesh Jobanputra,Not assessed (no machine-readable text).
SAILANI TOURS N TRAVELS LIMITED,Little or no extractable text (likely scanned PDF — needs OCR).,,,,Not assessed (no machine-readable text).,DRHP: Ms. Purvi Agarwal Company Secretary; Ms. Dimple Magharam Slun Email; Mr. Swapnil Kate Email; Ms. Purvi Agarwal; Mr. Krishna Kumar Chanani; Ms. Sunita Chanani THE ISSUE PUBLIC ISSUE; Ms. Sunita Chanani,Not assessed (no machine-readable text).
Olatech Solutions Limited,Little or no extractable text (likely scanned PDF — needs OCR).,,,,Not assessed (no machine-readable text).,DRHP: Mr. Nitin Patidar; Ms. Kruti Doshi E-mail; Ms. Rati Gupta E-mail; Mr. Nitin Patidar Corporate Identification Number; Mr. Amit Kumar Singh MOA; Mr. Amit Kumar Singh Promoter Group Such,Not assessed (no machine-readable text).
Kesar India Limited,Little or no extractable text (likely scanned PDF — needs OCR).,,,,Not assessed (no machine-readable text).,Promoter names not machine-extracted from sampled DRHP pages; verify in IPO prospectus or LinkedIn.,Not assessed (no machine-readable text).
Modi's Navnirman Limited,Little or no extractable text (likely scanned PDF — needs OCR).,,,,Not assessed (no machine-readable text).,Promoter names not machine-extracted from sampled DRHP pages; verify in IPO prospectus or LinkedIn.,Not assessed (no machine-readable text).
Scarnose International Limited,Little or no extractable text (likely scanned PDF — needs OCR).,,,,Not assessed (no machine-readable text).,DRHP: Ms. Ankita Vivekkumar Shah; Mr. S. Ramakrishna Iyengar Telephone; Mr. R.D. Ramasamy; Mr. SHAH VIMALKUMAR MISHRILAL; Mr. HITESH LOONIA THE ISSUE INITIAL PUBLIC; Mr. Shah Vimalkumar Mishrilal; Mr. Hitesh Loonia. Promoter Group Includes; Ms. Sanjana Parmar,Not assessed (no machine-readable text).
Veerkrupa Jewellers Limited,Little or no extractable text (likely scanned PDF — needs OCR).,,,,Not assessed (no machine-readable text).,DRHP: Mr. Ankit Purushottam Sanchiher Email; Mr. Ankit Purushottam Sanchiher; Mr. Chirag Arvind Shah Materiality Policy; Mr. Chirag Arvind Shah And Mrs. Nehaben; Mrs. Nehaben Chiragbhai Shah Willful Defaulter,Not assessed (no machine-readable text).
SBS Food Courts Limited,Little or no extractable text (likely scanned PDF — needs OCR).,,,,Not assessed (no machine-readable text).,DRHP: Mr. Prashant Agarwal; Mr. Joseph Sequeira; Mrs. Catherine Lawrentia; Ms. Kritika Rupda Tel No; Ms. Catherine Lawrentia; Mr. Josly Eric Sequeira; Mr. Alwin Sequeira; Mr. Vansh Manish Shah; Ms. Deshma Richard Sequeira. Stakeholders Relationship Committee,Not assessed (no machine-readable text).
Silver Pearl Hospitality & Luxury Spaces Limited,Little or no extractable text (likely scanned PDF — needs OCR).,,,,Not assessed (no machine-readable text).,DRHP: Ms. Jyoti Antil,Not assessed (no machine-readable text).
Pearl Green Clubs and Resorts Limited,Little or no extractable text (likely scanned PDF — needs OCR).,,,,Not assessed (no machine-readable text).,DRHP: Ms. Kanika Wasson Company Secretary; Mr. Hemantsingh Naharsingh Jhala; Mr. Vikas Kumar Verma Email; Ms. K. Sreepriya Email; Mrs. Rekhadevi Hemantsingh Jhala. Promoters Group,Not assessed (no machine-readable text).
Goel Food Products Limited,Little or no extractable text (likely scanned PDF — needs OCR).,,,,Not assessed (no machine-readable text).,DRHP: Mr. Dinesh Goyal Managing Director Email Id; Mr. Dinesh Goyal Equity; Ms. Rashmi Goyal Equity; Mr. Dinesh Goyal; Mr. Dinesh Goyal THE ISSUE PUBLIC ISSUE,Not assessed (no machine-readable text).
Fone4 Communications (India) Limited,Little or no extractable text (likely scanned PDF — needs OCR).,,,,Not assessed (no machine-readable text).,DRHP: Ms. Nisha Shaw; Mr. S. Ramakrishna; Mr. S. Ramakrishna Iyengar Telephone; Mr. R.D. Ramasamy; Mr. Sayyed Hamid; Mrs. Roudha Zerlina; Mr. Sayyed Haris Sayyed Imbichi,Not assessed (no machine-readable text).
Sunrise Efficient Marketing Limited,Little or no extractable text (likely scanned PDF — needs OCR).,,,,Not assessed (no machine-readable text).,Promoter names not machine-extracted from sampled DRHP pages; verify in IPO prospectus or LinkedIn.,Not assessed (no machine-readable text).
Virtuoso Optoelectronics Limited,Little or no extractable text (likely scanned PDF — needs OCR).,,,,Not assessed (no machine-readable text).,Promoter names not machine-extracted from sampled DRHP pages; verify in IPO prospectus or LinkedIn.,Not assessed (no machine-readable text).
Global Longlife Hospital and Research Limited,Little or no extractable text (likely scanned PDF — needs OCR).,,,,Not assessed (no machine-readable text).,DRHP: Mr. Deepak Ravidatta Sharma; Mr. Deepak Sharma. Chief Financial Officer; Ms. Hetal Thakkar Director,Not assessed (no machine-readable text).
Scarnose International Limited,Little or no extractable text (likely scanned PDF — needs OCR).,,,,Not assessed (no machine-readable text).,DRHP: Ms. Ankita Vivekkumar Shah; Mr. S. Ramakrishna Iyengar Telephone; Mr. R.D. Ramasamy; Mr. SHAH VIMALKUMAR MISHRILAL; Mr. HITESH LOONIA THE ISSUE INITIAL PUBLIC; Mr. Shah Vimalkumar Mishrilal; Mr. Hitesh Loonia. Promoter Group Includes; Ms. Sanjana Parmar,Not assessed (no machine-readable text).
Bhatia Colour Chem Limited,Little or no extractable text (likely scanned PDF — needs OCR).,,,,Not assessed (no machine-readable text).,DRHP: Ms. Hiral Shah; Mr. Bharat Bhatia; Mr. Ramesh Bhatia; Mr. Ravi Bhatia Type Fresh Issue Size; Mr. Ravi Bhatia THE ISSUE PUBLIC ISSUE; Mr. Ravi Bhatia ISSUE SIZE Initial Public; as follows,Not assessed (no machine-readable text).
EVOQ REMEDIES LIMITED,Little or no extractable text (likely scanned PDF — needs OCR).,,,,Not assessed (no machine-readable text).,DRHP: Mr. Bhumishth Narendrabhai Patel Chairman; Mr. Mohit R. Goyal Email; Mr. Swapnil Kate Email; Mr. Tej Bharatkumar Hanj PROMOTERS OF; Mr. Bhumishth Narendrabhai Patel; Mrs. Payal Bhumishth Patel; Mr. Yogesh Rajput. Company Secretary; Mr. Tej Bharatkumar Hanj. Depositories Act; Mr. Bhumishth Patel,Not assessed (no machine-readable text).
Eighty Jewellers Limited,Little or no extractable text (likely scanned PDF — needs OCR).,,,,Not assessed (no machine-readable text).,DRHP: Mr. Nikesh Bardia; Mr. Tilok Chand Bardia; Mr. Nitin Kumar Bardia. DETAILS OF; Mr. Sourabh Garg Email; Mr. Swapnil Kate Email; Mr. Nitin Kumar Bardia. THE ISSUE INITIAL; Mr. Nikesh Bardia. Materiality Policy; Mr. Nitin Bardia; Mr. Nitin Kumar Bardia; Mr. Nikesh Bardia Stakeholders Relationship Committee,Not assessed (no machine-readable text).
EP Biocomposites Limited,Little or no extractable text (likely scanned PDF — needs OCR).,,,,Not assessed (no machine-readable text).,Promoter names not machine-extracted from sampled DRHP pages; verify in IPO prospectus or LinkedIn.,Not assessed (no machine-readable text).
Ekennis Software Service Limited,Little or no extractable text (likely scanned PDF — needs OCR).,,,,Not assessed (no machine-readable text).,DRHP: Ms. Sonali Corporate Identification Number; Ms. Manisha Sharma MOA; Ms. Manisha Sharma Promoter Group Such,Not assessed (no machine-readable text).
Dhyaani Tile and Marblez Limited,Little or no extractable text (likely scanned PDF — needs OCR).,,,,Not assessed (no machine-readable text).,DRHP: Ms. Foram Ajmeri; Mr. Chintan Nayan Bhai Rajyaguru Nomination; Mr. Chintan Nayan Bhai Rajyaguru Promoter Group; Mr. Chintan Nayan Bhai Rajyaguru SIZE OF,Not assessed (no machine-readable text).
Safa Systems & Technologies Limited,Little or no extractable text (likely scanned PDF — needs OCR).,,,,Not assessed (no machine-readable text).,DRHP: Ms. Pushpita Dasgupta; Mr. Faizal Bavaraparambil Abdul Khader; Mr. Bavaraparambil Abdhulkadher Hydrose; Mr. Harikrishnan Raghunathan Nair,Not assessed (no machine-readable text).
Alkosign Limited,Little or no extractable text (likely scanned PDF — needs OCR).,,,,Not assessed (no machine-readable text).,DRHP: Samir Narendra Shah; Akshaya Narendra Shah,Not assessed (no machine-readable text).
Maruti Interior Products Limited,Little or no extractable text (likely scanned PDF — needs OCR).,,,,Not assessed (no machine-readable text).,DRHP: Ms. Deepali Malpani; Mr. Paresh P. Lunagaria; Mr. Purushotam R. Lunagaria THE ISSUE PUBLIC; Mr. Purushotam R. Lunagaria Promoter Group Such; Mr. Nirmal P. Lunagaria Company Secretary; Ms. Deepali Malpani Director,Not assessed (no machine-readable text).
Quality RO Industries Limited,Little or no extractable text (likely scanned PDF — needs OCR).,,,,Not assessed (no machine-readable text).,DRHP: Mr. Vivek Dholiya; Mr. Narendra Gupta; Mr. Vivek Dholiya. MOA; Mr. Vivek Dholiya. For; Mrs. Damini Dholiya. Stakeholders Relationship Committee,Not assessed (no machine-readable text).
Achyut Healthcare Limited,"The reg istered office of our Company situated at 610 Colonade, B/H Iscon Temple, Opposite Iscon, BRTS Bus Stand, Iscon – Ambali Road, Ahmedabad- 380 058, Gujarat, India",See DRHP ‘Industry / Business overview’ section.,www.achyuthealthcare.com; www.gyrcapitaladvisors.com; www.kfintech.com,Extract from restated financials in DRHP (pattern not matched).,No DSIR / R&D recognition wording detected in sampled DRHP pages.,Promoter names not machine-extracted from sampled DRHP pages; verify in IPO prospectus or LinkedIn.,subsidiary / group structure
CLARA INDUSTRIES LIMITED,‘Our History and Certain Other Corporate Matters’ beginning on page 100 of this Draft Prospectus.,See DRHP ‘Industry / Business overview’ section.,www.bigshareonline.com; www.clara.co.in; www.gretexcorporate.com,Extract from restated financials in DRHP (pattern not matched).,No DSIR / R&D recognition wording detected in sampled DRHP pages.,DRHP: Ms. Parry Kukreja; Mr. Anurag Saharawat; Mr. Nikhil Kukreja,ISO certification mentioned; subsidiary / group structure
Fabino Life Sciences Limited,Download failed (timeout or HTTP error).,,,,,Could not download DRHP PDF/ZIP for promoter extraction.,
DMR HYDROENGINEERING & INFRASTRUCTURES LIMITED,"+91 1294360445; Email Id: investors@dmrengineering.net Website: www.dmrengineering.netContact Person: Mayank, Company Secretary and Compliance Officer",See DRHP ‘Industry / Business overview’ section.,www.dmrengineering.net; www.dmrengineering.netContact; www.shreni.in; www.skylinerta.com,Extract from restated financials in DRHP (pattern not matched).,No DSIR / R&D recognition wording detected in sampled DRHP pages.,DRHP: Mr. Krunal Pipalia SEBI Registration Number; Subhash Chander Mittal; Neelam Mittal,ISO certification mentioned
Omnipotent Industries Limited,"“History and Certain Other Corporate Matters’ on pages 34 and 73, respectively.",See DRHP ‘Industry / Business overview’ section.,www.bigshareonline.com; www.inventuremerchantbanker.com; www.omnipotent.co.in,Extract from restated financials in DRHP (pattern not matched).,No DSIR / R&D recognition wording detected in sampled DRHP pages.,Promoter names not machine-extracted from sampled DRHP pages; verify in IPO prospectus or LinkedIn.,ISO certification mentioned
Shashwat Furnishing Solutions Limited,"U20299RJ2021PLC073899. For further details, please refer to chapter titled “History and Corporate Structure” beginning on page 98 of this Draft Prospectus.",See DRHP ‘Industry / Business overview’ section.,www.beelinebroking.com; www.handicraftsvillage.com; www.kfintech.com,Extract from restated financials in DRHP (pattern not matched).,No DSIR / R&D recognition wording detected in sampled DRHP pages.,DRHP: Mr. Hitesh Karnawat; Mrs. Ratika Khandelwal; Mr. Hitesh Karnawat. For; Mr. Lalit Ghewarchand Karnawat. Stakeholders Relationship Committee,subsidiary / group structure
Brandbucket Media & Technology Limited,"Link Road, Anna Nagar, Andheri West, Mumbai-400053, Maharashtra, India. Restated Summary Audited restated summary statements of assets and liabilities as at March 31, 2021, 2020 and Brandbucket Media & Technology Limited – Draft Prospectus",See DRHP ‘Industry / Business overview’ section.,www.brandbucketmediatech.com; www.inventuremerchantbanker.com; www.satellitecorporate.com,Extract from restated financials in DRHP (pattern not matched).,No DSIR / R&D recognition wording detected in sampled DRHP pages.,Promoter names not machine-extracted from sampled DRHP pages; verify in IPO prospectus or LinkedIn.,ISO certification mentioned
Promax Power Ltd,Little or no extractable text (likely scanned PDF — needs OCR).,,,,Not assessed (no machine-readable text).,DRHP: Mrs. Puneet Kaur; Mr. VISHAL BHARDWAJ; Mrs. SHWETA BHARDWAJ THE ISSUE INITIAL PUBLIC; Mr. Vishal Bhardwaj; Mrs. Shweta Bhardwaj; Mr. Amar Nath Dey,Not assessed (no machine-readable text).
Suyog Gurbaxani Funicular Ropeways Limited,"“we”, “us” or “our” Unless the context otherwise indicates or implies, refers to our Company.",See DRHP ‘Industry / Business overview’ section.,www.afsl.co.in; www.kfintech.com; www.sgfrl.com,Extract from restated financials in DRHP (pattern not matched).,No DSIR / R&D recognition wording detected in sampled DRHP pages.,Mr. Rajkumar Gurbaxani,ISO certification mentioned
Prevest Denpro Limited,"Kashmir, India. “we”, “us” and “our” Unless the context otherwis e indicates or implies refers to our Company. “you”, “your” or “yours” Prospective investors in this Issue",See DRHP ‘Industry / Business overview’ section.,www.bigshareonline.com; www.hemsecurities.com; www.prevestdenpro.com,Extract from restated financials in DRHP (pattern not matched).,No DSIR / R&D recognition wording detected in sampled DRHP pages.,DRHP: Ms. Komal Mehra; Mr. Atul Modi; Mrs. Namrata Modi THE ISSUE INITIAL PUBLIC,ISO certification mentioned
Avyukta Dairy Products Limited,"the conversion of our Company to public limited Company, the name of our Company has been changed to “Avyukta Dairy Products Limited” vide fresh Certificate of Incorporation dated July 09, 2021 issued by the Registrar of Companies, Delhi. For further details of Incorporation, change of name and registered office of our Company, please refer to chapter titled “General Information” and “",See DRHP ‘Industry / Business overview’ section.,www.avyuktadairy.com; www.masserv.com; www.navigantcorp.com,Extract from restated financials in DRHP (pattern not matched).,No DSIR / R&D recognition wording detected in sampled DRHP pages.,DRHP: Ms. Nisha Singh; Ms. Anjani Mittal Promoters Group Companies; Mr. Avdhesh Mittal. Companies Act; Ms. Nisha Singh. Depositories Act The Depositories; Mr. Avdhesh Mittal; Ms. Anjani Mittal. For; Ms. Anjani Mittal,subsidiary / group structure
Getalong Enterprise Limited,"Registered Office: Office No. 402, B-Wing, Damji Shamji Corporate Square, Laxmi Nagar, Ghatkopar (East), Mumbai - 400 075, Maharashtra, India Tel: +91-85913 43631; E-mail: info@getalongenterprise.com; Website: www.getalongenterprise.com Contact Person: Isha Deepak Zatakia, Company Secretary and Compliance Officer",See DRHP ‘Industry / Business overview’ section.,www.getalongenterprise.com; www.linkintime.co.in; www.shreni.in,Extract from restated financials in DRHP (pattern not matched).,No DSIR / R&D recognition wording detected in sampled DRHP pages.,Promoter names not machine-extracted from sampled DRHP pages; verify in IPO prospectus or LinkedIn.,subsidiary / group structure
Markolines Traffic Controls Limited,Little or no extractable text (likely scanned PDF — needs OCR).,,,,Not assessed (no machine-readable text).,DRHP: Mr. Parag Sudhir Jagdale; Mr. Sanjay Bhanudas Patil; Mr. Karan Atul Bora,Not assessed (no machine-readable text).
Samor Reality Limited,Little or no extractable text (likely scanned PDF — needs OCR).,,,,Not assessed (no machine-readable text).,DRHP: Ms. Pooja Aidasani; Mr. Birjukumar Ajitbhai Shah; Mrs. Jagrutiben Birjubhai Shah THE ISSUE PUBLIC; Mrs. Jagrutiben Birjubhai Shah. For; Mr. Birjukumar Ajit; Mrs. Jagrutiben Birjubhai Shah; Mr. Akshay Sevantilal Mehta; Mr. Mukesh Premchand Shah; Mr. Rohit Dalpatbhai Shah; Mr. Pinkesh Ajitbhai Shah,Not assessed (no machine-readable text).
Aashka Hospitals Limited,Little or no extractable text (likely scanned PDF — needs OCR).,,,,Not assessed (no machine-readable text).,Promoter names not machine-extracted from sampled DRHP pages; verify in IPO prospectus or LinkedIn.,Not assessed (no machine-readable text).
GRETEX CORPORATE SERVICES LIMITED,"of our Company, please refer to section titled ‘Our History and Certain Other Corporate Matters’ beginning on page 104 of this Draft Prospectus",See DRHP ‘Industry / Business overview’ section.,www.afsl.co.in; www.bigshareonline.com; www.gretexcorporate.com,Extract from restated financials in DRHP (pattern not matched).,No DSIR / R&D recognition wording detected in sampled DRHP pages.,DRHP: Mr. Janil Jain; Mr. Arvind Harlalka; Mr. Alok Harlalka; Mr. Vastal Ganatra SEBI Registration No; Mr. Swapnil Kate SEBI Registration No,ISO certification mentioned
Focus Business Solution Limited,Little or no extractable text (likely scanned PDF — needs OCR).,,,,Not assessed (no machine-readable text).,DRHP: Ms. Radha Rameshbhai Gohil; Mr. Vikas Chhangani PURVA SHAREGISTRY; Mr. Rajesh Shah; Ms. Purva Shah; Ms. Deepali Dhuri ISSUE PROGRAMME ISSUE OPENS; Mr. Mohamedyaseen Muhammadbhai Nathani; Mr. Mohamedamin Mohammad Nathani Promoters Group Companies; Mr. Mohammed Ilyas Shaikh. Companies Act; Ms. Radha Rameshbhai Gohil. Depositories Act; Mr. Mohamedamin Mohammad Nathani. For,Not assessed (no machine-readable text).
Prevest Denpro Limited,Little or no extractable text (likely scanned PDF — needs OCR).,,,,Not assessed (no machine-readable text).,DRHP: Ms. Komal Mehra; Mr. Atul Modi; Mrs. Namrata Modi THE ISSUE INITIAL PUBLIC,Not assessed (no machine-readable text).
Nanavati Ventures Limited,Little or no extractable text (likely scanned PDF — needs OCR).,,,,Not assessed (no machine-readable text).,DRHP: Mr. Pankaj Valjibhai Pandav; Mrs. Kashmira Hemantkumar Nanavati; Mr. Shreykumar Hasmukhbhai Sheth; Ms. Vaishnavi Hemantkumar Nanavati Promoter Group Includes; Mr. Yashkumar Sarjubhai Trivedi,Not assessed (no machine-readable text).
Getalong Enterprise Limited,Little or no extractable text (likely scanned PDF — needs OCR).,,,,Not assessed (no machine-readable text).,Promoter names not machine-extracted from sampled DRHP pages; verify in IPO prospectus or LinkedIn.,Not assessed (no machine-readable text).
Visaman Global Sales Limited,Little or no extractable text (likely scanned PDF — needs OCR).,,,,Not assessed (no machine-readable text).,DRHP: Ms. Ankita Anil Jain; Mr. MITULKUMAR SURESHCHANDRA VASA; Mr. SURESHCHANDRA GULABCHAND VASA THE ISSUE INITIAL; Mr. Mitulkumar Sureshchandra Vasa; Mr. Sureshchandra Gulabchand Vasa; Mr. Vishvas Sureshbhai Bhimjiyani,Not assessed (no machine-readable text).
Adeshwar Meditex Limited,Download failed (timeout or HTTP error).,,,,,Could not download DRHP PDF/ZIP for promoter extraction.,
Shri Venkatesh Refineries Limited,Little or no extractable text (likely scanned PDF — needs OCR).,,,,Not assessed (no machine-readable text).,DRHP: Ms. Sapna Kamaldas Vaishnav; Mr. Anil Ganapati Kabre; Mr. Shantanu Ramesh Kabre; Mr. Prasad Dinesh Kabre THE ISSUE INITIAL; Mr. Dinesh Ganapati Kabre Materiality Policy; Mr. Dinesh Ganapati Kabre; Mr. Anil Ganpati Kabre; Mr. Prasad Dinesh Kabre; Mr. Ramesh Ganapati Kabre. Stakeholders Relationship Committee,Not assessed (no machine-readable text).
SBL Infratech Limited,Little or no extractable text (likely scanned PDF — needs OCR).,,,,Not assessed (no machine-readable text).,DRHP: Mr. Sarfraz Taherbhai Mulla; Mr. Ankit Sharma; Ms. Shifali Sharma Promoters Group; Ms. Shifali Sharma. For,Not assessed (no machine-readable text).
JETMALL SPICES AND MASALA LIMITED,Little or no extractable text (likely scanned PDF — needs OCR).,,,,Not assessed (no machine-readable text).,DRHP: Ms Sheethal Jayandra Mehta; Mr. Jatin Pandya Company Secretary; Ms. Sheethal Jayandra Mehta Director; Mr Bharat Kumar Pukhrajji Promoter Group Such,Not assessed (no machine-readable text).
Rangoli Tradecomm Ltd,Little or no extractable text (likely scanned PDF — needs OCR).,,,,Not assessed (no machine-readable text).,Promoter names not machine-extracted from sampled DRHP pages; verify in IPO prospectus or LinkedIn.,Not assessed (no machine-readable text).
Times Green Energy (India) Limited,Little or no extractable text (likely scanned PDF — needs OCR).,,,,Not assessed (no machine-readable text).,DRHP: Mr. Ashutosh Shukla; Mrs. Dinne Lakshmi Jumaal; Mrs. Kanuparthi Vani THE ISSUE PUBLIC ISSUE; Mrs. Dinne Lakshmi Juma; Mrs. Kanuparthi Vani Promoter Group Such; Mr. Srinivas Prasad Kanuparthi Company Secretary; Mr Ashutosh Shukla. Director,Not assessed (no machine-readable text).
EKI Energy Services Limited,"LEAST 2(TWO) WORKING DAYS PRIOR TO THE BID/ ISSUE O PENING DATE AND SHALL BE MADE AVAILABLE TO BSE LIMI TED (“BSE”, REFERRED TO AS THE “STOCK EXCHANGE”) FOR THE PURPOSE OF UPLOADING ON THEIR WEBSITE IN ACCORDANCE WITH SECURITIES AND EXCHANGE BOARD OF INDIA (ISSUE OF CAPITALAND DISCLOSURE REQUIREMENTS) REGULATIONS, 2018, AS AMENDED (THE “SEBI ICDR REGULATIONS”).",See DRHP ‘Industry / Business overview’ section.,www.bigshareonline.com; www.enkingint.org; www.hemsecurities.com,Extract from restated financials in DRHP (pattern not matched).,No DSIR / R&D recognition wording detected in sampled DRHP pages.,DRHP: Ms. Itisha Sahu; Mr. Manish Kumar Dabkara THE ISSUE INITIAL; Mr. Manish Kumar Dabkara For; Mr. Manish Kuma,ISO certification mentioned
Times Green Energy (India) Limited,"For further details pertaining to the change of name of our Company and the change in Registered Office, please refer the chapter ―History and Certain Corporate Matters‖ on page no.90 of this Draft Prospectus.",See DRHP ‘Industry / Business overview’ section.,www.afsl.co.in; www.bigshareonline.com; www.timesgreenenergy.com,Extract from restated financials in DRHP (pattern not matched).,No DSIR / R&D recognition wording detected in sampled DRHP pages.,DRHP: Mr. Ashutosh Shukla; Mrs. Dinne Lakshmi Jumaal; Mrs. Kanuparthi Vani THE ISSUE PUBLIC ISSUE; Mrs. Dinne Lakshmi Juma; Mrs. Kanuparthi Vani Promoter Group Such; Mr. Srinivas Prasad Kanuparthi Company Secretary; Mr Ashutosh Shukla. Director,ISO certification mentioned
MRP Agro Limited,chapter titled “History and Corporate Structure” beginning on page 98 of this Draft Prospectus.,See DRHP ‘Industry / Business overview’ section.,www.beelinebroking.com; www.mrpagro.com; www.skylinerta.com,Extract from restated financials in DRHP (pattern not matched).,No DSIR / R&D recognition wording detected in sampled DRHP pages.,DRHP: Mr. Manish Kumar Jain; Mrs Raksha Jain; Mrs. Raksha Jain Stakeholders Relationship Committee Stakeholder,ISO certification mentioned; subsidiary / group structure
Knowledge Marine & Engineering Works Limited,"Limited Company pursuant to the special resolution passed by the shareholders at the Extra-Ordinary General Meeting of our Company held on January 23, 2020 and consequent upon conversion the name of our Company was changed to “Knowledge Marine & Engineering Works Limited” vide a fresh certificate of incorporation dated January 31, 2020 bearing",See DRHP ‘Industry / Business overview’ section.,www.hemsecurities.com; www.kmew.in; www.linkintime.co.in,Extract from restated financials in DRHP (pattern not matched).,No DSIR / R&D recognition wording detected in sampled DRHP pages.,DRHP: Ms. Sonali Chetan Gor; Mr. Saurabh M. Daswani; Mrs. Kanak S. Kewalramani THE ISSUE INITIAL; Mr. Saurabh M. Daswani Materiality Policy; Mrs. Kanak S. Kewalramani; Mr. Pinkesh Kewalramani; Mr. Saurabh Daswani Stakeholders Relationship Committee,subsidiary / group structure
AA Plus Tradelink Limited,"Near Jain Temple, Jambli Gali, Borivali (West), Mumbai - 400092, Maharashtra, India. Restated Summary Statements Audited restated summary statements of assets and liabilities as at March 31, 2020, 2019 and 2018 and audited restated summary statements of profits and losses and cash flows for AA Plus Tradelink Limited – Draft Prospectus",See DRHP ‘Industry / Business overview’ section.,www.aaplustradelink.com; www.inventuremerchantbanker.com; www.purvashare.com,Extract from restated financials in DRHP (pattern not matched).,No DSIR / R&D recognition wording detected in sampled DRHP pages.,Promoter names not machine-extracted from sampled DRHP pages; verify in IPO prospectus or LinkedIn.,ISO certification mentioned
Navoday Enterprises Limited,"Maharashtra, on August 20, 2020. For details of changes in registered office please refer “History and Certain Other Corporate Matters’ on page 73.",See DRHP ‘Industry / Business overview’ section.,www.inventuremerchantbanker.com; www.navodayenterprise.com; www.satellitecorporate.com,Extract from restated financials in DRHP (pattern not matched).,No DSIR / R&D recognition wording detected in sampled DRHP pages.,Promoter names not machine-extracted from sampled DRHP pages; verify in IPO prospectus or LinkedIn.,ISO certification mentioned
Rajeshwari Cans Limited,"96 Mahagujarat Industrial Esta te, Moraiya, Ta: Sanand, Ahmedaba d - 382210, Gujarat, India Promoter(s) / Core Promoter(s) 1",See DRHP ‘Industry / Business overview’ section.,www.bigshareonline.com; www.fedsec.in; www.rajeshwaricans.com,Extract from restated financials in DRHP (pattern not matched).,No DSIR / R&D recognition wording detected in sampled DRHP pages.,DRHP: Ms. Vishakha Gujrati,No explicit expansion/hiring/certification keywords in sampled pages — check MD&A / risk factors in full DRHP.
G M Polyplast Limited,Little or no extractable text (likely scanned PDF — needs OCR).,,,,Not assessed (no machine-readable text).,DRHP: Ms. Dimple Amrit Parmar; Mr. Dinesh Balbirsingh Sharma; Ms. Sarita Dinesh Sharma; Ms. Sarita Dinesh Sharma Stakeholders,Not assessed (no machine-readable text).
Adishakti Loha and Ispat Limited.,"Subsequently our Company was converted into a Public Limited Company and a fresh certificate of incorporation consequent upon conversion of the Company to public limited company in the name of the “Adishakti Loha and Ispat Limited” was granted by the Registrar of Companies, Delhi on March 04, 2020. Corporate Identity Number (",See DRHP ‘Industry / Business overview’ section.,http://adishaktiloha.com/; www.bigshareonline.com; www.tcagroup.in,Extract from restated financials in DRHP (pattern not matched).,No DSIR / R&D recognition wording detected in sampled DRHP pages.,DRHP: Mr. Bhuwan Singh Taragi; Mr. Pawan Kumar Mittal Promoter Group; Mr. Pawan Kumar Mittal; Mrs. Kiran Mittal; Mrs. Rukmani Devi Mittal,subsidiary / group structure
PlatinumOne Business Services Limited,Little or no extractable text (likely scanned PDF — needs OCR).,,,,Not assessed (no machine-readable text).,DRHP: Ms. Sony Devhare; Mr. Amey Narendra Saxena Materiality Policy; Mr. Amey Narendra Saxena; Mr. Ratul Lahiri; Mr. Vivek Yogendra Kumar,Not assessed (no machine-readable text).
Secmark Consultancy Limited,Little or no extractable text (likely scanned PDF — needs OCR).,,,,Not assessed (no machine-readable text).,DRHP: Mr. Sunil Kumar Bang; Mrs. Indira Vijay Ramaiya; Mrs. Ilaben Jaswantlal Shah; Mr. Binod Chandra Maharana,Not assessed (no machine-readable text).
Veer Global Infraconstruction Limited,Little or no extractable text (likely scanned PDF — needs OCR).,,,,Not assessed (no machine-readable text).,DRHP: Ms. Deepali Chundawat; Mr. Vijaybhai Vagjibhai Bhanshali; Mrs. Anita Vijay Bhanshali; Mr. Vinod Mohanlal Jain; Mr. Mukesh Chunilal Jain; Mr. Abhishek Mukesh Jain,Not assessed (no machine-readable text).
Atam Valves Limited,Little or no extractable text (likely scanned PDF — needs OCR).,,,,Not assessed (no machine-readable text).,Promoter names not machine-extracted from sampled DRHP pages; verify in IPO prospectus or LinkedIn.,Not assessed (no machine-readable text).
Shine Fashions (India) Limited,"Mulund West Mumbai -400080, Maharashtra “you”, “your” or “yours” Prospective investors in this Issue",See DRHP ‘Industry / Business overview’ section.,www.amfabrics.in; www.cameoindia.com; www.shreni.in,Extract from restated financials in DRHP (pattern not matched).,No DSIR / R&D recognition wording detected in sampled DRHP pages.,DRHP: Mr. Anil Mehta; Ms Nidhi Jain; Ms. Nidhi Jain Director; Mr. Anish Anil Mehta Materiality Policy; Mr. Anish Anil Mehta; Mr. Anil Zaverchand Mehta; Mr. Anish Anil Mehta Mrs. Binal Anish; Ms. Purvi Anil Sanghvi; Mr. Ankit Hareshkumar Doshi; Mr. Sagar Hareshkumar Doshi,ISO certification mentioned; subsidiary / group structure
Advait Infratech Limited,Little or no extractable text (likely scanned PDF — needs OCR).,,,,Not assessed (no machine-readable text).,DRHP: Mr Dipesh Panchal; Mr. Shalin Sheth; Mrs Rejal Sheth THE ISSUE PUBLIC ISSUE; Mrs. Rejal Sheth Promoter Group Such; Mrs. Rejal Sheth Company Secretary; Mr. Dipesh Panchal CSR Committee,Not assessed (no machine-readable text).
Billwin Industries Limited,Little or no extractable text (likely scanned PDF — needs OCR).,,,,Not assessed (no machine-readable text).,DRHP: Ms. Payal Ankit Doshi; Mr. Subrata Dey Materiality Policy; Mr. Subrata Dey; Ms. Smita Subrata Dey,Not assessed (no machine-readable text).
DJ Mediaprint & Logistics Limited,Little or no extractable text (likely scanned PDF — needs OCR).,,,,Not assessed (no machine-readable text).,DRHP: Ms. Khushboo Mahesh Lalji; Mr. Dinesh Muddu Kotian; Mr. Santhosh Muddu Kotian. Promoter Group Includes; Mr. Dhanraj Dayanand Kunder,Not assessed (no machine-readable text).
Cospower Engineering Limited,Little or no extractable text (likely scanned PDF — needs OCR).,,,,Not assessed (no machine-readable text).,DRHP: Ms. Garima Garg; Ms. Garima Garg Director; Mr. Oswald Rosario Dsouza MOA; Mr. Oswald Rosario Dsouza; Mr. Felix Shridhar Kadam Promoter Group Includes; Mr. Felix Shridhar Kadam. Issue Related Terms,Not assessed (no machine-readable text).
Suratwwala Business Group Limited,Little or no extractable text (likely scanned PDF — needs OCR).,,,,Not assessed (no machine-readable text).,DRHP: Mrs. Prathama Nitin Gandhi; Mr. Manoj Dhansukhlal Suratwala THE ISSUE INITIAL,Not assessed (no machine-readable text).
SM Auto Stamping Limited,"“we”, “us” and “our” Unless the context otherwis e indicates or implies refers to our Company. “you”, “your” or “yours” Prospective investors in this Issue",See DRHP ‘Industry / Business overview’ section.,www.bigshareonline.com; www.hemsecurities.com; www.smautostamping.com,Extract from restated financials in DRHP (pattern not matched).,No DSIR / R&D recognition wording detected in sampled DRHP pages.,DRHP: Mrs. Priya Anuj Khadilkar; Mr. Mukund Narayan Kulkarni; Mr. Suresh Gunwant Fegde; Mrs. Alka Mukund Kulkarni THE ISSUE INITIAL; Mr. Suresh GunwantFegde; Mrs. AlkaMukundKulkarni. For,subsidiary / group structure
RO Jewels Limited,Little or no extractable text (likely scanned PDF — needs OCR).,,,,Not assessed (no machine-readable text).,DRHP: Mr. Bharat Rasiklal Shah; Mrs. Pravinaben Shah; Mr. Shubham Bharatbhai Shah Promoter Companies,Not assessed (no machine-readable text).
Chandra Bhagat Pharma Limited,Little or no extractable text (likely scanned PDF — needs OCR).,,,,Not assessed (no machine-readable text).,DRHP: Dr. Ambedkar Road; Mr. Pranav Bhagat PROMOTERS OF THE; Mr. Hemant Chandravadan Bhagat; Mr. Pranav Hemant Bhagat; Mr. Hemant Chandravadan Bhagat Chief Financial Officer; Mrs. Prachi Bhagat. Company Secretary; Mrs. Prachi Bhagat Group Companies Group Companies; Mr. Pranav Hemant Bhagat ISSUE RELATED TERMS; Mr. Pranav Hemant Bhagat. For; Mrs. Prachi Pranav Bhagat,Not assessed (no machine-readable text).
ICL Organic Dairy Products Ltd,Little or no extractable text (likely scanned PDF — needs OCR).,,,,Not assessed (no machine-readable text).,DRHP: Ms. Neha Mittal; Mr. Roop Kishore Gola; Mr. Avadhesh Kumar Gola. Promoter Group Includes; Mr. Anil Kumar Sahu,Not assessed (no machine-readable text).
Bonlon Industries Limited,Little or no extractable text (likely scanned PDF — needs OCR).,,,,Not assessed (no machine-readable text).,DRHP: Mr. Raj Jain; Mr. Arun Kumar Jain THE ISSUE PUBLIC; Mr. Arun Kumar Jain,Not assessed (no machine-readable text).
Rainbow Crop Health Limited,Little or no extractable text (likely scanned PDF — needs OCR).,,,,Not assessed (no machine-readable text).,DRHP: Ms. Ginny Uppal; Mr. Ajay Rulhania; Ms. Rekha Rani. Promoters Group Companies; Ms. Rekha Rani. For,Not assessed (no machine-readable text).
Green Farm Bio-Gen  Limited,Little or no extractable text (likely scanned PDF — needs OCR).,,,,Not assessed (no machine-readable text).,DRHP: Ms. Nisha Bhagat; Mr. Rajesh Nama Companies Act; Mr. PrafulKumar Chavda; Mr. Prafulkumar Najabhai Chavda,Not assessed (no machine-readable text).
Anuroop Packaging Limited,Little or no extractable text (likely scanned PDF — needs OCR).,,,,Not assessed (no machine-readable text).,DRHP: Mr. Amarnath Matadin Sharma; Mr. Akash Amarnath Sharma; Mr. Akshay Amarnath Sharma; Mr. Amarnath Matadin Sharma SSPL Sara Solutions,Not assessed (no machine-readable text).
Gensol Engineering Limited,Little or no extractable text (likely scanned PDF — needs OCR).,,,,Not assessed (no machine-readable text).,Promoter names not machine-extracted from sampled DRHP pages; verify in IPO prospectus or LinkedIn.,Not assessed (no machine-readable text).
Suyog Gurbaxani Funicular Ropeways Limited,Little or no extractable text (likely scanned PDF — needs OCR).,,,,Not assessed (no machine-readable text).,Mr. Rajkumar Gurbaxani,Not assessed (no machine-readable text).
Misquita Engineering Limited,Little or no extractable text (likely scanned PDF — needs OCR).,,,,Not assessed (no machine-readable text).,DRHP: Ms. Bhawini Surana; Mr. Thomas Constance Avinash Misquita; Ms. Gail Lucia Misquita Promoter Group Persons; Mr. Thomas Constance Avinash Misquita Stakeholders,Not assessed (no machine-readable text).
Novateor Research Laboratories Limited,Little or no extractable text (likely scanned PDF — needs OCR).,,,,Not assessed (no machine-readable text).,DRHP: Mr. Navdeep Subhashbhai Mehta; Mrs. Tejal Navdeep Mehta Promoter Companies,Not assessed (no machine-readable text).
Galactico Corporate Services Limited,Little or no extractable text (likely scanned PDF — needs OCR).,,,,Not assessed (no machine-readable text).,DRHP: Ms. Harshika Thakkar; Mr. Vipul Lathi THE OFFER PUBLIC OFFER; Mr. Vipul Lathi Promoter Group Such; Mr. Vishal Sancheti. CIN; Ms. Harshika Thakkar. Director; Mr. Vipul Lathi. MOA; Mr. Vipul Lathi Stakeholders,Not assessed (no machine-readable text).
Goblin India Limited,Little or no extractable text (likely scanned PDF — needs OCR).,,,,Not assessed (no machine-readable text).,DRHP: Ms. Farhat Mohanif Patel; Mr. Manojkumar Choukhany; Mrs. Sonam Choukhany. For; Mrs. Sonam Choukhany. Abridged Prospectus Abridged,Not assessed (no machine-readable text).
Gian Life Care Limited,Little or no extractable text (likely scanned PDF — needs OCR).,,,,Not assessed (no machine-readable text).,DRHP: Mr. Anil Bhargava SEBIRegn.No. INM; Mr. Arun Kumar Gupta Materiality Policy; Mr. Arun Kumar Gupta Promoter Group Includes; Mr. Arun Kumar Gupta; Mrs. Avani Gupta; Mr. Devang Agarwal; Ms. Rashika Agarwal; Mr. Manjeet Singh; Mr. Pravin Tomar; Ms. Akanksha Gupta. Issue,Not assessed (no machine-readable text).
Tutorials Point (India) Limited,Little or no extractable text (likely scanned PDF — needs OCR).,,,,Not assessed (no machine-readable text).,DRHP: Mr. Mohammad Mohtashim. Nomination; Mr. Mohammad Mohtashim; Mrs. Mahnaz Fatima Promoter Group Persons,Not assessed (no machine-readable text).
Jiya Eco India Limited,"Bhavnagar – 364313, Gujarat. “we”, “us” and “our” Unless the context otherwise indicates or implies, refers to our Company “you”, “your” or “yours” Prospective investors in this Issue",See DRHP ‘Industry / Business overview’ section.,www.bigshareonline.com; www.hemsecurities.com; www.jiyaecoindia.com,Extract from restated financials in DRHP (pattern not matched).,No DSIR / R&D recognition wording detected in sampled DRHP pages.,DRHP: Ms. Akanksha Akhilesh Srivastava; Mr. Bhavesh Jivrajbhai Kakadiya; Mr. Yogeshkumar Chimanlal Patel THE ISSUE INITIAL; Mr. Yogeshkumar Chimanlal Patel. For; Mrs. Hetalben Bhaveshbhai Kakadiya; Mr. Vipulbhai S. Vora. Mrs. Rita Vora; Mr. Jivrajbhai Gopalbhai Kakadiya. Issue Relat; Mr. Jivrajbhai Gopalbhai Kakadiya. Issue Related Terms,ISO certification mentioned; subsidiary / group structure
Ramsons Food Products Limited,Little or no extractable text (likely scanned PDF — needs OCR).,,,,Not assessed (no machine-readable text).,DRHP: Ms. Priya Dubey; Mr. Ashok Gupta; Mr. Pardeep Kumar Gupta; Mr. Bhushan Gupta; Ms. Archana Gupta; Mr. Anu Gupta; Ms. Anita Gupta; Ms. Sandhya Gupta Promoters Group Companies; Ms. Sandhya Gupta. For,Not assessed (no machine-readable text).
Greens Food Crafts India Limited,Little or no extractable text (likely scanned PDF — needs OCR).,,,,Not assessed (no machine-readable text).,DRHP: Mr. Satish Madhavanarayanan; Mr. SATISH MADHAVANARAYAN AND Mr. ANIL CHENNALINGE; Mr. Jagadeesh Bommegowda; Mrs. Meenakshi Gundlupet Venkatappa; Mr. Anil Chennalinge Gowda. For,Not assessed (no machine-readable text).
Meera Industries Ltd,Little or no extractable text (likely scanned PDF — needs OCR).,,,,Not assessed (no machine-readable text).,DRHP: Ms. Bhavisha K. Khakhkhar; Mr. Dharmesh V. Desai; Mrs. Bijal D. Desai. Promoter Group Such,Not assessed (no machine-readable text).
Party Cruisers Limited,Little or no extractable text (likely scanned PDF — needs OCR).,,,,Not assessed (no machine-readable text).,DRHP: Mr. Rushabh Shroff; Mr. Satish Sheth; Ms. Mala So SEBI Registration No; Mr. Arihant R. Sukhlecha; Mr. Arihant R. Sukhlecha Director; Mr. Zuzer Hatim Lucknowala; Mrs. Rachana Zuzer Lucknowala Promoter Companies,Not assessed (no machine-readable text).
Rajat City Developers Limited,Little or no extractable text (likely scanned PDF — needs OCR).,,,,Not assessed (no machine-readable text).,DRHP: Dr. Rajat Arora Registered Office; Dr. Rajat Arora; Dr. Jagdish Kumar Arora,Not assessed (no machine-readable text).
SBC Exports Limited,Little or no extractable text (likely scanned PDF — needs OCR).,,,,Not assessed (no machine-readable text).,DRHP: Mr. Hari Om Sharma; Mr. Dheerendra Gupta; Mrs. Deepika Gupta Promoters Group Companies; Mr. Mukesh Bhatt. Companies Act; Mr. Hari Om Sharma. Corporate Office; Mrs. Deepika Gupta; Mr. Sandeep Kumar Gupta; Mrs. Sarika Gupta; Mr. Dheerendra Kumar Gupta; Mr. Gaurav Gupta,Not assessed (no machine-readable text).
City Pulse Multiplex Limited,Little or no extractable text (likely scanned PDF — needs OCR).,,,,Not assessed (no machine-readable text).,DRHP: Ms Divya Jitendrakumar Agrawal Website; Mr. Arpit Kumar Mehta; Mrs. Rajal Arpit Mehta For,Not assessed (no machine-readable text).
Parshva Enterprises Limited,Little or no extractable text (likely scanned PDF — needs OCR).,,,,Not assessed (no machine-readable text).,Promoter names not machine-extracted from sampled DRHP pages; verify in IPO prospectus or LinkedIn.,Not assessed (no machine-readable text).
Earum Pharmaceuticals Limited,Little or no extractable text (likely scanned PDF — needs OCR).,,,,Not assessed (no machine-readable text).,DRHP: Mr. Parsotam Kantilal Purohit; Mr. Bhumishth Narendrabhai Patel; Mrs. Payal Bhumishth Patel THE ISSUE INITIAL; Mrs. Payal Bhumishth Patel. For; Mrs. Payal Bhumishth Patel Issue Rela; Mrs. Payal Bhumishth Patel Issue Related Terms,Not assessed (no machine-readable text).
Gensol Engineering Limited,Little or no extractable text (likely scanned PDF — needs OCR).,,,,Not assessed (no machine-readable text).,Promoter names not machine-extracted from sampled DRHP pages; verify in IPO prospectus or LinkedIn.,Not assessed (no machine-readable text).
Mangalam Alloys Limited,Little or no extractable text (likely scanned PDF — needs OCR).,,,,Not assessed (no machine-readable text).,DRHP: Mr. Viplove Singh Kushwah; Mr. Uttamchand Chandanmal Mehta; Mr. Tushar Uttamchand Mehta. Promoter Group Includes; Mr. Uttamchand Mehta; Mr. Maheshchand Jain. Stock Exchange Unless,Not assessed (no machine-readable text).
White Organic Retail Limited,Little or no extractable text (likely scanned PDF — needs OCR).,,,,Not assessed (no machine-readable text).,DRHP: Ms. Charmi Sagar Jobalia; Mr. Darshak Mahesh Rupani; Mr. Prashantt Mahesh Rupani; Mr. Ronak Vinod Desai,Not assessed (no machine-readable text).
Suich Industries Limited,"], EACH WITH WIDE CIRCULATION, AT LEAST 2 (TWO) WORKING DAYS PRIOR TO THE BID / ISSUE OPENING DATE WITH THE RELEVANT FINANCIAL RATIOS CALCULATED AT THE FLOOR PRICE AND THE CAP PRICE AND SHALL BE MADE AVAILABLE TO THE BSE LIMITED REFERRED TO AS THE “STOCK EXCHANGE” FOR T HE PURPOSE OF UPLOADING ON ITS",See DRHP ‘Industry / Business overview’ section.,www.linkintime.co.in; www.pantomathgroup.com; www.suichgroup.com,Extract from restated financials in DRHP (pattern not matched).,No DSIR / R&D recognition wording detected in sampled DRHP pages.,Promoter names not machine-extracted from sampled DRHP pages; verify in IPO prospectus or LinkedIn.,No explicit expansion/hiring/certification keywords in sampled pages — check MD&A / risk factors in full DRHP.
Evans Electric Limited,Little or no extractable text (likely scanned PDF — needs OCR).,,,,Not assessed (no machine-readable text).,DRHP: Mr. Deepak YPatil; Mr. Ivor Anthony Desouza THE ISSUE INITIAL; Mr. Ivor Anthony Desouza. For,Not assessed (no machine-readable text).
Artemis Electricals Limited,"of our Company, please refer to the chapter titled “General Information” and “History and Certain Other Corporate Matters” beginning on page 54 and 156 respectively of this Draft Red Herring Prospectus",See DRHP ‘Industry / Business overview’ section.,www.artemiselectricals.com; www.cameoindia.com; www.fedsec.in,Extract from restated financials in DRHP (pattern not matched).,No DSIR / R&D recognition wording detected in sampled DRHP pages.,DRHP: 1) Pravin Kumar Agarwal,ISO certification mentioned
V R FILMS & STUDIOS LIMITED,Download failed (timeout or HTTP error).,,,,,Could not download DRHP PDF/ZIP for promoter extraction.,
Kaneri Agro Industries Limited,"Lodariyal, Bavla Sanand Road, Ahmedabad-382220. Our Promoters Mr. Ritesh Kaushikbhai Patel, Mr. Nilesh Kaushikbhai Patel and Mrs. Palak Ritesh Patel Promoters Group Companies, individuals and entities (other than companies) as defined under Regulation 2(1)(pp) of the SEBI (ICDR) Regulations, 2018 which is provided in the chapter titled “Our Promoters and Promoters Group”.",See DRHP ‘Industry / Business overview’ section.,www.beelinebroking.com; www.kaneriagro.in; www.linkintime.co.in,Extract from restated financials in DRHP (pattern not matched).,No DSIR / R&D recognition wording detected in sampled DRHP pages.,DRHP: Ms. Asha Rameshwarlal Jain; Mr. Ritesh Kaushikbhai Patel; Mr. Nilesh Kaushikbhai Patel; Mrs. Palak Ritesh Patel Promoters Group Companies; Mr. Nileshkumar Kaushikbhai Patel; Mrs. Palak Ritesh Patel. For; Mrs. Palak Ritesh Patel; Mrs. Nidhi Nileshkumar Patel; Mrs. Indiraben Kaushikbhai Patel; Mr. Kaushikkumar Bhogilal Patel,ISO certification mentioned
SK International Export Limited,"78, Ground floor, A -2 Shah & Nahar Industrial Estate, Sitaram Jadhav Marg, Lower Parel, Mumbai-400013, Maharashtra, India “We”, “the”, “our” or “us” Unless the context otherwise indicates or implies, refers to our Company",See DRHP ‘Industry / Business overview’ section.,https://karisma.karvy.com; www.finshoregroup.com; www.skinternational.in,Extract from restated financials in DRHP (pattern not matched).,No DSIR / R&D recognition wording detected in sampled DRHP pages.,DRHP: Mr. Hitesh Shrawankumar Sadh; Mr. Shrawankumar Sadh; Mr. Hitesh Shrawankumar Sadh For,capex / capital expenditure; ISO certification mentioned; subsidiary / group structure
Jinaam’s Dress Limited,Certain Corporate Matters” beginning on page 106 of this Draft Prospectus.,See DRHP ‘Industry / Business overview’ section.,www.bigshareonline.com; www.jinaam.comCorporate; www.smccapitals.com,Extract from restated financials in DRHP (pattern not matched).,No DSIR / R&D recognition wording detected in sampled DRHP pages.,DRHP: Rahul Hemraj Oswal; Vishal Hemraj Oswal; Pritam Hemraj Oswal,No explicit expansion/hiring/certification keywords in sampled pages — check MD&A / risk factors in full DRHP.
Pentech Metals Limited,Certain Corporate Matters” on page no. 92 of this Draft Prospectus.,See DRHP ‘Industry / Business overview’ section.,www.afsl.co.in; www.bigshareonline.com; www.pentechmetals.co.in,Extract from restated financials in DRHP (pattern not matched).,No DSIR / R&D recognition wording detected in sampled DRHP pages.,DRHP: Ms. Surabhi Agrawal; Mrs. Tina Gandhi THE ISSUE PUBLIC ISSUE; Mrs. Tina Gandhi Promoter Group Such; Mr. Nikhil Chaudhari Company Secretary; Ms. Surabhi Agrawal Director,No explicit expansion/hiring/certification keywords in sampled pages — check MD&A / risk factors in full DRHP.
Artemis Electricals Limited,"Maharashtra dated August 27, 2015 and name of our Company was changed to “Artemis Electricals Limited”. The Corporate Identification Number is U51505MH2009PLC196683. For details of incorporation, change of name and registered office of our Company, please refer to the chapter titled “General Information” and “",See DRHP ‘Industry / Business overview’ section.,www.artemiselectricals.com; www.cameoindia.com; www.fedsec.in,Extract from restated financials in DRHP (pattern not matched).,No DSIR / R&D recognition wording detected in sampled DRHP pages.,DRHP: 1) Pravin Kumar Agarwal,ISO certification mentioned
Cian Healthcare Limited,"of our Company, please refer to the chapter titled “General Information” and “Our History and Certain Other Corporate Matters” beginning on page 52 and 157 respectively of this Draft Red Herring Prospectus",See DRHP ‘Industry / Business overview’ section.,www.bigshareonline.com; www.cian.co; www.fedsec.in,Extract from restated financials in DRHP (pattern not matched).,No DSIR / R&D recognition wording detected in sampled DRHP pages.,DRHP: Suraj Zanwar; Kavita,ISO certification mentioned
G. K. P. Printing & Packaging Limited,Little or no extractable text (likely scanned PDF — needs OCR).,,,,Not assessed (no machine-readable text).,DRHP: Mr. Keval Harshad Goradia Nomination; Mr. Keval Harshad Goradia; Mrs. Payal Keval Goradia Promoter Group Persons,Not assessed (no machine-readable text).
Anand Rayons Limited,Little or no extractable text (likely scanned PDF — needs OCR).,,,,Not assessed (no machine-readable text).,DRHP: Mr. Rahul Makwana; Mr. Anand Bakshi Promoter Group Companies; Mr. Anand Bakshi; Mr. Gokul Bakshi; Mrs. Vasu Bakshi; Mrs. Hema Mishra; Mrs. Jigisha Chorwala; Mrs. Nila Gandhi,Not assessed (no machine-readable text).
Pentech Metals Limited,Little or no extractable text (likely scanned PDF — needs OCR).,,,,Not assessed (no machine-readable text).,DRHP: Ms. Surabhi Agrawal; Mrs. Tina Gandhi THE ISSUE PUBLIC ISSUE; Mrs. Tina Gandhi Promoter Group Such; Mr. Nikhil Chaudhari Company Secretary; Ms. Surabhi Agrawal Director,Not assessed (no machine-readable text).
Roopshri Resorts Limited,Little or no extractable text (likely scanned PDF — needs OCR).,,,,Not assessed (no machine-readable text).,DRHP: Ms. Darshana Tapase; Mrs. Roopa Shah THE ISSUE PUBLIC ISSUE; Mrs. Roopa Shah Promoter Group Such; Ms. Darshana Tapase Director,Not assessed (no machine-readable text).
Mahip Industries Ltd,Little or no extractable text (likely scanned PDF — needs OCR).,,,,Not assessed (no machine-readable text).,DRHP: Ms. Annapoornaben Tarunkumar Agrawal; Mr. Lalit Kumar Verma Companies Act; Mr. Rajiv Govindram Agrawal; Mr. Rajesh Jain; Mr. Bansidhar Jain; Mrs. Anita Garg; Mr. Sanjeev Garg; Mrs. Renu Jain; Mrs. Kaushiya Jain Stakeholders Relationship Committee Stakeholder,Not assessed (no machine-readable text).
Ashapuri Gold Ornament Limited,Little or no extractable text (likely scanned PDF — needs OCR).,,,,Not assessed (no machine-readable text).,DRHP: Mr. Prince Saraf; Mr. Saremal Soni; Mr. Dinesh Soni; Mr. Jitendra Soni. Promoter Group Such,Not assessed (no machine-readable text).
Welpar Pharmbizz Limited,Little or no extractable text (likely scanned PDF — needs OCR).,,,,Not assessed (no machine-readable text).,DRHP: Ms. Mitti Mitesh Jain; Mr. Dipesh Paras Chhajed MoA; Mr. Paras Kanhaiyalal Chhajed; Mr. Dipesh Paras Chhajed; Mr. Manish Paras Chhajed Promoter Group Persons; Mr. Manish Paras Chhajed For; Mr. Manish Paras Chhajed; Mr. Kiran Paras Chhajed; Ms. Anita Kiran Chhajed; Ms. Chandrakala Manish Chhajed,Not assessed (no machine-readable text).
Kuberan Global Edu Solutions Limited,Little or no extractable text (likely scanned PDF — needs OCR).,,,,Not assessed (no machine-readable text).,Promoter names not machine-extracted from sampled DRHP pages; verify in IPO prospectus or LinkedIn.,Not assessed (no machine-readable text).
Northern Spirits Ltd,Little or no extractable text (likely scanned PDF — needs OCR).,,,,Not assessed (no machine-readable text).,DRHP: Ms. Nikita Sureka; Mr. Kulbir Bakshi; Mr. Anuj Bakshi; Mr. Ankush Bakshi; Mr. Amit Kumar,Not assessed (no machine-readable text).
Humming Bird Education Limited,Little or no extractable text (likely scanned PDF — needs OCR).,,,,Not assessed (no machine-readable text).,DRHP: Mr. Mayank Pratap Singh; Mr. Nitesh Jain; Mr. Narender Kumar Jain Promoters Group Companies; Mrs. Vaishali Jain. Companies Act; Mr. Mayank Pratap Singh Corporate Office; Mr. Narender Kumar Jain. For,Not assessed (no machine-readable text).
Tutorials Point (India) Limited,Little or no extractable text (likely scanned PDF — needs OCR).,,,,Not assessed (no machine-readable text).,DRHP: Mr. Mohammad Mohtashim. Nomination; Mr. Mohammad Mohtashim; Mrs. Mahnaz Fatima Promoter Group Persons,Not assessed (no machine-readable text).
Gleam Fabmat Limited,Little or no extractable text (likely scanned PDF — needs OCR).,,,,Not assessed (no machine-readable text).,DRHP: Mr. Amit Gupta; Mr. Arun Gupta; Mr. Anil Kumar Gupta THE ISSUE PUBLIC; Mr. Anil Kumar Gupta Promoter Group Such; Mr. Amit Gupta Company Secretary; Mr. Navneet Gupta Director,Not assessed (no machine-readable text).
Ritco Logistics Limited,Little or no extractable text (likely scanned PDF — needs OCR).,,,,Not assessed (no machine-readable text).,Promoter names not machine-extracted from sampled DRHP pages; verify in IPO prospectus or LinkedIn.,Not assessed (no machine-readable text).
Anmol India Limited,Little or no extractable text (likely scanned PDF — needs OCR).,,,,Not assessed (no machine-readable text).,DRHP: Ms. Parabhjot Kaur; Mr. Vijay Kumar; Mr. Chakshu Goyal Promoter Group Companies; Mr. Chakshu Goyal. For; Mr. Chakshu Goyal; Mrs. Neelam Rani; Mr. Tilak Raj; Mr. Sahil Aggarwal,Not assessed (no machine-readable text).
Kranti Industries Limited,Little or no extractable text (likely scanned PDF — needs OCR).,,,,Not assessed (no machine-readable text).,DRHP: Mr. Bhavesh Subhash Selarka; Mrs. Sheela Dhawale. Company Secretary; Mr. Bhavesh Subhash Selarka. Equity Shares Equity; Mr. Sachin Subhash Vora; Mr. Sumit Subhash Vora; Mrs. Indubala Subhash Vora For; Mrs. Basanti Kundanmal Vora Stakeholders,Not assessed (no machine-readable text).
Axiom consulting limited,Little or no extractable text (likely scanned PDF — needs OCR).,,,,Not assessed (no machine-readable text).,Promoter names not machine-extracted from sampled DRHP pages; verify in IPO prospectus or LinkedIn.,Not assessed (no machine-readable text).
