Company Name,City,Industry Segment,Website,Revenue Band,CIN,ICP_Blended_Weighted_Score,ICP_Weighted_Score,Reject_Phase,Reject_Reason_Codes,Dedupe_Winner_Company,Dedupe_Basis
Aashka Hospitals Limited,Little or no extractable text (likely scanned PDF — needs OCR).,unknown,,unknown,,15.0,15.0,step8,no_website_url,,
ACCELERATEBS INDIA LIMITED,Little or no extractable text (likely scanned PDF — needs OCR).,unknown,,unknown,,30.0,30.0,step8,no_website_url,,
Adcounty Media India Limited,Little or no extractable text (likely scanned PDF — needs OCR).,unknown,,unknown,,30.0,30.0,step8,no_website_url,,
Adeshwar Meditex Limited,Download failed (timeout or HTTP error).,unknown,,unknown,,15.0,15.0,step8,no_website_url,,
Adishakti Loha and Ispat Limited.,"Subsequently our Company was converted into a Public Limited Company and a fresh certificate of incorporation consequent upon conversion of the Company to public limited company in the name of the “Adishakti Loha and Ispat Limited” was granted by the Registrar of Companies, Delhi...",unspecified_see_drhp,http://adishaktiloha.com/; www.bigshareonline.com; www.tcagroup.in,Extract from restated financials in DRHP (pattern not matched).,,40.0,40.0,step8,duplicate_dedupe|basis:website_host,STITCHED TEXTILES LIMITED,website_host
ADMACH SYSTEMS LIMITED,"Survey No 122, Village Nandoshi, Off Pune Sinhagad Road, Khadakwasla R",unspecified_see_drhp,https://maashitla.com; www.admach.co.in; www.aftertrade.in,Extract from restated financials in DRHP (pattern not matched).,,45.0,45.0,step8,duplicate_dedupe|basis:website_host,JKV SOLUTIONS LIMITED,website_host
Advait Infratech Limited,Little or no extractable text (likely scanned PDF — needs OCR).,unknown,,unknown,,30.0,30.0,step8,no_website_url,,
Advance Technoforge Limited,and Certain Corporate Matters” on page 150.,unspecified_see_drhp,www.advancetechforge.co; www.advancetechforge.com/; www.kfintech.com; www.suncapitalservices.co.in,Extract from restated financials in DRHP (pattern not matched).,,30.0,30.0,step8,duplicate_dedupe|basis:website_host,Safecure Services Limited,website_host
AEGEUS TECHNOLOGIES LIMITED,"Central Processing Centre has issued a new certificate of incorporation consequent upon conversion dated August 08, 2024, bearing",unspecified_see_drhp,https://tcagroup.in; www.aegeustechnologies.com; www.skylinerta.com,Extract from restated financials in DRHP (pattern not matched).,,50.0,50.0,step8,duplicate_dedupe|basis:website_host,STITCHED TEXTILES LIMITED,website_host
AHASolar Technologies Limited,Little or no extractable text (likely scanned PDF — needs OCR).,unknown,,unknown,,30.0,30.0,step8,no_website_url,,
AIK Pipes and Polymers Limited,Contact Person Email and Telephone,unspecified_see_drhp,www.aikpipes.com; www.shreni.in; www.skylinerta.com,Extract from restated financials in DRHP (pattern not matched).,,30.0,30.0,step8,duplicate_dedupe|basis:website_host,Shine Fashions (India) Limited,website_host
Ajwa Projects Limited,"details on incorporation and registered office of our Company, see “",unspecified_see_drhp,www.ajwaprojects.com; www.kfintech.com; www.wealthminenetworks.com,Extract from restated financials in DRHP (pattern not matched).,,50.0,50.0,step8,duplicate_dedupe|basis:website_host,Seemax Resources Limited,website_host
Alkosign Limited,Little or no extractable text (likely scanned PDF — needs OCR).,unknown,,unknown,,30.0,30.0,step8,no_website_url,,
ALPHALOGIC INDUSTRIES LIMITED,Little or no extractable text (likely scanned PDF — needs OCR).,unknown,,unknown,,30.0,30.0,step8,no_website_url,,
AMANAYA VENTURES LIMITED,Little or no extractable text (likely scanned PDF — needs OCR).,unknown,,unknown,,30.0,30.0,step8,no_website_url,,
AMBO AGRITEC LIMITED,Little or no extractable text (likely scanned PDF — needs OCR).,unknown,,unknown,,30.0,30.0,step8,no_website_url,,
AMIC FORGING LIMITED,Little or no extractable text (likely scanned PDF — needs OCR).,unknown,,unknown,,30.0,30.0,step8,no_website_url,,
Amkay Products Limited,Little or no extractable text (likely scanned PDF — needs OCR).,unknown,,unknown,,15.0,15.0,step8,no_website_url,,
Amtech Esters Limited,"Restated Financial Statements The financial information of the Company which comprises of the restated statement of assets and liabilities, Profit and Loss and Cash Flows for the financial year ended March 31, 2024, March 31, 2023 and March 31, 2022 and for the period ended June ...",unspecified_see_drhp,https://www.amtechesters.com/; www.maashitla.com; www.sobhagyacapital.com,Extract from restated financials in DRHP (pattern not matched).,,50.0,50.0,step8,duplicate_dedupe|basis:website_host,L. T. Elevator Limited,website_host
Amwill Health Care Limited,"Chamrajpet, Bangalore – 560 018, Karnataka, India.",Pharma / Biotech,https://www.ibef.org/news/premiumisation-internet-drive-growth-of-beauty-industry-in-india-report; www.amwillhealthcare.com; www.bigshareonline.com; www.unistonecapital.com,Extract from restated financials in DRHP (pattern not matched).,,45.0,45.0,step8,duplicate_dedupe|basis:website_host,STANBIK AGRO LIMITED,website_host
Anand Rayons Limited,Little or no extractable text (likely scanned PDF — needs OCR).,unknown,,unknown,,30.0,30.0,step8,no_website_url,,
Anand Seamless Limited,"Ronak Jhuthawat & Co., Practi",unspecified_see_drhp,http://www.aftertrade.in; https://www.anandseamless.com/; www.in.mpms.mufg.com,Extract from restated financials in DRHP (pattern not matched).,,35.0,35.0,step8,duplicate_dedupe|basis:website_host,JKV SOLUTIONS LIMITED,website_host
Anmol India Limited,Little or no extractable text (likely scanned PDF — needs OCR).,unknown,,unknown,,30.0,30.0,step8,no_website_url,,
Anmol India Limited,Little or no extractable text (likely scanned PDF — needs OCR).,unknown,,unknown,,30.0,30.0,step8,no_website_url,,
ANUBHAV PLAST LIMITED,"01, 1987, vide certificate of incorporation bearing",unspecified_see_drhp,www.anubhavpole.com; www.bigshareonline.com; www.capitalsquare.in,Extract from restated financials in DRHP (pattern not matched).,,35.0,35.0,step8,duplicate_dedupe|basis:website_host,M.R.MANIVENI FOODS LIMITED,website_host
Anuroop Packaging Limited,Little or no extractable text (likely scanned PDF — needs OCR).,unknown,,unknown,,30.0,30.0,step8,no_website_url,,
Apollo Techno Industries Limited,"the Bid Opening Date and the Bid/ Issue Closing Date and the floor price or price band along with necessary details subject to regulation 250 of SEBI ICRD Regulations. This advertisement, subject to the provisions of section 30 of the Companies Act, 2013, shall be in the format p...",unspecified_see_drhp,https://in.mpms.mufg.com/; www.apollotechno.com; www.beelinemb.com,₹25–100 Cr (approx from lakhs),,70.0,70.0,step8,duplicate_dedupe|basis:website_host,SK International Export Limited,website_host
ARC DISTRIBUTORS (I) LIMITED,chapter titled “History and Corporate Structure” beginning on page 162 of this Draft Red Herring Prospectus.,unspecified_see_drhp,www.arc-distributors.com,Extract from restated financials in DRHP (pattern not matched).,,35.0,35.0,step8,trading_import_export_name_keyword,,
Archit Nuwood Industries Limited,"Company was converted into Public Limited Company and name of company was changed to “Archit Nuwood Industries Limited” vide fresh certificate of incorporation dated December 27, 2023 issued by the Registrar of Companies, Delhi. For further details, pleas e refer to chapter title...","21. In Chapter titled “Our Management” beginning on Page 163 of the Draft Red Herring Prospectus, table of ‘ Family Rela",www.architnuwood.com; www.maashitla.com; www.shareindia.com,Extract from restated financials in DRHP (pattern not matched).,,40.0,40.0,step8,duplicate_dedupe|basis:website_host,VVIP Infratech Limited,website_host
ARROWHEAD SEPERATION ENGINEERING LIMITED,Little or no extractable text (likely scanned PDF — needs OCR).,unknown,,unknown,,15.0,15.0,step8,no_website_url,,
Artemis Electricals Limited,"Maharashtra dated August 27, 2015 and name of our Company was changed to “Artemis Electricals Limited”",unspecified_see_drhp,www.artemiselectricals.com; www.cameoindia.com; www.fedsec.in,Extract from restated financials in DRHP (pattern not matched).,U51505MH2009PLC196683,65.0,65.0,step8,duplicate_dedupe|basis:website_host,Shine Fashions (India) Limited,website_host
Artemis Electricals Limited,"of our Company, please refer to the chapter titled “General Information” and “History and Certain Other Corporate Matters” beginning on page 54 and 156 respectively of this Draft Red Herring Prospectus",unspecified_see_drhp,www.artemiselectricals.com; www.cameoindia.com; www.fedsec.in,Extract from restated financials in DRHP (pattern not matched).,,55.0,55.0,step8,duplicate_dedupe|basis:website_host,Shine Fashions (India) Limited,website_host
ASARFI HOSPITAL LIMITED,Little or no extractable text (likely scanned PDF — needs OCR).,unknown,,unknown,,15.0,15.0,step8,no_website_url,,
Ashapuri Gold Ornament Limited,Little or no extractable text (likely scanned PDF — needs OCR).,unknown,,unknown,,30.0,30.0,step8,no_website_url,,
ASSTON PHARMACEUTICALS LIMITED,"Bhavan, Plot No 42A Sector -11 CBD Bel apur, Navi Mumbai, Thane – 400 614, 3 | P a g e",unspecified_see_drhp,www.asstonpharmaceuticals.com; www.sobhagyacapital.com,Extract from restated financials in DRHP (pattern not matched).,,40.0,40.0,step8,duplicate_dedupe|basis:website_host,L. T. Elevator Limited,website_host
Astron Multigrain Limited,Download failed (timeout or HTTP error).,unknown,,unknown,,30.0,30.0,step8,no_website_url,,
Atam Valves Limited,Little or no extractable text (likely scanned PDF — needs OCR).,unknown,,unknown,,15.0,15.0,step8,no_website_url,,
Aten Papers and Foam Limited,"Madhav Nagar, 11/12 S V Road, Andheri West, Mumbai City – 400058 (Maharashtra)",unspecified_see_drhp,www.atenpapers.com; www.skylinerta.com; www.swastika.co.in,Extract from restated financials in DRHP (pattern not matched).,,40.0,40.0,step8,duplicate_dedupe|basis:website_host,Efficient Fire and Security Solutions Limited,website_host
Avax Soft Technologies Limited,Little or no extractable text (likely scanned PDF — needs OCR).,unknown,,unknown,,30.0,30.0,step8,no_website_url,,
Avtar Career Creators Limited,"relation to use of the pr emises could have a material adverse effect on our business and results of operations Our Registered Office, located at No",unspecified_see_drhp,https://in.mpms.mufg.com/; www.avtarcc.com; www.mefcomcap.in,Extract from restated financials in DRHP (pattern not matched).,,50.0,50.0,step8,duplicate_dedupe|basis:website_host,Phytochem Remedies (India) Limited,website_host
Avyukta Dairy Products Limited,"the conversion of our Company to public limited Company, the name of our Company has been changed to “Avyukta Dairy Products Limited” vide fresh Certificate of Incorporation dated July 09, 2021 issued by the Registrar of Companies, Delhi. For further details of Incorporation, cha...",unspecified_see_drhp,www.avyuktadairy.com; www.masserv.com; www.navigantcorp.com,Extract from restated financials in DRHP (pattern not matched).,,40.0,40.0,step8,duplicate_dedupe|basis:website_host,Yashhtej Industries (India) Limited,website_host
Axiom consulting limited,Little or no extractable text (likely scanned PDF — needs OCR).,unknown,,unknown,,15.0,15.0,step8,no_website_url,,
B-RIGHT REALESTATE LIMITED,Little or no extractable text (likely scanned PDF — needs OCR).,unknown,,unknown,,30.0,30.0,step8,no_website_url,,
BBG Industries Limited,Little or no extractable text (likely scanned PDF — needs OCR).,unknown,,unknown,,30.0,30.0,step8,no_website_url,,
BENCHMARK COMPUTER SOLUTIONS LIMITED,"Stakeholders Relationship Committee The Stakeholders Relationship Committee of our Board of Directors constituted in accordance with Section 178 of the Companies Act, 2013. For details , please refer chapter titled “Our Management” beginning on Page No. 131 of this Draft Prospect...",unspecified_see_drhp,www.beelinemb.com; www.benchmarksolution.com; www.kfintech.com,Extract from restated financials in DRHP (pattern not matched).,,70.0,70.0,step8,duplicate_dedupe|basis:website_host,SK International Export Limited,website_host
Bhatia Colour Chem Limited,Little or no extractable text (likely scanned PDF — needs OCR).,unknown,,unknown,,30.0,30.0,step8,no_website_url,,
Bhavik Enterprises Limited,Corporate Office Contact Person Email and Telephone Website Office No,unspecified_see_drhp,https://bhavikenterprises.com/; www.bigshareonline.com; www.shcapl.com,Extract from restated financials in DRHP (pattern not matched).,,50.0,50.0,step8,duplicate_dedupe|basis:website_host,Nanta Tech Limited,website_host
Billwin Industries Limited,Little or no extractable text (likely scanned PDF — needs OCR).,unknown,,unknown,,30.0,30.0,step8,no_website_url,,
BioLife Therapeutics Global Ltd,Hyderabad,Manufacturing / Industrial,biolifethera.com,₹100–180 Cr,,65.0,65.0,step8,duplicate_dedupe|basis:website_host,BioLife Therapeutics Ltd,website_host
Bizotic Commercial Limited,Little or no extractable text (likely scanned PDF — needs OCR).,unknown,,unknown,,15.0,15.0,step8,no_website_url,,
Bondada Engineering Limited,Little or no extractable text (likely scanned PDF — needs OCR).,unknown,,unknown,,15.0,15.0,step8,no_website_url,,
Bonlon Industries Limited,Little or no extractable text (likely scanned PDF — needs OCR).,unknown,,unknown,,30.0,30.0,step8,no_website_url,,
Brandbucket Media & Technology Limited,"Link Road, Anna Nagar, Andheri West, Mumbai-400053, Maharashtra, India",unspecified_see_drhp,www.brandbucketmediatech.com; www.inventuremerchantbanker.com; www.satellitecorporate.com,Extract from restated financials in DRHP (pattern not matched).,,65.0,65.0,step8,duplicate_dedupe|basis:website_host,CREATEROI FINANCIAL CONSULTANCY LIMITED,website_host
Bright Outdoor Media Limited,Little or no extractable text (likely scanned PDF — needs OCR).,unknown,,unknown,,30.0,30.0,step8,no_website_url,,
Brisk Technovision Limited,Little or no extractable text (likely scanned PDF — needs OCR).,unknown,,unknown,,30.0,30.0,step8,no_website_url,,
Broach Lifecare Hospital Limited,See DRHP ‘General Information’ — address not matched by pattern.,unspecified_see_drhp,www.fedsec.in; www.kfintech.com; www.maplehospital.in,Extract from restated financials in DRHP (pattern not matched).,,50.0,50.0,step8,duplicate_dedupe|basis:website_host,Shine Fashions (India) Limited,website_host
Cargosol Logistics Limited,Little or no extractable text (likely scanned PDF — needs OCR).,unknown,,unknown,,30.0,30.0,step8,no_website_url,,
CFF FLUID CONTROL LIMITED,Little or no extractable text (likely scanned PDF — needs OCR).,unknown,,unknown,,15.0,15.0,step8,no_website_url,,
CFF Fluid Control Ltd,Identification Number of our Company is U28990MH2012PLC227023,unspecified_see_drhp,www.afsl.co.in; www.cameoindia.com; www.cffdefensys.com,Extract from restated financials in DRHP (pattern not matched).,U28990MH2012PLC227023,35.0,35.0,step8,duplicate_dedupe|basis:website_host,Shine Fashions (India) Limited,website_host
Chamelidevi Flour Mills Limited,"Any interest, penalty, or late fees, if levied, shall not be met from the IPO proceeds, including General Corporate Purposes, and",unspecified_see_drhp,https://in.mpms.mufg.com; https://www.cdfm.in; www.beelinemb.com,Extract from restated financials in DRHP (pattern not matched).,,35.0,35.0,step8,duplicate_dedupe|basis:website_host,SK International Export Limited,website_host
Chandra Bhagat Pharma Limited,Little or no extractable text (likely scanned PDF — needs OCR).,unknown,,unknown,,30.0,30.0,step8,no_website_url,,
Chatha Foods Limited,Download failed (timeout or HTTP error).,unknown,,unknown,,15.0,15.0,step8,no_website_url,,
Chatterbox Technologies Limited,"and other provisions of Companies Act, 2013",unspecified_see_drhp,www.bigshareonline.in; www.chtrbox.com; www.expertglobal.in,Extract from restated financials in DRHP (pattern not matched).,,30.0,30.0,step8,duplicate_dedupe|basis:website_host,Royal Sense Limited,website_host
ChemAxis Industries Ltd,Gujarat,Manufacturing / Industrial,chemaxis.com,₹70–120 Cr,,65.0,65.0,step8,duplicate_dedupe|basis:website_host,ChemAxis Ltd,website_host
Chemkart India Limited,PDF parse error: PdfStreamError,unknown,,unknown,,15.0,15.0,step8,no_website_url,,
Chiraharit Limited,number (CIN) being U45101AP2006PTC050818,unspecified_see_drhp,https://chiraharit.com/#; www.bigshareonline.com; www.finshoregroup.com,Extract from restated financials in DRHP (pattern not matched).,U45101AP2006PTC050818,70.0,70.0,step8,duplicate_dedupe|basis:website_host,SK International Export Limited,website_host
Cian Healthcare Limited,"of our Company, please refer to the chapter titled “General Information” and “Our History and Certain Other Corporate Matters” beginning on page 52 and 157 respectively of this Draft Red Herring Prospectus",unspecified_see_drhp,www.bigshareonline.com; www.cian.co; www.fedsec.in,Extract from restated financials in DRHP (pattern not matched).,,55.0,55.0,step8,duplicate_dedupe|basis:website_host,Shine Fashions (India) Limited,website_host
Citichem India Limited,Little or no extractable text (likely scanned PDF — needs OCR).,"3. Majority of our revenues are dependent on few customers and the loss of, or a significant reduction in purchases by s",www.citichemindia.com; www.horizonmanagement.in; www.kfintech.com,Extract from restated financials in DRHP (pattern not matched).,,50.0,50.0,step8,duplicate_dedupe|basis:website_host,L. T. Elevator Limited,website_host
City Crops Agro Limited,Little or no extractable text (likely scanned PDF — needs OCR).,unknown,,unknown,,30.0,30.0,step8,no_website_url,,
City Pulse Multiplex Limited,Little or no extractable text (likely scanned PDF — needs OCR).,unknown,,unknown,,30.0,30.0,step8,no_website_url,,
CLARA INDUSTRIES LIMITED,‘Our History and Certain Other Corporate Matters’ beginning on page 100 of this Draft Prospectus.,unspecified_see_drhp,www.bigshareonline.com; www.clara.co.in; www.gretexcorporate.com,Extract from restated financials in DRHP (pattern not matched).,,70.0,70.0,step8,duplicate_dedupe|basis:website_host,Shine Fashions (India) Limited,website_host
CLINITECH LABORATORY LIMITED,Little or no extractable text (likely scanned PDF — needs OCR).,unknown,,unknown,,15.0,15.0,step8,no_website_url,,
CLN Energy Limited,"Plot-18, Sector-140, Phase-2, Nepz Post Office, Gautam Buddha Nagar, Dadri, 201305, Uttar Pradesh, India",unspecified_see_drhp,www.afsl.co.in; www.clnenergy.in,Extract from restated financials in DRHP (pattern not matched).,,60.0,60.0,step8,duplicate_dedupe|basis:website_host,Shine Fashions (India) Limited,website_host
COMMAND POLYMERS LIMITED,Little or no extractable text (likely scanned PDF — needs OCR).,unknown,,unknown,,15.0,15.0,step8,no_website_url,,
Company Name,City/Location,Industry Segment,Website,Revenue Band,,0.0,0.0,step8,duplicate_dedupe|basis:website_host,Company Name,website_host
COMRADE APPLIANCES LIMITED,Little or no extractable text (likely scanned PDF — needs OCR).,unknown,,unknown,,30.0,30.0,step8,no_website_url,,
Concord Control Systems Limited,Little or no extractable text (likely scanned PDF — needs OCR).,unknown,,unknown,,30.0,30.0,step8,no_website_url,,
CONTAINE TECHNOLOGIES LIMITED,Little or no extractable text (likely scanned PDF — needs OCR).,unknown,,unknown,,30.0,30.0,step8,no_website_url,,
Cosmic CRF Limited,Little or no extractable text (likely scanned PDF — needs OCR).,unknown,,unknown,,15.0,15.0,step8,no_website_url,,
Cospower Engineering Limited,Little or no extractable text (likely scanned PDF — needs OCR).,unknown,,unknown,,30.0,30.0,step8,no_website_url,,
Craftech Paper Mills Limited,"Karwa Complex, Opp",unspecified_see_drhp,www.craftechpaper.com; www.horizonmanagement.in; www.maashitla.com,Extract from restated financials in DRHP (pattern not matched).,,50.0,50.0,step8,duplicate_dedupe|basis:website_host,L. T. Elevator Limited,website_host
CRYOGENIC OGS LIMITED,Download failed (timeout or HTTP error).,unknown,,unknown,,15.0,15.0,step8,no_website_url,,
DADA ORGANICS LIMITED,Little or no extractable text (likely scanned PDF — needs OCR).,unknown,,unknown,,30.0,30.0,step8,no_website_url,,
DAPS ADVERTISING LIMITED,"128, Clyde House, Office No",unspecified_see_drhp,www.bigshareonline.com; www.dapsadvertising.com; www.shreni.in,Extract from restated financials in DRHP (pattern not matched).,,70.0,70.0,step8,duplicate_dedupe|basis:website_host,Shine Fashions (India) Limited,website_host
DAVIN SONS RETAIL LIMITED,"2 years w.e.f. 1st April, 2023 2. WZ-410/2, Second Floor, Shakurpur Village, Near Britania Chowk, Delhi- 110034.",unspecified_see_drhp,www.davinsonsretail.com; www.focl.in; www.kfintech.com; www.navigantcorp.com,Extract from restated financials in DRHP (pattern not matched).,,45.0,45.0,step8,duplicate_dedupe|basis:website_host,Yashhtej Industries (India) Limited,website_host
Desco Infratech Limited,"in the same building i.e., A -703, Swastik Universal, Next to Valentine Theatre, Dumas Road, Umra, Surat -395007, Gujarat, India (Area",unspecified_see_drhp,www.bigshareonline.com; www.descoinfra.co.in; www.shcapl.com,Extract from restated financials in DRHP (pattern not matched).,,40.0,40.0,step8,duplicate_dedupe|basis:website_host,Nanta Tech Limited,website_host
Dev Labtech Venture Limited,Little or no extractable text (likely scanned PDF — needs OCR).,unknown,,unknown,,30.0,30.0,step8,no_website_url,,
Dharni Capital Services Limited,Little or no extractable text (likely scanned PDF — needs OCR).,unknown,,unknown,,30.0,30.0,step8,no_website_url,,
Dhaval Packaging Limited,Download failed (timeout or HTTP error).,unknown,,unknown,,15.0,15.0,step8,no_website_url,,
Dhnawel Hybrid Seeds Limited,Corporate Identification Number of our Company is U46101GJ2024PLC148851.,unspecified_see_drhp,www.cameoindia.com; www.dhanwelseeds.com; www.wealthminenetworks.com,Extract from restated financials in DRHP (pattern not matched).,U46101GJ2024PLC148851,50.0,50.0,step8,duplicate_dedupe|basis:website_host,Seemax Resources Limited,website_host
Dhyaani Tile and Marblez Limited,Little or no extractable text (likely scanned PDF — needs OCR).,unknown,,unknown,,30.0,30.0,step8,no_website_url,,
Digilogic Systems Limited,"company pursuant to special resolution passed by the shareholders at the EGM held on June 18, 2025, and consequently, the name of our Company was changed to “Digilogic Systems Limited” and a fresh certificate of incorporation consequent upon conversion from private company to pub...",Manufacturing / Industrial,www.bsesme.com; www.digilogicsystems.com; www.indorient.in; www.kfintech.com,Extract from restated financials in DRHP (pattern not matched).,,70.0,70.0,step8,duplicate_dedupe|basis:website_host,Yash Highvoltage Limited,website_host
Diksha Polymers Limited,Ahmedabad,unspecified_see_drhp,www.afsl.co.in; www.cameoindia.com; www.dikshagroup.in,₹5–25 Cr (approx from lakhs),,60.0,60.0,step8,duplicate_dedupe|basis:website_host,Shine Fashions (India) Limited,website_host
Dindigul Farm Product Limited,Identification Number of our company is U15200TZ2010PLC016407.,unspecified_see_drhp,www.beelinemb.com; www.ennutrica.com; www.linkintime.co.in,Extract from restated financials in DRHP (pattern not matched).,U15200TZ2010PLC016407,30.0,30.0,step8,duplicate_dedupe|basis:website_host,SK International Export Limited,website_host
DIPNA PHARMACHEM LIMITED,Little or no extractable text (likely scanned PDF — needs OCR).,unknown,,unknown,,30.0,30.0,step8,no_website_url,,
DJ Mediaprint & Logistics Limited,Little or no extractable text (likely scanned PDF — needs OCR).,unknown,,unknown,,30.0,30.0,step8,no_website_url,,
DMR HYDROENGINEERING & INFRASTRUCTURES LIMITED,"+91 1294360445; Email Id: investors@dmrengineering.net Website: www.dmrengineering.netContact Person: Mayank, Company Secretary and Compliance Officer",unspecified_see_drhp,www.dmrengineering.net; www.dmrengineering.netContact; www.shreni.in; www.skylinerta.com,Extract from restated financials in DRHP (pattern not matched).,,70.0,70.0,step8,duplicate_dedupe|basis:website_host,Shine Fashions (India) Limited,website_host
Dove Soft Limited,"³ZH´³XV´DQG³RXU´ Unless the context otherwise indicates or implies, refers to our Company.","9. We are involved in certain legal proceedings, which, if determined adversely, may affect",www.dovesoft.io; www.growhousewealth.com; www.purvashare.com; www.unistonecapital.com,Extract from restated financials in DRHP (pattern not matched).,,35.0,35.0,step8,duplicate_dedupe|basis:website_host,STANBIK AGRO LIMITED,website_host
Dudani Retail Limited,and Corporate Structure” beginning on page no 130 of the Draft Prospectus.,unspecified_see_drhp,www.divenaworld.com; www.finshoregroup.com; www.maashitla.com,Extract from restated financials in DRHP (pattern not matched).,,70.0,70.0,step8,duplicate_dedupe|basis:website_host,SK International Export Limited,website_host
Earthstahl & Alloys Limited,Download failed (timeout or HTTP error).,unknown,,unknown,,15.0,15.0,step8,no_website_url,,
Earum Pharmaceuticals Limited,Little or no extractable text (likely scanned PDF — needs OCR).,unknown,,unknown,,30.0,30.0,step8,no_website_url,,
Eastern Logica Infoway Ltd,Little or no extractable text (likely scanned PDF — needs OCR).,unknown,,unknown,,15.0,15.0,step8,no_website_url,,
EBOR INDUSTRIES LIMITED,Little or no extractable text (likely scanned PDF — needs OCR).,unknown,,unknown,,30.0,30.0,step8,no_website_url,,
Eighty Jewellers Limited,Little or no extractable text (likely scanned PDF — needs OCR).,unknown,,unknown,,30.0,30.0,step8,no_website_url,,
Ekennis Software Service Limited,Little or no extractable text (likely scanned PDF — needs OCR).,unknown,,unknown,,30.0,30.0,step8,no_website_url,,
Elfin Agro India Limited,"in name and registered office of our company, please refer to section titled “",unspecified_see_drhp,www.cameoindia.com; www.elfinagroindia.com; www.finshoregroup.com,Extract from restated financials in DRHP (pattern not matched).,,70.0,70.0,step8,duplicate_dedupe|basis:website_host,SK International Export Limited,website_host
Emiac Technologies Limited,please refer to the chapter titled “History and Certain Corporate Matters” beginning on page 162 of the Draft Red Herring Prospectus.,unspecified_see_drhp,https://emiactech.com/; www.bigshareonline.com; www.shcapl.com,Extract from restated financials in DRHP (pattern not matched).,,55.0,55.0,step8,duplicate_dedupe|basis:website_host,Nanta Tech Limited,website_host
Emmforce Autotech Limited,"2. Plot No.3&5 EPIP Phase- I, Jharmajri, Baddi Distt",unspecified_see_drhp,www.beelinemb.com; www.emmforce.com; www.linkintime.co.in,Extract from restated financials in DRHP (pattern not matched).,,50.0,50.0,step8,duplicate_dedupe|basis:website_host,SK International Export Limited,website_host
EP Biocomposites Limited,Little or no extractable text (likely scanned PDF — needs OCR).,unknown,,unknown,,15.0,15.0,step8,no_website_url,,
EPW India Ltd,Delhi NCR,Manufacturing / Industrial,epwindia.com,₹30–60 Cr,,65.0,65.0,step8,duplicate_dedupe|basis:website_host,EPW India Ltd,website_host
EPW India Ltd,Delhi NCR,Manufacturing / Industrial,epwindia.com,₹30–60 Cr,,65.0,65.0,step8,duplicate_dedupe|basis:website_host,EPW India Ltd,website_host
EPW India Ltd,Delhi NCR,Manufacturing / Industrial,epwindia.com,₹30–60 Cr,,65.0,65.0,step8,duplicate_dedupe|basis:website_host,EPW India Ltd,website_host
Essex Marine Limited,TELEPHONE CORPORATE OFFICE TELEPHONE CONTACT PERSON,unspecified_see_drhp,www.essexmpl.com; www.kslindia.com; www.skylinerta.com,Extract from restated financials in DRHP (pattern not matched).,,35.0,35.0,step8,duplicate_dedupe|basis:website_host,SJP ULTRASONICS LIMITED,website_host
Euphoria Infotech (India) Limited,Little or no extractable text (likely scanned PDF — needs OCR).,unknown,,unknown,,30.0,30.0,step8,no_website_url,,
EUREKA CONVEYOR BELTINGS LIMITED,Little or no extractable text (likely scanned PDF — needs OCR).,unknown,,unknown,,30.0,30.0,step8,no_website_url,,
Evans Electric Limited,Little or no extractable text (likely scanned PDF — needs OCR).,unknown,,unknown,,30.0,30.0,step8,no_website_url,,
EverestIMS Technologies Limited,"“U72900KA2017PLC102256”. For details of Incorporation, change of name and registered office of our company, please refer to c hapter titled “",unspecified_see_drhp,https://everestims.com/; www.maashitla.com; www.oneviewadvisors.com,₹25–100 Cr (approx from lakhs),U72900KA2017PLC102256,30.0,30.0,step8,duplicate_dedupe|basis:website_host,Qualitek Labs Limited,website_host
EverestIMS Technologies Limited,"No.759, Sree Gururaya Mansion, South Wing 8th Main, J.P.Nagar, III Phase, Bangalore, Karnataka, India, 560078 Ms. Vijayalaxmi Sangayya Salimath Company Secretary and Compliance Officer Email: cs@everestims.com Tel No: 080 - 46567100",unspecified_see_drhp,https://everestims.com/,Extract from restated financials in DRHP (pattern not matched).,,40.0,40.0,step8,duplicate_dedupe|basis:website_host,Qualitek Labs Limited,website_host
EVOQ REMEDIES LIMITED,Little or no extractable text (likely scanned PDF — needs OCR).,unknown,,unknown,,30.0,30.0,step8,no_website_url,,
Exhicon Events Media Solutions Limited,Little or no extractable text (likely scanned PDF — needs OCR).,unknown,,unknown,,30.0,30.0,step8,no_website_url,,
FAALCON CONCEPTS LIMITED,"We operate from our registered office situated N-75, Ground Floor, Mayfield Garden, Sector -51, Gurugram, Haryana",unspecified_see_drhp,www.beetalfinancial.com; www.faalcon.in; www.navigantcorp.com,Extract from restated financials in DRHP (pattern not matched).,,45.0,45.0,step8,duplicate_dedupe|basis:website_host,Yashhtej Industries (India) Limited,website_host
Fabino Life Sciences Limited,Download failed (timeout or HTTP error).,unknown,,unknown,,15.0,15.0,step8,no_website_url,,
Fabtech Technologies Cleanrooms Limited,of our company is U74999MH2015PLC265137,unspecified_see_drhp,www.fabtechcleanroom.com; www.maashitla.com; www.vivro.net,₹100+ Cr (approx from lakhs),U74999MH2015PLC265137,35.0,35.0,step8,duplicate_dedupe|basis:website_host,Justo Realfintech Limited,website_host
Farm Peace Limited,Download failed (timeout or HTTP error).,unknown,,unknown,,30.0,30.0,step8,no_website_url,,
FCML Distributors Limited,"OFFICE CONTACT PERSON TELEPHONE AND EMAIL WEBSITE A-217 Okhla Industrial Area Phase I, New Delhi- 110020, India",unspecified_see_drhp,www.fcmlindia.com,Extract from restated financials in DRHP (pattern not matched).,,45.0,45.0,step8,trading_import_export_name_keyword,,
Fine Refiners Limited,LOCATED),unspecified_see_drhp,https://in.mpms.mufg.com/; www.finerefiners.com; www.fintellectualadvisors.com,₹25–100 Cr (approx from lakhs),,35.0,35.0,step8,duplicate_dedupe|basis:website_host,R. P. Multimetals Limited,website_host
FINELISTINGS TECHNOLOGIES LIMITED,"G-07, Ground Floor, Ambience Mall, Nelson Mandela Road, Vasant Kunj, South West Delhi, New Delhi - 110070, India.",unspecified_see_drhp,https://www.finecars.co.in/; www.fedsec.in; www.skylinerta.com,Extract from restated financials in DRHP (pattern not matched).,,60.0,60.0,step8,duplicate_dedupe|basis:website_host,Shine Fashions (India) Limited,website_host
Fly-Hi Maritime Travels Limited,Our Company” on page no 166:,unspecified_see_drhp,www.corporatemakers.in; www.kfintech.com,₹1 Cr (stated),,50.0,50.0,step8,website_only_ancillary_domains,,
Focus Business Solution Limited,Little or no extractable text (likely scanned PDF — needs OCR).,unknown,,unknown,,30.0,30.0,step8,no_website_url,,
Fone4 Communications (India) Limited,Little or no extractable text (likely scanned PDF — needs OCR).,unknown,,unknown,,30.0,30.0,step8,no_website_url,,
FourFront Limited,OPENING DATE AND SHALL BE MADE AVAILABLE TO THE BSE LIMITED “BSE”) FOR THE PURPOSE OF UPLOADING ON THEIR WEBSITE. FOR FURTHER DETAILS KINDLY REFER TO,unspecified_see_drhp,www.beelinemb.com; www.fourfront.in; www.in.mpms.mufg.com,Extract from restated financials in DRHP (pattern not matched).,,15.0,15.0,step8,duplicate_dedupe|basis:website_host,SK International Export Limited,website_host
FX Multitech Limited,"WITH WIDE CIRCULATION, AT LEAST TWO WORKING DAYS PRIOR TO THE BID/OFFER OPENING DATE AND SHALL BE MADE AVAILABLE TO SME PLATFORM OF BSE (“BSE SME ”), FOR THE PURPOSE OF UPLOADING ON THEIR RESPECTIVE WEBSITE IN ACCORDANCE WITH THE SEBI ICDR REGULATIONS, AS AMENDED.",unspecified_see_drhp,https://www.fxmultitech.com; www.in.mpms.mufg.com; www.oneviewadvisors.com,₹100+ Cr (approx from lakhs),,15.0,15.0,step8,duplicate_dedupe|basis:website_host,Qualitek Labs Limited,website_host
G M Polyplast Limited,Little or no extractable text (likely scanned PDF — needs OCR).,unknown,,unknown,,30.0,30.0,step8,no_website_url,,
G. K. P. Printing & Packaging Limited,Little or no extractable text (likely scanned PDF — needs OCR).,unknown,,unknown,,30.0,30.0,step8,no_website_url,,
GABION TECHNOLOGIES INDIA LIMITED,"Mumbai, Maharashtra to New Delhi and fresh certificate of incorporation was obtained from ROC, Delhi vide",unspecified_see_drhp,www.gyrcapitaladvisors.com; www.kfintech.com,Extract from restated financials in DRHP (pattern not matched).,,60.0,60.0,step8,website_only_ancillary_domains,,
Gabriel Pet Straps Limited,Little or no extractable text (likely scanned PDF — needs OCR).,unknown,,unknown,,30.0,30.0,step8,no_website_url,,
Galactico Corporate Services Limited,Little or no extractable text (likely scanned PDF — needs OCR).,unknown,,unknown,,30.0,30.0,step8,no_website_url,,
GAME CHANGERS TEXFAB LIMITED,Working Days from the date of the Red Herring Prospectus until the Issue Closing Date.,unspecified_see_drhp,www.corpwis.com; www.skylinerta.com; www.tradeuno.com,Extract from restated financials in DRHP (pattern not matched).,,50.0,50.0,step8,duplicate_dedupe|basis:website_host,KASLIWAL PROJECTS LIMITED,website_host
Gconnect Logitech and Supply chain Limited,Little or no extractable text (likely scanned PDF — needs OCR).,unknown,,unknown,,30.0,30.0,step8,no_website_url,,
GEM Enviro Management Limited,Little or no extractable text (likely scanned PDF — needs OCR).,unknown,,unknown,,30.0,30.0,step8,no_website_url,,
Gensol Engineering Limited,Little or no extractable text (likely scanned PDF — needs OCR).,unknown,,unknown,,15.0,15.0,step8,no_website_url,,
Getalong Enterprise Limited,Little or no extractable text (likely scanned PDF — needs OCR).,unspecified_see_drhp,www.getalongenterprise.com; www.linkintime.co.in; www.shreni.in,Extract from restated financials in DRHP (pattern not matched).,,15.0,15.0,step8,duplicate_dedupe|basis:website_host,Shine Fashions (India) Limited,website_host
Gian Life Care Limited,Little or no extractable text (likely scanned PDF — needs OCR).,unknown,,unknown,,30.0,30.0,step8,no_website_url,,
Gleam Fabmat Limited,Little or no extractable text (likely scanned PDF — needs OCR).,unknown,,unknown,,30.0,30.0,step8,no_website_url,,
Global Longlife Hospital and Research Limited,Little or no extractable text (likely scanned PDF — needs OCR).,unknown,,unknown,,30.0,30.0,step8,no_website_url,,
Global Ocean Logistics India Limited,Registration Centre bearing,unspecified_see_drhp,www.globalocean.in; www.ib.marwadichandaranagroup.com; www.kfintech.com,Extract from restated financials in DRHP (pattern not matched).,,15.0,15.0,step8,duplicate_dedupe|basis:website_host,JEE Pumps Limited,website_host
Goblin India Limited,Little or no extractable text (likely scanned PDF — needs OCR).,unspecified_see_drhp,www.bigshareonline.com; www.galacticocorp.com; www.goblinindia.com,Extract from restated financials in DRHP (pattern not matched).,,30.0,30.0,step8,duplicate_dedupe|basis:website_host,Neptune Logitek Limited,website_host
Goel Construction Company Limited,Structure” beginning on page no. 177 of the Draft Red Herring Prospectus.,unspecified_see_drhp,https://in.mpms.mufg.com/; www.goelconstruction.co.in; www.srujanalpha.com,Extract from restated financials in DRHP (pattern not matched).,,50.0,50.0,step8,duplicate_dedupe|basis:website_host,Popular Foundations limited,website_host
Goel Food Products Limited,Little or no extractable text (likely scanned PDF — needs OCR).,unknown,,unknown,,30.0,30.0,step8,no_website_url,,
Green Farm Bio-Gen  Limited,Little or no extractable text (likely scanned PDF — needs OCR).,unknown,,unknown,,30.0,30.0,step8,no_website_url,,
Greenhitech Ventures Limited,Little or no extractable text (likely scanned PDF — needs OCR).,unknown,,unknown,,30.0,30.0,step8,no_website_url,,
Greens Food Crafts India Limited,Little or no extractable text (likely scanned PDF — needs OCR).,unknown,,unknown,,30.0,30.0,step8,no_website_url,,
GRETEX CORPORATE SERVICES LIMITED,"of our Company, please refer to section titled ‘Our History and Certain Other Corporate Matters’ beginning on page 104 of this Draft Prospectus",unspecified_see_drhp,www.afsl.co.in; www.bigshareonline.com; www.gretexcorporate.com,Extract from restated financials in DRHP (pattern not matched).,,70.0,70.0,step8,duplicate_dedupe|basis:website_host,Shine Fashions (India) Limited,website_host
Gujarat Peanut and Agri Products Limited,"Peanut and Agri Products Limited” vide a fresh Certificate of Incorporation dated November 12, 2024 issued by the Registrar of Companies, Central Processing Centre. For further details of change in name and registered office of our company , please refer to section titled “",unspecified_see_drhp,www.finshoregroup.com; www.gujaratpeanut.com; www.integratedregistry.in,Extract from restated financials in DRHP (pattern not matched).,,55.0,55.0,step8,duplicate_dedupe|basis:website_host,SK International Export Limited,website_host
H.M. ELECTRO MECH LIMITED,Download failed (timeout or HTTP error).,unknown,,unknown,,15.0,15.0,step8,no_website_url,,
Hamps Bio Limited,"of our Company, see “History and Certain Corporate Matters” beginning on page 131 of this Draft Prospectus",unspecified_see_drhp,www.bigshareonline.com; www.hampsbio.com; www.ib.marwadichandaranagroup.com,Extract from restated financials in DRHP (pattern not matched).,,35.0,35.0,step8,duplicate_dedupe|basis:website_host,JEE Pumps Limited,website_host
Harshdeep Hortico Limited,Little or no extractable text (likely scanned PDF — needs OCR).,unknown,,unknown,,15.0,15.0,step8,no_website_url,,
HEALTHY LIFE AGRITEC LIMITED,Little or no extractable text (likely scanned PDF — needs OCR).,unknown,,unknown,,30.0,30.0,step8,no_website_url,,
Hemant Surgical Industries Limited,Little or no extractable text (likely scanned PDF — needs OCR).,unknown,,unknown,,30.0,30.0,step8,no_website_url,,
Highness Microelectronics Limited,Download failed (timeout or HTTP error).,unknown,,unknown,,15.0,15.0,step8,no_website_url,,
Home Zone Rubber Solutions Limited,"100 Sarjan Plaza Dr Annie Besant Road, Worli, Mumbai, Maharashtra- 400018 We/ us/ our Unless the context otherwise indicates or implies, refers to our Company",unspecified_see_drhp,www.homezone.co.in; www.horizonmanagement.in; www.maashitla.com,Extract from restated financials in DRHP (pattern not matched).,,45.0,45.0,step8,duplicate_dedupe|basis:website_host,L. T. Elevator Limited,website_host
Humming Bird Education Limited,Little or no extractable text (likely scanned PDF — needs OCR).,unknown,,unknown,,30.0,30.0,step8,no_website_url,,
Hunger Choice Limited,Little or no extractable text (likely scanned PDF — needs OCR).,unknown,,unknown,,30.0,30.0,step8,no_website_url,,
ICL Organic Dairy Products Ltd,Little or no extractable text (likely scanned PDF — needs OCR).,unknown,,unknown,,30.0,30.0,step8,no_website_url,,
Icodex Publishing Solutions Limited,PDF parse error: PdfStreamError,unknown,,unknown,,15.0,15.0,step8,no_website_url,,
IDENTIXWEB LIMITED,LOCATED) AT LEAST TWO WORKING DAYS PRIOR TO THE ISSUE OPENING DATE AND SHALL BE MADE AVAILABLE TO THE BSE LIMITED (“BSE”) FOR THE PURPOSE OF UPLOADING ON ITS,unspecified_see_drhp,www.beelinemb.com; www.identixweb.com; www.skylinerta.com,Extract from restated financials in DRHP (pattern not matched).,,30.0,30.0,step8,duplicate_dedupe|basis:website_host,SK International Export Limited,website_host
IKEDA LIMITED,"W.E.A., Karol Bagh, New Delhi, Central Delhi, Delhi, India, 110005",unspecified_see_drhp,www.finkeda.com; www.ftfinsec.com; www.maashitla.com,Extract from restated financials in DRHP (pattern not matched).,,25.0,25.0,step8,duplicate_dedupe|basis:website_host,Kanone Technologies Limited,website_host
IKEDA LIMITED,"W.E.A., Karol Bagh, New Delhi, Central Delhi, Delhi, India, 110005",unspecified_see_drhp,www.finkeda.com; www.ftfinsec.com; www.maashitla.com,Extract from restated financials in DRHP (pattern not matched).,,25.0,25.0,step8,duplicate_dedupe|basis:website_host,Kanone Technologies Limited,website_host
INDO SMC Limited,Download failed (timeout or HTTP error).,unknown,,unknown,,30.0,30.0,step8,no_website_url,,
INDOBELL INSULATIONS LIMITED,and Certain Corporate Matters” beginning on page no 136 of the Draft Prospectus.,unspecified_see_drhp,www.finshoregroup.com; www.indobell.com; www.integratedregistry.in,Extract from restated financials in DRHP (pattern not matched).,,70.0,70.0,step8,duplicate_dedupe|basis:website_host,SK International Export Limited,website_host
INDONG TEA COMPANY LIMITED,Little or no extractable text (likely scanned PDF — needs OCR).,unknown,,unknown,,30.0,30.0,step8,no_website_url,,
Infonative Solutions Limited,PDF parse error: PdfStreamError,unknown,,unknown,,15.0,15.0,step8,no_website_url,,
INNOKAIZ INDIA LIMITED,Little or no extractable text (likely scanned PDF — needs OCR).,unknown,,unknown,,30.0,30.0,step8,no_website_url,,
Innovatus Entertainment Networks Limited,Little or no extractable text (likely scanned PDF — needs OCR).,unknown,,unknown,,30.0,30.0,step8,no_website_url,,
Insolation Energy Limited,Little or no extractable text (likely scanned PDF — needs OCR).,unknown,,unknown,,30.0,30.0,step8,no_website_url,,
Integrum Energy Infrastructure Limited,"Koramangala, 560034, Bangalore, Karnataka -560034, India",unspecified_see_drhp,www.beelinemb.com; www.integratedregistry.in; www.integrumenergy.in,₹5–25 Cr (approx from lakhs),,25.0,25.0,step8,duplicate_dedupe|basis:website_host,SK International Export Limited,website_host
ISH TRAVEL & TOURS  LIMITED,Download failed (timeout or HTTP error).,unknown,,unknown,,15.0,15.0,step8,no_website_url,,
ITCONS E-SOLUTIONS LIMITED,Little or no extractable text (likely scanned PDF — needs OCR).,unknown,,unknown,,30.0,30.0,step8,no_website_url,,
Jain International Power Limited,and takeover the existing proprietorship business of a sole proprietorship as going concern carried by Mr,unspecified_see_drhp,www.in.mpms.mufg.com; www.jainint.com; www.shareindia.com,₹100+ Cr (approx from lakhs),U31909WB2022PLC253094,50.0,50.0,step8,duplicate_dedupe|basis:website_host,VVIP Infratech Limited,website_host
JAY AMBE SUPERMARKETS LIMITED,IS LOCATED) AT LEAST TWO WORKING DAYS PRIOR TO THE ISSUE OPENING DATE AND SHALL BE MADE AVAILABLE TO THE BSE LIMITED “BSE” FOR THE PURPOSE OF UPLOADING ON THEIR WEBSITE. FOR FURTHER DETAILS KINDLY REFER TO CHAPTER TITLED “TERMS OF THE ISSUE” BEGINNING ON PAGE 319 OF THIS DRAFT RE...,lease agreements may have certain irregularities because of which we may be unable to effectively enforce,https://in.mpms.mufg.com/; www.beelinemb.com; www.citysquaremart.com,Extract from restated financials in DRHP (pattern not matched).,,35.0,35.0,step8,duplicate_dedupe|basis:website_host,SK International Export Limited,website_host
Jay Kailash Namkeen Limited,Number U15549GJ2021PLC123708,unspecified_see_drhp,www.expertglobal.in; www.jaykailashnamkeen.com; www.skylinerta.com,Extract from restated financials in DRHP (pattern not matched).,U15549GJ2021PLC123708,50.0,50.0,step8,duplicate_dedupe|basis:website_host,Royal Sense Limited,website_host
Jay Kailash Namkeen Limited,CORPORATE OFFICE CONTACT PERSON EMAIL & TELEPHONE,unspecified_see_drhp,www.expertglobal.in; www.jaykailashnamkeen.com; www.skylinerta.com,Extract from restated financials in DRHP (pattern not matched).,,50.0,50.0,step8,duplicate_dedupe|basis:website_host,Royal Sense Limited,website_host
JAYANT INFRATECH LIMITED,Little or no extractable text (likely scanned PDF — needs OCR).,unknown,,unknown,,30.0,30.0,step8,no_website_url,,
JETMALL SPICES AND MASALA LIMITED,Little or no extractable text (likely scanned PDF — needs OCR).,unknown,,unknown,,30.0,30.0,step8,no_website_url,,
Jinaam’s Dress Limited,Certain Corporate Matters” beginning on page 106 of this Draft Prospectus.,unspecified_see_drhp,www.bigshareonline.com; www.jinaam.comCorporate; www.smccapitals.com,Extract from restated financials in DRHP (pattern not matched).,,50.0,50.0,step8,duplicate_dedupe|basis:website_host,Yashhtej Industries (India) Limited,website_host
Kahali Craftistics Limited,"Registration Centre pursuant to a certificate of incorporation dated January 19, 2023 bearing Corporate Identification Number (",unspecified_see_drhp,www.bigshareonline.com; www.fedsec.in; www.kahalicraftistics.com,Extract from restated financials in DRHP (pattern not matched).,,35.0,35.0,step8,duplicate_dedupe|basis:website_host,Shine Fashions (India) Limited,website_host
Kahan Packaging Limited,Little or no extractable text (likely scanned PDF — needs OCR).,unknown,,unknown,,15.0,15.0,step8,no_website_url,,
Kaka Industries Limited,Little or no extractable text (likely scanned PDF — needs OCR).,unknown,,unknown,,30.0,30.0,step8,no_website_url,,
Kalyani Cast-Tech Limited,Little or no extractable text (likely scanned PDF — needs OCR).,unspecified_see_drhp,www.bigshareonline.com; www.gretexcorporate.com; www.kalyanicasttech.com,Extract from restated financials in DRHP (pattern not matched).,,50.0,50.0,step8,duplicate_dedupe|basis:website_host,Shine Fashions (India) Limited,website_host
Kanishk Aluminium India Limited,Processing Centre. Our Company’s Corporate Identity Number is,unspecified_see_drhp,https://kanishkindia.co.in/; www.kfintech.com; www.suncapitalservices.co.in,Extract from restated financials in DRHP (pattern not matched).,,50.0,50.0,step8,duplicate_dedupe|basis:website_host,Safecure Services Limited,website_host
Karbonsteel Engineering Limited,"TELEPHONE WEBSITE B-8; Ratnadeep Cosmopolitan Chs Ltd, 140-141 S",unspecified_see_drhp,https://serencapital.in/; https://www.karbonsteel.com/; www.maashitla.com,Extract from restated financials in DRHP (pattern not matched).,,35.0,35.0,step8,duplicate_dedupe|basis:website_host,Recode Studios Limited,website_host
Karma Ecotech Limited,Little or no extractable text (likely scanned PDF — needs OCR).,unknown,,unknown,,30.0,30.0,step8,no_website_url,,
Kasturi Metal Composite Limited,PDF parse error: PdfStreamError,unknown,,unknown,,15.0,15.0,step8,no_website_url,,
Kedarnath Industries Limited,Little or no extractable text (likely scanned PDF — needs OCR).,unknown,,unknown,,30.0,30.0,step8,no_website_url,,
Kelson Foods Limited - (Withdrawn),Little or no extractable text (likely scanned PDF — needs OCR).,unknown,,unknown,,30.0,30.0,step8,no_website_url,,
Kenrik Industries Limited,"of Our Company, please refer to section titled “Our History and Certain Corporate Matters” beginning on page no",unspecified_see_drhp,https://tcagroup.in; www.kenrikindustries.net; www.skylinerta.com,₹25–100 Cr (approx from lakhs),,50.0,50.0,step8,duplicate_dedupe|basis:website_host,STITCHED TEXTILES LIMITED,website_host
Kesar India Limited,Little or no extractable text (likely scanned PDF — needs OCR).,unknown,,unknown,,15.0,15.0,step8,no_website_url,,
Kesar India Limited,Little or no extractable text (likely scanned PDF — needs OCR).,unknown,,unknown,,15.0,15.0,step8,no_website_url,,
Khazanchi Jewellers Limited,Little or no extractable text (likely scanned PDF — needs OCR).,unknown,,unknown,,30.0,30.0,step8,no_website_url,,
Khyati Global Ventures Limited,117 of this Draft Prospectus.,unspecified_see_drhp,www.afsl.co.in; www.bigshareonline.com; www.kgv.co.in,Extract from restated financials in DRHP (pattern not matched).,,35.0,35.0,step8,duplicate_dedupe|basis:website_host,Shine Fashions (India) Limited,website_host
KK Shah Hospitals Limited,Little or no extractable text (likely scanned PDF — needs OCR).,unspecified_see_drhp,www.fedsec.in; www.shahhospitalratla; www.shahhospitalratlam.com; www.shreni.in,Extract from restated financials in DRHP (pattern not matched).,,30.0,30.0,step8,duplicate_dedupe|basis:website_host,Shine Fashions (India) Limited,website_host
KP Green Engineering Limited,LOCATED),unspecified_see_drhp,www.beelinemb.com; www.bigshareonline.com; www.kpgreenengineering.com,Extract from restated financials in DRHP (pattern not matched).,,30.0,30.0,step8,duplicate_dedupe|basis:website_host,SK International Export Limited,website_host
Kranti Industries Limited,Little or no extractable text (likely scanned PDF — needs OCR).,unknown,,unknown,,30.0,30.0,step8,no_website_url,,
Kratikal Tech Limited,"Deputy Registrar of Companies/ Registrar of Companies, Central Processing Centre",unspecified_see_drhp,https://kratikal.com; www.beelinemb.com; www.kfintech.com,₹5–25 Cr (approx from lakhs),U62099UP2013PLC060625,70.0,70.0,step8,duplicate_dedupe|basis:website_host,SK International Export Limited,website_host
Kuberan Global Edu Solutions Limited,Little or no extractable text (likely scanned PDF — needs OCR).,unknown,,unknown,,15.0,15.0,step8,no_website_url,,
Kumjai Farms Limited,Little or no extractable text (likely scanned PDF — needs OCR).,unknown,,unknown,,30.0,30.0,step8,no_website_url,,
Kwick Forensic Solutions Limited,Sales & Marketing (On-site),unspecified_see_drhp,https://ccvindia.com/mb/; https://kwickforensic.com/; www.bigshareonline.com,Extract from restated financials in DRHP (pattern not matched).,,50.0,50.0,step8,duplicate_dedupe|basis:website_host,Droneacharya Aerial Innovations Limited,website_host
L.K.Mehta Polymers Limited,Little or no extractable text (likely scanned PDF — needs OCR).,unknown,,unknown,,30.0,30.0,step8,no_website_url,,
LABDHI COMMERCIALS LIMITED,Little or no extractable text (likely scanned PDF — needs OCR).,unspecified_see_drhp,www.bigshareonline.com; www.focl.in; www.labdhi.co.in,Extract from restated financials in DRHP (pattern not matched).,,30.0,30.0,step8,duplicate_dedupe|basis:website_host,Yashhtej Industries (India) Limited,website_host
Labelkraft Technologies Limited,Little or no extractable text (likely scanned PDF — needs OCR).,unknown,,unknown,,30.0,30.0,step8,no_website_url,,
Landmark Immigration Consultants Limited,over such premises,unspecified_see_drhp,www.kfintech.com; www.landmarkimmigration.com; www.shreni.in,₹3 Cr (stated),,50.0,50.0,step8,duplicate_dedupe|basis:website_host,Shine Fashions (India) Limited,website_host
LAPL Automotive Limited,Processing Centre,unspecified_see_drhp,https://laplautomotive.com/; www.maashitla.com; www.shcapl.com,Extract from restated financials in DRHP (pattern not matched).,U34300MH2004PLC149728,70.0,70.0,step8,duplicate_dedupe|basis:website_host,Nanta Tech Limited,website_host
LGT Business Connextions Limited,the Corporate Identification Number of our Company is U74999TN2016PLC112289. For further details of incorporation please refer to section titled “,unspecified_see_drhp,www.lgtholidays.com; www.markcorporateadvisors.com; www.skylinerta.com,Extract from restated financials in DRHP (pattern not matched).,U74999TN2016PLC112289,15.0,15.0,step8,duplicate_dedupe|basis:website_host,Panchatv Bharat limited,website_host
LIOTECH INDUSTRIES LIMITED,Registration Centre bearing,unspecified_see_drhp,www.kfintech.com; www.liotechindustries.in; www.wealthminenetworks.com,Extract from restated financials in DRHP (pattern not matched).,,35.0,35.0,step8,duplicate_dedupe|basis:website_host,Seemax Resources Limited,website_host
Logiciel Solutions Limited,The registered office of our company is situated at H,unspecified_see_drhp,www.fintellectualadvisors.com; www.logiciel.io; www.maashitla.com,Extract from restated financials in DRHP (pattern not matched).,,50.0,50.0,step8,duplicate_dedupe|basis:website_host,R. P. Multimetals Limited,website_host
Luxury Time Limited,Identification Number of our Company is U74900DL2008PLC182377,unspecified_see_drhp,www.gyrcapitaladvisors.com; www.luxurytimeindia.com; www.masserv.com,Extract from restated financials in DRHP (pattern not matched).,U74900DL2008PLC182377,35.0,35.0,step8,duplicate_dedupe|basis:website_host,Yashhtej Industries (India) Limited,website_host
M P K STEELS (I) LIMITED,Corporate Identification Number of the Company is U27109AS2005PLC007674,unspecified_see_drhp,www.gretexcorporate.com; www.maashitla.com; www.mpksteels.com,Extract from restated financials in DRHP (pattern not matched).,U27109AS2005PLC007674,50.0,50.0,step8,duplicate_dedupe|basis:website_host,Shine Fashions (India) Limited,website_host
M P K STEELS (I) LIMITED,100% Book Built Issue,unspecified_see_drhp,www.mpksteels.com,Extract from restated financials in DRHP (pattern not matched).,,50.0,50.0,step8,duplicate_dedupe|basis:website_host,Shine Fashions (India) Limited,website_host
MAAGH ADVERTISING AND MARKETING SERVICES LIMITED,Little or no extractable text (likely scanned PDF — needs OCR).,unknown,,unknown,,30.0,30.0,step8,no_website_url,,
Macfos Limited,Little or no extractable text (likely scanned PDF — needs OCR).,unknown,,unknown,,30.0,30.0,step8,no_website_url,,
Mafia Trends Limited,Little or no extractable text (likely scanned PDF — needs OCR).,unknown,,unknown,,15.0,15.0,step8,no_website_url,,
MAGENTA LIFECARE LIMITED,"N P Patel Estate, A & T Padamla, Vadodara – 391350, Gujarat, India. NA Anita Kumawat , Company Secretary & Compliance Officer info@magentalifecare.com",unspecified_see_drhp,https://wisdom.cameoindia.com; https://www.magentamattresses.com; www.cameoindia.com; www.fedsec.in,Extract from restated financials in DRHP (pattern not matched).,,45.0,45.0,step8,duplicate_dedupe|basis:website_host,Shine Fashions (India) Limited,website_host
Mahamaya Lifesciences Limited,"TELEPHONE WEBSITE Unit No: DPT – 033, Ground Floor, Plot No: 79 – 80, DLF Prime Tower, F – Block, Okhla, Phase – 1 New Delhi – 110020, India",unspecified_see_drhp,https://www.mahamayalifesciences.com/; www.kfintech.com; www.oneviewadvisors.com,Extract from restated financials in DRHP (pattern not matched).,,80.0,80.0,step8,duplicate_dedupe|basis:website_host,Qualitek Labs Limited,website_host
Mahip Industries Ltd,Little or no extractable text (likely scanned PDF — needs OCR).,unknown,,unknown,,30.0,30.0,step8,no_website_url,,
Maiden Forgings Limited,Little or no extractable text (likely scanned PDF — needs OCR).,unknown,,unknown,,30.0,30.0,step8,no_website_url,,
Mangal compusolution limited,Corporate Identity Number (,unspecified_see_drhp,www.jawacapital.in; www.kfintech.com; www.mangalcompusolution.com,Extract from restated financials in DRHP (pattern not matched).,,30.0,30.0,step8,duplicate_dedupe|basis:website_host,Riddhi Display Equipments Limited,website_host
Mangalam Alloys Limited,Little or no extractable text (likely scanned PDF — needs OCR).,unknown,,unknown,,30.0,30.0,step8,no_website_url,,
Manoj Ceramic Limited,Little or no extractable text (likely scanned PDF — needs OCR).,unknown,,unknown,,30.0,30.0,step8,no_website_url,,
Manoj Jewellers Limited,PERSON EMAIL AND TELEPHONE WEBSITE,unspecified_see_drhp,http://www.manojjewellerslimited.com; https://manojjewellerslimited; www.jawacapital.in; www.skylinerta.com,Extract from restated financials in DRHP (pattern not matched).,,30.0,30.0,step8,duplicate_dedupe|basis:website_host,Riddhi Display Equipments Limited,website_host
Marc Loire Fashions Limited,"Plot No. 426/1, First Floor, Rani Khera Road, Village Mundaka, West Delhi, Delhi, India, 110041. Vasant Kuber Soni Company Secretary & Compliance Officer Email ID: csvasant@marcloire.in Tel No: +91 62009 62002 https://marcloire.com/ NAMES OF PROMOTERS OF THE COMPANY Mr. Arvind Ka...",unspecified_see_drhp,https://marcloire.com/; www.finshoregroup.com; www.maashitla.com,Extract from restated financials in DRHP (pattern not matched).,,80.0,80.0,step8,duplicate_dedupe|basis:website_host,SK International Export Limited,website_host
Markolines Traffic Controls Limited,Little or no extractable text (likely scanned PDF — needs OCR).,unknown,,unknown,,30.0,30.0,step8,no_website_url,,
Maruti Interior Products Limited,Little or no extractable text (likely scanned PDF — needs OCR).,unknown,,unknown,,30.0,30.0,step8,no_website_url,,
Max Supreme Textiles Ltd,"of our company, please see “History and Certain Corporate Matters” beginning on page139",unspecified_see_drhp,www.fedsec.in; www.kfintech.com; www.maxsupremetextiles.com,Extract from restated financials in DRHP (pattern not matched).,,35.0,35.0,step8,duplicate_dedupe|basis:website_host,Shine Fashions (India) Limited,website_host
Mayank Cattle Food Limited,Little or no extractable text (likely scanned PDF — needs OCR).,unknown,,unknown,,30.0,30.0,step8,no_website_url,,
Meera Industries Ltd,Little or no extractable text (likely scanned PDF — needs OCR).,unknown,,unknown,,30.0,30.0,step8,no_website_url,,
Mehul Colours Limited,"TELEPHONE WEBSITE Unit No - A 305,306, Kemp Plaza, Link Road, Chincholi Bunder Road, Mind Space, Near Evershine Mall, Malad West, Mumbai, Maharashtra - 400064 Shilpa Karan Mehta, Company Secretary & Compliance Officer E-mail: info@mehulcolours.com Tel No: +91-22-2872 3555 / 2872 ...",unspecified_see_drhp,https://serencapital.in/; https://www.mehulcolours.com; www.bigshareonline.com,Extract from restated financials in DRHP (pattern not matched).,,45.0,45.0,step8,duplicate_dedupe|basis:website_host,Recode Studios Limited,website_host
Meson Valves India Limited,Little or no extractable text (likely scanned PDF — needs OCR).,unknown,,unknown,,30.0,30.0,step8,no_website_url,,
Mish Designs Limited,"“we”, “us” or “our” Unless the context otherwise indicates or implies, refers to our Company",unspecified_see_drhp,www.afsl.co.in; www.bigshareonline.com; www.kfintech.com; www.mishindia.com,Extract from restated financials in DRHP (pattern not matched).,,55.0,55.0,step8,duplicate_dedupe|basis:website_host,Shine Fashions (India) Limited,website_host
Misquita Engineering Limited,Little or no extractable text (likely scanned PDF — needs OCR).,unknown,,unknown,,30.0,30.0,step8,no_website_url,,
Mittal Sections Limited,with the Registrar of Companies,unspecified_see_drhp,www.bigshareonline.com; www.mittalsectionslimited.com; www.wealthminenetworks.com,Extract from restated financials in DRHP (pattern not matched).,,50.0,50.0,step8,duplicate_dedupe|basis:website_host,Seemax Resources Limited,website_host
Modern Diagnostic & Research Centre Limited,PDF parse error: PdfStreamError,unknown,,unknown,,15.0,15.0,step8,no_website_url,,
Modi's Navnirman Limited,Little or no extractable text (likely scanned PDF — needs OCR).,unknown,,unknown,,15.0,15.0,step8,no_website_url,,
Mopshop Distribution Limited,Registered Office: Gala No,unspecified_see_drhp,www.cameoindia.com; www.kslindia.com; www.mopshop.in,Extract from restated financials in DRHP (pattern not matched).,,15.0,15.0,step8,duplicate_dedupe|basis:website_host,SJP ULTRASONICS LIMITED,website_host
Msafe Equipments Limited,"Central Registration Centre August 19, 2019 Valid till Cancelled 2",Manufacturing / Industrial,https://serencapital.in/; www.maashitla.com; www.msafegroup.com,Extract from restated financials in DRHP (pattern not matched).,U29309DL2019PLC353936,55.0,55.0,step8,duplicate_dedupe|basis:website_host,Recode Studios Limited,website_host
N R GOLD LIMITED,"Bldg., 18/22 Shaikh Memon Street, Kalbadevi , Mumbai, Maharashtra , 400002 India Promoters Sanjay Jain, Rinku Jain and Barbelo Estates LLP Promoter Group Companies, individuals and entities (other than companies) as defined under Regulation 2 sub-regulation (pp) of the SEBI ICDR ...",unspecified_see_drhp,www.ifinservices.in; www.nrgold.com; www.skylinerta.com; www.wealthminenetworks.com,Extract from restated financials in DRHP (pattern not matched).,,25.0,25.0,step8,duplicate_dedupe|basis:website_host,Seemax Resources Limited,website_host
Nanavati Ventures Limited,Little or no extractable text (likely scanned PDF — needs OCR).,unknown,,unknown,,30.0,30.0,step8,no_website_url,,
NAPS Global India Limited,"“we”, “us” or “our” Unless the context otherwise indicates or implies, refers to our Company",unspecified_see_drhp,www.afsl.co.in; www.cameoindia.com; www.napsglobalindia.com,Extract from restated financials in DRHP (pattern not matched).,,15.0,15.0,step8,duplicate_dedupe|basis:website_host,Shine Fashions (India) Limited,website_host
Narmadesh Brass Industries Limited,"of our Company is U24209GJ2023PLC145839. For further details, please refer to chapter titled “",unspecified_see_drhp,www.afsl.co.in; www.kfintech.com; www.narmadeshbrass.com,Extract from restated financials in DRHP (pattern not matched).,U24209GJ2023PLC145839,70.0,70.0,step8,duplicate_dedupe|basis:website_host,Shine Fashions (India) Limited,website_host
Naturewings Holidays Limited,"DGK- 417, 4th Floor, DLF Galleria Building, Newtown, Kolkata North 24 Parganas New Town - 700156, West Bengal, India Tel No. / Mob No: +91 931317505;",unspecified_see_drhp,www.bigshareonline.com; www.fedsec.in; www.naturewings.com,Extract from restated financials in DRHP (pattern not matched).,,60.0,60.0,step8,duplicate_dedupe|basis:website_host,Shine Fashions (India) Limited,website_host
NATURO INDIABULL LIMITED,Little or no extractable text (likely scanned PDF — needs OCR).,unknown,,unknown,,30.0,30.0,step8,no_website_url,,
Navkkar Gold & Diamond Limited,"Registered Office: SCO 19, Sector 34C, Sector 34(Chandigarh), Chandigarh -160022 India; Tel",unspecified_see_drhp,www.navkkarjewellers.com; www.skylinerta.com; www.wealthminenetworks.com,Extract from restated financials in DRHP (pattern not matched).,,40.0,40.0,step8,duplicate_dedupe|basis:website_host,Seemax Resources Limited,website_host
Navoday Enterprises Limited,"Maharashtra, on August 20, 2020. For details of changes in registered office please refer “History and Certain Other Corporate Matters’ on page 73.",unspecified_see_drhp,www.inventuremerchantbanker.com; www.navodayenterprise.com; www.satellitecorporate.com,Extract from restated financials in DRHP (pattern not matched).,,65.0,65.0,step8,duplicate_dedupe|basis:website_host,CREATEROI FINANCIAL CONSULTANCY LIMITED,website_host
Neopolitan Pizza Limited,"of the Company was situated at 104, Ashwamegh Avenue, Nr",unspecified_see_drhp,https://tcagroup.in; www.bigshareonline.com; www.neopolitanpizza.in,Extract from restated financials in DRHP (pattern not matched).,,50.0,50.0,step8,duplicate_dedupe|basis:website_host,STITCHED TEXTILES LIMITED,website_host
Netanalytiks Technologies Limited,"91 Springboard Gopala Krishna, Complex No",unspecified_see_drhp,www.finshoregroup.com; www.integratedregistry.in; www.netanalytiks.com,Extract from restated financials in DRHP (pattern not matched).,,70.0,70.0,step8,duplicate_dedupe|basis:website_host,SK International Export Limited,website_host
New Swan Multitech Limited,Little or no extractable text (likely scanned PDF — needs OCR).,unknown,,unknown,,15.0,15.0,step8,no_website_url,,
Nexxus Petro Industries Limited,"B-811 Swati Trinity, Applewood Township Sanathal Sanand, Sarkhej, Ahmedabad, Dascroi, Gujarat, India, 382210",unspecified_see_drhp,www.kfintech.com; www.nexxusgroup.co.in; www.srujanalpha.com,Extract from restated financials in DRHP (pattern not matched).,,25.0,25.0,step8,duplicate_dedupe|basis:website_host,Popular Foundations limited,website_host
Nilachal Carbo Metalicks Limited,"February 13, 2003, vide certificate of incor poration bearing",unspecified_see_drhp,https://nilachalcoke.com/; www.kfintech.com; www.suncapitalservices.co.in,Extract from restated financials in DRHP (pattern not matched).,,50.0,50.0,step8,duplicate_dedupe|basis:website_host,Safecure Services Limited,website_host
Nimstech Industries Limited,"Plot No. 38, GIDC Estate, Sector-25, Gandhinagar, Gujarat- 382024",unspecified_see_drhp,https://tcagroup.in; www.nimstech.com; www.skylinerta.com,Extract from restated financials in DRHP (pattern not matched).,,60.0,60.0,step8,duplicate_dedupe|basis:website_host,STITCHED TEXTILES LIMITED,website_host
NISUS FINANCE SERVICE CO LIMITED,LOCATED),unspecified_see_drhp,www.beelinemb.com; www.nisusfin.com; www.skylinerta.com,₹25–100 Cr (approx from lakhs),,30.0,30.0,step8,duplicate_dedupe|basis:website_host,SK International Export Limited,website_host
Nityanand Udyog Limited,2) CIN is not mentioned on the letterhead of Directors Report; 3) Name and DIN of the Directors signing Directors Report is not mentioned; 4),unspecified_see_drhp,https://in.mpms.mufg.com/; www.nityanandudyog.com; www.unistonecapital.com,₹0–5 Cr (approx from lakhs),,15.0,15.0,step8,duplicate_dedupe|basis:website_host,STANBIK AGRO LIMITED,website_host
Northern Spirits Ltd,Little or no extractable text (likely scanned PDF — needs OCR).,unknown,,unknown,,30.0,30.0,step8,no_website_url,,
Novateor Research Laboratories Limited,Little or no extractable text (likely scanned PDF — needs OCR).,unknown,,unknown,,30.0,30.0,step8,no_website_url,,
Novus Loyalty Limited,"Companies, Central Processing Centre. The corporate identification number of our Company is U72900HR2011PLC127344.",unspecified_see_drhp,www.kfintech.com; www.novus-loyalty.com; www.shcapl.com,Extract from restated financials in DRHP (pattern not matched).,U72900HR2011PLC127344,35.0,35.0,step8,duplicate_dedupe|basis:website_host,Nanta Tech Limited,website_host
NTL India Limited,"DAYS PRIOR TO THE BID/ISSUE OPENING DATE AND SHALL BE MADE AVAILABLE TO SME PLATFORM OF BSE LIMITED FOR THE PURPOSES OF UPLOADING ON THEIR WEBSITES IN ACCORDANCE WITH THE SECURITIES AND EXCHANGE BOARD OF INDIA (ISSUE OF CAPITAL AND DISCLOSURE REQUIREMENTS REGULATIONS, 2018, AS AM...",unspecified_see_drhp,www.cameoindia.com; www.cumulativecapital.group; www.ntlchennai.net,Extract from restated financials in DRHP (pattern not matched).,,45.0,45.0,step8,duplicate_dedupe|basis:website_host,NTL India Limited,website_host
Olatech Solutions Limited,Little or no extractable text (likely scanned PDF — needs OCR).,unknown,,unknown,,30.0,30.0,step8,no_website_url,,
Oliria Foods and Beverages Limited,Little or no extractable text (likely scanned PDF — needs OCR).,unknown,,unknown,,30.0,30.0,step8,no_website_url,,
Oneindig Technologies Limited,"V-503, Atrium, VIVANTA by Taj Hotel Complex, Shooting Range Road, Suraj Kund, Faridabad-121009, Haryana, India C-48, 3rd Floor, DDA Sheds, Okhla Industrial Area Phase-1, South Delhi, New Delhi-110020 Mr. Sumit Das (Company Secretary and Compliance Officer) Email: info@oneindig.te...",unspecified_see_drhp,www.maashitla.com; www.oneindig.tech; www.shareindia.com,₹1 Cr (stated),,25.0,25.0,step8,duplicate_dedupe|basis:website_host,VVIP Infratech Limited,website_host
Organic Recycling Systems Limited,Little or no extractable text (likely scanned PDF — needs OCR).,unknown,,unknown,,30.0,30.0,step8,no_website_url,,
OSPYN Technologies Limited,PDF parse error: PdfStreamError,unknown,,unknown,,15.0,15.0,step8,no_website_url,,
Oval Projects Engineering Limited,to the section titled “History and Certain Corporate Matters” on page 141.,11. In the past our Company has paid late filing fees for non -compliances with certain provisions of the lab,https://www.ovalprojects.com; www.masserv.com; www.smccapitals.com,Extract from restated financials in DRHP (pattern not matched).,,35.0,35.0,step8,duplicate_dedupe|basis:website_host,Yashhtej Industries (India) Limited,website_host
PACE E-COMMERCE VENTURES LIMITED,Little or no extractable text (likely scanned PDF — needs OCR).,unknown,,unknown,,30.0,30.0,step8,no_website_url,,
Paluck Technologies Limited,"Company, please refer to the chapter titled “History and Certain Corporate Matters” on page 176 of this Draft Red Herring Prospectus.",unspecified_see_drhp,https://palucktechno.com/; www.horizonmanagement.in,Extract from restated financials in DRHP (pattern not matched).,,50.0,50.0,step8,duplicate_dedupe|basis:website_host,L. T. Elevator Limited,website_host
PARAMOUNT SYNTEX LIMITED,"Bhuwan, Hazrat Abbas Raod, 3Samuel Street, Vadgadi Masjid, Chinchbunder, Princess",unspecified_see_drhp,www.paramountsyntex.com; www.sobhagyacapital.com,Extract from restated financials in DRHP (pattern not matched).,,30.0,30.0,step8,duplicate_dedupe|basis:website_host,L. T. Elevator Limited,website_host
Park Smart Solutions Limited,"registered office of our company, please refer to section titled “",unspecified_see_drhp,www.cameoindia.com; www.finshoregroup.com; www.ltparksmart.com,Extract from restated financials in DRHP (pattern not matched).,,70.0,70.0,step8,duplicate_dedupe|basis:website_host,SK International Export Limited,website_host
Parshva Enterprises Limited,Little or no extractable text (likely scanned PDF — needs OCR).,unknown,,unknown,,15.0,15.0,step8,no_website_url,,
Party Cruisers Limited,Little or no extractable text (likely scanned PDF — needs OCR).,unknown,,unknown,,30.0,30.0,step8,no_website_url,,
PATEL CHEM SPECIALITIES LIMITED,"There have been some instances of delayed filing in the past with the Registrar of Companies of Form CHG-1, MGT-14 and INC-27 with additional fees which may attract penalties.",unspecified_see_drhp,www.cumulativecapital.group; www.linkintime.co.in; www.patelchem.com; www.unistonecapital.com,Extract from restated financials in DRHP (pattern not matched).,,55.0,55.0,step8,duplicate_dedupe|basis:website_host,STANBIK AGRO LIMITED,website_host
PATRON EXIM LIMITED,Little or no extractable text (likely scanned PDF — needs OCR).,unknown,,unknown,,30.0,30.0,step8,no_website_url,,
PDP Shipping & Projects Limited,Email and Telephone,unspecified_see_drhp,www.kfintech.com; www.pdpprojects.com; www.suncapitalservices.co.in,Extract from restated financials in DRHP (pattern not matched).,,35.0,35.0,step8,duplicate_dedupe|basis:website_host,Safecure Services Limited,website_host
Pearl Green Clubs and Resorts Limited,Little or no extractable text (likely scanned PDF — needs OCR).,unknown,,unknown,,30.0,30.0,step8,no_website_url,,
Pentech Metals Limited,Certain Corporate Matters” on page no. 92 of this Draft Prospectus.,unspecified_see_drhp,www.afsl.co.in; www.bigshareonline.com; www.pentechmetals.co.in,Extract from restated financials in DRHP (pattern not matched).,,50.0,50.0,step8,duplicate_dedupe|basis:website_host,Shine Fashions (India) Limited,website_host
Pind Hospitality Limited,CORPORATE OFFICE CONTACT PERSON EMAIL Plot no,unspecified_see_drhp,www.bigshareonline.com; www.fedsec.in; www.pindpunjab.in,Extract from restated financials in DRHP (pattern not matched).,,50.0,50.0,step8,duplicate_dedupe|basis:website_host,Shine Fashions (India) Limited,website_host
Piotex Industries Limited,Little or no extractable text (likely scanned PDF — needs OCR).,unknown,,unknown,,30.0,30.0,step8,no_website_url,,
PlatinumOne Business Services Limited,Little or no extractable text (likely scanned PDF — needs OCR).,unknown,,unknown,,30.0,30.0,step8,no_website_url,,
PNGS GARGI FASHION JEWELLERY LIMITED,"S. No. 37/1 & 37/2, Near Lokmat New Paper, Wadgaon, Khurd, Pune – 411 041, Maharashtra, India N.A. Ms. Bhargavi Pratish Aphale Company Secretary and Compliance Officer info@gargibypng.com",unspecified_see_drhp,www.bigshareonline.com; www.gargibypng.com; www.shreni.in,Extract from restated financials in DRHP (pattern not matched).,,80.0,80.0,step8,duplicate_dedupe|basis:website_host,Shine Fashions (India) Limited,website_host
Promax Power Ltd,Little or no extractable text (likely scanned PDF — needs OCR).,unknown,,unknown,,30.0,30.0,step8,no_website_url,,
PROSPECT COMMODITIES LIMITED,Little or no extractable text (likely scanned PDF — needs OCR).,unknown,,unknown,,30.0,30.0,step8,no_website_url,,
Pune E - Stock Broking Limited,Little or no extractable text (likely scanned PDF — needs OCR).,unknown,,unknown,,30.0,30.0,step8,no_website_url,,
Purple Wave Infocom Limited,"minutes, reporting in number of board meetings in annual returns and typographical errors in forms filed in ROC filing made by our company.",unspecified_see_drhp,www.maashitla.com; www.purplewave.in; www.shcapl.com,Extract from restated financials in DRHP (pattern not matched).,,50.0,50.0,step8,duplicate_dedupe|basis:website_host,Nanta Tech Limited,website_host
Quality RO Industries Limited,Little or no extractable text (likely scanned PDF — needs OCR).,unknown,,unknown,,30.0,30.0,step8,no_website_url,,
Quanto Agroworld Limited,Little or no extractable text (likely scanned PDF — needs OCR).,unspecified_see_drhp,https://in.mpms.mufg.com/; www.quantoagro.com; www.sobhagyacapital.com,Extract from restated financials in DRHP (pattern not matched).,,55.0,55.0,step8,duplicate_dedupe|basis:website_host,L. T. Elevator Limited,website_host
Rainbow Crop Health Limited,Little or no extractable text (likely scanned PDF — needs OCR).,unknown,,unknown,,30.0,30.0,step8,no_website_url,,
Rajat City Developers Limited,Little or no extractable text (likely scanned PDF — needs OCR).,unknown,,unknown,,30.0,30.0,step8,no_website_url,,
Rajesh Power Services Limited,"380/3, Siddhi House, Opp",unspecified_see_drhp,www.bigshareonline.com; www.iskadvisors.com; www.rajeshpower.com,Extract from restated financials in DRHP (pattern not matched).,,50.0,50.0,step8,duplicate_dedupe|basis:website_host,SATTRIX INFORMATION SECURITY LIMITED,website_host
Rajeshwari Cans Limited,"96 Mahagujarat Industrial Esta te, Moraiya, Ta: Sanand, Ahmedaba d - 382210, Gujarat, India Promoter(s) / Core Promoter(s) 1",unspecified_see_drhp,www.bigshareonline.com; www.fedsec.in; www.rajeshwaricans.com,Extract from restated financials in DRHP (pattern not matched).,,60.0,60.0,step8,duplicate_dedupe|basis:website_host,Shine Fashions (India) Limited,website_host
Ramsons Food Products Limited,Little or no extractable text (likely scanned PDF — needs OCR).,unknown,,unknown,,30.0,30.0,step8,no_website_url,,
Rangoli Tradecomm Ltd,Little or no extractable text (likely scanned PDF — needs OCR).,unknown,,unknown,,15.0,15.0,step8,no_website_url,,
RAPID MULTIMODAL LOGISTICS LIMITED,Little or no extractable text (likely scanned PDF — needs OCR).,unknown,,unknown,,30.0,30.0,step8,no_website_url,,
REET PROJECTS LIMITED,"Shop No. 327, Third Floor, Ishana the Business Hub, Al than Surat City, Surat- 395017, Gujarat NA Poorvi Jain, Company Secretary & Compliance Officer info@reetprojects.com",unspecified_see_drhp,www.fedsec.in; www.kfintech.com; www.reetprojects.com,Extract from restated financials in DRHP (pattern not matched).,,45.0,45.0,step8,duplicate_dedupe|basis:website_host,Shine Fashions (India) Limited,website_host
REETECH INTERNATIONAL CARGO AND COURIER LIMITED,"U51100CT2008PLC020983. For further Details of Incorporation and Change in Registered Office of our Company, please refer to s ection titled ‘",unspecified_see_drhp,www.bigshareonline.com; www.gretexcorporate.com; www.reetechinternational.com,Extract from restated financials in DRHP (pattern not matched).,U51100CT2008PLC020983,50.0,50.0,step8,duplicate_dedupe|basis:website_host,Shine Fashions (India) Limited,website_host
Repono Limited,up 1020 Sq,unspecified_see_drhp,https://repono.in/; www.cameoindia.com; www.wealthminenetworks.com,Extract from restated financials in DRHP (pattern not matched).,,60.0,60.0,step8,duplicate_dedupe|basis:website_host,Seemax Resources Limited,website_host
RESGEN LIMITED,Little or no extractable text (likely scanned PDF — needs OCR).,unknown,,unknown,,30.0,30.0,step8,no_website_url,,
Resourceful Automobile Limited,"K-24, Upper Ground, KH No",unspecified_see_drhp,www.cameoindia.com; www.sawhneyauto.com; www.swastika.co.in,Extract from restated financials in DRHP (pattern not matched).,,35.0,35.0,step8,duplicate_dedupe|basis:website_host,Efficient Fire and Security Solutions Limited,website_host
Resvera Wines Limited,Little or no extractable text (likely scanned PDF — needs OCR).,unknown,,unknown,,30.0,30.0,step8,no_website_url,,
RETAGGIO INDUSTRIES LIMITED,"Unit-204, Options Primo, Plot No",unspecified_see_drhp,www.bigshareonline.com; www.gretexcorporate.com; www.retaggioindustries.com,Extract from restated financials in DRHP (pattern not matched).,,50.0,50.0,step8,duplicate_dedupe|basis:website_host,Shine Fashions (India) Limited,website_host
RETINA PAINTS LIMITED,Little or no extractable text (likely scanned PDF — needs OCR).,unknown,,unknown,,30.0,30.0,step8,no_website_url,,
REX SEALING AND PACKING INDUSTRIES LIMITED,"A-207, 2nd Floor, Plot No.711 A, Byculla Services Industries, D K Road, Ghodapdeo, Byculla (East) Mumbai - 400027",unspecified_see_drhp,www.afsl.co.in; www.bigshareonline.com; www.rexseal.com,Extract from restated financials in DRHP (pattern not matched).,,65.0,65.0,step8,duplicate_dedupe|basis:website_host,Shine Fashions (India) Limited,website_host
Rhetan TMT Limited,Little or no extractable text (likely scanned PDF — needs OCR).,unknown,,unknown,,15.0,15.0,step8,no_website_url,,
Richesm Healthcare Limited,Office No,unspecified_see_drhp,www.kslindia.com; www.richesm.com; www.skylinerta.com,Extract from restated financials in DRHP (pattern not matched).,,35.0,35.0,step8,duplicate_dedupe|basis:website_host,SJP ULTRASONICS LIMITED,website_host
Ritco Logistics Limited,Little or no extractable text (likely scanned PDF — needs OCR).,unknown,,unknown,,15.0,15.0,step8,no_website_url,,
RO Jewels Limited,Little or no extractable text (likely scanned PDF — needs OCR).,unknown,,unknown,,30.0,30.0,step8,no_website_url,,
Roopa Screen Limited,carry out our business activities,unspecified_see_drhp,https://serencapital.in/; www.bigshareonline.com; www.roopaindia.in,Extract from restated financials in DRHP (pattern not matched).,,35.0,35.0,step8,duplicate_dedupe|basis:website_host,Recode Studios Limited,website_host
Roopshri Resorts Limited,Little or no extractable text (likely scanned PDF — needs OCR).,unknown,,unknown,,30.0,30.0,step8,no_website_url,,
ROOPYAA FINBIZZ LIMITED,Little or no extractable text (likely scanned PDF — needs OCR).,unknown,,unknown,,30.0,30.0,step8,no_website_url,,
Rosmerta Digital Services Limited,"a new certificate of incorporation consequent upon conversion dated June 03, 2024, bearing",unspecified_see_drhp,www.beelinemb.com; www.linkintime.co.in; www.narnolia.com; www.rosmertadigital.com,Extract from restated financials in DRHP (pattern not matched).,,30.0,30.0,step8,duplicate_dedupe|basis:website_host,SK International Export Limited,website_host
Rudra Gas Enterprise Limited,"OFFICE CONTACT PERSON TELEPHONE AND EMAIL WEBSITE B-702, The Capital Building, Science City Road, Opp",unspecified_see_drhp,www.beelinemb.com; www.linkintime.co.in; www.rudragasenterprise.com,Extract from restated financials in DRHP (pattern not matched).,,70.0,70.0,step8,duplicate_dedupe|basis:website_host,SK International Export Limited,website_host
RUKMANI DEVI GARG AGRO IMPEX LIMITED,have been certain instances of regulatory non -compliances or delays or errors in the past,unspecified_see_drhp,www.bigshareonline.com; www.fedsec.in; www.rdgagro.com,Extract from restated financials in DRHP (pattern not matched).,,30.0,30.0,step8,duplicate_dedupe|basis:website_host,Shine Fashions (India) Limited,website_host
S. V. J. ENTERPRISES LIMITED,Little or no extractable text (likely scanned PDF — needs OCR).,unknown,,unknown,,30.0,30.0,step8,no_website_url,,
Safa Systems & Technologies Limited,Little or no extractable text (likely scanned PDF — needs OCR).,unknown,,unknown,,30.0,30.0,step8,no_website_url,,
SAFETY CONTROLS & DEVICES LIMITED,"C-43/28/1 Nawal Kishore Road Hazratganj, Lucknow-226001, Uttar Pradesh, India N",unspecified_see_drhp,www.maashitla.com; www.sobhagyacapital.com,Extract from restated financials in DRHP (pattern not matched).,,40.0,40.0,step8,duplicate_dedupe|basis:website_host,L. T. Elevator Limited,website_host
Sai Swami Metals and Alloys Limited,Little or no extractable text (likely scanned PDF — needs OCR).,unknown,,unknown,,15.0,15.0,step8,no_website_url,,
SAILANI TOURS N TRAVELS LIMITED,Little or no extractable text (likely scanned PDF — needs OCR).,unknown,,unknown,,30.0,30.0,step8,no_website_url,,
Samor Reality Limited,Little or no extractable text (likely scanned PDF — needs OCR).,unknown,,unknown,,30.0,30.0,step8,no_website_url,,
SAN TRICA REALTORS LIMITED,Little or no extractable text (likely scanned PDF — needs OCR).,unknown,,unknown,,30.0,30.0,step8,no_website_url,,
Sancode Technologies Limited,Little or no extractable text (likely scanned PDF — needs OCR).,unknown,,unknown,,30.0,30.0,step8,no_website_url,,
SANJEEVANI AGROFOODS LIMITED,of Central Processing Centre bearing Corporate identification number U15122UR2008PLC032737,unspecified_see_drhp,www.bigshareonline.com; www.sanjeevaniagrofoods.com; www.shareindia.com,Extract from restated financials in DRHP (pattern not matched).,U15122UR2008PLC032737,50.0,50.0,step8,duplicate_dedupe|basis:website_host,VVIP Infratech Limited,website_host
Satol Chemicals Limited,"name and registered office of our company, please refer to secti on titled “",unspecified_see_drhp,https://www.satol.net; www.blackfoxindia.com; www.finshoregroup.com,Extract from restated financials in DRHP (pattern not matched).,,70.0,70.0,step8,duplicate_dedupe|basis:website_host,SK International Export Limited,website_host
SBC Exports Limited,Little or no extractable text (likely scanned PDF — needs OCR).,unknown,,unknown,,30.0,30.0,step8,no_website_url,,
SBL Infratech Limited,Little or no extractable text (likely scanned PDF — needs OCR).,unknown,,unknown,,30.0,30.0,step8,no_website_url,,
SBS Food Courts Limited,Little or no extractable text (likely scanned PDF — needs OCR).,unknown,,unknown,,30.0,30.0,step8,no_website_url,,
Scarnose International Limited,Little or no extractable text (likely scanned PDF — needs OCR).,unknown,,unknown,,30.0,30.0,step8,no_website_url,,
Sealmatic India Limited,Little or no extractable text (likely scanned PDF — needs OCR).,unknown,,unknown,,30.0,30.0,step8,no_website_url,,
Secmark Consultancy Limited,Little or no extractable text (likely scanned PDF — needs OCR).,unknown,,unknown,,30.0,30.0,step8,no_website_url,,
SEVEN SEAZ VACATIONS LIMITED,Little or no extractable text (likely scanned PDF — needs OCR).,unknown,,unknown,,30.0,30.0,step8,no_website_url,,
Shakti Polytarp Limited,company. Any termination of the relevant lease/ rent agreements could adversely affect our operations.,unspecified_see_drhp,www.nexgenfin.com; www.shaktipolytarp.com; www.skylinerta.com,Extract from restated financials in DRHP (pattern not matched).,,30.0,30.0,step8,duplicate_dedupe|basis:website_host,Defrail Technologies Limited,website_host
Sham Foam Limited,Promoters and the same property has been used as security for loan taken by our Company for its machineries:,"As on date of the Draft Prospectus, our Company has been using the following brand names for marketing and distribution ",www.alankitassignments.com; www.corporatemakers.in; www.navigantcorp.com; www.shamfoam.com,Extract from restated financials in DRHP (pattern not matched).,,50.0,50.0,step8,duplicate_dedupe|basis:website_host,Yashhtej Industries (India) Limited,website_host
SHANTIDOOT INFRA SERVICES LIMITED,Little or no extractable text (likely scanned PDF — needs OCR).,unknown,,unknown,,30.0,30.0,step8,no_website_url,,
Sharp Agricom Limited,Download failed (timeout or HTTP error).,unknown,,unknown,,30.0,30.0,step8,no_website_url,,
Sharvaya Metals Limited,on the page 163 of the DRHP:,unspecified_see_drhp,www.bigshareonline.com; www.expertglobal.in; www.sharvayametals.com,Extract from restated financials in DRHP (pattern not matched).,,35.0,35.0,step8,duplicate_dedupe|basis:website_host,Royal Sense Limited,website_host
Shayona Engineering Ltd.,Registered Office: Shed No,unspecified_see_drhp,www.horizonmanagement.in; www.kfintech.com; www.shayonaengg.com,Extract from restated financials in DRHP (pattern not matched).,,15.0,15.0,step8,duplicate_dedupe|basis:website_host,L. T. Elevator Limited,website_host
SHELTER PHARMA LIMITED,Little or no extractable text (likely scanned PDF — needs OCR).,unknown,,unknown,,30.0,30.0,step8,no_website_url,,
Shining Tools Ltd,"For further details, please refer to chapter titled “",unspecified_see_drhp,https://accuratesecurities.com/; www.sobhagyacapital.com; www.tixnatools.com,Extract from restated financials in DRHP (pattern not matched).,,55.0,55.0,step8,duplicate_dedupe|basis:website_host,L. T. Elevator Limited,website_host
Shipwaves Online Limited,identification number (,unspecified_see_drhp,www.cameoindia.com; www.finshoregroup.com; www.shipwaves.com,Extract from restated financials in DRHP (pattern not matched).,,70.0,70.0,step8,duplicate_dedupe|basis:website_host,SK International Export Limited,website_host
Shiv Texchem Limited,"and other details please, see “History and Certain Corporate Matters” on page 126 of the Draft Red Herring Prospectus",unspecified_see_drhp,www.linkintime.co.in; www.shivtexchem.com; www.vivro.net,Extract from restated financials in DRHP (pattern not matched).,,35.0,35.0,step8,duplicate_dedupe|basis:website_host,Justo Realfintech Limited,website_host
Shivam Chemicals Limited,Little or no extractable text (likely scanned PDF — needs OCR).,unknown,,unknown,,30.0,30.0,step8,no_website_url,,
Shivchem Agro limited,See DRHP ‘General Information’ — address not matched by pattern.,unspecified_see_drhp,www.maashitla.com; www.shannon.co.in; www.shivchemagro.com,Extract from restated financials in DRHP (pattern not matched).,,35.0,35.0,step8,duplicate_dedupe|basis:website_host,Globtier Infotech limited,website_host
Shoora Designs Limited,Little or no extractable text (likely scanned PDF — needs OCR).,unknown,,unknown,,30.0,30.0,step8,no_website_url,,
Shree Marutinandan Tubes Limited,Little or no extractable text (likely scanned PDF — needs OCR).,unknown,,unknown,,30.0,30.0,step8,no_website_url,,
SHREENATH PAPER PRODUCTS LIMITED,CORPORATE OFFICE CONTACT PERSON EMAIL Shop no,unspecified_see_drhp,www.bigshareonline.com; www.fedsec.in; www.shreenathpaper.com,Extract from restated financials in DRHP (pattern not matched).,,50.0,50.0,step8,duplicate_dedupe|basis:website_host,Shine Fashions (India) Limited,website_host
Shreni Shares Limited,"Borivali (West)- 400092 Mumbai, Maharashtra, India “we”, “us” or “our” Unless the context otherwise indicates or implies, refers to our Company.",unspecified_see_drhp,www.afsl.co.in; www.bigshareonline.com; www.shreni.in,Extract from restated financials in DRHP (pattern not matched).,,25.0,25.0,step8,duplicate_dedupe|basis:website_host,Shine Fashions (India) Limited,website_host
SHREYAS FABTECH LIMITED,Ahmedabad,Manufacturing / Industrial,www.gretexcorporate.com; www.linkintime.co.in; www.shreyas.biz,Extract from restated financials in DRHP (pattern not matched).,,65.0,65.0,step8,duplicate_dedupe|basis:website_host,Shine Fashions (India) Limited,website_host
Shri Balaji Valve Components Limited,Little or no extractable text (likely scanned PDF — needs OCR).,unknown,,unknown,,30.0,30.0,step8,no_website_url,,
Shri Venkatesh Refineries Limited,Little or no extractable text (likely scanned PDF — needs OCR).,unknown,,unknown,,30.0,30.0,step8,no_website_url,,
Sihora Industries Limited,"Compound, Udhna, Mangrol, Surat-394210, Gujarat, India. You or Your or Yours Prospective Investors in the Issue",unspecified_see_drhp,www.bigshareonline.com; www.sihoragroup.com; www.sobhagyacapital.com,Extract from restated financials in DRHP (pattern not matched).,,25.0,25.0,step8,duplicate_dedupe|basis:website_host,L. T. Elevator Limited,website_host
Silicon Rental Solutions Ltd,Little or no extractable text (likely scanned PDF — needs OCR).,unknown,,unknown,,30.0,30.0,step8,no_website_url,,
Silver Pearl Hospitality & Luxury Spaces Limited,Little or no extractable text (likely scanned PDF — needs OCR).,unknown,,unknown,,30.0,30.0,step8,no_website_url,,
Siyaram Recycling Industries Limited,Download failed (timeout or HTTP error).,unknown,,unknown,,15.0,15.0,step8,no_website_url,,
Sobo Films Holding Limited,CORPORATE OFFICE CONTACT PERSON CONTACT NUMBER AND EMAIL,unspecified_see_drhp,www.bigshareonlince.com; www.comfortsecurities.co.in; www.sobofilms.com,Extract from restated financials in DRHP (pattern not matched).,,15.0,15.0,step8,duplicate_dedupe|basis:website_host,Yash Highvoltage Limited,website_host
Sodhani Academy of Fintech Enablers Limited,Little or no extractable text (likely scanned PDF — needs OCR).,unspecified_see_drhp,www.cameoindia.com; www.safefintech.in; www.srujanalpha.com,Extract from restated financials in DRHP (pattern not matched).,,15.0,15.0,step8,duplicate_dedupe|basis:website_host,Popular Foundations limited,website_host
SOLARIUM GREEN ENERGY LIMITED,Little or no extractable text (likely scanned PDF — needs OCR).,unknown,,unknown,,15.0,15.0,step8,no_website_url,,
Sollfege Smart Electronics Limited,See DRHP ‘General Information’ — address not matched by pattern.,unspecified_see_drhp,www.finshoregroup.com; www.sollfege.com,Extract from restated financials in DRHP (pattern not matched).,,50.0,50.0,step8,duplicate_dedupe|basis:website_host,SK International Export Limited,website_host
Sonalis Consumer Products Limited,Little or no extractable text (likely scanned PDF — needs OCR).,unknown,,unknown,,30.0,30.0,step8,no_website_url,,
SPECIALITY MEDICINES LIMITED,Download failed (timeout or HTTP error).,unknown,,unknown,,15.0,15.0,step8,no_website_url,,
Spinaroo Commercial Limited,"company, please refer to section titled “",unspecified_see_drhp,www.cameoindia.com; www.finshoregroup.com; www.spino.co.in,Extract from restated financials in DRHP (pattern not matched).,,70.0,70.0,step8,duplicate_dedupe|basis:website_host,SK International Export Limited,website_host
Srigee DLM Limited,PDF parse error: PdfStreamError,unknown,,unknown,,15.0,15.0,step8,no_website_url,,
STAR IMAGING AND PATH LAB LIMITED,"Registered Office: 4B/4, Tilak Nagar, Near Sant Pura, Tilak Nagar West Delhi, New Delhi- 110018, India Tel",unspecified_see_drhp,www.kfintech.com; www.shareindia.com; www.starimaging.in,Extract from restated financials in DRHP (pattern not matched).,,60.0,60.0,step8,duplicate_dedupe|basis:website_host,VVIP Infratech Limited,website_host
STEELMAN TELECOM LTD.,Little or no extractable text (likely scanned PDF — needs OCR).,unknown,,unknown,,30.0,30.0,step8,no_website_url,,
Storage Technologies and Automation Limited,Number U74900KA2010PLC052918,unspecified_see_drhp,https://racksandrollers.com; www.integratedindia.in; www.nikunjonline.com; www.oneviewadvisors.com,₹25–100 Cr (approx from lakhs),U74900KA2010PLC052918,30.0,30.0,step8,duplicate_dedupe|basis:website_host,Qualitek Labs Limited,website_host
SUBAM PAPERS LIMITED,"For details in relation to the incorporation, Change in Registered Office and other details, please refer to the chapter titled “","c) Under the head Overview of Our Business on Page 135, the standalone revenue breakup and State wise revenue breakup ha",www.gretexcorporate.com; www.subampapers.com,Extract from restated financials in DRHP (pattern not matched).,,50.0,50.0,step8,duplicate_dedupe|basis:website_host,Shine Fashions (India) Limited,website_host
SUDARSHAN PHARMA INDUSTRIES LIMITED,Little or no extractable text (likely scanned PDF — needs OCR).,unknown,,unknown,,30.0,30.0,step8,no_website_url,,
SUNITA TOOLS LIMITED,Download failed (timeout or HTTP error).,unknown,,unknown,,15.0,15.0,step8,no_website_url,,
Sunrise Efficient Marketing Limited,Little or no extractable text (likely scanned PDF — needs OCR).,unknown,,unknown,,15.0,15.0,step8,no_website_url,,
Super Iron Foundry Ltd,Factor / Manufacturing facility and Warehouse at factory 161 Our Company does not employ any contract labour in our manufacturing process.,unspecified_see_drhp,www.horizonmanagement.in; www.linkintime.co.in; www.superironfoundry.com,Extract from restated financials in DRHP (pattern not matched).,,35.0,35.0,step8,duplicate_dedupe|basis:website_host,L. T. Elevator Limited,website_host
Suratwwala Business Group Limited,Little or no extractable text (likely scanned PDF — needs OCR).,unknown,,unknown,,30.0,30.0,step8,no_website_url,,
Susan Electricals India Limited,"Flat No. 1703, 17th Floor, Nirmal Tower 26, Barakhamba Road, New Delhi-110001, Delhi (admeasuring 450.00 Sqft) Rent Mr. Aman Singh Panwar Obtained on rent from Mr. Aman Singh Panwar for a period of eleven (11) months commen",unspecified_see_drhp,https://seil.net.in/; https://serencapital.in/; www.mudrarta.com,Extract from restated financials in DRHP (pattern not matched).,,60.0,60.0,step8,duplicate_dedupe|basis:website_host,Recode Studios Limited,website_host
Suyog Gurbaxani Funicular Ropeways Limited,"“we”, “us” or “our” Unless the context otherwise indicates or implies, refers to our Company.",unspecified_see_drhp,www.afsl.co.in; www.kfintech.com; www.sgfrl.com,Extract from restated financials in DRHP (pattern not matched).,,30.0,30.0,step8,duplicate_dedupe|basis:website_host,Shine Fashions (India) Limited,website_host
SVS VENTURES LIMITED,Little or no extractable text (likely scanned PDF — needs OCR).,unspecified_see_drhp,www.bigshareonline.com; www.focl.in; www.svsventures.co.in,Extract from restated financials in DRHP (pattern not matched).,,30.0,30.0,step8,duplicate_dedupe|basis:website_host,Yashhtej Industries (India) Limited,website_host
Swashthik Plascon Limited,Little or no extractable text (likely scanned PDF — needs OCR).,unknown,,unknown,,15.0,15.0,step8,no_website_url,,
Swasth Foodtech India Limited,name of our Company was changed to ‘Swasth Foodtech India Limited’,unspecified_see_drhp,www.horizonmanagement.in; www.swasthfoodtech.com,₹25–100 Cr (approx from lakhs),,25.0,25.0,step8,duplicate_dedupe|basis:website_host,L. T. Elevator Limited,website_host
Swastika Castal Ltd,"Public Limited Company on June 10, 1996",unspecified_see_drhp,https://sclcasting.com/; www.accuratesecurities.com; www.horizonmanagement.in,Extract from restated financials in DRHP (pattern not matched).,,50.0,50.0,step8,duplicate_dedupe|basis:website_host,L. T. Elevator Limited,website_host
Taiyo Feed Mill Limited,"at No. 17 A, South Mada Street, Kolathur, Chennai-600099, Tamil Nadu, India. For further details, please refer to section titled “",unspecified_see_drhp,www.purvashare.com; www.shareindia.com; www.taiyogroup.in,Extract from restated financials in DRHP (pattern not matched).,,60.0,60.0,step8,duplicate_dedupe|basis:website_host,VVIP Infratech Limited,website_host
Techknowgreen Solutions Limited,"Flat-202, Hem Opal Apartment, Plot No",unspecified_see_drhp,www.bigshareonline.com; www.indorient.in; www.techkno; www.techknowgreen.com,Extract from restated financials in DRHP (pattern not matched).,,35.0,35.0,step8,duplicate_dedupe|basis:website_host,Yash Highvoltage Limited,website_host
Technichem Organics Limited,Little or no extractable text (likely scanned PDF — needs OCR).,unknown,,unknown,,30.0,30.0,step8,no_website_url,,
Technopack Polymers Ltd.,"M/s Gokul Industries, Rafaleshvar Industrial Estate, Nr",unspecified_see_drhp,www.bigshareonline.com; www.iskadvisors.com; www.technopackltd.com,Extract from restated financials in DRHP (pattern not matched).,,50.0,50.0,step8,duplicate_dedupe|basis:website_host,SATTRIX INFORMATION SECURITY LIMITED,website_host
Technowire Data Science Limited,"EMAIL WEBSITE 1815, Block-B, Navratna Corporate Park, Opp",unspecified_see_drhp,https://technowire.in/; www.galacticocorp.com; www.linkintime.co.in,Extract from restated financials in DRHP (pattern not matched).,,50.0,50.0,step8,duplicate_dedupe|basis:website_host,Neptune Logitek Limited,website_host
Telge Projects Limited,"U, 8906 E, Skely Drive, Tulsa, Oklahoma- 74129.",unspecified_see_drhp,https://telgeprojects.com/; www.bigshareonline.com; www.shcapl.com,Extract from restated financials in DRHP (pattern not matched).,,30.0,30.0,step8,duplicate_dedupe|basis:website_host,Nanta Tech Limited,website_host
Three M Paper Boards Limited,AND SHALL BE MADE AVAILABLE TO THE SME PLATFORM OF BSE (“BSE SME”) FOR THE PURPOSES OF UPLOADING ON THEIR WEBSITE.,unspecified_see_drhp,www.bigshareonlince.com; www.bsesme.com; www.comfortsecurities.co.in; www.threempaper.com,Extract from restated financials in DRHP (pattern not matched).,,50.0,50.0,step8,duplicate_dedupe|basis:website_host,Yash Highvoltage Limited,website_host
Times Green Energy (India) Limited,Little or no extractable text (likely scanned PDF — needs OCR).,unspecified_see_drhp,www.afsl.co.in; www.bigshareonline.com; www.timesgreenenergy.com,Extract from restated financials in DRHP (pattern not matched).,,30.0,30.0,step8,duplicate_dedupe|basis:website_host,Shine Fashions (India) Limited,website_host
Tipco Engineering India Limited,"taken by any regulatory authorities in future, for such delay filings/non filings with provisions of corporate or any other law could impact the financial position of the Company to that extent.",unspecified_see_drhp,https://tipcoengineering.com/; www.maashitla.com; www.shcapl.com,Extract from restated financials in DRHP (pattern not matched).,,55.0,55.0,step8,duplicate_dedupe|basis:website_host,Nanta Tech Limited,website_host
Toss the Coin Limited,which inter-alia include clerical errors by our Company with the ROC,unspecified_see_drhp,www.beelinemb.com; www.linkintime.co.in; www.tossthe.co.in,₹0–5 Cr (approx from lakhs),,50.0,50.0,step8,duplicate_dedupe|basis:website_host,SK International Export Limited,website_host
Trafiksol ITS Technologies Limited,Little or no extractable text (likely scanned PDF — needs OCR).,unknown,,unknown,,15.0,15.0,step8,no_website_url,,
TRANSTEEL SEATING TECHNOLOGIES LIMITED,Little or no extractable text (likely scanned PDF — needs OCR).,unknown,,unknown,,30.0,30.0,step8,no_website_url,,
Transvoy Logistics India Limited,CORPORATE OFFICE CONTACT PERSON TELEPHONE AND EMAIL,unspecified_see_drhp,www.beelinemb.com; www.linkintime.co.in; www.transvoy.com,Extract from restated financials in DRHP (pattern not matched).,,30.0,30.0,step8,duplicate_dedupe|basis:website_host,SK International Export Limited,website_host
Travels & rentals Limited,titled “Our History and Certain Corporate Matters ” beginning on page no 137 of the Prospectus.,unspecified_see_drhp,www.cameoindia.com; www.finshoregroup.com; www.travelsandrentals.in,Extract from restated financials in DRHP (pattern not matched).,,50.0,50.0,step8,duplicate_dedupe|basis:website_host,SK International Export Limited,website_host
Trident Lifeline Limited,Little or no extractable text (likely scanned PDF — needs OCR).,unknown,,unknown,,30.0,30.0,step8,no_website_url,,
Tutorials Point (India) Limited,Little or no extractable text (likely scanned PDF — needs OCR).,unknown,,unknown,,30.0,30.0,step8,no_website_url,,
Twinkle Papers limited,Delhi-110001 Telephone: +91 9910990488 Email: mb@ftfinsec,unspecified_see_drhp,https://twinklepapers.com/; https://www.alankit.com/; www.novuscaps.com,Extract from restated financials in DRHP (pattern not matched).,,45.0,45.0,step8,duplicate_dedupe|basis:website_host,Autofurnish Limited,website_host
Udaan Paper Industries Limited,"Pithampur, Madhya Pradesh, India - 454774.",unspecified_see_drhp,https://serencapital.in/; https://www.udaanindustries.com/; www.bigshareonline.com,Extract from restated financials in DRHP (pattern not matched).,,60.0,60.0,step8,duplicate_dedupe|basis:website_host,Recode Studios Limited,website_host
Ullu Digital Limited,Little or no extractable text (likely scanned PDF — needs OCR).,unknown,,unknown,,30.0,30.0,step8,no_website_url,,
Ultra Rich Weddings Limited,Little or no extractable text (likely scanned PDF — needs OCR).,unknown,,unknown,,30.0,30.0,step8,no_website_url,,
Umiya Mobile Limited,Office Contact Person Email and Telephone Website Plot No,unspecified_see_drhp,www.bigshareonline.com; www.shcapl.com; www.umiyamobile.com,Extract from restated financials in DRHP (pattern not matched).,,50.0,50.0,step8,duplicate_dedupe|basis:website_host,Nanta Tech Limited,website_host
Unified Data- Tech Solutions Limited,PDF parse error: PdfStreamError,unknown,,unknown,,15.0,15.0,step8,no_website_url,,
United Cotfab Limited,See DRHP ‘General Information’ — address not matched by pattern.,unspecified_see_drhp,www.beelinemb.com; www.purvashare.com; www.unitedcotfab.com,Extract from restated financials in DRHP (pattern not matched).,,50.0,50.0,step8,duplicate_dedupe|basis:website_host,SK International Export Limited,website_host
V R FILMS & STUDIOS LIMITED,Download failed (timeout or HTTP error).,unknown,,unknown,,15.0,15.0,step8,no_website_url,,
Valplast Technologies Limited,"was U45400HR2014FLC094931. Further, pursuant to our email dated September 26, 2023, and January 11, 2024, to Registrar of companies, Delhi, our",unspecified_see_drhp,www.bigshareonline.com; www.fintellectualadvisors.com; www.valplastech.com,Extract from restated financials in DRHP (pattern not matched).,U45400HR2014FLC094931,25.0,25.0,step8,duplicate_dedupe|basis:website_host,R. P. Multimetals Limited,website_host
VARYAA CREATIONS LIMITED,Little or no extractable text (likely scanned PDF — needs OCR).,unknown,,unknown,,30.0,30.0,step8,no_website_url,,
Vashishtha Luxury Fashion Limited,Information” and “History and Certain Corporate Matters” beginning on page 50 and 144 respectively of the Draft Red Herring Prospectus.,unspecified_see_drhp,www.bigshareonline.com; www.expertglobal.in; www.vashishthaluxuryfashion.com,₹0–5 Cr (approx from lakhs),,30.0,30.0,step8,duplicate_dedupe|basis:website_host,Royal Sense Limited,website_host
VDOIT TECHNOLOGIES LIMITED,"Unit number 912, Emaar Palm Square, Sector – 66, Golf Course, Extension Road, Gurugram, Gurgaon, Haryana -122011, India. | Tel No.: +91-1244468926 |",unspecified_see_drhp,https://vdoitech.com/; www.cameoindia.com; www.fedsec.in,Extract from restated financials in DRHP (pattern not matched).,,40.0,40.0,step8,duplicate_dedupe|basis:website_host,Shine Fashions (India) Limited,website_host
Vectras Enprocon Limited,"2025. The corporate identification number of our Company is U45309 GJ2021PLC122680. Registered Office: Office No. 601-602, Amrakunj Avis, Near Tapovan Circle, Chandkheda, Ahmedabad – 382424, Gujarat. Website: www.vectrasgroup.com; E-Mail: compliance@vectrasgroup.com; Telephone No...",unspecified_see_drhp,www.beelinemb.com; www.vectrasgroup.com,Extract from restated financials in DRHP (pattern not matched).,,60.0,60.0,step8,duplicate_dedupe|basis:website_host,SK International Export Limited,website_host
Vedant Asset Ltd,Little or no extractable text (likely scanned PDF — needs OCR).,unknown,,unknown,,30.0,30.0,step8,no_website_url,,
Veefin Solutions Limited,Little or no extractable text (likely scanned PDF — needs OCR).,unknown,,unknown,,30.0,30.0,step8,no_website_url,,
Veer Global Infraconstruction Limited,Little or no extractable text (likely scanned PDF — needs OCR).,unknown,,unknown,,30.0,30.0,step8,no_website_url,,
Veerkrupa Jewellers Limited,Little or no extractable text (likely scanned PDF — needs OCR).,unknown,,unknown,,30.0,30.0,step8,no_website_url,,
Viraunique Realtors Limited,Little or no extractable text (likely scanned PDF — needs OCR).,unknown,,unknown,,30.0,30.0,step8,no_website_url,,
Virtuoso Optoelectronics Limited,Little or no extractable text (likely scanned PDF — needs OCR).,unknown,,unknown,,15.0,15.0,step8,no_website_url,,
Visaman Global Sales Limited,Little or no extractable text (likely scanned PDF — needs OCR).,unknown,,unknown,,30.0,30.0,step8,no_website_url,,
Vision Time India Limited,studios are located and the same are either on lease arrangement or on right to use basis,unspecified_see_drhp,www.arihantcapital.com; www.cameoindia.com; www.visiontime.in,Extract from restated financials in DRHP (pattern not matched).,,15.0,15.0,step8,duplicate_dedupe|basis:website_host,Organic Recycling Systems Limited,website_host
Vivaa Tradecom Limited,Little or no extractable text (likely scanned PDF — needs OCR).,unknown,,unknown,,30.0,30.0,step8,no_website_url,,
Vruddhi Engineering Works Limited,"LOCATED), AT LEAST TWO WORKING DAYS PRIOR TO THE BID/ISSUE OPENING DATE AND SHALL BE MADE AVAILABLE TO THE SME PLATFORM OF BSE (“BSE SME”) FOR THE PURPOSES OF UPLOADING ON THEIR",unspecified_see_drhp,www.bigshareonline.com; www.fedsec.in; www.vruddhicouplers.com,Extract from restated financials in DRHP (pattern not matched).,,55.0,55.0,step8,duplicate_dedupe|basis:website_host,Shine Fashions (India) Limited,website_host
Vrundavan Plantation Limited,Little or no extractable text (likely scanned PDF — needs OCR).,unknown,,unknown,,30.0,30.0,step8,no_website_url,,
Vyara Tiles Limited,"converted into a Public L imited Company vide Special Resolution passed by the Shareholders at the Extra - Ordinary General Meeting, held on August 07, 2024, and consequently the name of our Company was changed from “Vyara Tiles Private Limited” to “Vyara Tiles Limited” vide a fr...",unspecified_see_drhp,www.kfintech.com; www.shareindia.com; www.vyaratiles.i; www.vyaratiles.in,Extract from restated financials in DRHP (pattern not matched).,,50.0,50.0,step8,duplicate_dedupe|basis:website_host,VVIP Infratech Limited,website_host
Welpar Pharmbizz Limited,Little or no extractable text (likely scanned PDF — needs OCR).,unknown,,unknown,,30.0,30.0,step8,no_website_url,,
White Organic Retail Limited,Little or no extractable text (likely scanned PDF — needs OCR).,unknown,,unknown,,30.0,30.0,step8,no_website_url,,
Workmates Core2Cloud Solution Limited,"Flat 7, 3rd Floor, 3A Rammohan Mullick Garden Lane Kolkata - 700010, West Bengal, India Purbali Saha Company Secretary and Compliance Officer + 91 33 450 84924",unspecified_see_drhp,www.cloudworkmates.com; www.horizonmanagement.in,Extract from restated financials in DRHP (pattern not matched).,,45.0,45.0,step8,duplicate_dedupe|basis:website_host,L. T. Elevator Limited,website_host
YAASHVI JEWELLERS LIMITED,"Colony Vaishali Nagar, Jaipur, Rajasthan, India, 302021",unspecified_see_drhp,www.bigshareonline.com; www.shcapl.com; www.yaashvijewellers.com,Extract from restated financials in DRHP (pattern not matched).,,60.0,60.0,step8,duplicate_dedupe|basis:website_host,Nanta Tech Limited,website_host
Zelio E-Mobility Limited,PDF parse error: PdfStreamError,unknown,,unknown,,15.0,15.0,step8,no_website_url,,
