Company Name,City,Industry Segment,Website,Revenue Band,Differentiation Evidence,Promoter/Decision-Maker,Growth Signals,Tailwinds,Source,CIN,Industry Segment (raw),Evidence Tags Normalized,C1_Manufacturer,C1_Notes,C2_India_Based,C2_Notes,C3_Differentiation,C3_Notes,C4_Technical_DM,C4_Notes,C5_Tailwinds,C5_Notes,C6_Growth_Signals,C6_Notes,ICP_Criteria_Met_Count,ICP_Coverage_Score,ICP_Weighted_Score,_dedupe_group_size,LLM_C1,LLM_C2,LLM_C3,LLM_C4,LLM_C5,LLM_C6,LLM_Note,Blended_C1,Blended_C2,Blended_C3,Blended_C4,Blended_C5,Blended_C6,ICP_Blended_Weighted_Score,LLM_Blend_Alpha,LLM_Model,Step8_Reject_Tags,Step8_Dedupe_Winner_Company,Step8_Dedupe_Basis
Aashka Hospitals Limited,Little or no extractable text (likely scanned PDF — needs OCR).,unknown,,unknown,no_structured_differentiation_tag,Promoter names not machine-extracted from sampled DRHP pages; verify in IPO prospectus or LinkedIn.,Not assessed (no machine-readable text).,bse_sme_ipo_drhp_pipeline,drhp_companies_specified_format.csv+final_merged_dsir_promoters.csv,,,no_structured_differentiation_tag|bse_sme_ipo_drhp_pipeline|not_assessed_(no_machine-readable_text),0,not_classified_manufacturer,0,weak_location_signal,0,no_differentiation_evidence,0,no_promoter_extract,1,sector_or_macro_tailwind_tags,0,weak_growth_signal,1,17,15.0,2,0,0,0,0,0,0,rules_only_no_llm_balance,0.0,0.0,0.0,0.0,5.0,0.0,15.0,0.0,rules_only,no_website_url,,
ACCELERATEBS INDIA LIMITED,Little or no extractable text (likely scanned PDF — needs OCR).,unknown,,unknown,no_structured_differentiation_tag,DRHP: Ms. Poonam Dinesh Yadav Company Secretary; Mr. Kunal Arvind Shah; Mr. Keyur Dipakkumar Shah; Mr. Parth Shah; Ms. Kritika Rupda E-ma; Ms. Kritika Rupda E-mail; Ms. Poonam Dinesh Yadav Corporate Identification Number; Mr. Kunal Arvind Shah MOA; Mr. Kunal Arvind Shah Promoter Group Such; Mr. Keyur Dipakkumar Shah KEY PERFORMANCE INDICATORS,Not assessed (no machine-readable text).,bse_sme_ipo_drhp_pipeline,drhp_companies_specified_format.csv+final_merged_dsir_promoters.csv,,,no_structured_differentiation_tag|bse_sme_ipo_drhp_pipeline|not_assessed_(no_machine-readable_text),0,not_classified_manufacturer,0,weak_location_signal,0,no_differentiation_evidence,1,named_individuals_in_promoter_field,1,sector_or_macro_tailwind_tags,0,weak_growth_signal,2,33,30.0,3,0,0,0,0,0,0,rules_only_no_llm_balance,0.0,0.0,0.0,5.0,5.0,0.0,30.0,0.0,rules_only,no_website_url,,
Adcounty Media India Limited,Little or no extractable text (likely scanned PDF — needs OCR).,unknown,,unknown,no_structured_differentiation_tag,DRHP: Ms. Ashita Agrawal Our; Mr. Chandan Garg; Mr. Aditya Jangid; Mr. Abbhinav Rajendra Jain; Mr. Delphin Varghese; Ms. Vartika Dangayach; Mr. Bhupinder Singh Bindra; Mr. Chandan Garg. Our; Mr. Rajveer Singh,Not assessed (no machine-readable text).,bse_sme_ipo_drhp_pipeline,drhp_companies_specified_format.csv+final_merged_dsir_promoters.csv,,,no_structured_differentiation_tag|bse_sme_ipo_drhp_pipeline|not_assessed_(no_machine-readable_text),0,not_classified_manufacturer,0,weak_location_signal,0,no_differentiation_evidence,1,named_individuals_in_promoter_field,1,sector_or_macro_tailwind_tags,0,weak_growth_signal,2,33,30.0,2,0,0,0,0,0,0,rules_only_no_llm_balance,0.0,0.0,0.0,5.0,5.0,0.0,30.0,0.0,rules_only,no_website_url,,
Adeshwar Meditex Limited,Download failed (timeout or HTTP error).,unknown,,unknown,no_structured_differentiation_tag,Could not download DRHP PDF/ZIP for promoter extraction.,,bse_sme_ipo_drhp_pipeline,drhp_companies_specified_format.csv+final_merged_dsir_promoters.csv,,,no_structured_differentiation_tag|bse_sme_ipo_drhp_pipeline,0,not_classified_manufacturer,0,weak_location_signal,0,no_differentiation_evidence,0,no_promoter_extract,1,sector_or_macro_tailwind_tags,0,weak_growth_signal,1,17,15.0,2,0,0,0,0,0,0,rules_only_no_llm_balance,0.0,0.0,0.0,0.0,5.0,0.0,15.0,0.0,rules_only,no_website_url,,
Adishakti Loha and Ispat Limited.,"Subsequently our Company was converted into a Public Limited Company and a fresh certificate of incorporation consequent upon conversion of the Company to public limited company in the name of the “Adishakti Loha and Ispat Limited” was granted by the Registrar of Companies, Delhi...",unspecified_see_drhp,http://adishaktiloha.com/; www.bigshareonline.com; www.tcagroup.in,Extract from restated financials in DRHP (pattern not matched).,no_structured_differentiation_tag,DRHP: Mr. Bhuwan Singh Taragi; Mr. Pawan Kumar Mittal Promoter Group; Mr. Pawan Kumar Mittal; Mrs. Kiran Mittal; Mrs. Rukmani Devi Mittal,subsidiary / group structure,bse_sme_ipo_drhp_pipeline,drhp_companies_specified_format.csv+final_merged_dsir_promoters.csv,,See DRHP ‘Industry / Business overview’ section.,no_structured_differentiation_tag|bse_sme_ipo_drhp_pipeline|subsidiary|group_structure,0,not_classified_manufacturer,1,india_location_signal,0,no_differentiation_evidence,1,named_individuals_in_promoter_field,1,sector_or_macro_tailwind_tags,0,weak_growth_signal,3,50,40.0,2,0,0,0,0,0,0,rules_only_no_llm_balance,0.0,5.0,0.0,5.0,5.0,0.0,40.0,0.0,rules_only,duplicate_dedupe|basis:website_host,STITCHED TEXTILES LIMITED,website_host
ADMACH SYSTEMS LIMITED,"Survey No 122, Village Nandoshi, Off Pune Sinhagad Road, Khadakwasla R",unspecified_see_drhp,https://maashitla.com; www.admach.co.in; www.aftertrade.in,Extract from restated financials in DRHP (pattern not matched).,no_structured_differentiation_tag,Could not download DRHP PDF/ZIP for promoter extraction.,capex / capital expenditure; facility expansion,bse_sme_ipo_drhp_pipeline|capacity_expansion_tailwind,drhp_companies_specified_format.csv+final_merged_dsir_promoters.csv,,See DRHP ‘Industry / Business overview’ section.,no_structured_differentiation_tag|bse_sme_ipo_drhp_pipeline|capacity_expansion_tailwind|capex|capital_expenditure|facility_expansion,0,not_classified_manufacturer,1,india_location_signal,0,no_differentiation_evidence,0,no_promoter_extract,1,sector_or_macro_tailwind_tags,1,growth_or_ipo_signal_in_text,3,50,45.0,2,0,0,0,0,0,0,rules_only_no_llm_balance,0.0,5.0,0.0,0.0,5.0,5.0,45.0,0.0,rules_only,duplicate_dedupe|basis:website_host,JKV SOLUTIONS LIMITED,website_host
Advait Infratech Limited,Little or no extractable text (likely scanned PDF — needs OCR).,unknown,,unknown,no_structured_differentiation_tag,DRHP: Mr Dipesh Panchal; Mr. Shalin Sheth; Mrs Rejal Sheth THE ISSUE PUBLIC ISSUE; Mrs. Rejal Sheth Promoter Group Such; Mrs. Rejal Sheth Company Secretary; Mr. Dipesh Panchal CSR Committee,Not assessed (no machine-readable text).,bse_sme_ipo_drhp_pipeline,drhp_companies_specified_format.csv+final_merged_dsir_promoters.csv,,,no_structured_differentiation_tag|bse_sme_ipo_drhp_pipeline|not_assessed_(no_machine-readable_text),0,not_classified_manufacturer,0,weak_location_signal,0,no_differentiation_evidence,1,named_individuals_in_promoter_field,1,sector_or_macro_tailwind_tags,0,weak_growth_signal,2,33,30.0,2,0,0,0,0,0,0,rules_only_no_llm_balance,0.0,0.0,0.0,5.0,5.0,0.0,30.0,0.0,rules_only,no_website_url,,
Advance Technoforge Limited,and Certain Corporate Matters” on page 150.,unspecified_see_drhp,www.advancetechforge.co; www.advancetechforge.com/; www.kfintech.com; www.suncapitalservices.co.in,Extract from restated financials in DRHP (pattern not matched).,no_structured_differentiation_tag,DRHP: Ms. Payal Bansal,subsidiary / group structure,bse_sme_ipo_drhp_pipeline,drhp_companies_specified_format.csv+final_merged_dsir_promoters.csv,,See DRHP ‘Industry / Business overview’ section.,no_structured_differentiation_tag|bse_sme_ipo_drhp_pipeline|subsidiary|group_structure,0,not_classified_manufacturer,0,weak_location_signal,0,no_differentiation_evidence,1,named_individuals_in_promoter_field,1,sector_or_macro_tailwind_tags,0,weak_growth_signal,2,33,30.0,3,0,0,0,0,0,0,rules_only_no_llm_balance,0.0,0.0,0.0,5.0,5.0,0.0,30.0,0.0,rules_only,duplicate_dedupe|basis:website_host,Safecure Services Limited,website_host
AEGEUS TECHNOLOGIES LIMITED,"Central Processing Centre has issued a new certificate of incorporation consequent upon conversion dated August 08, 2024, bearing",unspecified_see_drhp,https://tcagroup.in; www.aegeustechnologies.com; www.skylinerta.com,Extract from restated financials in DRHP (pattern not matched).,no_structured_differentiation_tag,Mr. Suraj Vernekar,capacity expansion; hiring / recruitment; subsidiary / group structure,bse_sme_ipo_drhp_pipeline|capacity_expansion_tailwind|workforce_scaling_signal,drhp_companies_specified_format.csv+final_merged_dsir_promoters.csv,,See DRHP ‘Industry / Business overview’ section.,no_structured_differentiation_tag|bse_sme_ipo_drhp_pipeline|capacity_expansion_tailwind|workforce_scaling_signal|capacity_expansion|hiring|recruitment|subsidiary|group_structure,0,not_classified_manufacturer,0,weak_location_signal,0,no_differentiation_evidence,1,named_individuals_in_promoter_field,1,sector_or_macro_tailwind_tags,1,growth_or_ipo_signal_in_text,3,50,50.0,2,0,0,0,0,0,0,rules_only_no_llm_balance,0.0,0.0,0.0,5.0,5.0,5.0,50.0,0.0,rules_only,duplicate_dedupe|basis:website_host,STITCHED TEXTILES LIMITED,website_host
AHASolar Technologies Limited,Little or no extractable text (likely scanned PDF — needs OCR).,unknown,,unknown,no_structured_differentiation_tag,DRHP: Ms. Vrunda Manharbhai Patel Tel No; Mr. Nikhil Shah Email; Ms. Vrunda Manharbhai Patel PROMOTERS OF; Mr. Piyushkumar Vasantlal Bhatt; Mr. Pulkit Dhingra; Mr. Shatrughan Harinarayan Yadav; Mr. Vipin Sharma; Mr. Piyushkumar Vasantlal Bhatt. CMO The Chief; Mr. Ranjan Baheti CFO The Chief Financial; Mr. Priteshkumar Krishnaraj Mashru. COO The Chief,Not assessed (no machine-readable text).,bse_sme_ipo_drhp_pipeline,drhp_companies_specified_format.csv+final_merged_dsir_promoters.csv,,,no_structured_differentiation_tag|bse_sme_ipo_drhp_pipeline|not_assessed_(no_machine-readable_text),0,not_classified_manufacturer,0,weak_location_signal,0,no_differentiation_evidence,1,named_individuals_in_promoter_field,1,sector_or_macro_tailwind_tags,0,weak_growth_signal,2,33,30.0,2,0,0,0,0,0,0,rules_only_no_llm_balance,0.0,0.0,0.0,5.0,5.0,0.0,30.0,0.0,rules_only,no_website_url,,
AIK Pipes and Polymers Limited,Contact Person Email and Telephone,unspecified_see_drhp,www.aikpipes.com; www.shreni.in; www.skylinerta.com,Extract from restated financials in DRHP (pattern not matched).,no_structured_differentiation_tag,DRHP: Ms. Anshita Jain; Mr. Parth Shah Email; Mr. Imran Khan MOA; Mr. Imran Khan; Ms. Tahira Sheikh. For; Ms. Tahira Sheikh,Not assessed (no machine-readable text).,bse_sme_ipo_drhp_pipeline,drhp_companies_specified_format.csv+final_merged_dsir_promoters.csv,,See DRHP ‘Industry / Business overview’ section.,no_structured_differentiation_tag|bse_sme_ipo_drhp_pipeline|not_assessed_(no_machine-readable_text),0,not_classified_manufacturer,0,weak_location_signal,0,no_differentiation_evidence,1,named_individuals_in_promoter_field,1,sector_or_macro_tailwind_tags,0,weak_growth_signal,2,33,30.0,3,0,0,0,0,0,0,rules_only_no_llm_balance,0.0,0.0,0.0,5.0,5.0,0.0,30.0,0.0,rules_only,duplicate_dedupe|basis:website_host,Shine Fashions (India) Limited,website_host
Ajwa Projects Limited,"details on incorporation and registered office of our Company, see “",unspecified_see_drhp,www.ajwaprojects.com; www.kfintech.com; www.wealthminenetworks.com,Extract from restated financials in DRHP (pattern not matched).,no_structured_differentiation_tag,Mr. Mohammad Khurshid Alam Khan,No explicit expansion/hiring/certification keywords in sampled pages — check MD&A / risk factors in full DRHP.,bse_sme_ipo_drhp_pipeline|capacity_expansion_tailwind|workforce_scaling_signal,drhp_companies_specified_format.csv+final_merged_dsir_promoters.csv,,See DRHP ‘Industry / Business overview’ section.,no_structured_differentiation_tag|bse_sme_ipo_drhp_pipeline|capacity_expansion_tailwind|workforce_scaling_signal|no_explicit_expansion|hiring|certification_keywords_in_sampled_pages_—_check_md&a|risk_factors_in_full_drhp,0,not_classified_manufacturer,0,weak_location_signal,0,no_differentiation_evidence,1,named_individuals_in_promoter_field,1,sector_or_macro_tailwind_tags,1,growth_or_ipo_signal_in_text,3,50,50.0,2,0,0,0,0,0,0,rules_only_no_llm_balance,0.0,0.0,0.0,5.0,5.0,5.0,50.0,0.0,rules_only,duplicate_dedupe|basis:website_host,Seemax Resources Limited,website_host
Alkosign Limited,Little or no extractable text (likely scanned PDF — needs OCR).,unknown,,unknown,no_structured_differentiation_tag,DRHP: Samir Narendra Shah; Akshaya Narendra Shah,Not assessed (no machine-readable text).,bse_sme_ipo_drhp_pipeline,drhp_companies_specified_format.csv+final_merged_dsir_promoters.csv,,,no_structured_differentiation_tag|bse_sme_ipo_drhp_pipeline|not_assessed_(no_machine-readable_text),0,not_classified_manufacturer,0,weak_location_signal,0,no_differentiation_evidence,1,rich_drhp_promoter_blob,1,sector_or_macro_tailwind_tags,0,weak_growth_signal,2,33,30.0,2,0,0,0,0,0,0,rules_only_no_llm_balance,0.0,0.0,0.0,5.0,5.0,0.0,30.0,0.0,rules_only,no_website_url,,
ALPHALOGIC INDUSTRIES LIMITED,Little or no extractable text (likely scanned PDF — needs OCR).,unknown,,unknown,no_structured_differentiation_tag,DRHP: Ms. Aayushi Khandelwal Company Secretary; Mr. S. Ramakrishna Iyengar Telephone; Ms. K. Sreepriya Telephone; Ms. Aayushi Khandelwal; Ms Krina Gandhi,Not assessed (no machine-readable text).,bse_sme_ipo_drhp_pipeline,drhp_companies_specified_format.csv+final_merged_dsir_promoters.csv,,,no_structured_differentiation_tag|bse_sme_ipo_drhp_pipeline|not_assessed_(no_machine-readable_text),0,not_classified_manufacturer,0,weak_location_signal,0,no_differentiation_evidence,1,named_individuals_in_promoter_field,1,sector_or_macro_tailwind_tags,0,weak_growth_signal,2,33,30.0,3,0,0,0,0,0,0,rules_only_no_llm_balance,0.0,0.0,0.0,5.0,5.0,0.0,30.0,0.0,rules_only,no_website_url,,
AMANAYA VENTURES LIMITED,Little or no extractable text (likely scanned PDF — needs OCR).,unknown,,unknown,no_structured_differentiation_tag,DRHP: Mrs. Gurpreet Kaur Company Secretary; Mr. Satish Sheth; Ms. Mala Soneji Tel. No; Mr. Punit Mittal Tel. No; Mrs. Gurpreet Kaur; Mrs. Gurpreet Kaur. Director; Mrs. Rajni Mahajan. Materiality Policy; Mr. Manan Mahajan. Promoter Companies; Mr. Manan Mahajan. Willful Defaulter,Not assessed (no machine-readable text).,bse_sme_ipo_drhp_pipeline,drhp_companies_specified_format.csv+final_merged_dsir_promoters.csv,,,no_structured_differentiation_tag|bse_sme_ipo_drhp_pipeline|not_assessed_(no_machine-readable_text),0,not_classified_manufacturer,0,weak_location_signal,0,no_differentiation_evidence,1,named_individuals_in_promoter_field,1,sector_or_macro_tailwind_tags,0,weak_growth_signal,2,33,30.0,3,0,0,0,0,0,0,rules_only_no_llm_balance,0.0,0.0,0.0,5.0,5.0,0.0,30.0,0.0,rules_only,no_website_url,,
AMBO AGRITEC LIMITED,Little or no extractable text (likely scanned PDF — needs OCR).,unknown,,unknown,no_structured_differentiation_tag,DRHP: Mrs. Sudha Jain Company Secretary; Mr. Umesh Kumar Agarwal DETAILS OF OFFER; Mr. S. Ramakrishna Iyengar Telephone; Mr. R.D. Ramasamy; Mrs. Sudha Jain; Mr. Umesh Kumar Agarwal THE ISSUE INITIAL; Mr. Umesh Kumar Agarwal. Promoter Group Includes; Mr. Atish Kumar Roy. CIN Corporate Identification,Not assessed (no machine-readable text).,bse_sme_ipo_drhp_pipeline,drhp_companies_specified_format.csv+final_merged_dsir_promoters.csv,,,no_structured_differentiation_tag|bse_sme_ipo_drhp_pipeline|not_assessed_(no_machine-readable_text),0,not_classified_manufacturer,0,weak_location_signal,0,no_differentiation_evidence,1,named_individuals_in_promoter_field,1,sector_or_macro_tailwind_tags,0,weak_growth_signal,2,33,30.0,2,0,0,0,0,0,0,rules_only_no_llm_balance,0.0,0.0,0.0,5.0,5.0,0.0,30.0,0.0,rules_only,no_website_url,,
AMIC FORGING LIMITED,Little or no extractable text (likely scanned PDF — needs OCR).,unknown,,unknown,no_structured_differentiation_tag,DRHP: Ms. Neha Fatehpuria Company Secretary; Ms. Dimple Magharam Slun Email; Mr. Vinayak Morbale Email; Ms. Neha Fatehpuria; Mr. Girdharilal Chamaria; Mr. Anshul Chamaria; Ms. Manju Chamaria; Ms. Rashmi Chamaria,Not assessed (no machine-readable text).,bse_sme_ipo_drhp_pipeline,drhp_companies_specified_format.csv+final_merged_dsir_promoters.csv,,,no_structured_differentiation_tag|bse_sme_ipo_drhp_pipeline|not_assessed_(no_machine-readable_text),0,not_classified_manufacturer,0,weak_location_signal,0,no_differentiation_evidence,1,named_individuals_in_promoter_field,1,sector_or_macro_tailwind_tags,0,weak_growth_signal,2,33,30.0,2,0,0,0,0,0,0,rules_only_no_llm_balance,0.0,0.0,0.0,5.0,5.0,0.0,30.0,0.0,rules_only,no_website_url,,
Amkay Products Limited,Little or no extractable text (likely scanned PDF — needs OCR).,unknown,,unknown,no_structured_differentiation_tag,Could not download DRHP PDF/ZIP for promoter extraction.,Not assessed (no machine-readable text).,bse_sme_ipo_drhp_pipeline,drhp_companies_specified_format.csv+final_merged_dsir_promoters.csv,,,no_structured_differentiation_tag|bse_sme_ipo_drhp_pipeline|not_assessed_(no_machine-readable_text),0,not_classified_manufacturer,0,weak_location_signal,0,no_differentiation_evidence,0,no_promoter_extract,1,sector_or_macro_tailwind_tags,0,weak_growth_signal,1,17,15.0,3,0,0,0,0,0,0,rules_only_no_llm_balance,0.0,0.0,0.0,0.0,5.0,0.0,15.0,0.0,rules_only,no_website_url,,
Amtech Esters Limited,"Restated Financial Statements The financial information of the Company which comprises of the restated statement of assets and liabilities, Profit and Loss and Cash Flows for the financial year ended March 31, 2024, March 31, 2023 and March 31, 2022 and for the period ended June ...",unspecified_see_drhp,https://www.amtechesters.com/; www.maashitla.com; www.sobhagyacapital.com,Extract from restated financials in DRHP (pattern not matched).,no_structured_differentiation_tag,DRHP: Ms. Anjali Bansal; Ajit Singh Bawa; Mandeep Singh; Meenakshi; Mr. Avtar Singh Bawa; Mr. Ajit Singh Bawa. WTD,capex / capital expenditure; subsidiary / group structure,bse_sme_ipo_drhp_pipeline|capacity_expansion_tailwind,drhp_companies_specified_format.csv+final_merged_dsir_promoters.csv,,See DRHP ‘Industry / Business overview’ section.,no_structured_differentiation_tag|bse_sme_ipo_drhp_pipeline|capacity_expansion_tailwind|capex|capital_expenditure|subsidiary|group_structure,0,not_classified_manufacturer,0,weak_location_signal,0,no_differentiation_evidence,1,named_individuals_in_promoter_field,1,sector_or_macro_tailwind_tags,1,growth_or_ipo_signal_in_text,3,50,50.0,2,0,0,0,0,0,0,rules_only_no_llm_balance,0.0,0.0,0.0,5.0,5.0,5.0,50.0,0.0,rules_only,duplicate_dedupe|basis:website_host,L. T. Elevator Limited,website_host
Amwill Health Care Limited,"Chamrajpet, Bangalore – 560 018, Karnataka, India.",Pharma / Biotech,https://www.ibef.org/news/premiumisation-internet-drive-growth-of-beauty-industry-in-india-report; www.amwillhealthcare.com; www.bigshareonline.com; www.unistonecapital.com,Extract from restated financials in DRHP (pattern not matched).,no_structured_differentiation_tag,Promoter names not machine-extracted from sampled DRHP pages; verify in IPO prospectus or LinkedIn.,subsidiary / group structure,bse_sme_ipo_drhp_pipeline|pharma_formulations_tailwind,drhp_companies_specified_format.csv+final_merged_dsir_promoters.csv,,"derma-cosmetic company, engaged in the business of product formulation and development of diverse dermatological",no_structured_differentiation_tag|bse_sme_ipo_drhp_pipeline|pharma_formulations_tailwind|subsidiary|group_structure,1,manufacturer_or_industrial_segment,1,india_location_signal,0,no_differentiation_evidence,0,no_promoter_extract,1,sector_or_macro_tailwind_tags,0,weak_growth_signal,3,50,45.0,2,0,0,0,0,0,0,rules_only_no_llm_balance,5.0,5.0,0.0,0.0,5.0,0.0,45.0,0.0,rules_only,duplicate_dedupe|basis:website_host,STANBIK AGRO LIMITED,website_host
Anand Rayons Limited,Little or no extractable text (likely scanned PDF — needs OCR).,unknown,,unknown,no_structured_differentiation_tag,DRHP: Mr. Rahul Makwana; Mr. Anand Bakshi Promoter Group Companies; Mr. Anand Bakshi; Mr. Gokul Bakshi; Mrs. Vasu Bakshi; Mrs. Hema Mishra; Mrs. Jigisha Chorwala; Mrs. Nila Gandhi,Not assessed (no machine-readable text).,bse_sme_ipo_drhp_pipeline,drhp_companies_specified_format.csv+final_merged_dsir_promoters.csv,,,no_structured_differentiation_tag|bse_sme_ipo_drhp_pipeline|not_assessed_(no_machine-readable_text),0,not_classified_manufacturer,0,weak_location_signal,0,no_differentiation_evidence,1,named_individuals_in_promoter_field,1,sector_or_macro_tailwind_tags,0,weak_growth_signal,2,33,30.0,2,0,0,0,0,0,0,rules_only_no_llm_balance,0.0,0.0,0.0,5.0,5.0,0.0,30.0,0.0,rules_only,no_website_url,,
Anand Seamless Limited,"Ronak Jhuthawat & Co., Practi",unspecified_see_drhp,http://www.aftertrade.in; https://www.anandseamless.com/; www.in.mpms.mufg.com,Extract from restated financials in DRHP (pattern not matched).,no_structured_differentiation_tag,DRHP PDF could not be downloaded.,capex / capital expenditure; subsidiary / group structure,bse_sme_ipo_drhp_pipeline|capacity_expansion_tailwind,drhp_companies_specified_format.csv+final_merged_dsir_promoters.csv,,See DRHP ‘Industry / Business overview’ section.,no_structured_differentiation_tag|bse_sme_ipo_drhp_pipeline|capacity_expansion_tailwind|capex|capital_expenditure|subsidiary|group_structure,0,not_classified_manufacturer,0,weak_location_signal,0,no_differentiation_evidence,0,no_promoter_extract,1,sector_or_macro_tailwind_tags,1,growth_or_ipo_signal_in_text,2,33,35.0,2,0,0,0,0,0,0,rules_only_no_llm_balance,0.0,0.0,0.0,0.0,5.0,5.0,35.0,0.0,rules_only,duplicate_dedupe|basis:website_host,JKV SOLUTIONS LIMITED,website_host
Anmol India Limited,Little or no extractable text (likely scanned PDF — needs OCR).,unknown,,unknown,no_structured_differentiation_tag,DRHP: Ms. Parabhjot Kaur; Mr. Vijay Kumar; Mr. Chakshu Goyal Promoter Group Companies; Mr. Chakshu Goyal. For; Mr. Chakshu Goyal; Mrs. Neelam Rani; Mr. Tilak Raj; Mr. Sahil Aggarwal,Not assessed (no machine-readable text).,bse_sme_ipo_drhp_pipeline,drhp_companies_specified_format.csv,,,no_structured_differentiation_tag|bse_sme_ipo_drhp_pipeline|not_assessed_(no_machine-readable_text),0,not_classified_manufacturer,0,weak_location_signal,0,no_differentiation_evidence,1,named_individuals_in_promoter_field,1,sector_or_macro_tailwind_tags,0,weak_growth_signal,2,33,30.0,1,0,0,0,0,0,0,rules_only_no_llm_balance,0.0,0.0,0.0,5.0,5.0,0.0,30.0,0.0,rules_only,no_website_url,,
Anmol India Limited,Little or no extractable text (likely scanned PDF — needs OCR).,unknown,,unknown,no_structured_differentiation_tag,DRHP: Ms. Parabhjot Kaur; Mr. Vijay Kumar; Mr. Chakshu Goyal Promoter Group Companies; Mr. Chakshu Goyal. For; Mr. Chakshu Goyal; Mrs. Neelam Rani; Mr. Tilak Raj; Mr. Sahil Aggarwal,Not assessed (no machine-readable text).,bse_sme_ipo_drhp_pipeline,final_merged_dsir_promoters.csv,,,no_structured_differentiation_tag|bse_sme_ipo_drhp_pipeline|not_assessed_(no_machine-readable_text),0,not_classified_manufacturer,0,weak_location_signal,0,no_differentiation_evidence,1,named_individuals_in_promoter_field,1,sector_or_macro_tailwind_tags,0,weak_growth_signal,2,33,30.0,1,0,0,0,0,0,0,rules_only_no_llm_balance,0.0,0.0,0.0,5.0,5.0,0.0,30.0,0.0,rules_only,no_website_url,,
ANUBHAV PLAST LIMITED,"01, 1987, vide certificate of incorporation bearing",unspecified_see_drhp,www.anubhavpole.com; www.bigshareonline.com; www.capitalsquare.in,Extract from restated financials in DRHP (pattern not matched).,no_structured_differentiation_tag,Could not download DRHP PDF/ZIP for promoter extraction.,No explicit expansion/hiring/certification keywords in sampled pages — check MD&A / risk factors in full DRHP.,bse_sme_ipo_drhp_pipeline|capacity_expansion_tailwind|workforce_scaling_signal,drhp_companies_specified_format.csv+final_merged_dsir_promoters.csv,,See DRHP ‘Industry / Business overview’ section.,no_structured_differentiation_tag|bse_sme_ipo_drhp_pipeline|capacity_expansion_tailwind|workforce_scaling_signal|no_explicit_expansion|hiring|certification_keywords_in_sampled_pages_—_check_md&a|risk_factors_in_full_drhp,0,not_classified_manufacturer,0,weak_location_signal,0,no_differentiation_evidence,0,no_promoter_extract,1,sector_or_macro_tailwind_tags,1,growth_or_ipo_signal_in_text,2,33,35.0,2,0,0,0,0,0,0,rules_only_no_llm_balance,0.0,0.0,0.0,0.0,5.0,5.0,35.0,0.0,rules_only,duplicate_dedupe|basis:website_host,M.R.MANIVENI FOODS LIMITED,website_host
Anuroop Packaging Limited,Little or no extractable text (likely scanned PDF — needs OCR).,unknown,,unknown,no_structured_differentiation_tag,DRHP: Mr. Amarnath Matadin Sharma; Mr. Akash Amarnath Sharma; Mr. Akshay Amarnath Sharma; Mr. Amarnath Matadin Sharma SSPL Sara Solutions,Not assessed (no machine-readable text).,bse_sme_ipo_drhp_pipeline,drhp_companies_specified_format.csv+final_merged_dsir_promoters.csv,,,no_structured_differentiation_tag|bse_sme_ipo_drhp_pipeline|not_assessed_(no_machine-readable_text),0,not_classified_manufacturer,0,weak_location_signal,0,no_differentiation_evidence,1,named_individuals_in_promoter_field,1,sector_or_macro_tailwind_tags,0,weak_growth_signal,2,33,30.0,2,0,0,0,0,0,0,rules_only_no_llm_balance,0.0,0.0,0.0,5.0,5.0,0.0,30.0,0.0,rules_only,no_website_url,,
Apollo Techno Industries Limited,"the Bid Opening Date and the Bid/ Issue Closing Date and the floor price or price band along with necessary details subject to regulation 250 of SEBI ICRD Regulations. This advertisement, subject to the provisions of section 30 of the Companies Act, 2013, shall be in the format p...",unspecified_see_drhp,https://in.mpms.mufg.com/; www.apollotechno.com; www.beelinemb.com,₹25–100 Cr (approx from lakhs),iso_certification_mention,DRHP: Mr. Patel Parth Rashmikant,ISO certification mentioned; subsidiary / group structure,bse_sme_ipo_drhp_pipeline,drhp_companies_specified_format.csv+final_merged_dsir_promoters.csv,,See DRHP ‘Industry / Business overview’ section.,iso_certification_mention|bse_sme_ipo_drhp_pipeline|iso_certification_mentioned|subsidiary|group_structure,0,not_classified_manufacturer,0,weak_location_signal,1,cert_or_patent_evidence,1,named_individuals_in_promoter_field,1,sector_or_macro_tailwind_tags,1,growth_or_ipo_signal_in_text,4,67,70.0,2,0,0,0,0,0,0,rules_only_no_llm_balance,0.0,0.0,5.0,5.0,5.0,5.0,70.0,0.0,rules_only,duplicate_dedupe|basis:website_host,SK International Export Limited,website_host
ARC DISTRIBUTORS (I) LIMITED,chapter titled “History and Corporate Structure” beginning on page 162 of this Draft Red Herring Prospectus.,unspecified_see_drhp,www.arc-distributors.com,Extract from restated financials in DRHP (pattern not matched).,no_structured_differentiation_tag,Promoter names not machine-extracted from sampled DRHP pages; verify in IPO prospectus or LinkedIn.,No explicit expansion/hiring/certification keywords in sampled pages — check MD&A / risk factors in full DRHP.,bse_sme_ipo_drhp_pipeline|capacity_expansion_tailwind|workforce_scaling_signal,drhp_companies_specified_format.csv+final_merged_dsir_promoters.csv,,See DRHP ‘Industry / Business overview’ section.,no_structured_differentiation_tag|bse_sme_ipo_drhp_pipeline|capacity_expansion_tailwind|workforce_scaling_signal|no_explicit_expansion|hiring|certification_keywords_in_sampled_pages_—_check_md&a|risk_factors_in_full_drhp,0,not_classified_manufacturer,0,weak_location_signal,0,no_differentiation_evidence,0,no_promoter_extract,1,sector_or_macro_tailwind_tags,1,growth_or_ipo_signal_in_text,2,33,35.0,2,0,0,0,0,0,0,rules_only_no_llm_balance,0.0,0.0,0.0,0.0,5.0,5.0,35.0,0.0,rules_only,trading_import_export_name_keyword,,
Archit Nuwood Industries Limited,"Company was converted into Public Limited Company and name of company was changed to “Archit Nuwood Industries Limited” vide fresh certificate of incorporation dated December 27, 2023 issued by the Registrar of Companies, Delhi. For further details, pleas e refer to chapter title...","21. In Chapter titled “Our Management” beginning on Page 163 of the Draft Red Herring Prospectus, table of ‘ Family Rela",www.architnuwood.com; www.maashitla.com; www.shareindia.com,Extract from restated financials in DRHP (pattern not matched).,no_structured_differentiation_tag,DRHP: Mr. Rahul Kumar; Mr. Vineet Kumar Whole Time Director; Mr. Vinod Kumar Singla Managing Director; Mr. Prem Chand Director; Mr. Ravinder Sharma Director; Mr. Sahil Arora Independent Director; Mr. Ajay Kumar Independent Director; Mr. Anisha Modi Independent Director; Mrs. Roopa Garg Independent Director; Mr. Rahul Kumar Company Secretary,subsidiary / group structure,bse_sme_ipo_drhp_pipeline,drhp_companies_specified_format.csv+final_merged_dsir_promoters.csv,,"21. In Chapter titled “Our Management” beginning on Page 163 of the Draft Red Herring Prospectus, table of ‘ Family Relationship Between Directors’ has been inserted, Organization Structure has been u",no_structured_differentiation_tag|bse_sme_ipo_drhp_pipeline|subsidiary|group_structure,0,not_classified_manufacturer,1,india_location_signal,0,no_differentiation_evidence,1,named_individuals_in_promoter_field,1,sector_or_macro_tailwind_tags,0,weak_growth_signal,3,50,40.0,2,0,0,0,0,0,0,rules_only_no_llm_balance,0.0,5.0,0.0,5.0,5.0,0.0,40.0,0.0,rules_only,duplicate_dedupe|basis:website_host,VVIP Infratech Limited,website_host
ARROWHEAD SEPERATION ENGINEERING LIMITED,Little or no extractable text (likely scanned PDF — needs OCR).,unknown,,unknown,no_structured_differentiation_tag,Promoter names not machine-extracted from sampled DRHP pages; verify in IPO prospectus or LinkedIn.,Not assessed (no machine-readable text).,bse_sme_ipo_drhp_pipeline,drhp_companies_specified_format.csv+final_merged_dsir_promoters.csv,,,no_structured_differentiation_tag|bse_sme_ipo_drhp_pipeline|not_assessed_(no_machine-readable_text),0,not_classified_manufacturer,0,weak_location_signal,0,no_differentiation_evidence,0,no_promoter_extract,1,sector_or_macro_tailwind_tags,0,weak_growth_signal,1,17,15.0,2,0,0,0,0,0,0,rules_only_no_llm_balance,0.0,0.0,0.0,0.0,5.0,0.0,15.0,0.0,rules_only,no_website_url,,
Artemis Electricals Limited,"Maharashtra dated August 27, 2015 and name of our Company was changed to “Artemis Electricals Limited”",unspecified_see_drhp,www.artemiselectricals.com; www.cameoindia.com; www.fedsec.in,Extract from restated financials in DRHP (pattern not matched).,iso_certification_mention,DRHP: 1) Pravin Kumar Agarwal,ISO certification mentioned,bse_sme_ipo_drhp_pipeline,drhp_companies_specified_format.csv+final_merged_dsir_promoters.csv,U51505MH2009PLC196683,See DRHP ‘Industry / Business overview’ section.,iso_certification_mention|bse_sme_ipo_drhp_pipeline|iso_certification_mentioned,0,not_classified_manufacturer,1,india_location_signal,1,cert_or_patent_evidence,0,weak_promoter_signal,1,sector_or_macro_tailwind_tags,1,growth_or_ipo_signal_in_text,4,67,65.0,2,0,0,0,0,0,0,rules_only_no_llm_balance,0.0,5.0,5.0,0.0,5.0,5.0,65.0,0.0,rules_only,duplicate_dedupe|basis:website_host,Shine Fashions (India) Limited,website_host
Artemis Electricals Limited,"of our Company, please refer to the chapter titled “General Information” and “History and Certain Other Corporate Matters” beginning on page 54 and 156 respectively of this Draft Red Herring Prospectus",unspecified_see_drhp,www.artemiselectricals.com; www.cameoindia.com; www.fedsec.in,Extract from restated financials in DRHP (pattern not matched).,iso_certification_mention,DRHP: 1) Pravin Kumar Agarwal,ISO certification mentioned,bse_sme_ipo_drhp_pipeline,drhp_companies_specified_format.csv,,See DRHP ‘Industry / Business overview’ section.,iso_certification_mention|bse_sme_ipo_drhp_pipeline|iso_certification_mentioned,0,not_classified_manufacturer,0,weak_location_signal,1,cert_or_patent_evidence,0,weak_promoter_signal,1,sector_or_macro_tailwind_tags,1,growth_or_ipo_signal_in_text,3,50,55.0,1,0,0,0,0,0,0,rules_only_no_llm_balance,0.0,0.0,5.0,0.0,5.0,5.0,55.0,0.0,rules_only,duplicate_dedupe|basis:website_host,Shine Fashions (India) Limited,website_host
ASARFI HOSPITAL LIMITED,Little or no extractable text (likely scanned PDF — needs OCR).,unknown,,unknown,no_structured_differentiation_tag,Promoter names not machine-extracted from sampled DRHP pages; verify in IPO prospectus or LinkedIn.,Not assessed (no machine-readable text).,bse_sme_ipo_drhp_pipeline,drhp_companies_specified_format.csv+final_merged_dsir_promoters.csv,,,no_structured_differentiation_tag|bse_sme_ipo_drhp_pipeline|not_assessed_(no_machine-readable_text),0,not_classified_manufacturer,0,weak_location_signal,0,no_differentiation_evidence,0,no_promoter_extract,1,sector_or_macro_tailwind_tags,0,weak_growth_signal,1,17,15.0,3,0,0,0,0,0,0,rules_only_no_llm_balance,0.0,0.0,0.0,0.0,5.0,0.0,15.0,0.0,rules_only,no_website_url,,
Ashapuri Gold Ornament Limited,Little or no extractable text (likely scanned PDF — needs OCR).,unknown,,unknown,no_structured_differentiation_tag,DRHP: Mr. Prince Saraf; Mr. Saremal Soni; Mr. Dinesh Soni; Mr. Jitendra Soni. Promoter Group Such,Not assessed (no machine-readable text).,bse_sme_ipo_drhp_pipeline,drhp_companies_specified_format.csv+final_merged_dsir_promoters.csv,,,no_structured_differentiation_tag|bse_sme_ipo_drhp_pipeline|not_assessed_(no_machine-readable_text),0,not_classified_manufacturer,0,weak_location_signal,0,no_differentiation_evidence,1,named_individuals_in_promoter_field,1,sector_or_macro_tailwind_tags,0,weak_growth_signal,2,33,30.0,2,0,0,0,0,0,0,rules_only_no_llm_balance,0.0,0.0,0.0,5.0,5.0,0.0,30.0,0.0,rules_only,no_website_url,,
ASSTON PHARMACEUTICALS LIMITED,"Bhavan, Plot No 42A Sector -11 CBD Bel apur, Navi Mumbai, Thane – 400 614, 3 | P a g e",unspecified_see_drhp,www.asstonpharmaceuticals.com; www.sobhagyacapital.com,Extract from restated financials in DRHP (pattern not matched).,no_structured_differentiation_tag,Dr. Ashish Narayan Sakalkar,subsidiary / group structure,bse_sme_ipo_drhp_pipeline,drhp_companies_specified_format.csv+final_merged_dsir_promoters.csv,,See DRHP ‘Industry / Business overview’ section.,no_structured_differentiation_tag|bse_sme_ipo_drhp_pipeline|subsidiary|group_structure,0,not_classified_manufacturer,1,india_location_signal,0,no_differentiation_evidence,1,named_individuals_in_promoter_field,1,sector_or_macro_tailwind_tags,0,weak_growth_signal,3,50,40.0,2,0,0,0,0,0,0,rules_only_no_llm_balance,0.0,5.0,0.0,5.0,5.0,0.0,40.0,0.0,rules_only,duplicate_dedupe|basis:website_host,L. T. Elevator Limited,website_host
Astron Multigrain Limited,Download failed (timeout or HTTP error).,unknown,,unknown,no_structured_differentiation_tag,DRHP: Mr. Jenish Parshottambhai Khunt; Mr. Ikshit Shah; Mr. Yash Doshi Email,,bse_sme_ipo_drhp_pipeline,drhp_companies_specified_format.csv+final_merged_dsir_promoters.csv,,,no_structured_differentiation_tag|bse_sme_ipo_drhp_pipeline,0,not_classified_manufacturer,0,weak_location_signal,0,no_differentiation_evidence,1,named_individuals_in_promoter_field,1,sector_or_macro_tailwind_tags,0,weak_growth_signal,2,33,30.0,2,0,0,0,0,0,0,rules_only_no_llm_balance,0.0,0.0,0.0,5.0,5.0,0.0,30.0,0.0,rules_only,no_website_url,,
Atam Valves Limited,Little or no extractable text (likely scanned PDF — needs OCR).,unknown,,unknown,no_structured_differentiation_tag,Promoter names not machine-extracted from sampled DRHP pages; verify in IPO prospectus or LinkedIn.,Not assessed (no machine-readable text).,bse_sme_ipo_drhp_pipeline,drhp_companies_specified_format.csv+final_merged_dsir_promoters.csv,,,no_structured_differentiation_tag|bse_sme_ipo_drhp_pipeline|not_assessed_(no_machine-readable_text),0,not_classified_manufacturer,0,weak_location_signal,0,no_differentiation_evidence,0,no_promoter_extract,1,sector_or_macro_tailwind_tags,0,weak_growth_signal,1,17,15.0,2,0,0,0,0,0,0,rules_only_no_llm_balance,0.0,0.0,0.0,0.0,5.0,0.0,15.0,0.0,rules_only,no_website_url,,
Aten Papers and Foam Limited,"Madhav Nagar, 11/12 S V Road, Andheri West, Mumbai City – 400058 (Maharashtra)",unspecified_see_drhp,www.atenpapers.com; www.skylinerta.com; www.swastika.co.in,Extract from restated financials in DRHP (pattern not matched).,no_structured_differentiation_tag,DRHP: Ms. Neha Munot. PROMOTERS OF OUR,subsidiary / group structure,bse_sme_ipo_drhp_pipeline,drhp_companies_specified_format.csv+final_merged_dsir_promoters.csv,,See DRHP ‘Industry / Business overview’ section.,no_structured_differentiation_tag|bse_sme_ipo_drhp_pipeline|subsidiary|group_structure,0,not_classified_manufacturer,1,india_location_signal,0,no_differentiation_evidence,1,named_individuals_in_promoter_field,1,sector_or_macro_tailwind_tags,0,weak_growth_signal,3,50,40.0,2,0,0,0,0,0,0,rules_only_no_llm_balance,0.0,5.0,0.0,5.0,5.0,0.0,40.0,0.0,rules_only,duplicate_dedupe|basis:website_host,Efficient Fire and Security Solutions Limited,website_host
Avax Soft Technologies Limited,Little or no extractable text (likely scanned PDF — needs OCR).,unknown,,unknown,no_structured_differentiation_tag,DRHP: Mr. Manick Wadhwa Mr. Ghanisht Nagpal Email; Mrs. Rati Gupta Email; Mr. Harinderpal Singh Sodhi; Mr. Harish Kumar. For,Not assessed (no machine-readable text).,bse_sme_ipo_drhp_pipeline,drhp_companies_specified_format.csv+final_merged_dsir_promoters.csv,,,no_structured_differentiation_tag|bse_sme_ipo_drhp_pipeline|not_assessed_(no_machine-readable_text),0,not_classified_manufacturer,0,weak_location_signal,0,no_differentiation_evidence,1,named_individuals_in_promoter_field,1,sector_or_macro_tailwind_tags,0,weak_growth_signal,2,33,30.0,2,0,0,0,0,0,0,rules_only_no_llm_balance,0.0,0.0,0.0,5.0,5.0,0.0,30.0,0.0,rules_only,no_website_url,,
Avtar Career Creators Limited,"relation to use of the pr emises could have a material adverse effect on our business and results of operations Our Registered Office, located at No",unspecified_see_drhp,https://in.mpms.mufg.com/; www.avtarcc.com; www.mefcomcap.in,Extract from restated financials in DRHP (pattern not matched).,no_structured_differentiation_tag,DRHP: Dr. Saundarya Rajesh; Mr. Akshey Rajesh; Mr. Umasanker Kandaswamy DETAILS OF THE ISSUE; Mr. Umasanker Kandaswamy THE ISSUE INITIAL PUBLIC,hiring / recruitment; subsidiary / group structure,bse_sme_ipo_drhp_pipeline|workforce_scaling_signal,drhp_companies_specified_format.csv+final_merged_dsir_promoters.csv,,See DRHP ‘Industry / Business overview’ section.,no_structured_differentiation_tag|bse_sme_ipo_drhp_pipeline|workforce_scaling_signal|hiring|recruitment|subsidiary|group_structure,0,not_classified_manufacturer,0,weak_location_signal,0,no_differentiation_evidence,1,named_individuals_in_promoter_field,1,sector_or_macro_tailwind_tags,1,growth_or_ipo_signal_in_text,3,50,50.0,2,0,0,0,0,0,0,rules_only_no_llm_balance,0.0,0.0,0.0,5.0,5.0,5.0,50.0,0.0,rules_only,duplicate_dedupe|basis:website_host,Phytochem Remedies (India) Limited,website_host
Avyukta Dairy Products Limited,"the conversion of our Company to public limited Company, the name of our Company has been changed to “Avyukta Dairy Products Limited” vide fresh Certificate of Incorporation dated July 09, 2021 issued by the Registrar of Companies, Delhi. For further details of Incorporation, cha...",unspecified_see_drhp,www.avyuktadairy.com; www.masserv.com; www.navigantcorp.com,Extract from restated financials in DRHP (pattern not matched).,no_structured_differentiation_tag,DRHP: Ms. Nisha Singh; Ms. Anjani Mittal Promoters Group Companies; Mr. Avdhesh Mittal. Companies Act; Ms. Nisha Singh. Depositories Act The Depositories; Mr. Avdhesh Mittal; Ms. Anjani Mittal. For; Ms. Anjani Mittal,subsidiary / group structure,bse_sme_ipo_drhp_pipeline,drhp_companies_specified_format.csv+final_merged_dsir_promoters.csv,,See DRHP ‘Industry / Business overview’ section.,no_structured_differentiation_tag|bse_sme_ipo_drhp_pipeline|subsidiary|group_structure,0,not_classified_manufacturer,1,india_location_signal,0,no_differentiation_evidence,1,named_individuals_in_promoter_field,1,sector_or_macro_tailwind_tags,0,weak_growth_signal,3,50,40.0,2,0,0,0,0,0,0,rules_only_no_llm_balance,0.0,5.0,0.0,5.0,5.0,0.0,40.0,0.0,rules_only,duplicate_dedupe|basis:website_host,Yashhtej Industries (India) Limited,website_host
Axiom consulting limited,Little or no extractable text (likely scanned PDF — needs OCR).,unknown,,unknown,no_structured_differentiation_tag,Promoter names not machine-extracted from sampled DRHP pages; verify in IPO prospectus or LinkedIn.,Not assessed (no machine-readable text).,bse_sme_ipo_drhp_pipeline,drhp_companies_specified_format.csv+final_merged_dsir_promoters.csv,,,no_structured_differentiation_tag|bse_sme_ipo_drhp_pipeline|not_assessed_(no_machine-readable_text),0,not_classified_manufacturer,0,weak_location_signal,0,no_differentiation_evidence,0,no_promoter_extract,1,sector_or_macro_tailwind_tags,0,weak_growth_signal,1,17,15.0,2,0,0,0,0,0,0,rules_only_no_llm_balance,0.0,0.0,0.0,0.0,5.0,0.0,15.0,0.0,rules_only,no_website_url,,
B-RIGHT REALESTATE LIMITED,Little or no extractable text (likely scanned PDF — needs OCR).,unknown,,unknown,no_structured_differentiation_tag,DRHP: Ms. Zoya Jahur Shaikh Company Secretary; Ms. Dimple Magharam Slun Email; Ms. Deepali Dhuri Email; Ms. Zoya Jahur Shaikh,Not assessed (no machine-readable text).,bse_sme_ipo_drhp_pipeline,drhp_companies_specified_format.csv+final_merged_dsir_promoters.csv,,,no_structured_differentiation_tag|bse_sme_ipo_drhp_pipeline|not_assessed_(no_machine-readable_text),0,not_classified_manufacturer,0,weak_location_signal,0,no_differentiation_evidence,1,named_individuals_in_promoter_field,1,sector_or_macro_tailwind_tags,0,weak_growth_signal,2,33,30.0,2,0,0,0,0,0,0,rules_only_no_llm_balance,0.0,0.0,0.0,5.0,5.0,0.0,30.0,0.0,rules_only,no_website_url,,
BBG Industries Limited,Little or no extractable text (likely scanned PDF — needs OCR).,unknown,,unknown,no_structured_differentiation_tag,DRHP: Ms. Riddhi Sureka; Mr. Priyadarshi Balu Agarwal; Mr. Harsh Agarwal. For,Not assessed (no machine-readable text).,bse_sme_ipo_drhp_pipeline,drhp_companies_specified_format.csv+final_merged_dsir_promoters.csv,,,no_structured_differentiation_tag|bse_sme_ipo_drhp_pipeline|not_assessed_(no_machine-readable_text),0,not_classified_manufacturer,0,weak_location_signal,0,no_differentiation_evidence,1,named_individuals_in_promoter_field,1,sector_or_macro_tailwind_tags,0,weak_growth_signal,2,33,30.0,2,0,0,0,0,0,0,rules_only_no_llm_balance,0.0,0.0,0.0,5.0,5.0,0.0,30.0,0.0,rules_only,no_website_url,,
BENCHMARK COMPUTER SOLUTIONS LIMITED,"Stakeholders Relationship Committee The Stakeholders Relationship Committee of our Board of Directors constituted in accordance with Section 178 of the Companies Act, 2013. For details , please refer chapter titled “Our Management” beginning on Page No. 131 of this Draft Prospect...",unspecified_see_drhp,www.beelinemb.com; www.benchmarksolution.com; www.kfintech.com,Extract from restated financials in DRHP (pattern not matched).,iso_certification_mention,Mr. Dhananjay Vrindawan Wakode,ISO certification mentioned; subsidiary / group structure,bse_sme_ipo_drhp_pipeline,drhp_companies_specified_format.csv+final_merged_dsir_promoters.csv,,See DRHP ‘Industry / Business overview’ section.,iso_certification_mention|bse_sme_ipo_drhp_pipeline|iso_certification_mentioned|subsidiary|group_structure,0,not_classified_manufacturer,0,weak_location_signal,1,cert_or_patent_evidence,1,named_individuals_in_promoter_field,1,sector_or_macro_tailwind_tags,1,growth_or_ipo_signal_in_text,4,67,70.0,2,0,0,0,0,0,0,rules_only_no_llm_balance,0.0,0.0,5.0,5.0,5.0,5.0,70.0,0.0,rules_only,duplicate_dedupe|basis:website_host,SK International Export Limited,website_host
Bhatia Colour Chem Limited,Little or no extractable text (likely scanned PDF — needs OCR).,unknown,,unknown,no_structured_differentiation_tag,DRHP: Ms. Hiral Shah; Mr. Bharat Bhatia; Mr. Ramesh Bhatia; Mr. Ravi Bhatia Type Fresh Issue Size; Mr. Ravi Bhatia THE ISSUE PUBLIC ISSUE; Mr. Ravi Bhatia ISSUE SIZE Initial Public; as follows,Not assessed (no machine-readable text).,bse_sme_ipo_drhp_pipeline,drhp_companies_specified_format.csv+final_merged_dsir_promoters.csv,,,no_structured_differentiation_tag|bse_sme_ipo_drhp_pipeline|not_assessed_(no_machine-readable_text),0,not_classified_manufacturer,0,weak_location_signal,0,no_differentiation_evidence,1,named_individuals_in_promoter_field,1,sector_or_macro_tailwind_tags,0,weak_growth_signal,2,33,30.0,2,0,0,0,0,0,0,rules_only_no_llm_balance,0.0,0.0,0.0,5.0,5.0,0.0,30.0,0.0,rules_only,no_website_url,,
Bhavik Enterprises Limited,Corporate Office Contact Person Email and Telephone Website Office No,unspecified_see_drhp,https://bhavikenterprises.com/; www.bigshareonline.com; www.shcapl.com,Extract from restated financials in DRHP (pattern not matched).,no_structured_differentiation_tag,DRHP: Mr. Mukesh Natverlal Thakkar Chairman; Mr. Parth Shah Website; Mr. Asif Sayyed SEBI Registration No; Ms. Shruti Shah March; Mr. Mukesh Natverlal Thakkar Late Natverlal Chaturdas; Ms. Purnima Mukesh Thakkar Late Madhusudan Chhotalal; Mr. Mukesh Natverlal Thakkar,No explicit expansion/hiring/certification keywords in sampled pages — check MD&A / risk factors in full DRHP.,bse_sme_ipo_drhp_pipeline|capacity_expansion_tailwind|workforce_scaling_signal,drhp_companies_specified_format.csv+final_merged_dsir_promoters.csv,,See DRHP ‘Industry / Business overview’ section.,no_structured_differentiation_tag|bse_sme_ipo_drhp_pipeline|capacity_expansion_tailwind|workforce_scaling_signal|no_explicit_expansion|hiring|certification_keywords_in_sampled_pages_—_check_md&a|risk_factors_in_full_drhp,0,not_classified_manufacturer,0,weak_location_signal,0,no_differentiation_evidence,1,named_individuals_in_promoter_field,1,sector_or_macro_tailwind_tags,1,growth_or_ipo_signal_in_text,3,50,50.0,2,0,0,0,0,0,0,rules_only_no_llm_balance,0.0,0.0,0.0,5.0,5.0,5.0,50.0,0.0,rules_only,duplicate_dedupe|basis:website_host,Nanta Tech Limited,website_host
Billwin Industries Limited,Little or no extractable text (likely scanned PDF — needs OCR).,unknown,,unknown,no_structured_differentiation_tag,DRHP: Ms. Payal Ankit Doshi; Mr. Subrata Dey Materiality Policy; Mr. Subrata Dey; Ms. Smita Subrata Dey,Not assessed (no machine-readable text).,bse_sme_ipo_drhp_pipeline,drhp_companies_specified_format.csv+final_merged_dsir_promoters.csv,,,no_structured_differentiation_tag|bse_sme_ipo_drhp_pipeline|not_assessed_(no_machine-readable_text),0,not_classified_manufacturer,0,weak_location_signal,0,no_differentiation_evidence,1,named_individuals_in_promoter_field,1,sector_or_macro_tailwind_tags,0,weak_growth_signal,2,33,30.0,2,0,0,0,0,0,0,rules_only_no_llm_balance,0.0,0.0,0.0,5.0,5.0,0.0,30.0,0.0,rules_only,no_website_url,,
BioLife Therapeutics Global Ltd,Hyderabad,Manufacturing / Industrial,biolifethera.com,₹100–180 Cr,no_structured_differentiation_tag,,IPO filed Mar 2026,bse_sme_ipo_drhp_pipeline|make_in_india_manufacturing|capital_markets_ipo_activity,data_with_dsir_recognition.csv+final_merged_dsir_promoters.csv,,Specialty Manufacturing (Biotech/Pharma),no_structured_differentiation_tag|bse_sme_ipo_drhp_pipeline|make_in_india_manufacturing|capital_markets_ipo_activity|ipo_filed_mar_2026,1,manufacturer_or_industrial_segment,1,india_location_signal,0,no_differentiation_evidence,0,no_promoter_extract,1,sector_or_macro_tailwind_tags,1,growth_or_ipo_signal_in_text,4,67,65.0,4,0,0,0,0,0,0,rules_only_no_llm_balance,5.0,5.0,0.0,0.0,5.0,5.0,65.0,0.0,rules_only,duplicate_dedupe|basis:website_host,BioLife Therapeutics Ltd,website_host
Bizotic Commercial Limited,Little or no extractable text (likely scanned PDF — needs OCR).,unknown,,unknown,no_structured_differentiation_tag,DRHP: Sanjay Gupta; Sangita Aggarwala,Not assessed (no machine-readable text).,bse_sme_ipo_drhp_pipeline,drhp_companies_specified_format.csv+final_merged_dsir_promoters.csv,,,no_structured_differentiation_tag|bse_sme_ipo_drhp_pipeline|not_assessed_(no_machine-readable_text),0,not_classified_manufacturer,0,weak_location_signal,0,no_differentiation_evidence,0,weak_promoter_signal,1,sector_or_macro_tailwind_tags,0,weak_growth_signal,1,17,15.0,2,0,0,0,0,0,0,rules_only_no_llm_balance,0.0,0.0,0.0,0.0,5.0,0.0,15.0,0.0,rules_only,no_website_url,,
Bondada Engineering Limited,Little or no extractable text (likely scanned PDF — needs OCR).,unknown,,unknown,no_structured_differentiation_tag,Promoter names not machine-extracted from sampled DRHP pages; verify in IPO prospectus or LinkedIn.,Not assessed (no machine-readable text).,bse_sme_ipo_drhp_pipeline,drhp_companies_specified_format.csv+final_merged_dsir_promoters.csv,,,no_structured_differentiation_tag|bse_sme_ipo_drhp_pipeline|not_assessed_(no_machine-readable_text),0,not_classified_manufacturer,0,weak_location_signal,0,no_differentiation_evidence,0,no_promoter_extract,1,sector_or_macro_tailwind_tags,0,weak_growth_signal,1,17,15.0,2,0,0,0,0,0,0,rules_only_no_llm_balance,0.0,0.0,0.0,0.0,5.0,0.0,15.0,0.0,rules_only,no_website_url,,
Bonlon Industries Limited,Little or no extractable text (likely scanned PDF — needs OCR).,unknown,,unknown,no_structured_differentiation_tag,DRHP: Mr. Raj Jain; Mr. Arun Kumar Jain THE ISSUE PUBLIC; Mr. Arun Kumar Jain,Not assessed (no machine-readable text).,bse_sme_ipo_drhp_pipeline,drhp_companies_specified_format.csv+final_merged_dsir_promoters.csv,,,no_structured_differentiation_tag|bse_sme_ipo_drhp_pipeline|not_assessed_(no_machine-readable_text),0,not_classified_manufacturer,0,weak_location_signal,0,no_differentiation_evidence,1,named_individuals_in_promoter_field,1,sector_or_macro_tailwind_tags,0,weak_growth_signal,2,33,30.0,2,0,0,0,0,0,0,rules_only_no_llm_balance,0.0,0.0,0.0,5.0,5.0,0.0,30.0,0.0,rules_only,no_website_url,,
Brandbucket Media & Technology Limited,"Link Road, Anna Nagar, Andheri West, Mumbai-400053, Maharashtra, India",unspecified_see_drhp,www.brandbucketmediatech.com; www.inventuremerchantbanker.com; www.satellitecorporate.com,Extract from restated financials in DRHP (pattern not matched).,iso_certification_mention,Promoter names not machine-extracted from sampled DRHP pages; verify in IPO prospectus or LinkedIn.,ISO certification mentioned,bse_sme_ipo_drhp_pipeline,drhp_companies_specified_format.csv+final_merged_dsir_promoters.csv,,See DRHP ‘Industry / Business overview’ section.,iso_certification_mention|bse_sme_ipo_drhp_pipeline|iso_certification_mentioned,0,not_classified_manufacturer,1,india_location_signal,1,cert_or_patent_evidence,0,no_promoter_extract,1,sector_or_macro_tailwind_tags,1,growth_or_ipo_signal_in_text,4,67,65.0,2,0,0,0,0,0,0,rules_only_no_llm_balance,0.0,5.0,5.0,0.0,5.0,5.0,65.0,0.0,rules_only,duplicate_dedupe|basis:website_host,CREATEROI FINANCIAL CONSULTANCY LIMITED,website_host
Bright Outdoor Media Limited,Little or no extractable text (likely scanned PDF — needs OCR).,unknown,,unknown,no_structured_differentiation_tag,DRHP: YOGESH JIWANLAL LAKHANI AND JAGRUTI YOGESH LAKHANI; Yogesh Jiwanlal Lakhani; Jagruti Yogesh,Not assessed (no machine-readable text).,bse_sme_ipo_drhp_pipeline,drhp_companies_specified_format.csv+final_merged_dsir_promoters.csv,,,no_structured_differentiation_tag|bse_sme_ipo_drhp_pipeline|not_assessed_(no_machine-readable_text),0,not_classified_manufacturer,0,weak_location_signal,0,no_differentiation_evidence,1,rich_drhp_promoter_blob,1,sector_or_macro_tailwind_tags,0,weak_growth_signal,2,33,30.0,2,0,0,0,0,0,0,rules_only_no_llm_balance,0.0,0.0,0.0,5.0,5.0,0.0,30.0,0.0,rules_only,no_website_url,,
Brisk Technovision Limited,Little or no extractable text (likely scanned PDF — needs OCR).,unknown,,unknown,no_structured_differentiation_tag,DRHP: Mr. Shreyas Anil Haldankar Telephone No; Ms. Kinnari Mehta Email; Mr. Shreyas Anil Haldankar Corporate Identity Number,Not assessed (no machine-readable text).,bse_sme_ipo_drhp_pipeline,drhp_companies_specified_format.csv+final_merged_dsir_promoters.csv,,,no_structured_differentiation_tag|bse_sme_ipo_drhp_pipeline|not_assessed_(no_machine-readable_text),0,not_classified_manufacturer,0,weak_location_signal,0,no_differentiation_evidence,1,named_individuals_in_promoter_field,1,sector_or_macro_tailwind_tags,0,weak_growth_signal,2,33,30.0,2,0,0,0,0,0,0,rules_only_no_llm_balance,0.0,0.0,0.0,5.0,5.0,0.0,30.0,0.0,rules_only,no_website_url,,
Broach Lifecare Hospital Limited,See DRHP ‘General Information’ — address not matched by pattern.,unspecified_see_drhp,www.fedsec.in; www.kfintech.com; www.maplehospital.in,Extract from restated financials in DRHP (pattern not matched).,no_structured_differentiation_tag,DRHP: Mrs. Swati Sharma,No explicit expansion/hiring/certification keywords in sampled pages — check MD&A / risk factors in full DRHP.,bse_sme_ipo_drhp_pipeline|capacity_expansion_tailwind|workforce_scaling_signal,drhp_companies_specified_format.csv+final_merged_dsir_promoters.csv,,See DRHP ‘Industry / Business overview’ section.,no_structured_differentiation_tag|bse_sme_ipo_drhp_pipeline|capacity_expansion_tailwind|workforce_scaling_signal|no_explicit_expansion|hiring|certification_keywords_in_sampled_pages_—_check_md&a|risk_factors_in_full_drhp,0,not_classified_manufacturer,0,weak_location_signal,0,no_differentiation_evidence,1,named_individuals_in_promoter_field,1,sector_or_macro_tailwind_tags,1,growth_or_ipo_signal_in_text,3,50,50.0,2,0,0,0,0,0,0,rules_only_no_llm_balance,0.0,0.0,0.0,5.0,5.0,5.0,50.0,0.0,rules_only,duplicate_dedupe|basis:website_host,Shine Fashions (India) Limited,website_host
Cargosol Logistics Limited,Little or no extractable text (likely scanned PDF — needs OCR).,unknown,,unknown,no_structured_differentiation_tag,DRHP: Mr. Sourabh Garg Email; Ms. Shanti Gopalkrishnan Email; Mr. Roshan Kishanchand Rohira; Mr. Samuel Janathan Muliyil DETAILS OF; Mr. Samuel Muliyil. For,Not assessed (no machine-readable text).,bse_sme_ipo_drhp_pipeline,drhp_companies_specified_format.csv+final_merged_dsir_promoters.csv,,,no_structured_differentiation_tag|bse_sme_ipo_drhp_pipeline|not_assessed_(no_machine-readable_text),0,not_classified_manufacturer,0,weak_location_signal,0,no_differentiation_evidence,1,named_individuals_in_promoter_field,1,sector_or_macro_tailwind_tags,0,weak_growth_signal,2,33,30.0,2,0,0,0,0,0,0,rules_only_no_llm_balance,0.0,0.0,0.0,5.0,5.0,0.0,30.0,0.0,rules_only,no_website_url,,
CFF FLUID CONTROL LIMITED,Little or no extractable text (likely scanned PDF — needs OCR).,unknown,,unknown,no_structured_differentiation_tag,DRHP: Sunil Menon; Gautam Makker,Not assessed (no machine-readable text).,bse_sme_ipo_drhp_pipeline,drhp_companies_specified_format.csv+final_merged_dsir_promoters.csv,,,no_structured_differentiation_tag|bse_sme_ipo_drhp_pipeline|not_assessed_(no_machine-readable_text),0,not_classified_manufacturer,0,weak_location_signal,0,no_differentiation_evidence,0,weak_promoter_signal,1,sector_or_macro_tailwind_tags,0,weak_growth_signal,1,17,15.0,2,0,0,0,0,0,0,rules_only_no_llm_balance,0.0,0.0,0.0,0.0,5.0,0.0,15.0,0.0,rules_only,no_website_url,,
CFF Fluid Control Ltd,Identification Number of our Company is U28990MH2012PLC227023,unspecified_see_drhp,www.afsl.co.in; www.cameoindia.com; www.cffdefensys.com,Extract from restated financials in DRHP (pattern not matched).,no_structured_differentiation_tag,DRHP: Sunil Menon; Gautam Makker,No explicit expansion/hiring/certification keywords in sampled pages — check MD&A / risk factors in full DRHP.,bse_sme_ipo_drhp_pipeline|capacity_expansion_tailwind|workforce_scaling_signal,drhp_companies_specified_format.csv,U28990MH2012PLC227023,See DRHP ‘Industry / Business overview’ section.,no_structured_differentiation_tag|bse_sme_ipo_drhp_pipeline|capacity_expansion_tailwind|workforce_scaling_signal|no_explicit_expansion|hiring|certification_keywords_in_sampled_pages_—_check_md&a|risk_factors_in_full_drhp,0,not_classified_manufacturer,0,weak_location_signal,0,no_differentiation_evidence,0,weak_promoter_signal,1,sector_or_macro_tailwind_tags,1,growth_or_ipo_signal_in_text,2,33,35.0,1,0,0,0,0,0,0,rules_only_no_llm_balance,0.0,0.0,0.0,0.0,5.0,5.0,35.0,0.0,rules_only,duplicate_dedupe|basis:website_host,Shine Fashions (India) Limited,website_host
Chamelidevi Flour Mills Limited,"Any interest, penalty, or late fees, if levied, shall not be met from the IPO proceeds, including General Corporate Purposes, and",unspecified_see_drhp,https://in.mpms.mufg.com; https://www.cdfm.in; www.beelinemb.com,Extract from restated financials in DRHP (pattern not matched).,no_structured_differentiation_tag,Could not download DRHP PDF/ZIP for promoter extraction.,hiring / recruitment,bse_sme_ipo_drhp_pipeline|workforce_scaling_signal,drhp_companies_specified_format.csv+final_merged_dsir_promoters.csv,,See DRHP ‘Industry / Business overview’ section.,no_structured_differentiation_tag|bse_sme_ipo_drhp_pipeline|workforce_scaling_signal|hiring|recruitment,0,not_classified_manufacturer,0,weak_location_signal,0,no_differentiation_evidence,0,no_promoter_extract,1,sector_or_macro_tailwind_tags,1,growth_or_ipo_signal_in_text,2,33,35.0,2,0,0,0,0,0,0,rules_only_no_llm_balance,0.0,0.0,0.0,0.0,5.0,5.0,35.0,0.0,rules_only,duplicate_dedupe|basis:website_host,SK International Export Limited,website_host
Chandra Bhagat Pharma Limited,Little or no extractable text (likely scanned PDF — needs OCR).,unknown,,unknown,no_structured_differentiation_tag,DRHP: Dr. Ambedkar Road; Mr. Pranav Bhagat PROMOTERS OF THE; Mr. Hemant Chandravadan Bhagat; Mr. Pranav Hemant Bhagat; Mr. Hemant Chandravadan Bhagat Chief Financial Officer; Mrs. Prachi Bhagat. Company Secretary; Mrs. Prachi Bhagat Group Companies Group Companies; Mr. Pranav Hemant Bhagat ISSUE RELATED TERMS; Mr. Pranav Hemant Bhagat. For; Mrs. Prachi Pranav Bhagat,Not assessed (no machine-readable text).,bse_sme_ipo_drhp_pipeline,drhp_companies_specified_format.csv+final_merged_dsir_promoters.csv,,,no_structured_differentiation_tag|bse_sme_ipo_drhp_pipeline|not_assessed_(no_machine-readable_text),0,not_classified_manufacturer,0,weak_location_signal,0,no_differentiation_evidence,1,named_individuals_in_promoter_field,1,sector_or_macro_tailwind_tags,0,weak_growth_signal,2,33,30.0,2,0,0,0,0,0,0,rules_only_no_llm_balance,0.0,0.0,0.0,5.0,5.0,0.0,30.0,0.0,rules_only,no_website_url,,
Chatha Foods Limited,Download failed (timeout or HTTP error).,unknown,,unknown,no_structured_differentiation_tag,Could not download DRHP PDF/ZIP for promoter extraction.,,bse_sme_ipo_drhp_pipeline,drhp_companies_specified_format.csv+final_merged_dsir_promoters.csv,,,no_structured_differentiation_tag|bse_sme_ipo_drhp_pipeline,0,not_classified_manufacturer,0,weak_location_signal,0,no_differentiation_evidence,0,no_promoter_extract,1,sector_or_macro_tailwind_tags,0,weak_growth_signal,1,17,15.0,2,0,0,0,0,0,0,rules_only_no_llm_balance,0.0,0.0,0.0,0.0,5.0,0.0,15.0,0.0,rules_only,no_website_url,,
Chatterbox Technologies Limited,"and other provisions of Companies Act, 2013",unspecified_see_drhp,www.bigshareonline.in; www.chtrbox.com; www.expertglobal.in,Extract from restated financials in DRHP (pattern not matched).,no_structured_differentiation_tag,DRHP: Mr. Adheesh Kabra SEBI Registration No. INZ,subsidiary / group structure,bse_sme_ipo_drhp_pipeline,drhp_companies_specified_format.csv+final_merged_dsir_promoters.csv,,See DRHP ‘Industry / Business overview’ section.,no_structured_differentiation_tag|bse_sme_ipo_drhp_pipeline|subsidiary|group_structure,0,not_classified_manufacturer,0,weak_location_signal,0,no_differentiation_evidence,1,named_individuals_in_promoter_field,1,sector_or_macro_tailwind_tags,0,weak_growth_signal,2,33,30.0,2,0,0,0,0,0,0,rules_only_no_llm_balance,0.0,0.0,0.0,5.0,5.0,0.0,30.0,0.0,rules_only,duplicate_dedupe|basis:website_host,Royal Sense Limited,website_host
ChemAxis Industries Ltd,Gujarat,Manufacturing / Industrial,chemaxis.com,₹70–120 Cr,no_structured_differentiation_tag,,IPO filed Sep 2025,bse_sme_ipo_drhp_pipeline|make_in_india_manufacturing|capital_markets_ipo_activity,data_with_dsir_recognition.csv+final_merged_dsir_promoters.csv,,Specialty Manufacturing (Chemicals/Advanced),no_structured_differentiation_tag|bse_sme_ipo_drhp_pipeline|make_in_india_manufacturing|capital_markets_ipo_activity|ipo_filed_sep_2025,1,manufacturer_or_industrial_segment,1,india_location_signal,0,no_differentiation_evidence,0,no_promoter_extract,1,sector_or_macro_tailwind_tags,1,growth_or_ipo_signal_in_text,4,67,65.0,9,0,0,0,0,0,0,rules_only_no_llm_balance,5.0,5.0,0.0,0.0,5.0,5.0,65.0,0.0,rules_only,duplicate_dedupe|basis:website_host,ChemAxis Ltd,website_host
Chemkart India Limited,PDF parse error: PdfStreamError,unknown,,unknown,no_structured_differentiation_tag,Could not download DRHP PDF/ZIP for promoter extraction.,,bse_sme_ipo_drhp_pipeline,drhp_companies_specified_format.csv+final_merged_dsir_promoters.csv,,,no_structured_differentiation_tag|bse_sme_ipo_drhp_pipeline,0,not_classified_manufacturer,0,weak_location_signal,0,no_differentiation_evidence,0,no_promoter_extract,1,sector_or_macro_tailwind_tags,0,weak_growth_signal,1,17,15.0,2,0,0,0,0,0,0,rules_only_no_llm_balance,0.0,0.0,0.0,0.0,5.0,0.0,15.0,0.0,rules_only,no_website_url,,
Chiraharit Limited,number (CIN) being U45101AP2006PTC050818,unspecified_see_drhp,https://chiraharit.com/#; www.bigshareonline.com; www.finshoregroup.com,Extract from restated financials in DRHP (pattern not matched).,iso_certification_mention,DRHP: Mr. Dixitula Venkata Kama Dixitulu Company Secretary; Mr. Pavan Kumar Bang; Mrs. Tejaswini Yarlagadda; Mr. Venkata Ramana Reddy Gaggenapalli DETAILS OF; Mr. Babu Raphe; Mr. Babu Rapheal; Mr. Dixitula Venkata Kama Dixitulu; Mr. Venkata Ramana Reddy Gaggenapalli THE ISSUE; Mr. Venkata Ramana Reddy Gaggenapalli; Mrs. Tejaswini Yarlagadda. Promoter Group Includes,ISO certification mentioned,bse_sme_ipo_drhp_pipeline,drhp_companies_specified_format.csv+final_merged_dsir_promoters.csv,U45101AP2006PTC050818,See DRHP ‘Industry / Business overview’ section.,iso_certification_mention|bse_sme_ipo_drhp_pipeline|iso_certification_mentioned,0,not_classified_manufacturer,0,weak_location_signal,1,cert_or_patent_evidence,1,named_individuals_in_promoter_field,1,sector_or_macro_tailwind_tags,1,growth_or_ipo_signal_in_text,4,67,70.0,2,0,0,0,0,0,0,rules_only_no_llm_balance,0.0,0.0,5.0,5.0,5.0,5.0,70.0,0.0,rules_only,duplicate_dedupe|basis:website_host,SK International Export Limited,website_host
Cian Healthcare Limited,"of our Company, please refer to the chapter titled “General Information” and “Our History and Certain Other Corporate Matters” beginning on page 52 and 157 respectively of this Draft Red Herring Prospectus",unspecified_see_drhp,www.bigshareonline.com; www.cian.co; www.fedsec.in,Extract from restated financials in DRHP (pattern not matched).,iso_certification_mention,DRHP: Suraj Zanwar; Kavita,ISO certification mentioned,bse_sme_ipo_drhp_pipeline,drhp_companies_specified_format.csv+final_merged_dsir_promoters.csv,,See DRHP ‘Industry / Business overview’ section.,iso_certification_mention|bse_sme_ipo_drhp_pipeline|iso_certification_mentioned,0,not_classified_manufacturer,0,weak_location_signal,1,cert_or_patent_evidence,0,weak_promoter_signal,1,sector_or_macro_tailwind_tags,1,growth_or_ipo_signal_in_text,3,50,55.0,2,0,0,0,0,0,0,rules_only_no_llm_balance,0.0,0.0,5.0,0.0,5.0,5.0,55.0,0.0,rules_only,duplicate_dedupe|basis:website_host,Shine Fashions (India) Limited,website_host
Citichem India Limited,Little or no extractable text (likely scanned PDF — needs OCR).,"3. Majority of our revenues are dependent on few customers and the loss of, or a significant reduction in purchases by s",www.citichemindia.com; www.horizonmanagement.in; www.kfintech.com,Extract from restated financials in DRHP (pattern not matched).,no_structured_differentiation_tag,DRHP: Mrs. Puja Sharma; Mr. Arif Esmail Merchant Managing Director BOOK; Mr. Arif Esmail Merchant; Mr. Hashim Arif Merchant; Mrs. Fozia Arif Esmail Merchant; Mrs. Saima Hashim Merchant. For; Mrs Fozia Arif Merchant,No explicit expansion/hiring/certification keywords in sampled pages — check MD&A / risk factors in full DRHP.,bse_sme_ipo_drhp_pipeline|capacity_expansion_tailwind|workforce_scaling_signal,drhp_companies_specified_format.csv+final_merged_dsir_promoters.csv,,"3. Majority of our revenues are dependent on few customers and the loss of, or a significant reduction in purchases by such customers could adversely affect",no_structured_differentiation_tag|bse_sme_ipo_drhp_pipeline|capacity_expansion_tailwind|workforce_scaling_signal|no_explicit_expansion|hiring|certification_keywords_in_sampled_pages_—_check_md&a|risk_factors_in_full_drhp,0,not_classified_manufacturer,0,weak_location_signal,0,no_differentiation_evidence,1,named_individuals_in_promoter_field,1,sector_or_macro_tailwind_tags,1,growth_or_ipo_signal_in_text,3,50,50.0,3,0,0,0,0,0,0,rules_only_no_llm_balance,0.0,0.0,0.0,5.0,5.0,5.0,50.0,0.0,rules_only,duplicate_dedupe|basis:website_host,L. T. Elevator Limited,website_host
City Crops Agro Limited,Little or no extractable text (likely scanned PDF — needs OCR).,unknown,,unknown,no_structured_differentiation_tag,DRHP: Ms. Zalakben Chintan Gajjar Company Secretary; Mr. Kaupilkumar Hasmukhbhai Shah; Mrs. Shitalben Kaupilkumar Shah DETAILS OF OFFER; Mr. Heemadri Mukerjea Telephone; Mrs. Rati Gupta Telephone; Ms. Zalakben Chintan Gajjar,Not assessed (no machine-readable text).,bse_sme_ipo_drhp_pipeline,drhp_companies_specified_format.csv+final_merged_dsir_promoters.csv,,,no_structured_differentiation_tag|bse_sme_ipo_drhp_pipeline|not_assessed_(no_machine-readable_text),0,not_classified_manufacturer,0,weak_location_signal,0,no_differentiation_evidence,1,named_individuals_in_promoter_field,1,sector_or_macro_tailwind_tags,0,weak_growth_signal,2,33,30.0,2,0,0,0,0,0,0,rules_only_no_llm_balance,0.0,0.0,0.0,5.0,5.0,0.0,30.0,0.0,rules_only,no_website_url,,
City Pulse Multiplex Limited,Little or no extractable text (likely scanned PDF — needs OCR).,unknown,,unknown,no_structured_differentiation_tag,DRHP: Ms Divya Jitendrakumar Agrawal Website; Mr. Arpit Kumar Mehta; Mrs. Rajal Arpit Mehta For,Not assessed (no machine-readable text).,bse_sme_ipo_drhp_pipeline,drhp_companies_specified_format.csv+final_merged_dsir_promoters.csv,,,no_structured_differentiation_tag|bse_sme_ipo_drhp_pipeline|not_assessed_(no_machine-readable_text),0,not_classified_manufacturer,0,weak_location_signal,0,no_differentiation_evidence,1,named_individuals_in_promoter_field,1,sector_or_macro_tailwind_tags,0,weak_growth_signal,2,33,30.0,2,0,0,0,0,0,0,rules_only_no_llm_balance,0.0,0.0,0.0,5.0,5.0,0.0,30.0,0.0,rules_only,no_website_url,,
CLARA INDUSTRIES LIMITED,‘Our History and Certain Other Corporate Matters’ beginning on page 100 of this Draft Prospectus.,unspecified_see_drhp,www.bigshareonline.com; www.clara.co.in; www.gretexcorporate.com,Extract from restated financials in DRHP (pattern not matched).,iso_certification_mention,DRHP: Ms. Parry Kukreja; Mr. Anurag Saharawat; Mr. Nikhil Kukreja,ISO certification mentioned; subsidiary / group structure,bse_sme_ipo_drhp_pipeline,drhp_companies_specified_format.csv+final_merged_dsir_promoters.csv,,See DRHP ‘Industry / Business overview’ section.,iso_certification_mention|bse_sme_ipo_drhp_pipeline|iso_certification_mentioned|subsidiary|group_structure,0,not_classified_manufacturer,0,weak_location_signal,1,cert_or_patent_evidence,1,named_individuals_in_promoter_field,1,sector_or_macro_tailwind_tags,1,growth_or_ipo_signal_in_text,4,67,70.0,2,0,0,0,0,0,0,rules_only_no_llm_balance,0.0,0.0,5.0,5.0,5.0,5.0,70.0,0.0,rules_only,duplicate_dedupe|basis:website_host,Shine Fashions (India) Limited,website_host
CLINITECH LABORATORY LIMITED,Little or no extractable text (likely scanned PDF — needs OCR).,unknown,,unknown,no_structured_differentiation_tag,Promoter names not machine-extracted from sampled DRHP pages; verify in IPO prospectus or LinkedIn.,Not assessed (no machine-readable text).,bse_sme_ipo_drhp_pipeline,drhp_companies_specified_format.csv+final_merged_dsir_promoters.csv,,,no_structured_differentiation_tag|bse_sme_ipo_drhp_pipeline|not_assessed_(no_machine-readable_text),0,not_classified_manufacturer,0,weak_location_signal,0,no_differentiation_evidence,0,no_promoter_extract,1,sector_or_macro_tailwind_tags,0,weak_growth_signal,1,17,15.0,2,0,0,0,0,0,0,rules_only_no_llm_balance,0.0,0.0,0.0,0.0,5.0,0.0,15.0,0.0,rules_only,no_website_url,,
CLN Energy Limited,"Plot-18, Sector-140, Phase-2, Nepz Post Office, Gautam Buddha Nagar, Dadri, 201305, Uttar Pradesh, India",unspecified_see_drhp,www.afsl.co.in; www.clnenergy.in,Extract from restated financials in DRHP (pattern not matched).,no_structured_differentiation_tag,DRHP: Mr. Jeevan Chand Managerial Remuneration; Mr. Sunil Gandhi Managerial Remuneration; Mr. Manish Shah; Mr. Jeevan Chand; Mr. Sunil Gandhi,No explicit expansion/hiring/certification keywords in sampled pages — check MD&A / risk factors in full DRHP.,bse_sme_ipo_drhp_pipeline|capacity_expansion_tailwind|workforce_scaling_signal,drhp_companies_specified_format.csv+final_merged_dsir_promoters.csv,,See DRHP ‘Industry / Business overview’ section.,no_structured_differentiation_tag|bse_sme_ipo_drhp_pipeline|capacity_expansion_tailwind|workforce_scaling_signal|no_explicit_expansion|hiring|certification_keywords_in_sampled_pages_—_check_md&a|risk_factors_in_full_drhp,0,not_classified_manufacturer,1,india_location_signal,0,no_differentiation_evidence,1,named_individuals_in_promoter_field,1,sector_or_macro_tailwind_tags,1,growth_or_ipo_signal_in_text,4,67,60.0,2,0,0,0,0,0,0,rules_only_no_llm_balance,0.0,5.0,0.0,5.0,5.0,5.0,60.0,0.0,rules_only,duplicate_dedupe|basis:website_host,Shine Fashions (India) Limited,website_host
COMMAND POLYMERS LIMITED,Little or no extractable text (likely scanned PDF — needs OCR).,unknown,,unknown,no_structured_differentiation_tag,Promoter names not machine-extracted from sampled DRHP pages; verify in IPO prospectus or LinkedIn.,Not assessed (no machine-readable text).,bse_sme_ipo_drhp_pipeline,drhp_companies_specified_format.csv+final_merged_dsir_promoters.csv,,,no_structured_differentiation_tag|bse_sme_ipo_drhp_pipeline|not_assessed_(no_machine-readable_text),0,not_classified_manufacturer,0,weak_location_signal,0,no_differentiation_evidence,0,no_promoter_extract,1,sector_or_macro_tailwind_tags,0,weak_growth_signal,1,17,15.0,2,0,0,0,0,0,0,rules_only_no_llm_balance,0.0,0.0,0.0,0.0,5.0,0.0,15.0,0.0,rules_only,no_website_url,,
Company Name,City/Location,Industry Segment,Website,Revenue Band,no_structured_differentiation_tag,Promoter/Decision-Maker,Growth Signals,,data_with_dsir_recognition.csv,,Industry Segment,no_structured_differentiation_tag|growth_signals,0,not_classified_manufacturer,0,weak_location_signal,0,no_differentiation_evidence,0,weak_promoter_signal,0,no_tailwind_tags,0,weak_growth_signal,0,0,0.0,1,0,0,0,0,0,0,rules_only_no_llm_balance,0.0,0.0,0.0,0.0,0.0,0.0,0.0,0.0,rules_only,duplicate_dedupe|basis:website_host,Company Name,website_host
COMRADE APPLIANCES LIMITED,Little or no extractable text (likely scanned PDF — needs OCR).,unknown,,unknown,no_structured_differentiation_tag,DRHP: Ms. Kiran Tilwani Company Secretary; Ms. Dimple Magharam Slun Email; Ms. Kiran Tilwani; Mr. Khursheed Alam; Mr. Mehboob Alam DETAILS OF THE ISSUE; Mr. Mehboob Alam,Not assessed (no machine-readable text).,bse_sme_ipo_drhp_pipeline,drhp_companies_specified_format.csv+final_merged_dsir_promoters.csv,,,no_structured_differentiation_tag|bse_sme_ipo_drhp_pipeline|not_assessed_(no_machine-readable_text),0,not_classified_manufacturer,0,weak_location_signal,0,no_differentiation_evidence,1,named_individuals_in_promoter_field,1,sector_or_macro_tailwind_tags,0,weak_growth_signal,2,33,30.0,2,0,0,0,0,0,0,rules_only_no_llm_balance,0.0,0.0,0.0,5.0,5.0,0.0,30.0,0.0,rules_only,no_website_url,,
Concord Control Systems Limited,Little or no extractable text (likely scanned PDF — needs OCR).,unknown,,unknown,no_structured_differentiation_tag,DRHP: Mrs. Lavisha Wadhwani Company Secretary; Mr. Nitin Jain; Mr. Gaurav Lath DETAILS OF THE ISSUE; Mr. Ajay Jain Email; Mr. Aniket Chindarkar Email; Mrs. Lavisha Wadhwani; Mr. Gaurav Lath. For; Mr. Gaurav Lath. Subsidiary Company The Subsidiary,Not assessed (no machine-readable text).,bse_sme_ipo_drhp_pipeline,drhp_companies_specified_format.csv+final_merged_dsir_promoters.csv,,,no_structured_differentiation_tag|bse_sme_ipo_drhp_pipeline|not_assessed_(no_machine-readable_text),0,not_classified_manufacturer,0,weak_location_signal,0,no_differentiation_evidence,1,named_individuals_in_promoter_field,1,sector_or_macro_tailwind_tags,0,weak_growth_signal,2,33,30.0,2,0,0,0,0,0,0,rules_only_no_llm_balance,0.0,0.0,0.0,5.0,5.0,0.0,30.0,0.0,rules_only,no_website_url,,
CONTAINE TECHNOLOGIES LIMITED,Little or no extractable text (likely scanned PDF — needs OCR).,unknown,,unknown,no_structured_differentiation_tag,DRHP: Mrs. Nikitha Sarda Company Secretary; Mr. Anand Kumar Seethala; Mrs. Botcha Bhavani DETAILS OF OFFER TO; Mr. S. Ramakrishna Iyengar Telephone; Mr. R.D. Ramasamy; Mrs. Nikitha Sarda; Mrs. Botcha Bhavani THE ISSUE INITIAL PUBLIC; Mrs. Botcha Bhavani. Promoter Group Includes,Not assessed (no machine-readable text).,bse_sme_ipo_drhp_pipeline,drhp_companies_specified_format.csv+final_merged_dsir_promoters.csv,,,no_structured_differentiation_tag|bse_sme_ipo_drhp_pipeline|not_assessed_(no_machine-readable_text),0,not_classified_manufacturer,0,weak_location_signal,0,no_differentiation_evidence,1,named_individuals_in_promoter_field,1,sector_or_macro_tailwind_tags,0,weak_growth_signal,2,33,30.0,2,0,0,0,0,0,0,rules_only_no_llm_balance,0.0,0.0,0.0,5.0,5.0,0.0,30.0,0.0,rules_only,no_website_url,,
Cosmic CRF Limited,Little or no extractable text (likely scanned PDF — needs OCR).,unknown,,unknown,no_structured_differentiation_tag,Promoter names not machine-extracted from sampled DRHP pages; verify in IPO prospectus or LinkedIn.,Not assessed (no machine-readable text).,bse_sme_ipo_drhp_pipeline,drhp_companies_specified_format.csv+final_merged_dsir_promoters.csv,,,no_structured_differentiation_tag|bse_sme_ipo_drhp_pipeline|not_assessed_(no_machine-readable_text),0,not_classified_manufacturer,0,weak_location_signal,0,no_differentiation_evidence,0,no_promoter_extract,1,sector_or_macro_tailwind_tags,0,weak_growth_signal,1,17,15.0,2,0,0,0,0,0,0,rules_only_no_llm_balance,0.0,0.0,0.0,0.0,5.0,0.0,15.0,0.0,rules_only,no_website_url,,
Cospower Engineering Limited,Little or no extractable text (likely scanned PDF — needs OCR).,unknown,,unknown,no_structured_differentiation_tag,DRHP: Ms. Garima Garg; Ms. Garima Garg Director; Mr. Oswald Rosario Dsouza MOA; Mr. Oswald Rosario Dsouza; Mr. Felix Shridhar Kadam Promoter Group Includes; Mr. Felix Shridhar Kadam. Issue Related Terms,Not assessed (no machine-readable text).,bse_sme_ipo_drhp_pipeline,drhp_companies_specified_format.csv+final_merged_dsir_promoters.csv,,,no_structured_differentiation_tag|bse_sme_ipo_drhp_pipeline|not_assessed_(no_machine-readable_text),0,not_classified_manufacturer,0,weak_location_signal,0,no_differentiation_evidence,1,named_individuals_in_promoter_field,1,sector_or_macro_tailwind_tags,0,weak_growth_signal,2,33,30.0,2,0,0,0,0,0,0,rules_only_no_llm_balance,0.0,0.0,0.0,5.0,5.0,0.0,30.0,0.0,rules_only,no_website_url,,
Craftech Paper Mills Limited,"Karwa Complex, Opp",unspecified_see_drhp,www.craftechpaper.com; www.horizonmanagement.in; www.maashitla.com,Extract from restated financials in DRHP (pattern not matched).,no_structured_differentiation_tag,DRHP: Mr. Narendra Bajaj SEBI Registration No; Mr. Mukul Agrawal SEB,No explicit expansion/hiring/certification keywords in sampled pages — check MD&A / risk factors in full DRHP.,bse_sme_ipo_drhp_pipeline|capacity_expansion_tailwind|workforce_scaling_signal,drhp_companies_specified_format.csv+final_merged_dsir_promoters.csv,,See DRHP ‘Industry / Business overview’ section.,no_structured_differentiation_tag|bse_sme_ipo_drhp_pipeline|capacity_expansion_tailwind|workforce_scaling_signal|no_explicit_expansion|hiring|certification_keywords_in_sampled_pages_—_check_md&a|risk_factors_in_full_drhp,0,not_classified_manufacturer,0,weak_location_signal,0,no_differentiation_evidence,1,named_individuals_in_promoter_field,1,sector_or_macro_tailwind_tags,1,growth_or_ipo_signal_in_text,3,50,50.0,2,0,0,0,0,0,0,rules_only_no_llm_balance,0.0,0.0,0.0,5.0,5.0,5.0,50.0,0.0,rules_only,duplicate_dedupe|basis:website_host,L. T. Elevator Limited,website_host
CRYOGENIC OGS LIMITED,Download failed (timeout or HTTP error).,unknown,,unknown,no_structured_differentiation_tag,Could not download DRHP PDF/ZIP for promoter extraction.,,bse_sme_ipo_drhp_pipeline,drhp_companies_specified_format.csv+final_merged_dsir_promoters.csv,,,no_structured_differentiation_tag|bse_sme_ipo_drhp_pipeline,0,not_classified_manufacturer,0,weak_location_signal,0,no_differentiation_evidence,0,no_promoter_extract,1,sector_or_macro_tailwind_tags,0,weak_growth_signal,1,17,15.0,2,0,0,0,0,0,0,rules_only_no_llm_balance,0.0,0.0,0.0,0.0,5.0,0.0,15.0,0.0,rules_only,no_website_url,,
DADA ORGANICS LIMITED,Little or no extractable text (likely scanned PDF — needs OCR).,unknown,,unknown,no_structured_differentiation_tag,DRHP: Ms. Komal Hirenkumar Jain Company Secretary; Mr. Dineshbhai Bhanushankar Pandya; Mrs. Jayshree Dineshbhai Pandya DETAILS OF OFFER; Mr. S. Ramakrishna Iyengar Telephone; Ms. K. Sreepriya Telephone; Ms. Komal Hirenkumar Jain; Mrs. Jayshree Dineshbhai Pandya Promoter Group Includes; Mr. Bharatbhai Odhavjibhai Goti,Not assessed (no machine-readable text).,bse_sme_ipo_drhp_pipeline,drhp_companies_specified_format.csv+final_merged_dsir_promoters.csv,,,no_structured_differentiation_tag|bse_sme_ipo_drhp_pipeline|not_assessed_(no_machine-readable_text),0,not_classified_manufacturer,0,weak_location_signal,0,no_differentiation_evidence,1,named_individuals_in_promoter_field,1,sector_or_macro_tailwind_tags,0,weak_growth_signal,2,33,30.0,2,0,0,0,0,0,0,rules_only_no_llm_balance,0.0,0.0,0.0,5.0,5.0,0.0,30.0,0.0,rules_only,no_website_url,,
DAPS ADVERTISING LIMITED,"128, Clyde House, Office No",unspecified_see_drhp,www.bigshareonline.com; www.dapsadvertising.com; www.shreni.in,Extract from restated financials in DRHP (pattern not matched).,iso_certification_mention,DRHP: AKHILESH CHATURVEDI; DHARMESH CHATURVEDI AND PARESH,ISO certification mentioned,bse_sme_ipo_drhp_pipeline,drhp_companies_specified_format.csv+final_merged_dsir_promoters.csv,,See DRHP ‘Industry / Business overview’ section.,iso_certification_mention|bse_sme_ipo_drhp_pipeline|iso_certification_mentioned,0,not_classified_manufacturer,0,weak_location_signal,1,cert_or_patent_evidence,1,rich_drhp_promoter_blob,1,sector_or_macro_tailwind_tags,1,growth_or_ipo_signal_in_text,4,67,70.0,2,0,0,0,0,0,0,rules_only_no_llm_balance,0.0,0.0,5.0,5.0,5.0,5.0,70.0,0.0,rules_only,duplicate_dedupe|basis:website_host,Shine Fashions (India) Limited,website_host
DAVIN SONS RETAIL LIMITED,"2 years w.e.f. 1st April, 2023 2. WZ-410/2, Second Floor, Shakurpur Village, Near Britania Chowk, Delhi- 110034.",unspecified_see_drhp,www.davinsonsretail.com; www.focl.in; www.kfintech.com; www.navigantcorp.com,Extract from restated financials in DRHP (pattern not matched).,no_structured_differentiation_tag,Could not download DRHP PDF/ZIP for promoter extraction.,No explicit expansion/hiring/certification keywords in sampled pages — check MD&A / risk factors in full DRHP.,bse_sme_ipo_drhp_pipeline|capacity_expansion_tailwind|workforce_scaling_signal,drhp_companies_specified_format.csv+final_merged_dsir_promoters.csv,,See DRHP ‘Industry / Business overview’ section.,no_structured_differentiation_tag|bse_sme_ipo_drhp_pipeline|capacity_expansion_tailwind|workforce_scaling_signal|no_explicit_expansion|hiring|certification_keywords_in_sampled_pages_—_check_md&a|risk_factors_in_full_drhp,0,not_classified_manufacturer,1,india_location_signal,0,no_differentiation_evidence,0,no_promoter_extract,1,sector_or_macro_tailwind_tags,1,growth_or_ipo_signal_in_text,3,50,45.0,3,0,0,0,0,0,0,rules_only_no_llm_balance,0.0,5.0,0.0,0.0,5.0,5.0,45.0,0.0,rules_only,duplicate_dedupe|basis:website_host,Yashhtej Industries (India) Limited,website_host
Desco Infratech Limited,"in the same building i.e., A -703, Swastik Universal, Next to Valentine Theatre, Dumas Road, Umra, Surat -395007, Gujarat, India (Area",unspecified_see_drhp,www.bigshareonline.com; www.descoinfra.co.in; www.shcapl.com,Extract from restated financials in DRHP (pattern not matched).,no_structured_differentiation_tag,DRHP: Ms. Gandharva Javanika; Ms. Sonal Jhaveri; Ms. Sonali Jhaveri; Ms. Prinkle Jain; Mr. Pankaj Pruthu Desai; Mr. Pankaj Pruthu Desai Chairman; Mr. Parth Shah Website; Mr. Babu Rapheal C. SEBI Registration No,subsidiary / group structure,bse_sme_ipo_drhp_pipeline,drhp_companies_specified_format.csv+final_merged_dsir_promoters.csv,,See DRHP ‘Industry / Business overview’ section.,no_structured_differentiation_tag|bse_sme_ipo_drhp_pipeline|subsidiary|group_structure,0,not_classified_manufacturer,1,india_location_signal,0,no_differentiation_evidence,1,named_individuals_in_promoter_field,1,sector_or_macro_tailwind_tags,0,weak_growth_signal,3,50,40.0,2,0,0,0,0,0,0,rules_only_no_llm_balance,0.0,5.0,0.0,5.0,5.0,0.0,40.0,0.0,rules_only,duplicate_dedupe|basis:website_host,Nanta Tech Limited,website_host
Dev Labtech Venture Limited,Little or no extractable text (likely scanned PDF — needs OCR).,unknown,,unknown,no_structured_differentiation_tag,DRHP: Mr. Pratik Ashokbhai Patel; Mr. Nikhil Shah Email; Mr. Shanti Gopalkrishnan Email; Mr. Jerambhai Lavjibhai Donda; Mrs. Labhuben Jerambhai Donda; Mr. Jay Jerambhai Donda For; Mr. Arunava Raha; Mr. Jerambhai Patel; Mrs. Vimlaben Bhlani; Mrs. Gauriben Bhlani Stakeholders Relationship Committee,Not assessed (no machine-readable text).,bse_sme_ipo_drhp_pipeline,drhp_companies_specified_format.csv+final_merged_dsir_promoters.csv,,,no_structured_differentiation_tag|bse_sme_ipo_drhp_pipeline|not_assessed_(no_machine-readable_text),0,not_classified_manufacturer,0,weak_location_signal,0,no_differentiation_evidence,1,named_individuals_in_promoter_field,1,sector_or_macro_tailwind_tags,0,weak_growth_signal,2,33,30.0,2,0,0,0,0,0,0,rules_only_no_llm_balance,0.0,0.0,0.0,5.0,5.0,0.0,30.0,0.0,rules_only,no_website_url,,
Dharni Capital Services Limited,Little or no extractable text (likely scanned PDF — needs OCR).,unknown,,unknown,no_structured_differentiation_tag,DRHP: Mr. Hemant Dharnidharka; Mrs. Preeti Saraogi DETAILS OF OFFER TO; Mr. Jinesh Doshi Email; Mr. R.D. Ramasamy Email; Mr. Mayank Mundhra; Mrs. Preeti Saraogi DETAILS OF ISSUE INITIAL; Mr. Hemant Dharnidharka Materiality Policy; Mrs. Preeti Saraogi. For; Mrs. Preeti Saraogi,Not assessed (no machine-readable text).,bse_sme_ipo_drhp_pipeline,drhp_companies_specified_format.csv+final_merged_dsir_promoters.csv,,,no_structured_differentiation_tag|bse_sme_ipo_drhp_pipeline|not_assessed_(no_machine-readable_text),0,not_classified_manufacturer,0,weak_location_signal,0,no_differentiation_evidence,1,named_individuals_in_promoter_field,1,sector_or_macro_tailwind_tags,0,weak_growth_signal,2,33,30.0,2,0,0,0,0,0,0,rules_only_no_llm_balance,0.0,0.0,0.0,5.0,5.0,0.0,30.0,0.0,rules_only,no_website_url,,
Dhaval Packaging Limited,Download failed (timeout or HTTP error).,unknown,,unknown,no_structured_differentiation_tag,Promoter names not machine-extracted — verify in IPO prospectus or LinkedIn.,,bse_sme_ipo_drhp_pipeline,drhp_companies_specified_format.csv+final_merged_dsir_promoters.csv,,,no_structured_differentiation_tag|bse_sme_ipo_drhp_pipeline,0,not_classified_manufacturer,0,weak_location_signal,0,no_differentiation_evidence,0,weak_promoter_signal,1,sector_or_macro_tailwind_tags,0,weak_growth_signal,1,17,15.0,2,0,0,0,0,0,0,rules_only_no_llm_balance,0.0,0.0,0.0,0.0,5.0,0.0,15.0,0.0,rules_only,no_website_url,,
Dhnawel Hybrid Seeds Limited,Corporate Identification Number of our Company is U46101GJ2024PLC148851.,unspecified_see_drhp,www.cameoindia.com; www.dhanwelseeds.com; www.wealthminenetworks.com,Extract from restated financials in DRHP (pattern not matched).,no_structured_differentiation_tag,Mr. Kishankumar Gordhanbhai Meghani Chairman; Mr. Nikunj Mansukhlal Suvagiya Non; Mr. Sudhir Mohanbhai Pipaliya Non; Mr. Vimal Mansukhbhai Vekariya Whole; Ms. Dixita Rajendrasinh Chauhan Chief Financial; Ms. Keshvi Akshay Barasiya Non; Ms. Parul Agarwal; Ms. Parul Agarwal Company Secretary,No explicit expansion/hiring/certification keywords in sampled pages — check MD&A / risk factors in full DRHP.,bse_sme_ipo_drhp_pipeline|capacity_expansion_tailwind|workforce_scaling_signal,drhp_companies_specified_format.csv+final_merged_dsir_promoters.csv,U46101GJ2024PLC148851,See DRHP ‘Industry / Business overview’ section.,no_structured_differentiation_tag|bse_sme_ipo_drhp_pipeline|capacity_expansion_tailwind|workforce_scaling_signal|no_explicit_expansion|hiring|certification_keywords_in_sampled_pages_—_check_md&a|risk_factors_in_full_drhp,0,not_classified_manufacturer,0,weak_location_signal,0,no_differentiation_evidence,1,named_individuals_in_promoter_field,1,sector_or_macro_tailwind_tags,1,growth_or_ipo_signal_in_text,3,50,50.0,2,0,0,0,0,0,0,rules_only_no_llm_balance,0.0,0.0,0.0,5.0,5.0,5.0,50.0,0.0,rules_only,duplicate_dedupe|basis:website_host,Seemax Resources Limited,website_host
Dhyaani Tile and Marblez Limited,Little or no extractable text (likely scanned PDF — needs OCR).,unknown,,unknown,no_structured_differentiation_tag,DRHP: Ms. Foram Ajmeri; Mr. Chintan Nayan Bhai Rajyaguru Nomination; Mr. Chintan Nayan Bhai Rajyaguru Promoter Group; Mr. Chintan Nayan Bhai Rajyaguru SIZE OF,Not assessed (no machine-readable text).,bse_sme_ipo_drhp_pipeline,drhp_companies_specified_format.csv+final_merged_dsir_promoters.csv,,,no_structured_differentiation_tag|bse_sme_ipo_drhp_pipeline|not_assessed_(no_machine-readable_text),0,not_classified_manufacturer,0,weak_location_signal,0,no_differentiation_evidence,1,named_individuals_in_promoter_field,1,sector_or_macro_tailwind_tags,0,weak_growth_signal,2,33,30.0,2,0,0,0,0,0,0,rules_only_no_llm_balance,0.0,0.0,0.0,5.0,5.0,0.0,30.0,0.0,rules_only,no_website_url,,
Digilogic Systems Limited,"company pursuant to special resolution passed by the shareholders at the EGM held on June 18, 2025, and consequently, the name of our Company was changed to “Digilogic Systems Limited” and a fresh certificate of incorporation consequent upon conversion from private company to pub...",Manufacturing / Industrial,www.bsesme.com; www.digilogicsystems.com; www.indorient.in; www.kfintech.com,Extract from restated financials in DRHP (pattern not matched).,no_structured_differentiation_tag,DRHP: Mr. Kameswara Rao Vempati; Mr. Madhusudhan Varma Jetty; Mrs. Radhika Varma Jetty,facility expansion,bse_sme_ipo_drhp_pipeline|make_in_india_manufacturing|capacity_expansion_tailwind,drhp_companies_specified_format.csv+final_merged_dsir_promoters.csv,,"technology-led company engaged in the design, development, integration, manufacturing, supply and support",no_structured_differentiation_tag|bse_sme_ipo_drhp_pipeline|make_in_india_manufacturing|capacity_expansion_tailwind|facility_expansion,1,manufacturer_or_industrial_segment,0,weak_location_signal,0,no_differentiation_evidence,1,named_individuals_in_promoter_field,1,sector_or_macro_tailwind_tags,1,growth_or_ipo_signal_in_text,4,67,70.0,2,0,0,0,0,0,0,rules_only_no_llm_balance,5.0,0.0,0.0,5.0,5.0,5.0,70.0,0.0,rules_only,duplicate_dedupe|basis:website_host,Yash Highvoltage Limited,website_host
Diksha Polymers Limited,Ahmedabad,unspecified_see_drhp,www.afsl.co.in; www.cameoindia.com; www.dikshagroup.in,₹5–25 Cr (approx from lakhs),rnd_mention,DRHP: Mrs. Anjana Mandelia. For,capacity expansion; backward integration,bse_sme_ipo_drhp_pipeline|capacity_expansion_tailwind,data_with_dsir_recognition.csv+drhp_companies_specified_format.csv+final_merged_dsir_promoters.csv,,See DRHP ‘Industry / Business overview’ section.,rnd_mention|bse_sme_ipo_drhp_pipeline|capacity_expansion_tailwind|capacity_expansion|backward_integration,0,not_classified_manufacturer,1,india_location_signal,0,no_differentiation_evidence,1,named_individuals_in_promoter_field,1,sector_or_macro_tailwind_tags,1,growth_or_ipo_signal_in_text,4,67,60.0,5,0,0,0,0,0,0,rules_only_no_llm_balance,0.0,5.0,0.0,5.0,5.0,5.0,60.0,0.0,rules_only,duplicate_dedupe|basis:website_host,Shine Fashions (India) Limited,website_host
Dindigul Farm Product Limited,Identification Number of our company is U15200TZ2010PLC016407.,unspecified_see_drhp,www.beelinemb.com; www.ennutrica.com; www.linkintime.co.in,Extract from restated financials in DRHP (pattern not matched).,no_structured_differentiation_tag,DRHP: Mr. Gurunathan Uma Kanth Narayanan PROMOTERS OF,subsidiary / group structure,bse_sme_ipo_drhp_pipeline,drhp_companies_specified_format.csv+final_merged_dsir_promoters.csv,U15200TZ2010PLC016407,See DRHP ‘Industry / Business overview’ section.,no_structured_differentiation_tag|bse_sme_ipo_drhp_pipeline|subsidiary|group_structure,0,not_classified_manufacturer,0,weak_location_signal,0,no_differentiation_evidence,1,named_individuals_in_promoter_field,1,sector_or_macro_tailwind_tags,0,weak_growth_signal,2,33,30.0,2,0,0,0,0,0,0,rules_only_no_llm_balance,0.0,0.0,0.0,5.0,5.0,0.0,30.0,0.0,rules_only,duplicate_dedupe|basis:website_host,SK International Export Limited,website_host
DIPNA PHARMACHEM LIMITED,Little or no extractable text (likely scanned PDF — needs OCR).,unknown,,unknown,no_structured_differentiation_tag,DRHP: Ms. Khushboo Jethaliya; Mr. Keyur Dipakkumar Shah Type Fresh Issue; Mr. Keyur Shah Promoter Group Companies; Ms. Khushboo Jethaliya. Chief Financial Officer; Mr. Keyur Parmar. Act; Mr. Keyur Shah. For,Not assessed (no machine-readable text).,bse_sme_ipo_drhp_pipeline,drhp_companies_specified_format.csv+final_merged_dsir_promoters.csv,,,no_structured_differentiation_tag|bse_sme_ipo_drhp_pipeline|not_assessed_(no_machine-readable_text),0,not_classified_manufacturer,0,weak_location_signal,0,no_differentiation_evidence,1,named_individuals_in_promoter_field,1,sector_or_macro_tailwind_tags,0,weak_growth_signal,2,33,30.0,2,0,0,0,0,0,0,rules_only_no_llm_balance,0.0,0.0,0.0,5.0,5.0,0.0,30.0,0.0,rules_only,no_website_url,,
DJ Mediaprint & Logistics Limited,Little or no extractable text (likely scanned PDF — needs OCR).,unknown,,unknown,no_structured_differentiation_tag,DRHP: Ms. Khushboo Mahesh Lalji; Mr. Dinesh Muddu Kotian; Mr. Santhosh Muddu Kotian. Promoter Group Includes; Mr. Dhanraj Dayanand Kunder,Not assessed (no machine-readable text).,bse_sme_ipo_drhp_pipeline,drhp_companies_specified_format.csv+final_merged_dsir_promoters.csv,,,no_structured_differentiation_tag|bse_sme_ipo_drhp_pipeline|not_assessed_(no_machine-readable_text),0,not_classified_manufacturer,0,weak_location_signal,0,no_differentiation_evidence,1,named_individuals_in_promoter_field,1,sector_or_macro_tailwind_tags,0,weak_growth_signal,2,33,30.0,2,0,0,0,0,0,0,rules_only_no_llm_balance,0.0,0.0,0.0,5.0,5.0,0.0,30.0,0.0,rules_only,no_website_url,,
DMR HYDROENGINEERING & INFRASTRUCTURES LIMITED,"+91 1294360445; Email Id: investors@dmrengineering.net Website: www.dmrengineering.netContact Person: Mayank, Company Secretary and Compliance Officer",unspecified_see_drhp,www.dmrengineering.net; www.dmrengineering.netContact; www.shreni.in; www.skylinerta.com,Extract from restated financials in DRHP (pattern not matched).,iso_certification_mention,DRHP: Mr. Krunal Pipalia SEBI Registration Number; Subhash Chander Mittal; Neelam Mittal,ISO certification mentioned,bse_sme_ipo_drhp_pipeline,drhp_companies_specified_format.csv+final_merged_dsir_promoters.csv,,See DRHP ‘Industry / Business overview’ section.,iso_certification_mention|bse_sme_ipo_drhp_pipeline|iso_certification_mentioned,0,not_classified_manufacturer,0,weak_location_signal,1,cert_or_patent_evidence,1,named_individuals_in_promoter_field,1,sector_or_macro_tailwind_tags,1,growth_or_ipo_signal_in_text,4,67,70.0,2,0,0,0,0,0,0,rules_only_no_llm_balance,0.0,0.0,5.0,5.0,5.0,5.0,70.0,0.0,rules_only,duplicate_dedupe|basis:website_host,Shine Fashions (India) Limited,website_host
Dove Soft Limited,"³ZH´³XV´DQG³RXU´ Unless the context otherwise indicates or implies, refers to our Company.","9. We are involved in certain legal proceedings, which, if determined adversely, may affect",www.dovesoft.io; www.growhousewealth.com; www.purvashare.com; www.unistonecapital.com,Extract from restated financials in DRHP (pattern not matched).,no_structured_differentiation_tag,Promoter names not machine-extracted — verify in IPO prospectus or LinkedIn.,No explicit expansion/hiring/certification keywords in sampled pages — check MD&A / risk factors in full DRHP.,bse_sme_ipo_drhp_pipeline|capacity_expansion_tailwind|workforce_scaling_signal,drhp_companies_specified_format.csv+final_merged_dsir_promoters.csv,,"9. We are involved in certain legal proceedings, which, if determined adversely, may affect",no_structured_differentiation_tag|bse_sme_ipo_drhp_pipeline|capacity_expansion_tailwind|workforce_scaling_signal|no_explicit_expansion|hiring|certification_keywords_in_sampled_pages_—_check_md&a|risk_factors_in_full_drhp,0,not_classified_manufacturer,0,weak_location_signal,0,no_differentiation_evidence,0,weak_promoter_signal,1,sector_or_macro_tailwind_tags,1,growth_or_ipo_signal_in_text,2,33,35.0,4,0,0,0,0,0,0,rules_only_no_llm_balance,0.0,0.0,0.0,0.0,5.0,5.0,35.0,0.0,rules_only,duplicate_dedupe|basis:website_host,STANBIK AGRO LIMITED,website_host
Dudani Retail Limited,and Corporate Structure” beginning on page no 130 of the Draft Prospectus.,unspecified_see_drhp,www.divenaworld.com; www.finshoregroup.com; www.maashitla.com,Extract from restated financials in DRHP (pattern not matched).,iso_certification_mention,DRHP: Mr. Ramgopal Sharma Company Secretary; Mr. Akshay Dudani; Mrs. Charu Dudani DETAILS OF OFFER TO; Mr. Mukul Agarwal Email; Akshay Dudani; Charu Dudani,ISO certification mentioned,bse_sme_ipo_drhp_pipeline,drhp_companies_specified_format.csv+final_merged_dsir_promoters.csv,,See DRHP ‘Industry / Business overview’ section.,iso_certification_mention|bse_sme_ipo_drhp_pipeline|iso_certification_mentioned,0,not_classified_manufacturer,0,weak_location_signal,1,cert_or_patent_evidence,1,named_individuals_in_promoter_field,1,sector_or_macro_tailwind_tags,1,growth_or_ipo_signal_in_text,4,67,70.0,2,0,0,0,0,0,0,rules_only_no_llm_balance,0.0,0.0,5.0,5.0,5.0,5.0,70.0,0.0,rules_only,duplicate_dedupe|basis:website_host,SK International Export Limited,website_host
Earthstahl & Alloys Limited,Download failed (timeout or HTTP error).,unknown,,unknown,no_structured_differentiation_tag,Could not download DRHP PDF/ZIP for promoter extraction.,,bse_sme_ipo_drhp_pipeline,drhp_companies_specified_format.csv+final_merged_dsir_promoters.csv,,,no_structured_differentiation_tag|bse_sme_ipo_drhp_pipeline,0,not_classified_manufacturer,0,weak_location_signal,0,no_differentiation_evidence,0,no_promoter_extract,1,sector_or_macro_tailwind_tags,0,weak_growth_signal,1,17,15.0,2,0,0,0,0,0,0,rules_only_no_llm_balance,0.0,0.0,0.0,0.0,5.0,0.0,15.0,0.0,rules_only,no_website_url,,
Earum Pharmaceuticals Limited,Little or no extractable text (likely scanned PDF — needs OCR).,unknown,,unknown,no_structured_differentiation_tag,DRHP: Mr. Parsotam Kantilal Purohit; Mr. Bhumishth Narendrabhai Patel; Mrs. Payal Bhumishth Patel THE ISSUE INITIAL; Mrs. Payal Bhumishth Patel. For; Mrs. Payal Bhumishth Patel Issue Rela; Mrs. Payal Bhumishth Patel Issue Related Terms,Not assessed (no machine-readable text).,bse_sme_ipo_drhp_pipeline,drhp_companies_specified_format.csv+final_merged_dsir_promoters.csv,,,no_structured_differentiation_tag|bse_sme_ipo_drhp_pipeline|not_assessed_(no_machine-readable_text),0,not_classified_manufacturer,0,weak_location_signal,0,no_differentiation_evidence,1,named_individuals_in_promoter_field,1,sector_or_macro_tailwind_tags,0,weak_growth_signal,2,33,30.0,2,0,0,0,0,0,0,rules_only_no_llm_balance,0.0,0.0,0.0,5.0,5.0,0.0,30.0,0.0,rules_only,no_website_url,,
Eastern Logica Infoway Ltd,Little or no extractable text (likely scanned PDF — needs OCR).,unknown,,unknown,no_structured_differentiation_tag,Promoter names not machine-extracted from sampled DRHP pages; verify in IPO prospectus or LinkedIn.,Not assessed (no machine-readable text).,bse_sme_ipo_drhp_pipeline,drhp_companies_specified_format.csv+final_merged_dsir_promoters.csv,,,no_structured_differentiation_tag|bse_sme_ipo_drhp_pipeline|not_assessed_(no_machine-readable_text),0,not_classified_manufacturer,0,weak_location_signal,0,no_differentiation_evidence,0,no_promoter_extract,1,sector_or_macro_tailwind_tags,0,weak_growth_signal,1,17,15.0,2,0,0,0,0,0,0,rules_only_no_llm_balance,0.0,0.0,0.0,0.0,5.0,0.0,15.0,0.0,rules_only,no_website_url,,
EBOR INDUSTRIES LIMITED,Little or no extractable text (likely scanned PDF — needs OCR).,unknown,,unknown,no_structured_differentiation_tag,DRHP: Mr. Vishal Girishkumar Suthar Company Secretary; Mr. DHRUMIL BIPIN PATEL DETAILS OF OFFER; Mr. S. Ramakrishna Iyengar Telephone; Mr. R.D. Ramasamy; Mr. Vishal Girishkumar Suthar; Mr. Dhrumil Bipin Patel THE ISSUE INITIAL; Mr. Dhrumil Bipin Patel. Promoter Group Includes; Mr. Dhrumil Bipin Patel. CIN Corporate Identification; Mr. Vishal Girishkumar Suthar Registered Office Plot,Not assessed (no machine-readable text).,bse_sme_ipo_drhp_pipeline,drhp_companies_specified_format.csv+final_merged_dsir_promoters.csv,,,no_structured_differentiation_tag|bse_sme_ipo_drhp_pipeline|not_assessed_(no_machine-readable_text),0,not_classified_manufacturer,0,weak_location_signal,0,no_differentiation_evidence,1,named_individuals_in_promoter_field,1,sector_or_macro_tailwind_tags,0,weak_growth_signal,2,33,30.0,2,0,0,0,0,0,0,rules_only_no_llm_balance,0.0,0.0,0.0,5.0,5.0,0.0,30.0,0.0,rules_only,no_website_url,,
Eighty Jewellers Limited,Little or no extractable text (likely scanned PDF — needs OCR).,unknown,,unknown,no_structured_differentiation_tag,DRHP: Mr. Nikesh Bardia; Mr. Tilok Chand Bardia; Mr. Nitin Kumar Bardia. DETAILS OF; Mr. Sourabh Garg Email; Mr. Swapnil Kate Email; Mr. Nitin Kumar Bardia. THE ISSUE INITIAL; Mr. Nikesh Bardia. Materiality Policy; Mr. Nitin Bardia; Mr. Nitin Kumar Bardia; Mr. Nikesh Bardia Stakeholders Relationship Committee,Not assessed (no machine-readable text).,bse_sme_ipo_drhp_pipeline,drhp_companies_specified_format.csv+final_merged_dsir_promoters.csv,,,no_structured_differentiation_tag|bse_sme_ipo_drhp_pipeline|not_assessed_(no_machine-readable_text),0,not_classified_manufacturer,0,weak_location_signal,0,no_differentiation_evidence,1,named_individuals_in_promoter_field,1,sector_or_macro_tailwind_tags,0,weak_growth_signal,2,33,30.0,2,0,0,0,0,0,0,rules_only_no_llm_balance,0.0,0.0,0.0,5.0,5.0,0.0,30.0,0.0,rules_only,no_website_url,,
Ekennis Software Service Limited,Little or no extractable text (likely scanned PDF — needs OCR).,unknown,,unknown,no_structured_differentiation_tag,DRHP: Ms. Sonali Corporate Identification Number; Ms. Manisha Sharma MOA; Ms. Manisha Sharma Promoter Group Such,Not assessed (no machine-readable text).,bse_sme_ipo_drhp_pipeline,drhp_companies_specified_format.csv+final_merged_dsir_promoters.csv,,,no_structured_differentiation_tag|bse_sme_ipo_drhp_pipeline|not_assessed_(no_machine-readable_text),0,not_classified_manufacturer,0,weak_location_signal,0,no_differentiation_evidence,1,named_individuals_in_promoter_field,1,sector_or_macro_tailwind_tags,0,weak_growth_signal,2,33,30.0,2,0,0,0,0,0,0,rules_only_no_llm_balance,0.0,0.0,0.0,5.0,5.0,0.0,30.0,0.0,rules_only,no_website_url,,
Elfin Agro India Limited,"in name and registered office of our company, please refer to section titled “",unspecified_see_drhp,www.cameoindia.com; www.elfinagroindia.com; www.finshoregroup.com,Extract from restated financials in DRHP (pattern not matched).,iso_certification_mention,DRHP: Ms. Khushbu Sethi Company Secretary; Mr. Vimal Kumar Daga; Mr. Deepak Pal Daga; Mrs. Seema Daga; Mrs. Neetu Daga; Mr. S. Ramakrishna Iyengar Telephone; Ms. K. Sreepriya Telephone; Ms. Khushbu Sethi; Mr. Ratan Lal Bareth,ISO certification mentioned,bse_sme_ipo_drhp_pipeline,drhp_companies_specified_format.csv+final_merged_dsir_promoters.csv,,See DRHP ‘Industry / Business overview’ section.,iso_certification_mention|bse_sme_ipo_drhp_pipeline|iso_certification_mentioned,0,not_classified_manufacturer,0,weak_location_signal,1,cert_or_patent_evidence,1,named_individuals_in_promoter_field,1,sector_or_macro_tailwind_tags,1,growth_or_ipo_signal_in_text,4,67,70.0,2,0,0,0,0,0,0,rules_only_no_llm_balance,0.0,0.0,5.0,5.0,5.0,5.0,70.0,0.0,rules_only,duplicate_dedupe|basis:website_host,SK International Export Limited,website_host
Emiac Technologies Limited,please refer to the chapter titled “History and Certain Corporate Matters” beginning on page 162 of the Draft Red Herring Prospectus.,unspecified_see_drhp,https://emiactech.com/; www.bigshareonline.com; www.shcapl.com,Extract from restated financials in DRHP (pattern not matched).,iso_certification_mention,Could not download DRHP PDF/ZIP for promoter extraction.,capacity expansion; ISO certification mentioned; digital / hiring channel mention,bse_sme_ipo_drhp_pipeline|capacity_expansion_tailwind|workforce_scaling_signal,drhp_companies_specified_format.csv+final_merged_dsir_promoters.csv,,See DRHP ‘Industry / Business overview’ section.,iso_certification_mention|bse_sme_ipo_drhp_pipeline|capacity_expansion_tailwind|workforce_scaling_signal|capacity_expansion|iso_certification_mentioned|digital|hiring_channel_mention,0,not_classified_manufacturer,0,weak_location_signal,1,cert_or_patent_evidence,0,no_promoter_extract,1,sector_or_macro_tailwind_tags,1,growth_or_ipo_signal_in_text,3,50,55.0,2,0,0,0,0,0,0,rules_only_no_llm_balance,0.0,0.0,5.0,0.0,5.0,5.0,55.0,0.0,rules_only,duplicate_dedupe|basis:website_host,Nanta Tech Limited,website_host
Emmforce Autotech Limited,"2. Plot No.3&5 EPIP Phase- I, Jharmajri, Baddi Distt",unspecified_see_drhp,www.beelinemb.com; www.emmforce.com; www.linkintime.co.in,Extract from restated financials in DRHP (pattern not matched).,no_structured_differentiation_tag,DRHP: Ms. Parul Gupta; Mr. Ashok Mehta Place; Mr. Nikhil Shah SEBI Registration No; Mr. Ashok Mehta; Mrs. Neetu Mehta; Mr. Azeez Mehta. For; Mr. Azeez Mehta. E. PRE-ISSUE SHAREHOLDING OF; Mr. Azeez Mehta; Ms. Navya Mehta; Mr. Narinder Krishan Miglani,No explicit expansion/hiring/certification keywords in sampled pages — check MD&A / risk factors in full DRHP.,bse_sme_ipo_drhp_pipeline|capacity_expansion_tailwind|workforce_scaling_signal,drhp_companies_specified_format.csv+final_merged_dsir_promoters.csv,,See DRHP ‘Industry / Business overview’ section.,no_structured_differentiation_tag|bse_sme_ipo_drhp_pipeline|capacity_expansion_tailwind|workforce_scaling_signal|no_explicit_expansion|hiring|certification_keywords_in_sampled_pages_—_check_md&a|risk_factors_in_full_drhp,0,not_classified_manufacturer,0,weak_location_signal,0,no_differentiation_evidence,1,named_individuals_in_promoter_field,1,sector_or_macro_tailwind_tags,1,growth_or_ipo_signal_in_text,3,50,50.0,2,0,0,0,0,0,0,rules_only_no_llm_balance,0.0,0.0,0.0,5.0,5.0,5.0,50.0,0.0,rules_only,duplicate_dedupe|basis:website_host,SK International Export Limited,website_host
EP Biocomposites Limited,Little or no extractable text (likely scanned PDF — needs OCR).,unknown,,unknown,no_structured_differentiation_tag,Promoter names not machine-extracted from sampled DRHP pages; verify in IPO prospectus or LinkedIn.,Not assessed (no machine-readable text).,bse_sme_ipo_drhp_pipeline,drhp_companies_specified_format.csv+final_merged_dsir_promoters.csv,,,no_structured_differentiation_tag|bse_sme_ipo_drhp_pipeline|not_assessed_(no_machine-readable_text),0,not_classified_manufacturer,0,weak_location_signal,0,no_differentiation_evidence,0,no_promoter_extract,1,sector_or_macro_tailwind_tags,0,weak_growth_signal,1,17,15.0,2,0,0,0,0,0,0,rules_only_no_llm_balance,0.0,0.0,0.0,0.0,5.0,0.0,15.0,0.0,rules_only,no_website_url,,
EPW India Ltd,Delhi NCR,Manufacturing / Industrial,epwindia.com,₹30–60 Cr,no_structured_differentiation_tag,,IPO filed Sep 2025,make_in_india_manufacturing|capital_markets_ipo_activity,data_with_dsir_recognition.csv,,Specialty Manufacturing (Publishing/Media),no_structured_differentiation_tag|make_in_india_manufacturing|capital_markets_ipo_activity|ipo_filed_sep_2025,1,manufacturer_or_industrial_segment,1,india_location_signal,0,no_differentiation_evidence,0,no_promoter_extract,1,sector_or_macro_tailwind_tags,1,growth_or_ipo_signal_in_text,4,67,65.0,1,0,0,0,0,0,0,rules_only_no_llm_balance,5.0,5.0,0.0,0.0,5.0,5.0,65.0,0.0,rules_only,duplicate_dedupe|basis:website_host,EPW India Ltd,website_host
EPW India Ltd,Delhi NCR,Manufacturing / Industrial,epwindia.com,₹30–60 Cr,no_structured_differentiation_tag,,IPO filed Sep 2025,make_in_india_manufacturing|capital_markets_ipo_activity,data_with_dsir_recognition.csv,,Specialty Manufacturing (Publishing/Media),no_structured_differentiation_tag|make_in_india_manufacturing|capital_markets_ipo_activity|ipo_filed_sep_2025,1,manufacturer_or_industrial_segment,1,india_location_signal,0,no_differentiation_evidence,0,no_promoter_extract,1,sector_or_macro_tailwind_tags,1,growth_or_ipo_signal_in_text,4,67,65.0,1,0,0,0,0,0,0,rules_only_no_llm_balance,5.0,5.0,0.0,0.0,5.0,5.0,65.0,0.0,rules_only,duplicate_dedupe|basis:website_host,EPW India Ltd,website_host
EPW India Ltd,Delhi NCR,Manufacturing / Industrial,epwindia.com,₹30–60 Cr,no_structured_differentiation_tag,,IPO filed Sep 2025,make_in_india_manufacturing|capital_markets_ipo_activity,data_with_dsir_recognition.csv,,Specialty Manufacturing (Publishing/Media),no_structured_differentiation_tag|make_in_india_manufacturing|capital_markets_ipo_activity|ipo_filed_sep_2025,1,manufacturer_or_industrial_segment,1,india_location_signal,0,no_differentiation_evidence,0,no_promoter_extract,1,sector_or_macro_tailwind_tags,1,growth_or_ipo_signal_in_text,4,67,65.0,1,0,0,0,0,0,0,rules_only_no_llm_balance,5.0,5.0,0.0,0.0,5.0,5.0,65.0,0.0,rules_only,duplicate_dedupe|basis:website_host,EPW India Ltd,website_host
Essex Marine Limited,TELEPHONE CORPORATE OFFICE TELEPHONE CONTACT PERSON,unspecified_see_drhp,www.essexmpl.com; www.kslindia.com; www.skylinerta.com,Extract from restated financials in DRHP (pattern not matched).,no_structured_differentiation_tag,Promoter names not machine-extracted from sampled DRHP pages; verify in IPO prospectus or LinkedIn.,No explicit expansion/hiring/certification keywords in sampled pages — check MD&A / risk factors in full DRHP.,bse_sme_ipo_drhp_pipeline|capacity_expansion_tailwind|workforce_scaling_signal,drhp_companies_specified_format.csv+final_merged_dsir_promoters.csv,,See DRHP ‘Industry / Business overview’ section.,no_structured_differentiation_tag|bse_sme_ipo_drhp_pipeline|capacity_expansion_tailwind|workforce_scaling_signal|no_explicit_expansion|hiring|certification_keywords_in_sampled_pages_—_check_md&a|risk_factors_in_full_drhp,0,not_classified_manufacturer,0,weak_location_signal,0,no_differentiation_evidence,0,no_promoter_extract,1,sector_or_macro_tailwind_tags,1,growth_or_ipo_signal_in_text,2,33,35.0,2,0,0,0,0,0,0,rules_only_no_llm_balance,0.0,0.0,0.0,0.0,5.0,5.0,35.0,0.0,rules_only,duplicate_dedupe|basis:website_host,SJP ULTRASONICS LIMITED,website_host
Euphoria Infotech (India) Limited,Little or no extractable text (likely scanned PDF — needs OCR).,unknown,,unknown,no_structured_differentiation_tag,DRHP: Mr. Shamba Bhanja,Not assessed (no machine-readable text).,bse_sme_ipo_drhp_pipeline,drhp_companies_specified_format.csv+final_merged_dsir_promoters.csv,,,no_structured_differentiation_tag|bse_sme_ipo_drhp_pipeline|not_assessed_(no_machine-readable_text),0,not_classified_manufacturer,0,weak_location_signal,0,no_differentiation_evidence,1,named_individuals_in_promoter_field,1,sector_or_macro_tailwind_tags,0,weak_growth_signal,2,33,30.0,2,0,0,0,0,0,0,rules_only_no_llm_balance,0.0,0.0,0.0,5.0,5.0,0.0,30.0,0.0,rules_only,no_website_url,,
EUREKA CONVEYOR BELTINGS LIMITED,Little or no extractable text (likely scanned PDF — needs OCR).,unknown,,unknown,no_structured_differentiation_tag,DRHP: Ms. Prerna Jain; Mr. Raj Kumar Khubchandani; Mr. Bharat Kumar Khubchandani; Mr. Sumit Khubchandani; Mr. Nitin Khubchandani; Mr. Puneet Khubchandani; Mrs. Bhakti Khubchandani. For; Mr. Govind Ram Mittal. ISSUE RELATED TERMS,Not assessed (no machine-readable text).,bse_sme_ipo_drhp_pipeline,drhp_companies_specified_format.csv+final_merged_dsir_promoters.csv,,,no_structured_differentiation_tag|bse_sme_ipo_drhp_pipeline|not_assessed_(no_machine-readable_text),0,not_classified_manufacturer,0,weak_location_signal,0,no_differentiation_evidence,1,named_individuals_in_promoter_field,1,sector_or_macro_tailwind_tags,0,weak_growth_signal,2,33,30.0,2,0,0,0,0,0,0,rules_only_no_llm_balance,0.0,0.0,0.0,5.0,5.0,0.0,30.0,0.0,rules_only,no_website_url,,
Evans Electric Limited,Little or no extractable text (likely scanned PDF — needs OCR).,unknown,,unknown,no_structured_differentiation_tag,DRHP: Mr. Deepak YPatil; Mr. Ivor Anthony Desouza THE ISSUE INITIAL; Mr. Ivor Anthony Desouza. For,Not assessed (no machine-readable text).,bse_sme_ipo_drhp_pipeline,drhp_companies_specified_format.csv+final_merged_dsir_promoters.csv,,,no_structured_differentiation_tag|bse_sme_ipo_drhp_pipeline|not_assessed_(no_machine-readable_text),0,not_classified_manufacturer,0,weak_location_signal,0,no_differentiation_evidence,1,named_individuals_in_promoter_field,1,sector_or_macro_tailwind_tags,0,weak_growth_signal,2,33,30.0,2,0,0,0,0,0,0,rules_only_no_llm_balance,0.0,0.0,0.0,5.0,5.0,0.0,30.0,0.0,rules_only,no_website_url,,
EverestIMS Technologies Limited,"“U72900KA2017PLC102256”. For details of Incorporation, change of name and registered office of our company, please refer to c hapter titled “",unspecified_see_drhp,https://everestims.com/; www.maashitla.com; www.oneviewadvisors.com,₹25–100 Cr (approx from lakhs),no_structured_differentiation_tag,Mr. Sudhakar Aruchamy,subsidiary / group structure,bse_sme_ipo_drhp_pipeline,drhp_companies_specified_format.csv,U72900KA2017PLC102256,See DRHP ‘Industry / Business overview’ section.,no_structured_differentiation_tag|bse_sme_ipo_drhp_pipeline|subsidiary|group_structure,0,not_classified_manufacturer,0,weak_location_signal,0,no_differentiation_evidence,1,named_individuals_in_promoter_field,1,sector_or_macro_tailwind_tags,0,weak_growth_signal,2,33,30.0,1,0,0,0,0,0,0,rules_only_no_llm_balance,0.0,0.0,0.0,5.0,5.0,0.0,30.0,0.0,rules_only,duplicate_dedupe|basis:website_host,Qualitek Labs Limited,website_host
EverestIMS Technologies Limited,"No.759, Sree Gururaya Mansion, South Wing 8th Main, J.P.Nagar, III Phase, Bangalore, Karnataka, India, 560078 Ms. Vijayalaxmi Sangayya Salimath Company Secretary and Compliance Officer Email: cs@everestims.com Tel No: 080 - 46567100",unspecified_see_drhp,https://everestims.com/,Extract from restated financials in DRHP (pattern not matched).,no_structured_differentiation_tag,Mr. Sudhakar Aruchamy,subsidiary / group structure,bse_sme_ipo_drhp_pipeline,drhp_companies_specified_format.csv+final_merged_dsir_promoters.csv,,See DRHP ‘Industry / Business overview’ section.,no_structured_differentiation_tag|bse_sme_ipo_drhp_pipeline|subsidiary|group_structure,0,not_classified_manufacturer,1,india_location_signal,0,no_differentiation_evidence,1,named_individuals_in_promoter_field,1,sector_or_macro_tailwind_tags,0,weak_growth_signal,3,50,40.0,2,0,0,0,0,0,0,rules_only_no_llm_balance,0.0,5.0,0.0,5.0,5.0,0.0,40.0,0.0,rules_only,duplicate_dedupe|basis:website_host,Qualitek Labs Limited,website_host
EVOQ REMEDIES LIMITED,Little or no extractable text (likely scanned PDF — needs OCR).,unknown,,unknown,no_structured_differentiation_tag,DRHP: Mr. Bhumishth Narendrabhai Patel Chairman; Mr. Mohit R. Goyal Email; Mr. Swapnil Kate Email; Mr. Tej Bharatkumar Hanj PROMOTERS OF; Mr. Bhumishth Narendrabhai Patel; Mrs. Payal Bhumishth Patel; Mr. Yogesh Rajput. Company Secretary; Mr. Tej Bharatkumar Hanj. Depositories Act; Mr. Bhumishth Patel,Not assessed (no machine-readable text).,bse_sme_ipo_drhp_pipeline,drhp_companies_specified_format.csv+final_merged_dsir_promoters.csv,,,no_structured_differentiation_tag|bse_sme_ipo_drhp_pipeline|not_assessed_(no_machine-readable_text),0,not_classified_manufacturer,0,weak_location_signal,0,no_differentiation_evidence,1,named_individuals_in_promoter_field,1,sector_or_macro_tailwind_tags,0,weak_growth_signal,2,33,30.0,2,0,0,0,0,0,0,rules_only_no_llm_balance,0.0,0.0,0.0,5.0,5.0,0.0,30.0,0.0,rules_only,no_website_url,,
Exhicon Events Media Solutions Limited,Little or no extractable text (likely scanned PDF — needs OCR).,unknown,,unknown,no_structured_differentiation_tag,DRHP: Mr. Abhishek Jain Company Secretary; Mr. Anand Srivastava Email; Mr. Abhishek Jain; Mr. Mohammad Quaim Syed; Ms. Padma Mishra THE ISSUE INITIAL PUBLIC; Ms. Padma Mishra; Ms. Padma Mishra For,Not assessed (no machine-readable text).,bse_sme_ipo_drhp_pipeline,drhp_companies_specified_format.csv+final_merged_dsir_promoters.csv,,,no_structured_differentiation_tag|bse_sme_ipo_drhp_pipeline|not_assessed_(no_machine-readable_text),0,not_classified_manufacturer,0,weak_location_signal,0,no_differentiation_evidence,1,named_individuals_in_promoter_field,1,sector_or_macro_tailwind_tags,0,weak_growth_signal,2,33,30.0,2,0,0,0,0,0,0,rules_only_no_llm_balance,0.0,0.0,0.0,5.0,5.0,0.0,30.0,0.0,rules_only,no_website_url,,
FAALCON CONCEPTS LIMITED,"We operate from our registered office situated N-75, Ground Floor, Mayfield Garden, Sector -51, Gurugram, Haryana",unspecified_see_drhp,www.beetalfinancial.com; www.faalcon.in; www.navigantcorp.com,Extract from restated financials in DRHP (pattern not matched).,no_structured_differentiation_tag,Could not download DRHP PDF/ZIP for promoter extraction.,No explicit expansion/hiring/certification keywords in sampled pages — check MD&A / risk factors in full DRHP.,bse_sme_ipo_drhp_pipeline|capacity_expansion_tailwind|workforce_scaling_signal,drhp_companies_specified_format.csv+final_merged_dsir_promoters.csv,,See DRHP ‘Industry / Business overview’ section.,no_structured_differentiation_tag|bse_sme_ipo_drhp_pipeline|capacity_expansion_tailwind|workforce_scaling_signal|no_explicit_expansion|hiring|certification_keywords_in_sampled_pages_—_check_md&a|risk_factors_in_full_drhp,0,not_classified_manufacturer,1,india_location_signal,0,no_differentiation_evidence,0,no_promoter_extract,1,sector_or_macro_tailwind_tags,1,growth_or_ipo_signal_in_text,3,50,45.0,2,0,0,0,0,0,0,rules_only_no_llm_balance,0.0,5.0,0.0,0.0,5.0,5.0,45.0,0.0,rules_only,duplicate_dedupe|basis:website_host,Yashhtej Industries (India) Limited,website_host
Fabino Life Sciences Limited,Download failed (timeout or HTTP error).,unknown,,unknown,no_structured_differentiation_tag,Could not download DRHP PDF/ZIP for promoter extraction.,,bse_sme_ipo_drhp_pipeline,drhp_companies_specified_format.csv+final_merged_dsir_promoters.csv,,,no_structured_differentiation_tag|bse_sme_ipo_drhp_pipeline,0,not_classified_manufacturer,0,weak_location_signal,0,no_differentiation_evidence,0,no_promoter_extract,1,sector_or_macro_tailwind_tags,0,weak_growth_signal,1,17,15.0,2,0,0,0,0,0,0,rules_only_no_llm_balance,0.0,0.0,0.0,0.0,5.0,0.0,15.0,0.0,rules_only,no_website_url,,
Fabtech Technologies Cleanrooms Limited,of our company is U74999MH2015PLC265137,unspecified_see_drhp,www.fabtechcleanroom.com; www.maashitla.com; www.vivro.net,₹100+ Cr (approx from lakhs),no_structured_differentiation_tag,Promoter names not machine-extracted from sampled DRHP pages; verify in IPO prospectus or LinkedIn.,No explicit expansion/hiring/certification keywords in sampled pages — check MD&A / risk factors in full DRHP.,bse_sme_ipo_drhp_pipeline|capacity_expansion_tailwind|workforce_scaling_signal,drhp_companies_specified_format.csv+final_merged_dsir_promoters.csv,U74999MH2015PLC265137,See DRHP ‘Industry / Business overview’ section.,no_structured_differentiation_tag|bse_sme_ipo_drhp_pipeline|capacity_expansion_tailwind|workforce_scaling_signal|no_explicit_expansion|hiring|certification_keywords_in_sampled_pages_—_check_md&a|risk_factors_in_full_drhp,0,not_classified_manufacturer,0,weak_location_signal,0,no_differentiation_evidence,0,no_promoter_extract,1,sector_or_macro_tailwind_tags,1,growth_or_ipo_signal_in_text,2,33,35.0,2,0,0,0,0,0,0,rules_only_no_llm_balance,0.0,0.0,0.0,0.0,5.0,5.0,35.0,0.0,rules_only,duplicate_dedupe|basis:website_host,Justo Realfintech Limited,website_host
Farm Peace Limited,Download failed (timeout or HTTP error).,unknown,,unknown,no_structured_differentiation_tag,DRHP: SANDIPKUMAR NARSINHBHAI PATEL; SUDHIR HARIBHAI PATEL; GIRISHBHAI; GIRISHBHAI FALJIBHAI PATEL,,bse_sme_ipo_drhp_pipeline,drhp_companies_specified_format.csv+final_merged_dsir_promoters.csv,,,no_structured_differentiation_tag|bse_sme_ipo_drhp_pipeline,0,not_classified_manufacturer,0,weak_location_signal,0,no_differentiation_evidence,1,rich_drhp_promoter_blob,1,sector_or_macro_tailwind_tags,0,weak_growth_signal,2,33,30.0,2,0,0,0,0,0,0,rules_only_no_llm_balance,0.0,0.0,0.0,5.0,5.0,0.0,30.0,0.0,rules_only,no_website_url,,
FCML Distributors Limited,"OFFICE CONTACT PERSON TELEPHONE AND EMAIL WEBSITE A-217 Okhla Industrial Area Phase I, New Delhi- 110020, India",unspecified_see_drhp,www.fcmlindia.com,Extract from restated financials in DRHP (pattern not matched).,no_structured_differentiation_tag,Promoter names not machine-extracted from sampled DRHP pages; verify in IPO prospectus or LinkedIn.,No explicit expansion/hiring/certification keywords in sampled pages — check MD&A / risk factors in full DRHP.,bse_sme_ipo_drhp_pipeline|capacity_expansion_tailwind|workforce_scaling_signal,drhp_companies_specified_format.csv+final_merged_dsir_promoters.csv,,See DRHP ‘Industry / Business overview’ section.,no_structured_differentiation_tag|bse_sme_ipo_drhp_pipeline|capacity_expansion_tailwind|workforce_scaling_signal|no_explicit_expansion|hiring|certification_keywords_in_sampled_pages_—_check_md&a|risk_factors_in_full_drhp,0,not_classified_manufacturer,1,india_location_signal,0,no_differentiation_evidence,0,no_promoter_extract,1,sector_or_macro_tailwind_tags,1,growth_or_ipo_signal_in_text,3,50,45.0,2,0,0,0,0,0,0,rules_only_no_llm_balance,0.0,5.0,0.0,0.0,5.0,5.0,45.0,0.0,rules_only,trading_import_export_name_keyword,,
Fine Refiners Limited,LOCATED),unspecified_see_drhp,https://in.mpms.mufg.com/; www.finerefiners.com; www.fintellectualadvisors.com,₹25–100 Cr (approx from lakhs),no_structured_differentiation_tag,DRHP PDF could not be downloaded.,No explicit expansion/hiring/certification keywords in sampled pages — check MD&A / risk factors in full DRHP.,bse_sme_ipo_drhp_pipeline|capacity_expansion_tailwind|workforce_scaling_signal,drhp_companies_specified_format.csv+final_merged_dsir_promoters.csv,,See DRHP ‘Industry / Business overview’ section.,no_structured_differentiation_tag|bse_sme_ipo_drhp_pipeline|capacity_expansion_tailwind|workforce_scaling_signal|no_explicit_expansion|hiring|certification_keywords_in_sampled_pages_—_check_md&a|risk_factors_in_full_drhp,0,not_classified_manufacturer,0,weak_location_signal,0,no_differentiation_evidence,0,no_promoter_extract,1,sector_or_macro_tailwind_tags,1,growth_or_ipo_signal_in_text,2,33,35.0,2,0,0,0,0,0,0,rules_only_no_llm_balance,0.0,0.0,0.0,0.0,5.0,5.0,35.0,0.0,rules_only,duplicate_dedupe|basis:website_host,R. P. Multimetals Limited,website_host
FINELISTINGS TECHNOLOGIES LIMITED,"G-07, Ground Floor, Ambience Mall, Nelson Mandela Road, Vasant Kunj, South West Delhi, New Delhi - 110070, India.",unspecified_see_drhp,https://www.finecars.co.in/; www.fedsec.in; www.skylinerta.com,Extract from restated financials in DRHP (pattern not matched).,no_structured_differentiation_tag,DRHP: ANEESH MATHUR AND ARJUN SINGH RAJPUT,No explicit expansion/hiring/certification keywords in sampled pages — check MD&A / risk factors in full DRHP.,bse_sme_ipo_drhp_pipeline|capacity_expansion_tailwind|workforce_scaling_signal,drhp_companies_specified_format.csv+final_merged_dsir_promoters.csv,,See DRHP ‘Industry / Business overview’ section.,no_structured_differentiation_tag|bse_sme_ipo_drhp_pipeline|capacity_expansion_tailwind|workforce_scaling_signal|no_explicit_expansion|hiring|certification_keywords_in_sampled_pages_—_check_md&a|risk_factors_in_full_drhp,0,not_classified_manufacturer,1,india_location_signal,0,no_differentiation_evidence,1,rich_drhp_promoter_blob,1,sector_or_macro_tailwind_tags,1,growth_or_ipo_signal_in_text,4,67,60.0,2,0,0,0,0,0,0,rules_only_no_llm_balance,0.0,5.0,0.0,5.0,5.0,5.0,60.0,0.0,rules_only,duplicate_dedupe|basis:website_host,Shine Fashions (India) Limited,website_host
Fly-Hi Maritime Travels Limited,Our Company” on page no 166:,unspecified_see_drhp,www.corporatemakers.in; www.kfintech.com,₹1 Cr (stated),no_structured_differentiation_tag,DRHP: unable or unwilling to continue in their present position; we may not be able to replace them; Mr. Satish Kumar Gupta SEBI Registration No,No explicit expansion/hiring/certification keywords in sampled pages — check MD&A / risk factors in full DRHP.,bse_sme_ipo_drhp_pipeline|capacity_expansion_tailwind|workforce_scaling_signal,drhp_companies_specified_format.csv+final_merged_dsir_promoters.csv,,See DRHP ‘Industry / Business overview’ section.,no_structured_differentiation_tag|bse_sme_ipo_drhp_pipeline|capacity_expansion_tailwind|workforce_scaling_signal|no_explicit_expansion|hiring|certification_keywords_in_sampled_pages_—_check_md&a|risk_factors_in_full_drhp,0,not_classified_manufacturer,0,weak_location_signal,0,no_differentiation_evidence,1,named_individuals_in_promoter_field,1,sector_or_macro_tailwind_tags,1,growth_or_ipo_signal_in_text,3,50,50.0,2,0,0,0,0,0,0,rules_only_no_llm_balance,0.0,0.0,0.0,5.0,5.0,5.0,50.0,0.0,rules_only,website_only_ancillary_domains,,
Focus Business Solution Limited,Little or no extractable text (likely scanned PDF — needs OCR).,unknown,,unknown,no_structured_differentiation_tag,DRHP: Ms. Radha Rameshbhai Gohil; Mr. Vikas Chhangani PURVA SHAREGISTRY; Mr. Rajesh Shah; Ms. Purva Shah; Ms. Deepali Dhuri ISSUE PROGRAMME ISSUE OPENS; Mr. Mohamedyaseen Muhammadbhai Nathani; Mr. Mohamedamin Mohammad Nathani Promoters Group Companies; Mr. Mohammed Ilyas Shaikh. Companies Act; Ms. Radha Rameshbhai Gohil. Depositories Act; Mr. Mohamedamin Mohammad Nathani. For,Not assessed (no machine-readable text).,bse_sme_ipo_drhp_pipeline,drhp_companies_specified_format.csv+final_merged_dsir_promoters.csv,,,no_structured_differentiation_tag|bse_sme_ipo_drhp_pipeline|not_assessed_(no_machine-readable_text),0,not_classified_manufacturer,0,weak_location_signal,0,no_differentiation_evidence,1,named_individuals_in_promoter_field,1,sector_or_macro_tailwind_tags,0,weak_growth_signal,2,33,30.0,2,0,0,0,0,0,0,rules_only_no_llm_balance,0.0,0.0,0.0,5.0,5.0,0.0,30.0,0.0,rules_only,no_website_url,,
Fone4 Communications (India) Limited,Little or no extractable text (likely scanned PDF — needs OCR).,unknown,,unknown,no_structured_differentiation_tag,DRHP: Ms. Nisha Shaw; Mr. S. Ramakrishna; Mr. S. Ramakrishna Iyengar Telephone; Mr. R.D. Ramasamy; Mr. Sayyed Hamid; Mrs. Roudha Zerlina; Mr. Sayyed Haris Sayyed Imbichi,Not assessed (no machine-readable text).,bse_sme_ipo_drhp_pipeline,drhp_companies_specified_format.csv+final_merged_dsir_promoters.csv,,,no_structured_differentiation_tag|bse_sme_ipo_drhp_pipeline|not_assessed_(no_machine-readable_text),0,not_classified_manufacturer,0,weak_location_signal,0,no_differentiation_evidence,1,named_individuals_in_promoter_field,1,sector_or_macro_tailwind_tags,0,weak_growth_signal,2,33,30.0,2,0,0,0,0,0,0,rules_only_no_llm_balance,0.0,0.0,0.0,5.0,5.0,0.0,30.0,0.0,rules_only,no_website_url,,
FourFront Limited,OPENING DATE AND SHALL BE MADE AVAILABLE TO THE BSE LIMITED “BSE”) FOR THE PURPOSE OF UPLOADING ON THEIR WEBSITE. FOR FURTHER DETAILS KINDLY REFER TO,unspecified_see_drhp,www.beelinemb.com; www.fourfront.in; www.in.mpms.mufg.com,Extract from restated financials in DRHP (pattern not matched).,no_structured_differentiation_tag,Promoter names not machine-extracted from sampled DRHP pages; verify in IPO prospectus or LinkedIn.,subsidiary / group structure,bse_sme_ipo_drhp_pipeline,drhp_companies_specified_format.csv+final_merged_dsir_promoters.csv,,See DRHP ‘Industry / Business overview’ section.,no_structured_differentiation_tag|bse_sme_ipo_drhp_pipeline|subsidiary|group_structure,0,not_classified_manufacturer,0,weak_location_signal,0,no_differentiation_evidence,0,no_promoter_extract,1,sector_or_macro_tailwind_tags,0,weak_growth_signal,1,17,15.0,2,0,0,0,0,0,0,rules_only_no_llm_balance,0.0,0.0,0.0,0.0,5.0,0.0,15.0,0.0,rules_only,duplicate_dedupe|basis:website_host,SK International Export Limited,website_host
FX Multitech Limited,"WITH WIDE CIRCULATION, AT LEAST TWO WORKING DAYS PRIOR TO THE BID/OFFER OPENING DATE AND SHALL BE MADE AVAILABLE TO SME PLATFORM OF BSE (“BSE SME ”), FOR THE PURPOSE OF UPLOADING ON THEIR RESPECTIVE WEBSITE IN ACCORDANCE WITH THE SEBI ICDR REGULATIONS, AS AMENDED.",unspecified_see_drhp,https://www.fxmultitech.com; www.in.mpms.mufg.com; www.oneviewadvisors.com,₹100+ Cr (approx from lakhs),no_structured_differentiation_tag,DRHP PDF could not be downloaded.,subsidiary / group structure,bse_sme_ipo_drhp_pipeline,drhp_companies_specified_format.csv+final_merged_dsir_promoters.csv,,See DRHP ‘Industry / Business overview’ section.,no_structured_differentiation_tag|bse_sme_ipo_drhp_pipeline|subsidiary|group_structure,0,not_classified_manufacturer,0,weak_location_signal,0,no_differentiation_evidence,0,no_promoter_extract,1,sector_or_macro_tailwind_tags,0,weak_growth_signal,1,17,15.0,3,0,0,0,0,0,0,rules_only_no_llm_balance,0.0,0.0,0.0,0.0,5.0,0.0,15.0,0.0,rules_only,duplicate_dedupe|basis:website_host,Qualitek Labs Limited,website_host
G M Polyplast Limited,Little or no extractable text (likely scanned PDF — needs OCR).,unknown,,unknown,no_structured_differentiation_tag,DRHP: Ms. Dimple Amrit Parmar; Mr. Dinesh Balbirsingh Sharma; Ms. Sarita Dinesh Sharma; Ms. Sarita Dinesh Sharma Stakeholders,Not assessed (no machine-readable text).,bse_sme_ipo_drhp_pipeline,drhp_companies_specified_format.csv+final_merged_dsir_promoters.csv,,,no_structured_differentiation_tag|bse_sme_ipo_drhp_pipeline|not_assessed_(no_machine-readable_text),0,not_classified_manufacturer,0,weak_location_signal,0,no_differentiation_evidence,1,named_individuals_in_promoter_field,1,sector_or_macro_tailwind_tags,0,weak_growth_signal,2,33,30.0,2,0,0,0,0,0,0,rules_only_no_llm_balance,0.0,0.0,0.0,5.0,5.0,0.0,30.0,0.0,rules_only,no_website_url,,
G. K. P. Printing & Packaging Limited,Little or no extractable text (likely scanned PDF — needs OCR).,unknown,,unknown,no_structured_differentiation_tag,DRHP: Mr. Keval Harshad Goradia Nomination; Mr. Keval Harshad Goradia; Mrs. Payal Keval Goradia Promoter Group Persons,Not assessed (no machine-readable text).,bse_sme_ipo_drhp_pipeline,drhp_companies_specified_format.csv+final_merged_dsir_promoters.csv,,,no_structured_differentiation_tag|bse_sme_ipo_drhp_pipeline|not_assessed_(no_machine-readable_text),0,not_classified_manufacturer,0,weak_location_signal,0,no_differentiation_evidence,1,named_individuals_in_promoter_field,1,sector_or_macro_tailwind_tags,0,weak_growth_signal,2,33,30.0,2,0,0,0,0,0,0,rules_only_no_llm_balance,0.0,0.0,0.0,5.0,5.0,0.0,30.0,0.0,rules_only,no_website_url,,
GABION TECHNOLOGIES INDIA LIMITED,"Mumbai, Maharashtra to New Delhi and fresh certificate of incorporation was obtained from ROC, Delhi vide",unspecified_see_drhp,www.gyrcapitaladvisors.com; www.kfintech.com,Extract from restated financials in DRHP (pattern not matched).,no_structured_differentiation_tag,DRHP: Ms. Puja Aggarwal; Ms. Puja Aggarwal Company Secretary; Mr. Mohit Baid SEBI Registration Number; engaged in a similar line of business,capex / capital expenditure; hiring / recruitment; subsidiary / group structure,bse_sme_ipo_drhp_pipeline|capacity_expansion_tailwind|workforce_scaling_signal,drhp_companies_specified_format.csv+final_merged_dsir_promoters.csv,,See DRHP ‘Industry / Business overview’ section.,no_structured_differentiation_tag|bse_sme_ipo_drhp_pipeline|capacity_expansion_tailwind|workforce_scaling_signal|capex|capital_expenditure|hiring|recruitment|subsidiary|group_structure,0,not_classified_manufacturer,1,india_location_signal,0,no_differentiation_evidence,1,named_individuals_in_promoter_field,1,sector_or_macro_tailwind_tags,1,growth_or_ipo_signal_in_text,4,67,60.0,2,0,0,0,0,0,0,rules_only_no_llm_balance,0.0,5.0,0.0,5.0,5.0,5.0,60.0,0.0,rules_only,website_only_ancillary_domains,,
Gabriel Pet Straps Limited,Little or no extractable text (likely scanned PDF — needs OCR).,unknown,,unknown,no_structured_differentiation_tag,DRHP: Ms. Gandecha Khyati Hareshbhai; Ms. Tanya Goyal E-mail; Ms. Gandecha Khyati Hareshbhai. Corporate Identification Number; Mr. Shah Jay Paresbhai MOA; Mr. Shah Jay Pareshbhai; Mr. Varasada Vimal Dayabhai; Mr. Kavathiya Vivek Dharmendrabhai. Promoter Group Such; Mr. Kavathiya Vivek Dharmendrabhai. KEY PERFORMANCE INDICATORS,Not assessed (no machine-readable text).,bse_sme_ipo_drhp_pipeline,drhp_companies_specified_format.csv+final_merged_dsir_promoters.csv,,,no_structured_differentiation_tag|bse_sme_ipo_drhp_pipeline|not_assessed_(no_machine-readable_text),0,not_classified_manufacturer,0,weak_location_signal,0,no_differentiation_evidence,1,named_individuals_in_promoter_field,1,sector_or_macro_tailwind_tags,0,weak_growth_signal,2,33,30.0,2,0,0,0,0,0,0,rules_only_no_llm_balance,0.0,0.0,0.0,5.0,5.0,0.0,30.0,0.0,rules_only,no_website_url,,
Galactico Corporate Services Limited,Little or no extractable text (likely scanned PDF — needs OCR).,unknown,,unknown,no_structured_differentiation_tag,DRHP: Ms. Harshika Thakkar; Mr. Vipul Lathi THE OFFER PUBLIC OFFER; Mr. Vipul Lathi Promoter Group Such; Mr. Vishal Sancheti. CIN; Ms. Harshika Thakkar. Director; Mr. Vipul Lathi. MOA; Mr. Vipul Lathi Stakeholders,Not assessed (no machine-readable text).,bse_sme_ipo_drhp_pipeline,drhp_companies_specified_format.csv+final_merged_dsir_promoters.csv,,,no_structured_differentiation_tag|bse_sme_ipo_drhp_pipeline|not_assessed_(no_machine-readable_text),0,not_classified_manufacturer,0,weak_location_signal,0,no_differentiation_evidence,1,named_individuals_in_promoter_field,1,sector_or_macro_tailwind_tags,0,weak_growth_signal,2,33,30.0,2,0,0,0,0,0,0,rules_only_no_llm_balance,0.0,0.0,0.0,5.0,5.0,0.0,30.0,0.0,rules_only,no_website_url,,
GAME CHANGERS TEXFAB LIMITED,Working Days from the date of the Red Herring Prospectus until the Issue Closing Date.,unspecified_see_drhp,www.corpwis.com; www.skylinerta.com; www.tradeuno.com,Extract from restated financials in DRHP (pattern not matched).,no_structured_differentiation_tag,DRHP: Mr. Nikunj Gupta; Mrs. Santhanam Subhashini; Mr. Vijay Rajagopalan. Accordingly; Mr. Sanjeev Goel; Mr. Ankur Aggarwal; Mr. Sanjeev Goel. Mr. Ankur Agarwal; Mr. Ved Parkash Goel,No explicit expansion/hiring/certification keywords in sampled pages — check MD&A / risk factors in full DRHP.,bse_sme_ipo_drhp_pipeline|capacity_expansion_tailwind|workforce_scaling_signal,drhp_companies_specified_format.csv+final_merged_dsir_promoters.csv,,See DRHP ‘Industry / Business overview’ section.,no_structured_differentiation_tag|bse_sme_ipo_drhp_pipeline|capacity_expansion_tailwind|workforce_scaling_signal|no_explicit_expansion|hiring|certification_keywords_in_sampled_pages_—_check_md&a|risk_factors_in_full_drhp,0,not_classified_manufacturer,0,weak_location_signal,0,no_differentiation_evidence,1,named_individuals_in_promoter_field,1,sector_or_macro_tailwind_tags,1,growth_or_ipo_signal_in_text,3,50,50.0,3,0,0,0,0,0,0,rules_only_no_llm_balance,0.0,0.0,0.0,5.0,5.0,5.0,50.0,0.0,rules_only,duplicate_dedupe|basis:website_host,KASLIWAL PROJECTS LIMITED,website_host
Gconnect Logitech and Supply chain Limited,Little or no extractable text (likely scanned PDF — needs OCR).,unknown,,unknown,no_structured_differentiation_tag,DRHP: Mr. Jigar Vinodbhai Sheth June; Mr. Vinod Venilal Sheth June,Not assessed (no machine-readable text).,bse_sme_ipo_drhp_pipeline,drhp_companies_specified_format.csv+final_merged_dsir_promoters.csv,,,no_structured_differentiation_tag|bse_sme_ipo_drhp_pipeline|not_assessed_(no_machine-readable_text),0,not_classified_manufacturer,0,weak_location_signal,0,no_differentiation_evidence,1,named_individuals_in_promoter_field,1,sector_or_macro_tailwind_tags,0,weak_growth_signal,2,33,30.0,2,0,0,0,0,0,0,rules_only_no_llm_balance,0.0,0.0,0.0,5.0,5.0,0.0,30.0,0.0,rules_only,no_website_url,,
GEM Enviro Management Limited,Little or no extractable text (likely scanned PDF — needs OCR).,unknown,,unknown,no_structured_differentiation_tag,DRHP: Mr. Vijay Kumar Sharma OUR; Mr. Kunal Bansal Email Id; Mr. Amit Puri; Mr. Pramod Negi E-mail; Mr. Anuj Rana Email Id; Mr. Siddharth Jadhav Website,Not assessed (no machine-readable text).,bse_sme_ipo_drhp_pipeline,drhp_companies_specified_format.csv+final_merged_dsir_promoters.csv,,,no_structured_differentiation_tag|bse_sme_ipo_drhp_pipeline|not_assessed_(no_machine-readable_text),0,not_classified_manufacturer,0,weak_location_signal,0,no_differentiation_evidence,1,named_individuals_in_promoter_field,1,sector_or_macro_tailwind_tags,0,weak_growth_signal,2,33,30.0,2,0,0,0,0,0,0,rules_only_no_llm_balance,0.0,0.0,0.0,5.0,5.0,0.0,30.0,0.0,rules_only,no_website_url,,
Gensol Engineering Limited,Little or no extractable text (likely scanned PDF — needs OCR).,unknown,,unknown,no_structured_differentiation_tag,Promoter names not machine-extracted from sampled DRHP pages; verify in IPO prospectus or LinkedIn.,Not assessed (no machine-readable text).,bse_sme_ipo_drhp_pipeline,drhp_companies_specified_format.csv+final_merged_dsir_promoters.csv,,,no_structured_differentiation_tag|bse_sme_ipo_drhp_pipeline|not_assessed_(no_machine-readable_text),0,not_classified_manufacturer,0,weak_location_signal,0,no_differentiation_evidence,0,no_promoter_extract,1,sector_or_macro_tailwind_tags,0,weak_growth_signal,1,17,15.0,3,0,0,0,0,0,0,rules_only_no_llm_balance,0.0,0.0,0.0,0.0,5.0,0.0,15.0,0.0,rules_only,no_website_url,,
Getalong Enterprise Limited,Little or no extractable text (likely scanned PDF — needs OCR).,unspecified_see_drhp,www.getalongenterprise.com; www.linkintime.co.in; www.shreni.in,Extract from restated financials in DRHP (pattern not matched).,no_structured_differentiation_tag,Promoter names not machine-extracted from sampled DRHP pages; verify in IPO prospectus or LinkedIn.,Not assessed (no machine-readable text).,bse_sme_ipo_drhp_pipeline,drhp_companies_specified_format.csv+final_merged_dsir_promoters.csv,,See DRHP ‘Industry / Business overview’ section.,no_structured_differentiation_tag|bse_sme_ipo_drhp_pipeline|not_assessed_(no_machine-readable_text),0,not_classified_manufacturer,0,weak_location_signal,0,no_differentiation_evidence,0,no_promoter_extract,1,sector_or_macro_tailwind_tags,0,weak_growth_signal,1,17,15.0,3,0,0,0,0,0,0,rules_only_no_llm_balance,0.0,0.0,0.0,0.0,5.0,0.0,15.0,0.0,rules_only,duplicate_dedupe|basis:website_host,Shine Fashions (India) Limited,website_host
Gian Life Care Limited,Little or no extractable text (likely scanned PDF — needs OCR).,unknown,,unknown,no_structured_differentiation_tag,DRHP: Mr. Anil Bhargava SEBIRegn.No. INM; Mr. Arun Kumar Gupta Materiality Policy; Mr. Arun Kumar Gupta Promoter Group Includes; Mr. Arun Kumar Gupta; Mrs. Avani Gupta; Mr. Devang Agarwal; Ms. Rashika Agarwal; Mr. Manjeet Singh; Mr. Pravin Tomar; Ms. Akanksha Gupta. Issue,Not assessed (no machine-readable text).,bse_sme_ipo_drhp_pipeline,drhp_companies_specified_format.csv+final_merged_dsir_promoters.csv,,,no_structured_differentiation_tag|bse_sme_ipo_drhp_pipeline|not_assessed_(no_machine-readable_text),0,not_classified_manufacturer,0,weak_location_signal,0,no_differentiation_evidence,1,named_individuals_in_promoter_field,1,sector_or_macro_tailwind_tags,0,weak_growth_signal,2,33,30.0,2,0,0,0,0,0,0,rules_only_no_llm_balance,0.0,0.0,0.0,5.0,5.0,0.0,30.0,0.0,rules_only,no_website_url,,
Gleam Fabmat Limited,Little or no extractable text (likely scanned PDF — needs OCR).,unknown,,unknown,no_structured_differentiation_tag,DRHP: Mr. Amit Gupta; Mr. Arun Gupta; Mr. Anil Kumar Gupta THE ISSUE PUBLIC; Mr. Anil Kumar Gupta Promoter Group Such; Mr. Amit Gupta Company Secretary; Mr. Navneet Gupta Director,Not assessed (no machine-readable text).,bse_sme_ipo_drhp_pipeline,drhp_companies_specified_format.csv+final_merged_dsir_promoters.csv,,,no_structured_differentiation_tag|bse_sme_ipo_drhp_pipeline|not_assessed_(no_machine-readable_text),0,not_classified_manufacturer,0,weak_location_signal,0,no_differentiation_evidence,1,named_individuals_in_promoter_field,1,sector_or_macro_tailwind_tags,0,weak_growth_signal,2,33,30.0,2,0,0,0,0,0,0,rules_only_no_llm_balance,0.0,0.0,0.0,5.0,5.0,0.0,30.0,0.0,rules_only,no_website_url,,
Global Longlife Hospital and Research Limited,Little or no extractable text (likely scanned PDF — needs OCR).,unknown,,unknown,no_structured_differentiation_tag,DRHP: Mr. Deepak Ravidatta Sharma; Mr. Deepak Sharma. Chief Financial Officer; Ms. Hetal Thakkar Director,Not assessed (no machine-readable text).,bse_sme_ipo_drhp_pipeline,drhp_companies_specified_format.csv+final_merged_dsir_promoters.csv,,,no_structured_differentiation_tag|bse_sme_ipo_drhp_pipeline|not_assessed_(no_machine-readable_text),0,not_classified_manufacturer,0,weak_location_signal,0,no_differentiation_evidence,1,named_individuals_in_promoter_field,1,sector_or_macro_tailwind_tags,0,weak_growth_signal,2,33,30.0,2,0,0,0,0,0,0,rules_only_no_llm_balance,0.0,0.0,0.0,5.0,5.0,0.0,30.0,0.0,rules_only,no_website_url,,
Global Ocean Logistics India Limited,Registration Centre bearing,unspecified_see_drhp,www.globalocean.in; www.ib.marwadichandaranagroup.com; www.kfintech.com,Extract from restated financials in DRHP (pattern not matched).,no_structured_differentiation_tag,Promoter names not machine-extracted from sampled DRHP pages; verify in IPO prospectus or LinkedIn.,subsidiary / group structure,bse_sme_ipo_drhp_pipeline,drhp_companies_specified_format.csv+final_merged_dsir_promoters.csv,,See DRHP ‘Industry / Business overview’ section.,no_structured_differentiation_tag|bse_sme_ipo_drhp_pipeline|subsidiary|group_structure,0,not_classified_manufacturer,0,weak_location_signal,0,no_differentiation_evidence,0,no_promoter_extract,1,sector_or_macro_tailwind_tags,0,weak_growth_signal,1,17,15.0,2,0,0,0,0,0,0,rules_only_no_llm_balance,0.0,0.0,0.0,0.0,5.0,0.0,15.0,0.0,rules_only,duplicate_dedupe|basis:website_host,JEE Pumps Limited,website_host
Goblin India Limited,Little or no extractable text (likely scanned PDF — needs OCR).,unspecified_see_drhp,www.bigshareonline.com; www.galacticocorp.com; www.goblinindia.com,Extract from restated financials in DRHP (pattern not matched).,no_structured_differentiation_tag,DRHP: Ms. Farhat Mohanif Patel; Mr. Manojkumar Choukhany; Mrs. Sonam Choukhany. For; Mrs. Sonam Choukhany. Abridged Prospectus Abridged,Not assessed (no machine-readable text).,bse_sme_ipo_drhp_pipeline,drhp_companies_specified_format.csv+final_merged_dsir_promoters.csv,,See DRHP ‘Industry / Business overview’ section.,no_structured_differentiation_tag|bse_sme_ipo_drhp_pipeline|not_assessed_(no_machine-readable_text),0,not_classified_manufacturer,0,weak_location_signal,0,no_differentiation_evidence,1,named_individuals_in_promoter_field,1,sector_or_macro_tailwind_tags,0,weak_growth_signal,2,33,30.0,3,0,0,0,0,0,0,rules_only_no_llm_balance,0.0,0.0,0.0,5.0,5.0,0.0,30.0,0.0,rules_only,duplicate_dedupe|basis:website_host,Neptune Logitek Limited,website_host
Goel Construction Company Limited,Structure” beginning on page no. 177 of the Draft Red Herring Prospectus.,unspecified_see_drhp,https://in.mpms.mufg.com/; www.goelconstruction.co.in; www.srujanalpha.com,Extract from restated financials in DRHP (pattern not matched).,no_structured_differentiation_tag,DRHP: Ms. Surbhi Maloo; Mr. Purushottam Dass Goel; Mr. Arun Kumar Goel; Mr. Naresh Kumar Goel; Mrs. Nirmala Goel; Mr. Anuj Goel; Mr. Amit Goel; Mr. Ashwani Goel; Mr. Prem Goel; Mr. Vijay Kumar Goel,No explicit expansion/hiring/certification keywords in sampled pages — check MD&A / risk factors in full DRHP.,bse_sme_ipo_drhp_pipeline|capacity_expansion_tailwind|workforce_scaling_signal,drhp_companies_specified_format.csv+final_merged_dsir_promoters.csv,,See DRHP ‘Industry / Business overview’ section.,no_structured_differentiation_tag|bse_sme_ipo_drhp_pipeline|capacity_expansion_tailwind|workforce_scaling_signal|no_explicit_expansion|hiring|certification_keywords_in_sampled_pages_—_check_md&a|risk_factors_in_full_drhp,0,not_classified_manufacturer,0,weak_location_signal,0,no_differentiation_evidence,1,named_individuals_in_promoter_field,1,sector_or_macro_tailwind_tags,1,growth_or_ipo_signal_in_text,3,50,50.0,2,0,0,0,0,0,0,rules_only_no_llm_balance,0.0,0.0,0.0,5.0,5.0,5.0,50.0,0.0,rules_only,duplicate_dedupe|basis:website_host,Popular Foundations limited,website_host
Goel Food Products Limited,Little or no extractable text (likely scanned PDF — needs OCR).,unknown,,unknown,no_structured_differentiation_tag,DRHP: Mr. Dinesh Goyal Managing Director Email Id; Mr. Dinesh Goyal Equity; Ms. Rashmi Goyal Equity; Mr. Dinesh Goyal; Mr. Dinesh Goyal THE ISSUE PUBLIC ISSUE,Not assessed (no machine-readable text).,bse_sme_ipo_drhp_pipeline,drhp_companies_specified_format.csv+final_merged_dsir_promoters.csv,,,no_structured_differentiation_tag|bse_sme_ipo_drhp_pipeline|not_assessed_(no_machine-readable_text),0,not_classified_manufacturer,0,weak_location_signal,0,no_differentiation_evidence,1,named_individuals_in_promoter_field,1,sector_or_macro_tailwind_tags,0,weak_growth_signal,2,33,30.0,2,0,0,0,0,0,0,rules_only_no_llm_balance,0.0,0.0,0.0,5.0,5.0,0.0,30.0,0.0,rules_only,no_website_url,,
Green Farm Bio-Gen  Limited,Little or no extractable text (likely scanned PDF — needs OCR).,unknown,,unknown,no_structured_differentiation_tag,DRHP: Ms. Nisha Bhagat; Mr. Rajesh Nama Companies Act; Mr. PrafulKumar Chavda; Mr. Prafulkumar Najabhai Chavda,Not assessed (no machine-readable text).,bse_sme_ipo_drhp_pipeline,drhp_companies_specified_format.csv+final_merged_dsir_promoters.csv,,,no_structured_differentiation_tag|bse_sme_ipo_drhp_pipeline|not_assessed_(no_machine-readable_text),0,not_classified_manufacturer,0,weak_location_signal,0,no_differentiation_evidence,1,named_individuals_in_promoter_field,1,sector_or_macro_tailwind_tags,0,weak_growth_signal,2,33,30.0,2,0,0,0,0,0,0,rules_only_no_llm_balance,0.0,0.0,0.0,5.0,5.0,0.0,30.0,0.0,rules_only,no_website_url,,
Greenhitech Ventures Limited,Little or no extractable text (likely scanned PDF — needs OCR).,unknown,,unknown,no_structured_differentiation_tag,DRHP: Mrs. Senha Jain; Mr. Naved Iqbal Place; Mr. Nikhil Shah SEBI Registration No; Mr. Navel Iqbal; Mr. Mohamad Nadeem; Mr. Naved Iqbal; Mr. Mohammad Nadeem; Mr. Javed Iqubal; Mrs. Shagufta Jawed; Mrs. Neha Nasir,Not assessed (no machine-readable text).,bse_sme_ipo_drhp_pipeline,drhp_companies_specified_format.csv+final_merged_dsir_promoters.csv,,,no_structured_differentiation_tag|bse_sme_ipo_drhp_pipeline|not_assessed_(no_machine-readable_text),0,not_classified_manufacturer,0,weak_location_signal,0,no_differentiation_evidence,1,named_individuals_in_promoter_field,1,sector_or_macro_tailwind_tags,0,weak_growth_signal,2,33,30.0,2,0,0,0,0,0,0,rules_only_no_llm_balance,0.0,0.0,0.0,5.0,5.0,0.0,30.0,0.0,rules_only,no_website_url,,
Greens Food Crafts India Limited,Little or no extractable text (likely scanned PDF — needs OCR).,unknown,,unknown,no_structured_differentiation_tag,DRHP: Mr. Satish Madhavanarayanan; Mr. SATISH MADHAVANARAYAN AND Mr. ANIL CHENNALINGE; Mr. Jagadeesh Bommegowda; Mrs. Meenakshi Gundlupet Venkatappa; Mr. Anil Chennalinge Gowda. For,Not assessed (no machine-readable text).,bse_sme_ipo_drhp_pipeline,drhp_companies_specified_format.csv+final_merged_dsir_promoters.csv,,,no_structured_differentiation_tag|bse_sme_ipo_drhp_pipeline|not_assessed_(no_machine-readable_text),0,not_classified_manufacturer,0,weak_location_signal,0,no_differentiation_evidence,1,named_individuals_in_promoter_field,1,sector_or_macro_tailwind_tags,0,weak_growth_signal,2,33,30.0,2,0,0,0,0,0,0,rules_only_no_llm_balance,0.0,0.0,0.0,5.0,5.0,0.0,30.0,0.0,rules_only,no_website_url,,
GRETEX CORPORATE SERVICES LIMITED,"of our Company, please refer to section titled ‘Our History and Certain Other Corporate Matters’ beginning on page 104 of this Draft Prospectus",unspecified_see_drhp,www.afsl.co.in; www.bigshareonline.com; www.gretexcorporate.com,Extract from restated financials in DRHP (pattern not matched).,iso_certification_mention,DRHP: Mr. Janil Jain; Mr. Arvind Harlalka; Mr. Alok Harlalka; Mr. Vastal Ganatra SEBI Registration No; Mr. Swapnil Kate SEBI Registration No,ISO certification mentioned,bse_sme_ipo_drhp_pipeline,drhp_companies_specified_format.csv+final_merged_dsir_promoters.csv,,See DRHP ‘Industry / Business overview’ section.,iso_certification_mention|bse_sme_ipo_drhp_pipeline|iso_certification_mentioned,0,not_classified_manufacturer,0,weak_location_signal,1,cert_or_patent_evidence,1,named_individuals_in_promoter_field,1,sector_or_macro_tailwind_tags,1,growth_or_ipo_signal_in_text,4,67,70.0,2,0,0,0,0,0,0,rules_only_no_llm_balance,0.0,0.0,5.0,5.0,5.0,5.0,70.0,0.0,rules_only,duplicate_dedupe|basis:website_host,Shine Fashions (India) Limited,website_host
Gujarat Peanut and Agri Products Limited,"Peanut and Agri Products Limited” vide a fresh Certificate of Incorporation dated November 12, 2024 issued by the Registrar of Companies, Central Processing Centre. For further details of change in name and registered office of our company , please refer to section titled “",unspecified_see_drhp,www.finshoregroup.com; www.gujaratpeanut.com; www.integratedregistry.in,Extract from restated financials in DRHP (pattern not matched).,iso_certification_mention,Could not download DRHP PDF/ZIP for promoter extraction.,ISO certification mentioned,bse_sme_ipo_drhp_pipeline,drhp_companies_specified_format.csv+final_merged_dsir_promoters.csv,,See DRHP ‘Industry / Business overview’ section.,iso_certification_mention|bse_sme_ipo_drhp_pipeline|iso_certification_mentioned,0,not_classified_manufacturer,0,weak_location_signal,1,cert_or_patent_evidence,0,no_promoter_extract,1,sector_or_macro_tailwind_tags,1,growth_or_ipo_signal_in_text,3,50,55.0,3,0,0,0,0,0,0,rules_only_no_llm_balance,0.0,0.0,5.0,0.0,5.0,5.0,55.0,0.0,rules_only,duplicate_dedupe|basis:website_host,SK International Export Limited,website_host
H.M. ELECTRO MECH LIMITED,Download failed (timeout or HTTP error).,unknown,,unknown,no_structured_differentiation_tag,Could not download DRHP PDF/ZIP for promoter extraction.,,bse_sme_ipo_drhp_pipeline,drhp_companies_specified_format.csv+final_merged_dsir_promoters.csv,,,no_structured_differentiation_tag|bse_sme_ipo_drhp_pipeline,0,not_classified_manufacturer,0,weak_location_signal,0,no_differentiation_evidence,0,no_promoter_extract,1,sector_or_macro_tailwind_tags,0,weak_growth_signal,1,17,15.0,2,0,0,0,0,0,0,rules_only_no_llm_balance,0.0,0.0,0.0,0.0,5.0,0.0,15.0,0.0,rules_only,no_website_url,,
Hamps Bio Limited,"of our Company, see “History and Certain Corporate Matters” beginning on page 131 of this Draft Prospectus",unspecified_see_drhp,www.bigshareonline.com; www.hampsbio.com; www.ib.marwadichandaranagroup.com,Extract from restated financials in DRHP (pattern not matched).,no_structured_differentiation_tag,Not extracted from PDF text; verify in IPO prospectus or LinkedIn.,No explicit expansion/hiring/certification keywords in sampled pages — check MD&A / risk factors in full DRHP.,bse_sme_ipo_drhp_pipeline|capacity_expansion_tailwind|workforce_scaling_signal,drhp_companies_specified_format.csv+final_merged_dsir_promoters.csv,,See DRHP ‘Industry / Business overview’ section.,no_structured_differentiation_tag|bse_sme_ipo_drhp_pipeline|capacity_expansion_tailwind|workforce_scaling_signal|no_explicit_expansion|hiring|certification_keywords_in_sampled_pages_—_check_md&a|risk_factors_in_full_drhp,0,not_classified_manufacturer,0,weak_location_signal,0,no_differentiation_evidence,0,weak_promoter_signal,1,sector_or_macro_tailwind_tags,1,growth_or_ipo_signal_in_text,2,33,35.0,2,0,0,0,0,0,0,rules_only_no_llm_balance,0.0,0.0,0.0,0.0,5.0,5.0,35.0,0.0,rules_only,duplicate_dedupe|basis:website_host,JEE Pumps Limited,website_host
Harshdeep Hortico Limited,Little or no extractable text (likely scanned PDF — needs OCR).,unknown,,unknown,no_structured_differentiation_tag,Promoter names not machine-extracted from sampled DRHP pages; verify in IPO prospectus or LinkedIn.,Not assessed (no machine-readable text).,bse_sme_ipo_drhp_pipeline,drhp_companies_specified_format.csv+final_merged_dsir_promoters.csv,,,no_structured_differentiation_tag|bse_sme_ipo_drhp_pipeline|not_assessed_(no_machine-readable_text),0,not_classified_manufacturer,0,weak_location_signal,0,no_differentiation_evidence,0,no_promoter_extract,1,sector_or_macro_tailwind_tags,0,weak_growth_signal,1,17,15.0,2,0,0,0,0,0,0,rules_only_no_llm_balance,0.0,0.0,0.0,0.0,5.0,0.0,15.0,0.0,rules_only,no_website_url,,
HEALTHY LIFE AGRITEC LIMITED,Little or no extractable text (likely scanned PDF — needs OCR).,unknown,,unknown,no_structured_differentiation_tag,DRHP: Mr. Shekhar Kapoor; Ms. DIVYA MOJJADA; Mr. S. Ramakrishna Iyengar Telephone; Mr. R.D. Ramasamy; Ms. Divya Mojjada; Mr. Sandeep Ramkirit Gaud,Not assessed (no machine-readable text).,bse_sme_ipo_drhp_pipeline,drhp_companies_specified_format.csv+final_merged_dsir_promoters.csv,,,no_structured_differentiation_tag|bse_sme_ipo_drhp_pipeline|not_assessed_(no_machine-readable_text),0,not_classified_manufacturer,0,weak_location_signal,0,no_differentiation_evidence,1,named_individuals_in_promoter_field,1,sector_or_macro_tailwind_tags,0,weak_growth_signal,2,33,30.0,2,0,0,0,0,0,0,rules_only_no_llm_balance,0.0,0.0,0.0,5.0,5.0,0.0,30.0,0.0,rules_only,no_website_url,,
Hemant Surgical Industries Limited,Little or no extractable text (likely scanned PDF — needs OCR).,unknown,,unknown,no_structured_differentiation_tag,DRHP: Mrs. Meenal Ajmera Company Secretary; Mrs. Roshni Lahoti Email; Mr. Swapnil Kate Email; Mrs. Meenal Ajmera,Not assessed (no machine-readable text).,bse_sme_ipo_drhp_pipeline,drhp_companies_specified_format.csv+final_merged_dsir_promoters.csv,,,no_structured_differentiation_tag|bse_sme_ipo_drhp_pipeline|not_assessed_(no_machine-readable_text),0,not_classified_manufacturer,0,weak_location_signal,0,no_differentiation_evidence,1,named_individuals_in_promoter_field,1,sector_or_macro_tailwind_tags,0,weak_growth_signal,2,33,30.0,3,0,0,0,0,0,0,rules_only_no_llm_balance,0.0,0.0,0.0,5.0,5.0,0.0,30.0,0.0,rules_only,no_website_url,,
Highness Microelectronics Limited,Download failed (timeout or HTTP error).,unknown,,unknown,no_structured_differentiation_tag,Could not download DRHP PDF/ZIP for promoter extraction.,,bse_sme_ipo_drhp_pipeline,drhp_companies_specified_format.csv+final_merged_dsir_promoters.csv,,,no_structured_differentiation_tag|bse_sme_ipo_drhp_pipeline,0,not_classified_manufacturer,0,weak_location_signal,0,no_differentiation_evidence,0,no_promoter_extract,1,sector_or_macro_tailwind_tags,0,weak_growth_signal,1,17,15.0,2,0,0,0,0,0,0,rules_only_no_llm_balance,0.0,0.0,0.0,0.0,5.0,0.0,15.0,0.0,rules_only,no_website_url,,
Home Zone Rubber Solutions Limited,"100 Sarjan Plaza Dr Annie Besant Road, Worli, Mumbai, Maharashtra- 400018 We/ us/ our Unless the context otherwise indicates or implies, refers to our Company",unspecified_see_drhp,www.homezone.co.in; www.horizonmanagement.in; www.maashitla.com,Extract from restated financials in DRHP (pattern not matched).,no_structured_differentiation_tag,DRHP PDF could not be downloaded.,No explicit expansion/hiring/certification keywords in sampled pages — check MD&A / risk factors in full DRHP.,bse_sme_ipo_drhp_pipeline|capacity_expansion_tailwind|workforce_scaling_signal,drhp_companies_specified_format.csv+final_merged_dsir_promoters.csv,,See DRHP ‘Industry / Business overview’ section.,no_structured_differentiation_tag|bse_sme_ipo_drhp_pipeline|capacity_expansion_tailwind|workforce_scaling_signal|no_explicit_expansion|hiring|certification_keywords_in_sampled_pages_—_check_md&a|risk_factors_in_full_drhp,0,not_classified_manufacturer,1,india_location_signal,0,no_differentiation_evidence,0,no_promoter_extract,1,sector_or_macro_tailwind_tags,1,growth_or_ipo_signal_in_text,3,50,45.0,3,0,0,0,0,0,0,rules_only_no_llm_balance,0.0,5.0,0.0,0.0,5.0,5.0,45.0,0.0,rules_only,duplicate_dedupe|basis:website_host,L. T. Elevator Limited,website_host
Humming Bird Education Limited,Little or no extractable text (likely scanned PDF — needs OCR).,unknown,,unknown,no_structured_differentiation_tag,DRHP: Mr. Mayank Pratap Singh; Mr. Nitesh Jain; Mr. Narender Kumar Jain Promoters Group Companies; Mrs. Vaishali Jain. Companies Act; Mr. Mayank Pratap Singh Corporate Office; Mr. Narender Kumar Jain. For,Not assessed (no machine-readable text).,bse_sme_ipo_drhp_pipeline,drhp_companies_specified_format.csv+final_merged_dsir_promoters.csv,,,no_structured_differentiation_tag|bse_sme_ipo_drhp_pipeline|not_assessed_(no_machine-readable_text),0,not_classified_manufacturer,0,weak_location_signal,0,no_differentiation_evidence,1,named_individuals_in_promoter_field,1,sector_or_macro_tailwind_tags,0,weak_growth_signal,2,33,30.0,2,0,0,0,0,0,0,rules_only_no_llm_balance,0.0,0.0,0.0,5.0,5.0,0.0,30.0,0.0,rules_only,no_website_url,,
Hunger Choice Limited,Little or no extractable text (likely scanned PDF — needs OCR).,unknown,,unknown,no_structured_differentiation_tag,DRHP: Mr. Sarfraz Taherbhai Mulla; Mr. Maulik Khara; Ms. Riya Panchal,Not assessed (no machine-readable text).,bse_sme_ipo_drhp_pipeline,drhp_companies_specified_format.csv+final_merged_dsir_promoters.csv,,,no_structured_differentiation_tag|bse_sme_ipo_drhp_pipeline|not_assessed_(no_machine-readable_text),0,not_classified_manufacturer,0,weak_location_signal,0,no_differentiation_evidence,1,named_individuals_in_promoter_field,1,sector_or_macro_tailwind_tags,0,weak_growth_signal,2,33,30.0,2,0,0,0,0,0,0,rules_only_no_llm_balance,0.0,0.0,0.0,5.0,5.0,0.0,30.0,0.0,rules_only,no_website_url,,
ICL Organic Dairy Products Ltd,Little or no extractable text (likely scanned PDF — needs OCR).,unknown,,unknown,no_structured_differentiation_tag,DRHP: Ms. Neha Mittal; Mr. Roop Kishore Gola; Mr. Avadhesh Kumar Gola. Promoter Group Includes; Mr. Anil Kumar Sahu,Not assessed (no machine-readable text).,bse_sme_ipo_drhp_pipeline,drhp_companies_specified_format.csv+final_merged_dsir_promoters.csv,,,no_structured_differentiation_tag|bse_sme_ipo_drhp_pipeline|not_assessed_(no_machine-readable_text),0,not_classified_manufacturer,0,weak_location_signal,0,no_differentiation_evidence,1,named_individuals_in_promoter_field,1,sector_or_macro_tailwind_tags,0,weak_growth_signal,2,33,30.0,2,0,0,0,0,0,0,rules_only_no_llm_balance,0.0,0.0,0.0,5.0,5.0,0.0,30.0,0.0,rules_only,no_website_url,,
Icodex Publishing Solutions Limited,PDF parse error: PdfStreamError,unknown,,unknown,no_structured_differentiation_tag,Could not download DRHP PDF/ZIP for promoter extraction.,,bse_sme_ipo_drhp_pipeline,drhp_companies_specified_format.csv+final_merged_dsir_promoters.csv,,,no_structured_differentiation_tag|bse_sme_ipo_drhp_pipeline,0,not_classified_manufacturer,0,weak_location_signal,0,no_differentiation_evidence,0,no_promoter_extract,1,sector_or_macro_tailwind_tags,0,weak_growth_signal,1,17,15.0,2,0,0,0,0,0,0,rules_only_no_llm_balance,0.0,0.0,0.0,0.0,5.0,0.0,15.0,0.0,rules_only,no_website_url,,
IDENTIXWEB LIMITED,LOCATED) AT LEAST TWO WORKING DAYS PRIOR TO THE ISSUE OPENING DATE AND SHALL BE MADE AVAILABLE TO THE BSE LIMITED (“BSE”) FOR THE PURPOSE OF UPLOADING ON ITS,unspecified_see_drhp,www.beelinemb.com; www.identixweb.com; www.skylinerta.com,Extract from restated financials in DRHP (pattern not matched).,no_structured_differentiation_tag,DRHP: Mrs. Pooja Shah PROMOTERS OF OUR; Mr. Priyankkumar Jivarajbhai Savani Chairman,subsidiary / group structure,bse_sme_ipo_drhp_pipeline,drhp_companies_specified_format.csv+final_merged_dsir_promoters.csv,,See DRHP ‘Industry / Business overview’ section.,no_structured_differentiation_tag|bse_sme_ipo_drhp_pipeline|subsidiary|group_structure,0,not_classified_manufacturer,0,weak_location_signal,0,no_differentiation_evidence,1,named_individuals_in_promoter_field,1,sector_or_macro_tailwind_tags,0,weak_growth_signal,2,33,30.0,2,0,0,0,0,0,0,rules_only_no_llm_balance,0.0,0.0,0.0,5.0,5.0,0.0,30.0,0.0,rules_only,duplicate_dedupe|basis:website_host,SK International Export Limited,website_host
IKEDA LIMITED,"W.E.A., Karol Bagh, New Delhi, Central Delhi, Delhi, India, 110005",unspecified_see_drhp,www.finkeda.com; www.ftfinsec.com; www.maashitla.com,Extract from restated financials in DRHP (pattern not matched).,no_structured_differentiation_tag,Could not download DRHP PDF/ZIP for promoter extraction.,subsidiary / group structure,bse_sme_ipo_drhp_pipeline,drhp_companies_specified_format.csv,,See DRHP ‘Industry / Business overview’ section.,no_structured_differentiation_tag|bse_sme_ipo_drhp_pipeline|subsidiary|group_structure,0,not_classified_manufacturer,1,india_location_signal,0,no_differentiation_evidence,0,no_promoter_extract,1,sector_or_macro_tailwind_tags,0,weak_growth_signal,2,33,25.0,1,0,0,0,0,0,0,rules_only_no_llm_balance,0.0,5.0,0.0,0.0,5.0,0.0,25.0,0.0,rules_only,duplicate_dedupe|basis:website_host,Kanone Technologies Limited,website_host
IKEDA LIMITED,"W.E.A., Karol Bagh, New Delhi, Central Delhi, Delhi, India, 110005",unspecified_see_drhp,www.finkeda.com; www.ftfinsec.com; www.maashitla.com,Extract from restated financials in DRHP (pattern not matched).,no_structured_differentiation_tag,Could not download DRHP PDF/ZIP for promoter extraction.,subsidiary / group structure,bse_sme_ipo_drhp_pipeline,final_merged_dsir_promoters.csv,,See DRHP ‘Industry / Business overview’ section.,no_structured_differentiation_tag|bse_sme_ipo_drhp_pipeline|subsidiary|group_structure,0,not_classified_manufacturer,1,india_location_signal,0,no_differentiation_evidence,0,no_promoter_extract,1,sector_or_macro_tailwind_tags,0,weak_growth_signal,2,33,25.0,1,0,0,0,0,0,0,rules_only_no_llm_balance,0.0,5.0,0.0,0.0,5.0,0.0,25.0,0.0,rules_only,duplicate_dedupe|basis:website_host,Kanone Technologies Limited,website_host
INDO SMC Limited,Download failed (timeout or HTTP error).,unknown,,unknown,no_structured_differentiation_tag,DRHP: Ms. Avani Patel; Ms. Avani Patel Company Secretary; Mr. Mohit Baid SEBI Registration Number; Mr. Neel Niteshbhai Shah Managing Director; Mr. Nitin Jasvantbhai Patel Chairman; Mr. Chaitanya Patel Executive Director; Mrs. Riktabahen Sonawala Non-Executive Director; Mr. Shashwat Yatishkumar Shah Non-Executive Independent Director; Mr. Chintan Umeshbhai Bhatt Non-Executive Independent Director; Mr. Pramod Sultania SEBI Registration Number,,bse_sme_ipo_drhp_pipeline,drhp_companies_specified_format.csv+final_merged_dsir_promoters.csv,,,no_structured_differentiation_tag|bse_sme_ipo_drhp_pipeline,0,not_classified_manufacturer,0,weak_location_signal,0,no_differentiation_evidence,1,named_individuals_in_promoter_field,1,sector_or_macro_tailwind_tags,0,weak_growth_signal,2,33,30.0,2,0,0,0,0,0,0,rules_only_no_llm_balance,0.0,0.0,0.0,5.0,5.0,0.0,30.0,0.0,rules_only,no_website_url,,
INDOBELL INSULATIONS LIMITED,and Certain Corporate Matters” beginning on page no 136 of the Draft Prospectus.,unspecified_see_drhp,www.finshoregroup.com; www.indobell.com; www.integratedregistry.in,Extract from restated financials in DRHP (pattern not matched).,iso_certification_mention,DRHP: Mr. Sanjay Agarwal Company Secretary; Mr. Vijay Burman; Mr. Man Mohan Burman; Ms. Megha Burman; Ms. Raksha Burman DETAILS OF OFFER TO; Mr. S. Ramakrishna Iyengar Email; Mr. S. Giridhar Email; Mr. Sanjay Agarwal; Ms. Raksha Burman. Promoter Group Includes; Mr. Abhirup Bose,ISO certification mentioned,bse_sme_ipo_drhp_pipeline,drhp_companies_specified_format.csv+final_merged_dsir_promoters.csv,,See DRHP ‘Industry / Business overview’ section.,iso_certification_mention|bse_sme_ipo_drhp_pipeline|iso_certification_mentioned,0,not_classified_manufacturer,0,weak_location_signal,1,cert_or_patent_evidence,1,named_individuals_in_promoter_field,1,sector_or_macro_tailwind_tags,1,growth_or_ipo_signal_in_text,4,67,70.0,2,0,0,0,0,0,0,rules_only_no_llm_balance,0.0,0.0,5.0,5.0,5.0,5.0,70.0,0.0,rules_only,duplicate_dedupe|basis:website_host,SK International Export Limited,website_host
INDONG TEA COMPANY LIMITED,Little or no extractable text (likely scanned PDF — needs OCR).,unknown,,unknown,no_structured_differentiation_tag,DRHP: Mr. Chandan Gupta; Mr. S. Ramakrishna Iyengar Telephone; Mr. R.D. Ramasamy; Mr. Hariram Garg; Mr. Madanlal Garg; Mr. Manoj Kumar Gan; Mr. Manoj Kumar Ganguly,Not assessed (no machine-readable text).,bse_sme_ipo_drhp_pipeline,drhp_companies_specified_format.csv+final_merged_dsir_promoters.csv,,,no_structured_differentiation_tag|bse_sme_ipo_drhp_pipeline|not_assessed_(no_machine-readable_text),0,not_classified_manufacturer,0,weak_location_signal,0,no_differentiation_evidence,1,named_individuals_in_promoter_field,1,sector_or_macro_tailwind_tags,0,weak_growth_signal,2,33,30.0,2,0,0,0,0,0,0,rules_only_no_llm_balance,0.0,0.0,0.0,5.0,5.0,0.0,30.0,0.0,rules_only,no_website_url,,
Infonative Solutions Limited,PDF parse error: PdfStreamError,unknown,,unknown,no_structured_differentiation_tag,Could not download DRHP PDF/ZIP for promoter extraction.,,bse_sme_ipo_drhp_pipeline,drhp_companies_specified_format.csv+final_merged_dsir_promoters.csv,,,no_structured_differentiation_tag|bse_sme_ipo_drhp_pipeline,0,not_classified_manufacturer,0,weak_location_signal,0,no_differentiation_evidence,0,no_promoter_extract,1,sector_or_macro_tailwind_tags,0,weak_growth_signal,1,17,15.0,2,0,0,0,0,0,0,rules_only_no_llm_balance,0.0,0.0,0.0,0.0,5.0,0.0,15.0,0.0,rules_only,no_website_url,,
INNOKAIZ INDIA LIMITED,Little or no extractable text (likely scanned PDF — needs OCR).,unknown,,unknown,no_structured_differentiation_tag,DRHP: Ms. Mamta Saini Company Secretary; Ms. Dimple Magharam Slun Email; Ms. Mamta Saini; Mr. Balakrishnan Sukumarbalakrishnan DETAILS OF THE ISSUE; Mr. Balakrishnan Sukumarbalakrishnan,Not assessed (no machine-readable text).,bse_sme_ipo_drhp_pipeline,drhp_companies_specified_format.csv+final_merged_dsir_promoters.csv,,,no_structured_differentiation_tag|bse_sme_ipo_drhp_pipeline|not_assessed_(no_machine-readable_text),0,not_classified_manufacturer,0,weak_location_signal,0,no_differentiation_evidence,1,named_individuals_in_promoter_field,1,sector_or_macro_tailwind_tags,0,weak_growth_signal,2,33,30.0,3,0,0,0,0,0,0,rules_only_no_llm_balance,0.0,0.0,0.0,5.0,5.0,0.0,30.0,0.0,rules_only,no_website_url,,
Innovatus Entertainment Networks Limited,Little or no extractable text (likely scanned PDF — needs OCR).,unknown,,unknown,no_structured_differentiation_tag,DRHP: Ms. Sonal Gandhi,Not assessed (no machine-readable text).,bse_sme_ipo_drhp_pipeline,drhp_companies_specified_format.csv+final_merged_dsir_promoters.csv,,,no_structured_differentiation_tag|bse_sme_ipo_drhp_pipeline|not_assessed_(no_machine-readable_text),0,not_classified_manufacturer,0,weak_location_signal,0,no_differentiation_evidence,1,named_individuals_in_promoter_field,1,sector_or_macro_tailwind_tags,0,weak_growth_signal,2,33,30.0,2,0,0,0,0,0,0,rules_only_no_llm_balance,0.0,0.0,0.0,5.0,5.0,0.0,30.0,0.0,rules_only,no_website_url,,
Insolation Energy Limited,Little or no extractable text (likely scanned PDF — needs OCR).,unknown,,unknown,no_structured_differentiation_tag,DRHP: Mr. Manish Gupta; Mr. Vikas Jain DETAILS OF THE ISSUE; Mrs. Payal Jain Email; Mr. Aniket Chindarkar Email; Mr. Vikas Jain THE ISSUE INITIAL PUBLIC; Mr. Vikas Jain. For,Not assessed (no machine-readable text).,bse_sme_ipo_drhp_pipeline,drhp_companies_specified_format.csv+final_merged_dsir_promoters.csv,,,no_structured_differentiation_tag|bse_sme_ipo_drhp_pipeline|not_assessed_(no_machine-readable_text),0,not_classified_manufacturer,0,weak_location_signal,0,no_differentiation_evidence,1,named_individuals_in_promoter_field,1,sector_or_macro_tailwind_tags,0,weak_growth_signal,2,33,30.0,2,0,0,0,0,0,0,rules_only_no_llm_balance,0.0,0.0,0.0,5.0,5.0,0.0,30.0,0.0,rules_only,no_website_url,,
Integrum Energy Infrastructure Limited,"Koramangala, 560034, Bangalore, Karnataka -560034, India",unspecified_see_drhp,www.beelinemb.com; www.integratedregistry.in; www.integrumenergy.in,₹5–25 Cr (approx from lakhs),no_structured_differentiation_tag,Could not download DRHP PDF/ZIP for promoter extraction.,subsidiary / group structure,bse_sme_ipo_drhp_pipeline,drhp_companies_specified_format.csv+final_merged_dsir_promoters.csv,,See DRHP ‘Industry / Business overview’ section.,no_structured_differentiation_tag|bse_sme_ipo_drhp_pipeline|subsidiary|group_structure,0,not_classified_manufacturer,1,india_location_signal,0,no_differentiation_evidence,0,no_promoter_extract,1,sector_or_macro_tailwind_tags,0,weak_growth_signal,2,33,25.0,2,0,0,0,0,0,0,rules_only_no_llm_balance,0.0,5.0,0.0,0.0,5.0,0.0,25.0,0.0,rules_only,duplicate_dedupe|basis:website_host,SK International Export Limited,website_host
ISH TRAVEL & TOURS  LIMITED,Download failed (timeout or HTTP error).,unknown,,unknown,no_structured_differentiation_tag,Could not download DRHP PDF/ZIP for promoter extraction.,,bse_sme_ipo_drhp_pipeline,drhp_companies_specified_format.csv+final_merged_dsir_promoters.csv,,,no_structured_differentiation_tag|bse_sme_ipo_drhp_pipeline,0,not_classified_manufacturer,0,weak_location_signal,0,no_differentiation_evidence,0,no_promoter_extract,1,sector_or_macro_tailwind_tags,0,weak_growth_signal,1,17,15.0,2,0,0,0,0,0,0,rules_only_no_llm_balance,0.0,0.0,0.0,0.0,5.0,0.0,15.0,0.0,rules_only,no_website_url,,
ITCONS E-SOLUTIONS LIMITED,Little or no extractable text (likely scanned PDF — needs OCR).,unknown,,unknown,no_structured_differentiation_tag,DRHP: Ms. Pooja Gupta Company Secretary; Mr. GAURAV MITTAL; Mrs. SWATI JAIN DETAILS OF OFFER TO; Mr. S. Ramakrishna Iyengar Telephone; Ms. K. Sreepriya Telephone; Ms. Pooja Gupta; Mrs. SWATI JAIN THE ISSUE INITIAL PUBLIC; Mr. Gaurav Mittal; Mrs. Swati Jain Promoter Group Includes; Mr. Chetan Prakash Mittal,Not assessed (no machine-readable text).,bse_sme_ipo_drhp_pipeline,drhp_companies_specified_format.csv+final_merged_dsir_promoters.csv,,,no_structured_differentiation_tag|bse_sme_ipo_drhp_pipeline|not_assessed_(no_machine-readable_text),0,not_classified_manufacturer,0,weak_location_signal,0,no_differentiation_evidence,1,named_individuals_in_promoter_field,1,sector_or_macro_tailwind_tags,0,weak_growth_signal,2,33,30.0,2,0,0,0,0,0,0,rules_only_no_llm_balance,0.0,0.0,0.0,5.0,5.0,0.0,30.0,0.0,rules_only,no_website_url,,
Jain International Power Limited,and takeover the existing proprietorship business of a sole proprietorship as going concern carried by Mr,unspecified_see_drhp,www.in.mpms.mufg.com; www.jainint.com; www.shareindia.com,₹100+ Cr (approx from lakhs),no_structured_differentiation_tag,DRHP: Mrs. Juhi Gupta; Mrs. Juhi Gupta Company Secretary,hiring / recruitment,bse_sme_ipo_drhp_pipeline|workforce_scaling_signal,drhp_companies_specified_format.csv+final_merged_dsir_promoters.csv,U31909WB2022PLC253094,See DRHP ‘Industry / Business overview’ section.,no_structured_differentiation_tag|bse_sme_ipo_drhp_pipeline|workforce_scaling_signal|hiring|recruitment,0,not_classified_manufacturer,0,weak_location_signal,0,no_differentiation_evidence,1,named_individuals_in_promoter_field,1,sector_or_macro_tailwind_tags,1,growth_or_ipo_signal_in_text,3,50,50.0,2,0,0,0,0,0,0,rules_only_no_llm_balance,0.0,0.0,0.0,5.0,5.0,5.0,50.0,0.0,rules_only,duplicate_dedupe|basis:website_host,VVIP Infratech Limited,website_host
JAY AMBE SUPERMARKETS LIMITED,IS LOCATED) AT LEAST TWO WORKING DAYS PRIOR TO THE ISSUE OPENING DATE AND SHALL BE MADE AVAILABLE TO THE BSE LIMITED “BSE” FOR THE PURPOSE OF UPLOADING ON THEIR WEBSITE. FOR FURTHER DETAILS KINDLY REFER TO CHAPTER TITLED “TERMS OF THE ISSUE” BEGINNING ON PAGE 319 OF THIS DRAFT RE...,lease agreements may have certain irregularities because of which we may be unable to effectively enforce,https://in.mpms.mufg.com/; www.beelinemb.com; www.citysquaremart.com,Extract from restated financials in DRHP (pattern not matched).,no_structured_differentiation_tag,DRHP: Mr Hitendra Patel,No explicit expansion/hiring/certification keywords in sampled pages — check MD&A / risk factors in full DRHP.,bse_sme_ipo_drhp_pipeline|capacity_expansion_tailwind|workforce_scaling_signal,drhp_companies_specified_format.csv+final_merged_dsir_promoters.csv,,lease agreements may have certain irregularities because of which we may be unable to effectively enforce,no_structured_differentiation_tag|bse_sme_ipo_drhp_pipeline|capacity_expansion_tailwind|workforce_scaling_signal|no_explicit_expansion|hiring|certification_keywords_in_sampled_pages_—_check_md&a|risk_factors_in_full_drhp,0,not_classified_manufacturer,0,weak_location_signal,0,no_differentiation_evidence,0,weak_promoter_signal,1,sector_or_macro_tailwind_tags,1,growth_or_ipo_signal_in_text,2,33,35.0,2,0,0,0,0,0,0,rules_only_no_llm_balance,0.0,0.0,0.0,0.0,5.0,5.0,35.0,0.0,rules_only,duplicate_dedupe|basis:website_host,SK International Export Limited,website_host
Jay Kailash Namkeen Limited,Number U15549GJ2021PLC123708,unspecified_see_drhp,www.expertglobal.in; www.jaykailashnamkeen.com; www.skylinerta.com,Extract from restated financials in DRHP (pattern not matched).,no_structured_differentiation_tag,DRHP: Ms. Anushree Vijay Company Secretary; Mr. Gaurav Jain SEBI; Ms. Anushree Vijay; Mr. Neel Narendrabhai Pujara. Promoter Group Such; Mr. Neel Narendrabhai Pujara. CIN Corporate Identity; Mrs. Tulsi Neel Pujara. Companies Act; Ms. Anushree Vijay. DIN Directors Identification Number; Mr. Neel Narendrabhai Pujara. MOA,No explicit expansion/hiring/certification keywords in sampled pages — check MD&A / risk factors in full DRHP.,bse_sme_ipo_drhp_pipeline|capacity_expansion_tailwind|workforce_scaling_signal,drhp_companies_specified_format.csv+final_merged_dsir_promoters.csv,U15549GJ2021PLC123708,See DRHP ‘Industry / Business overview’ section.,no_structured_differentiation_tag|bse_sme_ipo_drhp_pipeline|capacity_expansion_tailwind|workforce_scaling_signal|no_explicit_expansion|hiring|certification_keywords_in_sampled_pages_—_check_md&a|risk_factors_in_full_drhp,0,not_classified_manufacturer,0,weak_location_signal,0,no_differentiation_evidence,1,named_individuals_in_promoter_field,1,sector_or_macro_tailwind_tags,1,growth_or_ipo_signal_in_text,3,50,50.0,2,0,0,0,0,0,0,rules_only_no_llm_balance,0.0,0.0,0.0,5.0,5.0,5.0,50.0,0.0,rules_only,duplicate_dedupe|basis:website_host,Royal Sense Limited,website_host
Jay Kailash Namkeen Limited,CORPORATE OFFICE CONTACT PERSON EMAIL & TELEPHONE,unspecified_see_drhp,www.expertglobal.in; www.jaykailashnamkeen.com; www.skylinerta.com,Extract from restated financials in DRHP (pattern not matched).,no_structured_differentiation_tag,DRHP: Ms. Anushree Vijay Company Secretary; Mr. Gaurav Jain SEBI; Ms. Anushree Vijay; Mr. Neel Narendrabhai Pujara. Promoter Group Such; Mr. Neel Narendrabhai Pujara. CIN Corporate Identity; Mrs. Tulsi Neel Pujara. Companies Act; Ms. Anushree Vijay. DIN Directors Identification Number; Mr. Neel Narendrabhai Pujara. MOA,No explicit expansion/hiring/certification keywords in sampled pages — check MD&A / risk factors in full DRHP.,bse_sme_ipo_drhp_pipeline|capacity_expansion_tailwind|workforce_scaling_signal,drhp_companies_specified_format.csv,,See DRHP ‘Industry / Business overview’ section.,no_structured_differentiation_tag|bse_sme_ipo_drhp_pipeline|capacity_expansion_tailwind|workforce_scaling_signal|no_explicit_expansion|hiring|certification_keywords_in_sampled_pages_—_check_md&a|risk_factors_in_full_drhp,0,not_classified_manufacturer,0,weak_location_signal,0,no_differentiation_evidence,1,named_individuals_in_promoter_field,1,sector_or_macro_tailwind_tags,1,growth_or_ipo_signal_in_text,3,50,50.0,1,0,0,0,0,0,0,rules_only_no_llm_balance,0.0,0.0,0.0,5.0,5.0,5.0,50.0,0.0,rules_only,duplicate_dedupe|basis:website_host,Royal Sense Limited,website_host
JAYANT INFRATECH LIMITED,Little or no extractable text (likely scanned PDF — needs OCR).,unknown,,unknown,no_structured_differentiation_tag,DRHP: Mr. Sagar Subhash Gulhane Company Secretary; Ms. Dimple Magharam Slun Email; Mr. Swapnil Kate Email; Mr. Sagar Subhash Gulhane; Mr. Nilesh Jobanputra THE ISSUE PUBLIC ISSUE; Mr. Nilesh Jobanputra,Not assessed (no machine-readable text).,bse_sme_ipo_drhp_pipeline,drhp_companies_specified_format.csv+final_merged_dsir_promoters.csv,,,no_structured_differentiation_tag|bse_sme_ipo_drhp_pipeline|not_assessed_(no_machine-readable_text),0,not_classified_manufacturer,0,weak_location_signal,0,no_differentiation_evidence,1,named_individuals_in_promoter_field,1,sector_or_macro_tailwind_tags,0,weak_growth_signal,2,33,30.0,2,0,0,0,0,0,0,rules_only_no_llm_balance,0.0,0.0,0.0,5.0,5.0,0.0,30.0,0.0,rules_only,no_website_url,,
JETMALL SPICES AND MASALA LIMITED,Little or no extractable text (likely scanned PDF — needs OCR).,unknown,,unknown,no_structured_differentiation_tag,DRHP: Ms Sheethal Jayandra Mehta; Mr. Jatin Pandya Company Secretary; Ms. Sheethal Jayandra Mehta Director; Mr Bharat Kumar Pukhrajji Promoter Group Such,Not assessed (no machine-readable text).,bse_sme_ipo_drhp_pipeline,drhp_companies_specified_format.csv+final_merged_dsir_promoters.csv,,,no_structured_differentiation_tag|bse_sme_ipo_drhp_pipeline|not_assessed_(no_machine-readable_text),0,not_classified_manufacturer,0,weak_location_signal,0,no_differentiation_evidence,1,named_individuals_in_promoter_field,1,sector_or_macro_tailwind_tags,0,weak_growth_signal,2,33,30.0,2,0,0,0,0,0,0,rules_only_no_llm_balance,0.0,0.0,0.0,5.0,5.0,0.0,30.0,0.0,rules_only,no_website_url,,
Jinaam’s Dress Limited,Certain Corporate Matters” beginning on page 106 of this Draft Prospectus.,unspecified_see_drhp,www.bigshareonline.com; www.jinaam.comCorporate; www.smccapitals.com,Extract from restated financials in DRHP (pattern not matched).,no_structured_differentiation_tag,DRHP: Rahul Hemraj Oswal; Vishal Hemraj Oswal; Pritam Hemraj Oswal,No explicit expansion/hiring/certification keywords in sampled pages — check MD&A / risk factors in full DRHP.,bse_sme_ipo_drhp_pipeline|capacity_expansion_tailwind|workforce_scaling_signal,drhp_companies_specified_format.csv+final_merged_dsir_promoters.csv,,See DRHP ‘Industry / Business overview’ section.,no_structured_differentiation_tag|bse_sme_ipo_drhp_pipeline|capacity_expansion_tailwind|workforce_scaling_signal|no_explicit_expansion|hiring|certification_keywords_in_sampled_pages_—_check_md&a|risk_factors_in_full_drhp,0,not_classified_manufacturer,0,weak_location_signal,0,no_differentiation_evidence,1,rich_drhp_promoter_blob,1,sector_or_macro_tailwind_tags,1,growth_or_ipo_signal_in_text,3,50,50.0,2,0,0,0,0,0,0,rules_only_no_llm_balance,0.0,0.0,0.0,5.0,5.0,5.0,50.0,0.0,rules_only,duplicate_dedupe|basis:website_host,Yashhtej Industries (India) Limited,website_host
Kahali Craftistics Limited,"Registration Centre pursuant to a certificate of incorporation dated January 19, 2023 bearing Corporate Identification Number (",unspecified_see_drhp,www.bigshareonline.com; www.fedsec.in; www.kahalicraftistics.com,Extract from restated financials in DRHP (pattern not matched).,no_structured_differentiation_tag,Promoter names not machine-extracted from sampled DRHP pages; verify in IPO prospectus or LinkedIn.,No explicit expansion/hiring/certification keywords in sampled pages — check MD&A / risk factors in full DRHP.,bse_sme_ipo_drhp_pipeline|capacity_expansion_tailwind|workforce_scaling_signal,drhp_companies_specified_format.csv+final_merged_dsir_promoters.csv,,See DRHP ‘Industry / Business overview’ section.,no_structured_differentiation_tag|bse_sme_ipo_drhp_pipeline|capacity_expansion_tailwind|workforce_scaling_signal|no_explicit_expansion|hiring|certification_keywords_in_sampled_pages_—_check_md&a|risk_factors_in_full_drhp,0,not_classified_manufacturer,0,weak_location_signal,0,no_differentiation_evidence,0,no_promoter_extract,1,sector_or_macro_tailwind_tags,1,growth_or_ipo_signal_in_text,2,33,35.0,2,0,0,0,0,0,0,rules_only_no_llm_balance,0.0,0.0,0.0,0.0,5.0,5.0,35.0,0.0,rules_only,duplicate_dedupe|basis:website_host,Shine Fashions (India) Limited,website_host
Kahan Packaging Limited,Little or no extractable text (likely scanned PDF — needs OCR).,unknown,,unknown,no_structured_differentiation_tag,Promoter names not machine-extracted from sampled DRHP pages; verify in IPO prospectus or LinkedIn.,Not assessed (no machine-readable text).,bse_sme_ipo_drhp_pipeline,drhp_companies_specified_format.csv+final_merged_dsir_promoters.csv,,,no_structured_differentiation_tag|bse_sme_ipo_drhp_pipeline|not_assessed_(no_machine-readable_text),0,not_classified_manufacturer,0,weak_location_signal,0,no_differentiation_evidence,0,no_promoter_extract,1,sector_or_macro_tailwind_tags,0,weak_growth_signal,1,17,15.0,2,0,0,0,0,0,0,rules_only_no_llm_balance,0.0,0.0,0.0,0.0,5.0,0.0,15.0,0.0,rules_only,no_website_url,,
Kaka Industries Limited,Little or no extractable text (likely scanned PDF — needs OCR).,unknown,,unknown,no_structured_differentiation_tag,DRHP: Mr. Akun Goyal Email,Not assessed (no machine-readable text).,bse_sme_ipo_drhp_pipeline,drhp_companies_specified_format.csv+final_merged_dsir_promoters.csv,,,no_structured_differentiation_tag|bse_sme_ipo_drhp_pipeline|not_assessed_(no_machine-readable_text),0,not_classified_manufacturer,0,weak_location_signal,0,no_differentiation_evidence,1,named_individuals_in_promoter_field,1,sector_or_macro_tailwind_tags,0,weak_growth_signal,2,33,30.0,3,0,0,0,0,0,0,rules_only_no_llm_balance,0.0,0.0,0.0,5.0,5.0,0.0,30.0,0.0,rules_only,no_website_url,,
Kalyani Cast-Tech Limited,Little or no extractable text (likely scanned PDF — needs OCR).,unspecified_see_drhp,www.bigshareonline.com; www.gretexcorporate.com; www.kalyanicasttech.com,Extract from restated financials in DRHP (pattern not matched).,no_structured_differentiation_tag,DRHP: Mr. Pankaj Kumar Company Secretary; Ms. Neha Maiya; Mr. Pankaj Kumar; Mr. Naresh Kumar; Mr. Javed Aslam; Mr. Nathmal Bangani; Ms. Kamala Kumari Jain; Ms. Muskan Bangani DETAILS OF THE ISSUE; Ms. Muskan Bangani,No explicit expansion/hiring/certification keywords in sampled pages — check MD&A / risk factors in full DRHP.,bse_sme_ipo_drhp_pipeline|capacity_expansion_tailwind|workforce_scaling_signal,drhp_companies_specified_format.csv+final_merged_dsir_promoters.csv,,See DRHP ‘Industry / Business overview’ section.,no_structured_differentiation_tag|bse_sme_ipo_drhp_pipeline|capacity_expansion_tailwind|workforce_scaling_signal|no_explicit_expansion|hiring|certification_keywords_in_sampled_pages_—_check_md&a|risk_factors_in_full_drhp,0,not_classified_manufacturer,0,weak_location_signal,0,no_differentiation_evidence,1,named_individuals_in_promoter_field,1,sector_or_macro_tailwind_tags,1,growth_or_ipo_signal_in_text,3,50,50.0,3,0,0,0,0,0,0,rules_only_no_llm_balance,0.0,0.0,0.0,5.0,5.0,5.0,50.0,0.0,rules_only,duplicate_dedupe|basis:website_host,Shine Fashions (India) Limited,website_host
Kanishk Aluminium India Limited,Processing Centre. Our Company’s Corporate Identity Number is,unspecified_see_drhp,https://kanishkindia.co.in/; www.kfintech.com; www.suncapitalservices.co.in,Extract from restated financials in DRHP (pattern not matched).,no_structured_differentiation_tag,DRHP: Ms. Prachi Mittal PROMOTERS OF OUR; Mr. Parmanand Agarwal Date,No explicit expansion/hiring/certification keywords in sampled pages — check MD&A / risk factors in full DRHP.,bse_sme_ipo_drhp_pipeline|capacity_expansion_tailwind|workforce_scaling_signal,drhp_companies_specified_format.csv+final_merged_dsir_promoters.csv,,See DRHP ‘Industry / Business overview’ section.,no_structured_differentiation_tag|bse_sme_ipo_drhp_pipeline|capacity_expansion_tailwind|workforce_scaling_signal|no_explicit_expansion|hiring|certification_keywords_in_sampled_pages_—_check_md&a|risk_factors_in_full_drhp,0,not_classified_manufacturer,0,weak_location_signal,0,no_differentiation_evidence,1,named_individuals_in_promoter_field,1,sector_or_macro_tailwind_tags,1,growth_or_ipo_signal_in_text,3,50,50.0,2,0,0,0,0,0,0,rules_only_no_llm_balance,0.0,0.0,0.0,5.0,5.0,5.0,50.0,0.0,rules_only,duplicate_dedupe|basis:website_host,Safecure Services Limited,website_host
Karbonsteel Engineering Limited,"TELEPHONE WEBSITE B-8; Ratnadeep Cosmopolitan Chs Ltd, 140-141 S",unspecified_see_drhp,https://serencapital.in/; https://www.karbonsteel.com/; www.maashitla.com,Extract from restated financials in DRHP (pattern not matched).,no_structured_differentiation_tag,Promoter names not machine-extracted from sampled DRHP pages; verify in IPO prospectus or LinkedIn.,facility expansion,bse_sme_ipo_drhp_pipeline|capacity_expansion_tailwind,drhp_companies_specified_format.csv+final_merged_dsir_promoters.csv,,See DRHP ‘Industry / Business overview’ section.,no_structured_differentiation_tag|bse_sme_ipo_drhp_pipeline|capacity_expansion_tailwind|facility_expansion,0,not_classified_manufacturer,0,weak_location_signal,0,no_differentiation_evidence,0,no_promoter_extract,1,sector_or_macro_tailwind_tags,1,growth_or_ipo_signal_in_text,2,33,35.0,2,0,0,0,0,0,0,rules_only_no_llm_balance,0.0,0.0,0.0,0.0,5.0,5.0,35.0,0.0,rules_only,duplicate_dedupe|basis:website_host,Recode Studios Limited,website_host
Karma Ecotech Limited,Little or no extractable text (likely scanned PDF — needs OCR).,unknown,,unknown,no_structured_differentiation_tag,DRHP: Mr. Nimit Aggarwal DETAILS OF THE ISSUE,Not assessed (no machine-readable text).,bse_sme_ipo_drhp_pipeline,drhp_companies_specified_format.csv+final_merged_dsir_promoters.csv,,,no_structured_differentiation_tag|bse_sme_ipo_drhp_pipeline|not_assessed_(no_machine-readable_text),0,not_classified_manufacturer,0,weak_location_signal,0,no_differentiation_evidence,1,named_individuals_in_promoter_field,1,sector_or_macro_tailwind_tags,0,weak_growth_signal,2,33,30.0,2,0,0,0,0,0,0,rules_only_no_llm_balance,0.0,0.0,0.0,5.0,5.0,0.0,30.0,0.0,rules_only,no_website_url,,
Kasturi Metal Composite Limited,PDF parse error: PdfStreamError,unknown,,unknown,no_structured_differentiation_tag,Could not download DRHP PDF/ZIP for promoter extraction.,,bse_sme_ipo_drhp_pipeline,drhp_companies_specified_format.csv+final_merged_dsir_promoters.csv,,,no_structured_differentiation_tag|bse_sme_ipo_drhp_pipeline,0,not_classified_manufacturer,0,weak_location_signal,0,no_differentiation_evidence,0,no_promoter_extract,1,sector_or_macro_tailwind_tags,0,weak_growth_signal,1,17,15.0,2,0,0,0,0,0,0,rules_only_no_llm_balance,0.0,0.0,0.0,0.0,5.0,0.0,15.0,0.0,rules_only,no_website_url,,
Kedarnath Industries Limited,Little or no extractable text (likely scanned PDF — needs OCR).,unknown,,unknown,no_structured_differentiation_tag,DRHP: Mr. Jitendra Singh Rathore; Mr. Rohit Mittal Promoter Group; Mr. Rohit Mittal,Not assessed (no machine-readable text).,bse_sme_ipo_drhp_pipeline,drhp_companies_specified_format.csv+final_merged_dsir_promoters.csv,,,no_structured_differentiation_tag|bse_sme_ipo_drhp_pipeline|not_assessed_(no_machine-readable_text),0,not_classified_manufacturer,0,weak_location_signal,0,no_differentiation_evidence,1,named_individuals_in_promoter_field,1,sector_or_macro_tailwind_tags,0,weak_growth_signal,2,33,30.0,2,0,0,0,0,0,0,rules_only_no_llm_balance,0.0,0.0,0.0,5.0,5.0,0.0,30.0,0.0,rules_only,no_website_url,,
Kelson Foods Limited - (Withdrawn),Little or no extractable text (likely scanned PDF — needs OCR).,unknown,,unknown,no_structured_differentiation_tag,DRHP: Kishan Tekchandani; Raina Tekchandani,Not assessed (no machine-readable text).,bse_sme_ipo_drhp_pipeline,drhp_companies_specified_format.csv+final_merged_dsir_promoters.csv,,,no_structured_differentiation_tag|bse_sme_ipo_drhp_pipeline|not_assessed_(no_machine-readable_text),0,not_classified_manufacturer,0,weak_location_signal,0,no_differentiation_evidence,1,rich_drhp_promoter_blob,1,sector_or_macro_tailwind_tags,0,weak_growth_signal,2,33,30.0,2,0,0,0,0,0,0,rules_only_no_llm_balance,0.0,0.0,0.0,5.0,5.0,0.0,30.0,0.0,rules_only,no_website_url,,
Kenrik Industries Limited,"of Our Company, please refer to section titled “Our History and Certain Corporate Matters” beginning on page no",unspecified_see_drhp,https://tcagroup.in; www.kenrikindustries.net; www.skylinerta.com,₹25–100 Cr (approx from lakhs),no_structured_differentiation_tag,DRHP: Mrs. Kiran Nitesh Prajapati; Mrs. Kiran Nitesh Prajapati Company Secretary; Mr. Heemadri Mukerjea Telephone; Mr. Anuj Rana Telephone; Mr. Nitin Dalpat Lal Shah; Mr. Nihar Nitinbhai Shah; Ms. Manisha Nitinkumar Shah,No explicit expansion/hiring/certification keywords in sampled pages — check MD&A / risk factors in full DRHP.,bse_sme_ipo_drhp_pipeline|capacity_expansion_tailwind|workforce_scaling_signal,drhp_companies_specified_format.csv+final_merged_dsir_promoters.csv,,See DRHP ‘Industry / Business overview’ section.,no_structured_differentiation_tag|bse_sme_ipo_drhp_pipeline|capacity_expansion_tailwind|workforce_scaling_signal|no_explicit_expansion|hiring|certification_keywords_in_sampled_pages_—_check_md&a|risk_factors_in_full_drhp,0,not_classified_manufacturer,0,weak_location_signal,0,no_differentiation_evidence,1,named_individuals_in_promoter_field,1,sector_or_macro_tailwind_tags,1,growth_or_ipo_signal_in_text,3,50,50.0,2,0,0,0,0,0,0,rules_only_no_llm_balance,0.0,0.0,0.0,5.0,5.0,5.0,50.0,0.0,rules_only,duplicate_dedupe|basis:website_host,STITCHED TEXTILES LIMITED,website_host
Kesar India Limited,Little or no extractable text (likely scanned PDF — needs OCR).,unknown,,unknown,no_structured_differentiation_tag,Promoter names not machine-extracted from sampled DRHP pages; verify in IPO prospectus or LinkedIn.,Not assessed (no machine-readable text).,bse_sme_ipo_drhp_pipeline,drhp_companies_specified_format.csv,,,no_structured_differentiation_tag|bse_sme_ipo_drhp_pipeline|not_assessed_(no_machine-readable_text),0,not_classified_manufacturer,0,weak_location_signal,0,no_differentiation_evidence,0,no_promoter_extract,1,sector_or_macro_tailwind_tags,0,weak_growth_signal,1,17,15.0,1,0,0,0,0,0,0,rules_only_no_llm_balance,0.0,0.0,0.0,0.0,5.0,0.0,15.0,0.0,rules_only,no_website_url,,
Kesar India Limited,Little or no extractable text (likely scanned PDF — needs OCR).,unknown,,unknown,no_structured_differentiation_tag,Promoter names not machine-extracted from sampled DRHP pages; verify in IPO prospectus or LinkedIn.,Not assessed (no machine-readable text).,bse_sme_ipo_drhp_pipeline,final_merged_dsir_promoters.csv,,,no_structured_differentiation_tag|bse_sme_ipo_drhp_pipeline|not_assessed_(no_machine-readable_text),0,not_classified_manufacturer,0,weak_location_signal,0,no_differentiation_evidence,0,no_promoter_extract,1,sector_or_macro_tailwind_tags,0,weak_growth_signal,1,17,15.0,1,0,0,0,0,0,0,rules_only_no_llm_balance,0.0,0.0,0.0,0.0,5.0,0.0,15.0,0.0,rules_only,no_website_url,,
Khazanchi Jewellers Limited,Little or no extractable text (likely scanned PDF — needs OCR).,unknown,,unknown,no_structured_differentiation_tag,DRHP: Ms. Sakshi Jain; Mr Tarachand Mehta; Mr. Goutham Promoter Group Persons,Not assessed (no machine-readable text).,bse_sme_ipo_drhp_pipeline,drhp_companies_specified_format.csv+final_merged_dsir_promoters.csv,,,no_structured_differentiation_tag|bse_sme_ipo_drhp_pipeline|not_assessed_(no_machine-readable_text),0,not_classified_manufacturer,0,weak_location_signal,0,no_differentiation_evidence,1,named_individuals_in_promoter_field,1,sector_or_macro_tailwind_tags,0,weak_growth_signal,2,33,30.0,2,0,0,0,0,0,0,rules_only_no_llm_balance,0.0,0.0,0.0,5.0,5.0,0.0,30.0,0.0,rules_only,no_website_url,,
Khyati Global Ventures Limited,117 of this Draft Prospectus.,unspecified_see_drhp,www.afsl.co.in; www.bigshareonline.com; www.kgv.co.in,Extract from restated financials in DRHP (pattern not matched).,no_structured_differentiation_tag,Promoter names not machine-extracted from sampled DRHP pages; verify in IPO prospectus or LinkedIn.,No explicit expansion/hiring/certification keywords in sampled pages — check MD&A / risk factors in full DRHP.,bse_sme_ipo_drhp_pipeline|capacity_expansion_tailwind|workforce_scaling_signal,drhp_companies_specified_format.csv+final_merged_dsir_promoters.csv,,See DRHP ‘Industry / Business overview’ section.,no_structured_differentiation_tag|bse_sme_ipo_drhp_pipeline|capacity_expansion_tailwind|workforce_scaling_signal|no_explicit_expansion|hiring|certification_keywords_in_sampled_pages_—_check_md&a|risk_factors_in_full_drhp,0,not_classified_manufacturer,0,weak_location_signal,0,no_differentiation_evidence,0,no_promoter_extract,1,sector_or_macro_tailwind_tags,1,growth_or_ipo_signal_in_text,2,33,35.0,2,0,0,0,0,0,0,rules_only_no_llm_balance,0.0,0.0,0.0,0.0,5.0,5.0,35.0,0.0,rules_only,duplicate_dedupe|basis:website_host,Shine Fashions (India) Limited,website_host
KK Shah Hospitals Limited,Little or no extractable text (likely scanned PDF — needs OCR).,unspecified_see_drhp,www.fedsec.in; www.shahhospitalratla; www.shahhospitalratlam.com; www.shreni.in,Extract from restated financials in DRHP (pattern not matched).,no_structured_differentiation_tag,DRHP: Ms. Saloni Badjatya Company Secretary; Mr. Saipan Sanghvi SEBI Registration Number; Mr. Parth Shah; Ms. Kritika Rupda SEBI Registr; Ms. Kritika Rupda SEBI Registration Number; Dr. Kirti Kumar Shah; Ms. Saloni Badjatya; Dr. Amit Shah; Dr. Kirti Kumar Shah Promoter Group Such; Dr. Amit Shah Company Secretary,Not assessed (no machine-readable text).,bse_sme_ipo_drhp_pipeline,drhp_companies_specified_format.csv+final_merged_dsir_promoters.csv,,See DRHP ‘Industry / Business overview’ section.,no_structured_differentiation_tag|bse_sme_ipo_drhp_pipeline|not_assessed_(no_machine-readable_text),0,not_classified_manufacturer,0,weak_location_signal,0,no_differentiation_evidence,1,named_individuals_in_promoter_field,1,sector_or_macro_tailwind_tags,0,weak_growth_signal,2,33,30.0,3,0,0,0,0,0,0,rules_only_no_llm_balance,0.0,0.0,0.0,5.0,5.0,0.0,30.0,0.0,rules_only,duplicate_dedupe|basis:website_host,Shine Fashions (India) Limited,website_host
KP Green Engineering Limited,LOCATED),unspecified_see_drhp,www.beelinemb.com; www.bigshareonline.com; www.kpgreenengineering.com,Extract from restated financials in DRHP (pattern not matched).,no_structured_differentiation_tag,DRHP: Mr. Saurabh Sharma PROMOTERS OF OUR; Mr. Muinulhaque Iqbalhusen Kadva Whole Time Director; Mr. Hassan Faruk Patel; Dr. Farukbhai Gulambhai Patel; Mr. Hassan Faruk Patel Page; Mr. Hassan Faruk Patel. For,subsidiary / group structure,bse_sme_ipo_drhp_pipeline,drhp_companies_specified_format.csv+final_merged_dsir_promoters.csv,,See DRHP ‘Industry / Business overview’ section.,no_structured_differentiation_tag|bse_sme_ipo_drhp_pipeline|subsidiary|group_structure,0,not_classified_manufacturer,0,weak_location_signal,0,no_differentiation_evidence,1,named_individuals_in_promoter_field,1,sector_or_macro_tailwind_tags,0,weak_growth_signal,2,33,30.0,2,0,0,0,0,0,0,rules_only_no_llm_balance,0.0,0.0,0.0,5.0,5.0,0.0,30.0,0.0,rules_only,duplicate_dedupe|basis:website_host,SK International Export Limited,website_host
Kranti Industries Limited,Little or no extractable text (likely scanned PDF — needs OCR).,unknown,,unknown,no_structured_differentiation_tag,DRHP: Mr. Bhavesh Subhash Selarka; Mrs. Sheela Dhawale. Company Secretary; Mr. Bhavesh Subhash Selarka. Equity Shares Equity; Mr. Sachin Subhash Vora; Mr. Sumit Subhash Vora; Mrs. Indubala Subhash Vora For; Mrs. Basanti Kundanmal Vora Stakeholders,Not assessed (no machine-readable text).,bse_sme_ipo_drhp_pipeline,drhp_companies_specified_format.csv+final_merged_dsir_promoters.csv,,,no_structured_differentiation_tag|bse_sme_ipo_drhp_pipeline|not_assessed_(no_machine-readable_text),0,not_classified_manufacturer,0,weak_location_signal,0,no_differentiation_evidence,1,named_individuals_in_promoter_field,1,sector_or_macro_tailwind_tags,0,weak_growth_signal,2,33,30.0,2,0,0,0,0,0,0,rules_only_no_llm_balance,0.0,0.0,0.0,5.0,5.0,0.0,30.0,0.0,rules_only,no_website_url,,
Kratikal Tech Limited,"Deputy Registrar of Companies/ Registrar of Companies, Central Processing Centre",unspecified_see_drhp,https://kratikal.com; www.beelinemb.com; www.kfintech.com,₹5–25 Cr (approx from lakhs),iso_certification_mention,DRHP: Mr. Anmol Gupta PROMOTERS OF OUR; directors on the boards of our subsidiaries,ISO certification mentioned; digital / hiring channel mention; subsidiary / group structure,bse_sme_ipo_drhp_pipeline|workforce_scaling_signal,drhp_companies_specified_format.csv+final_merged_dsir_promoters.csv,U62099UP2013PLC060625,See DRHP ‘Industry / Business overview’ section.,iso_certification_mention|bse_sme_ipo_drhp_pipeline|workforce_scaling_signal|iso_certification_mentioned|digital|hiring_channel_mention|subsidiary|group_structure,0,not_classified_manufacturer,0,weak_location_signal,1,cert_or_patent_evidence,1,named_individuals_in_promoter_field,1,sector_or_macro_tailwind_tags,1,growth_or_ipo_signal_in_text,4,67,70.0,2,0,0,0,0,0,0,rules_only_no_llm_balance,0.0,0.0,5.0,5.0,5.0,5.0,70.0,0.0,rules_only,duplicate_dedupe|basis:website_host,SK International Export Limited,website_host
Kuberan Global Edu Solutions Limited,Little or no extractable text (likely scanned PDF — needs OCR).,unknown,,unknown,no_structured_differentiation_tag,Promoter names not machine-extracted from sampled DRHP pages; verify in IPO prospectus or LinkedIn.,Not assessed (no machine-readable text).,bse_sme_ipo_drhp_pipeline,drhp_companies_specified_format.csv+final_merged_dsir_promoters.csv,,,no_structured_differentiation_tag|bse_sme_ipo_drhp_pipeline|not_assessed_(no_machine-readable_text),0,not_classified_manufacturer,0,weak_location_signal,0,no_differentiation_evidence,0,no_promoter_extract,1,sector_or_macro_tailwind_tags,0,weak_growth_signal,1,17,15.0,2,0,0,0,0,0,0,rules_only_no_llm_balance,0.0,0.0,0.0,0.0,5.0,0.0,15.0,0.0,rules_only,no_website_url,,
Kumjai Farms Limited,Little or no extractable text (likely scanned PDF — needs OCR).,unknown,,unknown,no_structured_differentiation_tag,DRHP: JITENDRA SUDAM KULKARNI AND GAYATRI JITENDRA KULKARNI; Mr. Aniket Chindarkar SEBI Registration No,Not assessed (no machine-readable text).,bse_sme_ipo_drhp_pipeline,drhp_companies_specified_format.csv+final_merged_dsir_promoters.csv,,,no_structured_differentiation_tag|bse_sme_ipo_drhp_pipeline|not_assessed_(no_machine-readable_text),0,not_classified_manufacturer,0,weak_location_signal,0,no_differentiation_evidence,1,named_individuals_in_promoter_field,1,sector_or_macro_tailwind_tags,0,weak_growth_signal,2,33,30.0,2,0,0,0,0,0,0,rules_only_no_llm_balance,0.0,0.0,0.0,5.0,5.0,0.0,30.0,0.0,rules_only,no_website_url,,
Kwick Forensic Solutions Limited,Sales & Marketing (On-site),unspecified_see_drhp,https://ccvindia.com/mb/; https://kwickforensic.com/; www.bigshareonline.com,Extract from restated financials in DRHP (pattern not matched).,no_structured_differentiation_tag,DRHP: Ms. Selvakumar Krithika; Ms. Harpreet Parashar Tel. No; Mr. Babu Rapheal C. Tel No,No explicit expansion/hiring/certification keywords in sampled pages — check MD&A / risk factors in full DRHP.,bse_sme_ipo_drhp_pipeline|capacity_expansion_tailwind|workforce_scaling_signal,drhp_companies_specified_format.csv+final_merged_dsir_promoters.csv,,See DRHP ‘Industry / Business overview’ section.,no_structured_differentiation_tag|bse_sme_ipo_drhp_pipeline|capacity_expansion_tailwind|workforce_scaling_signal|no_explicit_expansion|hiring|certification_keywords_in_sampled_pages_—_check_md&a|risk_factors_in_full_drhp,0,not_classified_manufacturer,0,weak_location_signal,0,no_differentiation_evidence,1,named_individuals_in_promoter_field,1,sector_or_macro_tailwind_tags,1,growth_or_ipo_signal_in_text,3,50,50.0,3,0,0,0,0,0,0,rules_only_no_llm_balance,0.0,0.0,0.0,5.0,5.0,5.0,50.0,0.0,rules_only,duplicate_dedupe|basis:website_host,Droneacharya Aerial Innovations Limited,website_host
L.K.Mehta Polymers Limited,Little or no extractable text (likely scanned PDF — needs OCR).,unknown,,unknown,no_structured_differentiation_tag,DRHP: Ms. Pooja Wadhvani; Mr. Mohit R. Goyal Email Id; Mr. Babu Rapheal; Mr. Kamlesh Mehta; Mr. Rina Mehta; Ms. Aashi Mehta. Company Secretary; Mrs. Pooja Wadhvani. Depositories Act The Depositories; Mrs. Rina Mehta. For; Mrs. Rina Mehta; Ms. Aashi Mehta,Not assessed (no machine-readable text).,bse_sme_ipo_drhp_pipeline,drhp_companies_specified_format.csv+final_merged_dsir_promoters.csv,,,no_structured_differentiation_tag|bse_sme_ipo_drhp_pipeline|not_assessed_(no_machine-readable_text),0,not_classified_manufacturer,0,weak_location_signal,0,no_differentiation_evidence,1,named_individuals_in_promoter_field,1,sector_or_macro_tailwind_tags,0,weak_growth_signal,2,33,30.0,2,0,0,0,0,0,0,rules_only_no_llm_balance,0.0,0.0,0.0,5.0,5.0,0.0,30.0,0.0,rules_only,no_website_url,,
LABDHI COMMERCIALS LIMITED,Little or no extractable text (likely scanned PDF — needs OCR).,unspecified_see_drhp,www.bigshareonline.com; www.focl.in; www.labdhi.co.in,Extract from restated financials in DRHP (pattern not matched).,no_structured_differentiation_tag,DRHP: Mr. Nikunj Mahendrabhai Kanabar; Mr. Nikunj Mahendrabhai Kanabar. Corporate Identification Number; Mr. Manoj Kantilal Raka. MOA; Mr. Manoj Kantilal Raka; Mrs. Rakhi Manoj Raka. Promoter Group Such,Not assessed (no machine-readable text).,bse_sme_ipo_drhp_pipeline,drhp_companies_specified_format.csv+final_merged_dsir_promoters.csv,,See DRHP ‘Industry / Business overview’ section.,no_structured_differentiation_tag|bse_sme_ipo_drhp_pipeline|not_assessed_(no_machine-readable_text),0,not_classified_manufacturer,0,weak_location_signal,0,no_differentiation_evidence,1,named_individuals_in_promoter_field,1,sector_or_macro_tailwind_tags,0,weak_growth_signal,2,33,30.0,3,0,0,0,0,0,0,rules_only_no_llm_balance,0.0,0.0,0.0,5.0,5.0,0.0,30.0,0.0,rules_only,duplicate_dedupe|basis:website_host,Yashhtej Industries (India) Limited,website_host
Labelkraft Technologies Limited,Little or no extractable text (likely scanned PDF — needs OCR).,unknown,,unknown,no_structured_differentiation_tag,DRHP: Mr. Mritunjay Kumar; Mr. Sourabh Garg Email; Mr. Babu Rapheal Email; Mr. Ranjeet Kumar Solanki DETAILS OF,Not assessed (no machine-readable text).,bse_sme_ipo_drhp_pipeline,drhp_companies_specified_format.csv+final_merged_dsir_promoters.csv,,,no_structured_differentiation_tag|bse_sme_ipo_drhp_pipeline|not_assessed_(no_machine-readable_text),0,not_classified_manufacturer,0,weak_location_signal,0,no_differentiation_evidence,1,named_individuals_in_promoter_field,1,sector_or_macro_tailwind_tags,0,weak_growth_signal,2,33,30.0,3,0,0,0,0,0,0,rules_only_no_llm_balance,0.0,0.0,0.0,5.0,5.0,0.0,30.0,0.0,rules_only,no_website_url,,
Landmark Immigration Consultants Limited,over such premises,unspecified_see_drhp,www.kfintech.com; www.landmarkimmigration.com; www.shreni.in,₹3 Cr (stated),no_structured_differentiation_tag,DRHP: Ms. Charanchit Kaur; Mr. Jasmeet Singh Bhatia Chairman; Ms. Tanya Goyal Website,hiring / recruitment,bse_sme_ipo_drhp_pipeline|workforce_scaling_signal,drhp_companies_specified_format.csv+final_merged_dsir_promoters.csv,,See DRHP ‘Industry / Business overview’ section.,no_structured_differentiation_tag|bse_sme_ipo_drhp_pipeline|workforce_scaling_signal|hiring|recruitment,0,not_classified_manufacturer,0,weak_location_signal,0,no_differentiation_evidence,1,named_individuals_in_promoter_field,1,sector_or_macro_tailwind_tags,1,growth_or_ipo_signal_in_text,3,50,50.0,2,0,0,0,0,0,0,rules_only_no_llm_balance,0.0,0.0,0.0,5.0,5.0,5.0,50.0,0.0,rules_only,duplicate_dedupe|basis:website_host,Shine Fashions (India) Limited,website_host
LAPL Automotive Limited,Processing Centre,unspecified_see_drhp,https://laplautomotive.com/; www.maashitla.com; www.shcapl.com,Extract from restated financials in DRHP (pattern not matched).,iso_certification_mention,DRHP: NEERAJ SATYAPRAKASH GOYAL; SHUBHAM NEERAJ GOYAL AND ANITA NEERAJ GOYAL; Mr. Parth Shah E-mail,capex / capital expenditure; ISO certification mentioned,bse_sme_ipo_drhp_pipeline|capacity_expansion_tailwind,drhp_companies_specified_format.csv+final_merged_dsir_promoters.csv,U34300MH2004PLC149728,See DRHP ‘Industry / Business overview’ section.,iso_certification_mention|bse_sme_ipo_drhp_pipeline|capacity_expansion_tailwind|capex|capital_expenditure|iso_certification_mentioned,0,not_classified_manufacturer,0,weak_location_signal,1,cert_or_patent_evidence,1,named_individuals_in_promoter_field,1,sector_or_macro_tailwind_tags,1,growth_or_ipo_signal_in_text,4,67,70.0,2,0,0,0,0,0,0,rules_only_no_llm_balance,0.0,0.0,5.0,5.0,5.0,5.0,70.0,0.0,rules_only,duplicate_dedupe|basis:website_host,Nanta Tech Limited,website_host
LGT Business Connextions Limited,the Corporate Identification Number of our Company is U74999TN2016PLC112289. For further details of incorporation please refer to section titled “,unspecified_see_drhp,www.lgtholidays.com; www.markcorporateadvisors.com; www.skylinerta.com,Extract from restated financials in DRHP (pattern not matched).,no_structured_differentiation_tag,Promoter names not machine-extracted from sampled DRHP pages; verify in IPO prospectus or LinkedIn.,subsidiary / group structure,bse_sme_ipo_drhp_pipeline,drhp_companies_specified_format.csv+final_merged_dsir_promoters.csv,U74999TN2016PLC112289,See DRHP ‘Industry / Business overview’ section.,no_structured_differentiation_tag|bse_sme_ipo_drhp_pipeline|subsidiary|group_structure,0,not_classified_manufacturer,0,weak_location_signal,0,no_differentiation_evidence,0,no_promoter_extract,1,sector_or_macro_tailwind_tags,0,weak_growth_signal,1,17,15.0,2,0,0,0,0,0,0,rules_only_no_llm_balance,0.0,0.0,0.0,0.0,5.0,0.0,15.0,0.0,rules_only,duplicate_dedupe|basis:website_host,Panchatv Bharat limited,website_host
LIOTECH INDUSTRIES LIMITED,Registration Centre bearing,unspecified_see_drhp,www.kfintech.com; www.liotechindustries.in; www.wealthminenetworks.com,Extract from restated financials in DRHP (pattern not matched).,no_structured_differentiation_tag,Could not download DRHP PDF/ZIP for promoter extraction.,capex / capital expenditure; subsidiary / group structure,bse_sme_ipo_drhp_pipeline|capacity_expansion_tailwind,drhp_companies_specified_format.csv+final_merged_dsir_promoters.csv,,See DRHP ‘Industry / Business overview’ section.,no_structured_differentiation_tag|bse_sme_ipo_drhp_pipeline|capacity_expansion_tailwind|capex|capital_expenditure|subsidiary|group_structure,0,not_classified_manufacturer,0,weak_location_signal,0,no_differentiation_evidence,0,no_promoter_extract,1,sector_or_macro_tailwind_tags,1,growth_or_ipo_signal_in_text,2,33,35.0,3,0,0,0,0,0,0,rules_only_no_llm_balance,0.0,0.0,0.0,0.0,5.0,5.0,35.0,0.0,rules_only,duplicate_dedupe|basis:website_host,Seemax Resources Limited,website_host
Logiciel Solutions Limited,The registered office of our company is situated at H,unspecified_see_drhp,www.fintellectualadvisors.com; www.logiciel.io; www.maashitla.com,Extract from restated financials in DRHP (pattern not matched).,no_structured_differentiation_tag,DRHP: Mrs. Geetanjali Nerchehal PROMOTER OF OUR; Mrs. Geetanjali Nerchehal Company Secretary; Mr. Amit Puri; Mr. Pramod Negi SEBI Registration Number,digital / hiring channel mention; facility expansion,bse_sme_ipo_drhp_pipeline|capacity_expansion_tailwind|workforce_scaling_signal,drhp_companies_specified_format.csv+final_merged_dsir_promoters.csv,,See DRHP ‘Industry / Business overview’ section.,no_structured_differentiation_tag|bse_sme_ipo_drhp_pipeline|capacity_expansion_tailwind|workforce_scaling_signal|digital|hiring_channel_mention|facility_expansion,0,not_classified_manufacturer,0,weak_location_signal,0,no_differentiation_evidence,1,named_individuals_in_promoter_field,1,sector_or_macro_tailwind_tags,1,growth_or_ipo_signal_in_text,3,50,50.0,2,0,0,0,0,0,0,rules_only_no_llm_balance,0.0,0.0,0.0,5.0,5.0,5.0,50.0,0.0,rules_only,duplicate_dedupe|basis:website_host,R. P. Multimetals Limited,website_host
Luxury Time Limited,Identification Number of our Company is U74900DL2008PLC182377,unspecified_see_drhp,www.gyrcapitaladvisors.com; www.luxurytimeindia.com; www.masserv.com,Extract from restated financials in DRHP (pattern not matched).,no_structured_differentiation_tag,Could not download DRHP PDF/ZIP for promoter extraction.,No explicit expansion/hiring/certification keywords in sampled pages — check MD&A / risk factors in full DRHP.,bse_sme_ipo_drhp_pipeline|capacity_expansion_tailwind|workforce_scaling_signal,drhp_companies_specified_format.csv+final_merged_dsir_promoters.csv,U74900DL2008PLC182377,See DRHP ‘Industry / Business overview’ section.,no_structured_differentiation_tag|bse_sme_ipo_drhp_pipeline|capacity_expansion_tailwind|workforce_scaling_signal|no_explicit_expansion|hiring|certification_keywords_in_sampled_pages_—_check_md&a|risk_factors_in_full_drhp,0,not_classified_manufacturer,0,weak_location_signal,0,no_differentiation_evidence,0,no_promoter_extract,1,sector_or_macro_tailwind_tags,1,growth_or_ipo_signal_in_text,2,33,35.0,2,0,0,0,0,0,0,rules_only_no_llm_balance,0.0,0.0,0.0,0.0,5.0,5.0,35.0,0.0,rules_only,duplicate_dedupe|basis:website_host,Yashhtej Industries (India) Limited,website_host
M P K STEELS (I) LIMITED,Corporate Identification Number of the Company is U27109AS2005PLC007674,unspecified_see_drhp,www.gretexcorporate.com; www.maashitla.com; www.mpksteels.com,Extract from restated financials in DRHP (pattern not matched).,no_structured_differentiation_tag,DRHP: Ms. Priyanka Jain Company Secretary; Mr. Manoj Upadhyay; Mr. Suresh Kumar Sharma; Mrs. Nidhi Upadhyay; Mrs. Santosh Devi Sharma; Ms. Priyanka Jain,No explicit expansion/hiring/certification keywords in sampled pages — check MD&A / risk factors in full DRHP.,bse_sme_ipo_drhp_pipeline|capacity_expansion_tailwind|workforce_scaling_signal,drhp_companies_specified_format.csv,U27109AS2005PLC007674,See DRHP ‘Industry / Business overview’ section.,no_structured_differentiation_tag|bse_sme_ipo_drhp_pipeline|capacity_expansion_tailwind|workforce_scaling_signal|no_explicit_expansion|hiring|certification_keywords_in_sampled_pages_—_check_md&a|risk_factors_in_full_drhp,0,not_classified_manufacturer,0,weak_location_signal,0,no_differentiation_evidence,1,named_individuals_in_promoter_field,1,sector_or_macro_tailwind_tags,1,growth_or_ipo_signal_in_text,3,50,50.0,1,0,0,0,0,0,0,rules_only_no_llm_balance,0.0,0.0,0.0,5.0,5.0,5.0,50.0,0.0,rules_only,duplicate_dedupe|basis:website_host,Shine Fashions (India) Limited,website_host
M P K STEELS (I) LIMITED,100% Book Built Issue,unspecified_see_drhp,www.mpksteels.com,Extract from restated financials in DRHP (pattern not matched).,no_structured_differentiation_tag,DRHP: Ms. Priyanka Jain Company Secretary; Mr. Manoj Upadhyay; Mr. Suresh Kumar Sharma; Mrs. Nidhi Upadhyay; Mrs. Santosh Devi Sharma; Ms. Priyanka Jain,No explicit expansion/hiring/certification keywords in sampled pages — check MD&A / risk factors in full DRHP.,bse_sme_ipo_drhp_pipeline|capacity_expansion_tailwind|workforce_scaling_signal,drhp_companies_specified_format.csv+final_merged_dsir_promoters.csv,,See DRHP ‘Industry / Business overview’ section.,no_structured_differentiation_tag|bse_sme_ipo_drhp_pipeline|capacity_expansion_tailwind|workforce_scaling_signal|no_explicit_expansion|hiring|certification_keywords_in_sampled_pages_—_check_md&a|risk_factors_in_full_drhp,0,not_classified_manufacturer,0,weak_location_signal,0,no_differentiation_evidence,1,named_individuals_in_promoter_field,1,sector_or_macro_tailwind_tags,1,growth_or_ipo_signal_in_text,3,50,50.0,2,0,0,0,0,0,0,rules_only_no_llm_balance,0.0,0.0,0.0,5.0,5.0,5.0,50.0,0.0,rules_only,duplicate_dedupe|basis:website_host,Shine Fashions (India) Limited,website_host
MAAGH ADVERTISING AND MARKETING SERVICES LIMITED,Little or no extractable text (likely scanned PDF — needs OCR).,unknown,,unknown,no_structured_differentiation_tag,DRHP: Ms. Nidhi Jaiswal,Not assessed (no machine-readable text).,bse_sme_ipo_drhp_pipeline,drhp_companies_specified_format.csv+final_merged_dsir_promoters.csv,,,no_structured_differentiation_tag|bse_sme_ipo_drhp_pipeline|not_assessed_(no_machine-readable_text),0,not_classified_manufacturer,0,weak_location_signal,0,no_differentiation_evidence,1,named_individuals_in_promoter_field,1,sector_or_macro_tailwind_tags,0,weak_growth_signal,2,33,30.0,2,0,0,0,0,0,0,rules_only_no_llm_balance,0.0,0.0,0.0,5.0,5.0,0.0,30.0,0.0,rules_only,no_website_url,,
Macfos Limited,Little or no extractable text (likely scanned PDF — needs OCR).,unknown,,unknown,no_structured_differentiation_tag,DRHP: Mr. Sagar Subhash Gulhane; Mr. Binod Prasad CIN Corporate Identification Number,Not assessed (no machine-readable text).,bse_sme_ipo_drhp_pipeline,drhp_companies_specified_format.csv+final_merged_dsir_promoters.csv,,,no_structured_differentiation_tag|bse_sme_ipo_drhp_pipeline|not_assessed_(no_machine-readable_text),0,not_classified_manufacturer,0,weak_location_signal,0,no_differentiation_evidence,1,named_individuals_in_promoter_field,1,sector_or_macro_tailwind_tags,0,weak_growth_signal,2,33,30.0,2,0,0,0,0,0,0,rules_only_no_llm_balance,0.0,0.0,0.0,5.0,5.0,0.0,30.0,0.0,rules_only,no_website_url,,
Mafia Trends Limited,Little or no extractable text (likely scanned PDF — needs OCR).,unknown,,unknown,no_structured_differentiation_tag,Promoter names not machine-extracted from sampled DRHP pages; verify in IPO prospectus or LinkedIn.,Not assessed (no machine-readable text).,bse_sme_ipo_drhp_pipeline,drhp_companies_specified_format.csv+final_merged_dsir_promoters.csv,,,no_structured_differentiation_tag|bse_sme_ipo_drhp_pipeline|not_assessed_(no_machine-readable_text),0,not_classified_manufacturer,0,weak_location_signal,0,no_differentiation_evidence,0,no_promoter_extract,1,sector_or_macro_tailwind_tags,0,weak_growth_signal,1,17,15.0,2,0,0,0,0,0,0,rules_only_no_llm_balance,0.0,0.0,0.0,0.0,5.0,0.0,15.0,0.0,rules_only,no_website_url,,
MAGENTA LIFECARE LIMITED,"N P Patel Estate, A & T Padamla, Vadodara – 391350, Gujarat, India. NA Anita Kumawat , Company Secretary & Compliance Officer info@magentalifecare.com",unspecified_see_drhp,https://wisdom.cameoindia.com; https://www.magentamattresses.com; www.cameoindia.com; www.fedsec.in,Extract from restated financials in DRHP (pattern not matched).,no_structured_differentiation_tag,Promoter names not machine-extracted from sampled DRHP pages; verify in IPO prospectus or LinkedIn.,No explicit expansion/hiring/certification keywords in sampled pages — check MD&A / risk factors in full DRHP.,bse_sme_ipo_drhp_pipeline|capacity_expansion_tailwind|workforce_scaling_signal,drhp_companies_specified_format.csv+final_merged_dsir_promoters.csv,,See DRHP ‘Industry / Business overview’ section.,no_structured_differentiation_tag|bse_sme_ipo_drhp_pipeline|capacity_expansion_tailwind|workforce_scaling_signal|no_explicit_expansion|hiring|certification_keywords_in_sampled_pages_—_check_md&a|risk_factors_in_full_drhp,0,not_classified_manufacturer,1,india_location_signal,0,no_differentiation_evidence,0,no_promoter_extract,1,sector_or_macro_tailwind_tags,1,growth_or_ipo_signal_in_text,3,50,45.0,2,0,0,0,0,0,0,rules_only_no_llm_balance,0.0,5.0,0.0,0.0,5.0,5.0,45.0,0.0,rules_only,duplicate_dedupe|basis:website_host,Shine Fashions (India) Limited,website_host
Mahamaya Lifesciences Limited,"TELEPHONE WEBSITE Unit No: DPT – 033, Ground Floor, Plot No: 79 – 80, DLF Prime Tower, F – Block, Okhla, Phase – 1 New Delhi – 110020, India",unspecified_see_drhp,https://www.mahamayalifesciences.com/; www.kfintech.com; www.oneviewadvisors.com,Extract from restated financials in DRHP (pattern not matched).,iso_certification_mention,Mr. Krishnamurthy Ganesan,ISO certification mentioned,bse_sme_ipo_drhp_pipeline,drhp_companies_specified_format.csv+final_merged_dsir_promoters.csv,,See DRHP ‘Industry / Business overview’ section.,iso_certification_mention|bse_sme_ipo_drhp_pipeline|iso_certification_mentioned,0,not_classified_manufacturer,1,india_location_signal,1,cert_or_patent_evidence,1,named_individuals_in_promoter_field,1,sector_or_macro_tailwind_tags,1,growth_or_ipo_signal_in_text,5,83,80.0,2,0,0,0,0,0,0,rules_only_no_llm_balance,0.0,5.0,5.0,5.0,5.0,5.0,80.0,0.0,rules_only,duplicate_dedupe|basis:website_host,Qualitek Labs Limited,website_host
Mahip Industries Ltd,Little or no extractable text (likely scanned PDF — needs OCR).,unknown,,unknown,no_structured_differentiation_tag,DRHP: Ms. Annapoornaben Tarunkumar Agrawal; Mr. Lalit Kumar Verma Companies Act; Mr. Rajiv Govindram Agrawal; Mr. Rajesh Jain; Mr. Bansidhar Jain; Mrs. Anita Garg; Mr. Sanjeev Garg; Mrs. Renu Jain; Mrs. Kaushiya Jain Stakeholders Relationship Committee Stakeholder,Not assessed (no machine-readable text).,bse_sme_ipo_drhp_pipeline,drhp_companies_specified_format.csv+final_merged_dsir_promoters.csv,,,no_structured_differentiation_tag|bse_sme_ipo_drhp_pipeline|not_assessed_(no_machine-readable_text),0,not_classified_manufacturer,0,weak_location_signal,0,no_differentiation_evidence,1,named_individuals_in_promoter_field,1,sector_or_macro_tailwind_tags,0,weak_growth_signal,2,33,30.0,2,0,0,0,0,0,0,rules_only_no_llm_balance,0.0,0.0,0.0,5.0,5.0,0.0,30.0,0.0,rules_only,no_website_url,,
Maiden Forgings Limited,Little or no extractable text (likely scanned PDF — needs OCR).,unknown,,unknown,no_structured_differentiation_tag,DRHP: Ms. Monika Negi Company Secretary; Ms. Monika Negi; Mr. Nishant Garg; Ms. Nivedita Garg THE ISSUE INITIAL PUBLIC; Ms. Nivedita Garg,Not assessed (no machine-readable text).,bse_sme_ipo_drhp_pipeline,drhp_companies_specified_format.csv+final_merged_dsir_promoters.csv,,,no_structured_differentiation_tag|bse_sme_ipo_drhp_pipeline|not_assessed_(no_machine-readable_text),0,not_classified_manufacturer,0,weak_location_signal,0,no_differentiation_evidence,1,named_individuals_in_promoter_field,1,sector_or_macro_tailwind_tags,0,weak_growth_signal,2,33,30.0,2,0,0,0,0,0,0,rules_only_no_llm_balance,0.0,0.0,0.0,5.0,5.0,0.0,30.0,0.0,rules_only,no_website_url,,
Mangal compusolution limited,Corporate Identity Number (,unspecified_see_drhp,www.jawacapital.in; www.kfintech.com; www.mangalcompusolution.com,Extract from restated financials in DRHP (pattern not matched).,no_structured_differentiation_tag,DRHP: Ms. Foram Rakeshkumar Shah; Mr. Mukesh Khandubhai Desai; Mrs. Binny Pathik Desai; Ms. Archana Sharma SEBI Registration No; Mr. M.Murali Krish; Mr. M.Murali Krishna SEBI Registration No,subsidiary / group structure,bse_sme_ipo_drhp_pipeline,drhp_companies_specified_format.csv+final_merged_dsir_promoters.csv,,See DRHP ‘Industry / Business overview’ section.,no_structured_differentiation_tag|bse_sme_ipo_drhp_pipeline|subsidiary|group_structure,0,not_classified_manufacturer,0,weak_location_signal,0,no_differentiation_evidence,1,named_individuals_in_promoter_field,1,sector_or_macro_tailwind_tags,0,weak_growth_signal,2,33,30.0,2,0,0,0,0,0,0,rules_only_no_llm_balance,0.0,0.0,0.0,5.0,5.0,0.0,30.0,0.0,rules_only,duplicate_dedupe|basis:website_host,Riddhi Display Equipments Limited,website_host
Mangalam Alloys Limited,Little or no extractable text (likely scanned PDF — needs OCR).,unknown,,unknown,no_structured_differentiation_tag,DRHP: Mr. Viplove Singh Kushwah; Mr. Uttamchand Chandanmal Mehta; Mr. Tushar Uttamchand Mehta. Promoter Group Includes; Mr. Uttamchand Mehta; Mr. Maheshchand Jain. Stock Exchange Unless,Not assessed (no machine-readable text).,bse_sme_ipo_drhp_pipeline,drhp_companies_specified_format.csv+final_merged_dsir_promoters.csv,,,no_structured_differentiation_tag|bse_sme_ipo_drhp_pipeline|not_assessed_(no_machine-readable_text),0,not_classified_manufacturer,0,weak_location_signal,0,no_differentiation_evidence,1,named_individuals_in_promoter_field,1,sector_or_macro_tailwind_tags,0,weak_growth_signal,2,33,30.0,2,0,0,0,0,0,0,rules_only_no_llm_balance,0.0,0.0,0.0,5.0,5.0,0.0,30.0,0.0,rules_only,no_website_url,,
Manoj Ceramic Limited,Little or no extractable text (likely scanned PDF — needs OCR).,unknown,,unknown,no_structured_differentiation_tag,DRHP: Ms. Krupa Thakkar; Mr. Manoj Dharamshi Rakhasiya; Mrs. Anjana Manoj Rakhasiya; Mr. Dhruv Manoj Rakhasiya; Mrs. Manasvi Dhruv Rakhasiya; Ms. Deepali Dhuri Telephone; Mr. Akash Manoj Rakhasiya; Mr. Aakash Manoj Rakhasiya; Mr. Manoj Dha; Mr. Manoj Dharamshi Rakhasiya Director,Not assessed (no machine-readable text).,bse_sme_ipo_drhp_pipeline,drhp_companies_specified_format.csv+final_merged_dsir_promoters.csv,,,no_structured_differentiation_tag|bse_sme_ipo_drhp_pipeline|not_assessed_(no_machine-readable_text),0,not_classified_manufacturer,0,weak_location_signal,0,no_differentiation_evidence,1,named_individuals_in_promoter_field,1,sector_or_macro_tailwind_tags,0,weak_growth_signal,2,33,30.0,2,0,0,0,0,0,0,rules_only_no_llm_balance,0.0,0.0,0.0,5.0,5.0,0.0,30.0,0.0,rules_only,no_website_url,,
Manoj Jewellers Limited,PERSON EMAIL AND TELEPHONE WEBSITE,unspecified_see_drhp,http://www.manojjewellerslimited.com; https://manojjewellerslimited; www.jawacapital.in; www.skylinerta.com,Extract from restated financials in DRHP (pattern not matched).,no_structured_differentiation_tag,DRHP: Ms. Vaneeta Khanna; Ms. Vaneeta Khanna. DIN Directors Identification Number; Mr. Manoj Kumar. MOA; Mr. Manoj Kumar; Mr. Sunil Shantilal; Ms. Raj Kumari; Ms. Shalu. For; Mr. Shantilal Sammirmal Jain. Stakeholders Relationship Committee; Ms. Raj Kumari. KEY PERFORMANCE INDICATORS Key,Not assessed (no machine-readable text).,bse_sme_ipo_drhp_pipeline,drhp_companies_specified_format.csv+final_merged_dsir_promoters.csv,,See DRHP ‘Industry / Business overview’ section.,no_structured_differentiation_tag|bse_sme_ipo_drhp_pipeline|not_assessed_(no_machine-readable_text),0,not_classified_manufacturer,0,weak_location_signal,0,no_differentiation_evidence,1,named_individuals_in_promoter_field,1,sector_or_macro_tailwind_tags,0,weak_growth_signal,2,33,30.0,3,0,0,0,0,0,0,rules_only_no_llm_balance,0.0,0.0,0.0,5.0,5.0,0.0,30.0,0.0,rules_only,duplicate_dedupe|basis:website_host,Riddhi Display Equipments Limited,website_host
Marc Loire Fashions Limited,"Plot No. 426/1, First Floor, Rani Khera Road, Village Mundaka, West Delhi, Delhi, India, 110041. Vasant Kuber Soni Company Secretary & Compliance Officer Email ID: csvasant@marcloire.in Tel No: +91 62009 62002 https://marcloire.com/ NAMES OF PROMOTERS OF THE COMPANY Mr. Arvind Ka...",unspecified_see_drhp,https://marcloire.com/; www.finshoregroup.com; www.maashitla.com,Extract from restated financials in DRHP (pattern not matched).,iso_certification_mention,Mr. Arvind Kamboj,ISO certification mentioned,bse_sme_ipo_drhp_pipeline,drhp_companies_specified_format.csv+final_merged_dsir_promoters.csv,,See DRHP ‘Industry / Business overview’ section.,iso_certification_mention|bse_sme_ipo_drhp_pipeline|iso_certification_mentioned,0,not_classified_manufacturer,1,india_location_signal,1,cert_or_patent_evidence,1,named_individuals_in_promoter_field,1,sector_or_macro_tailwind_tags,1,growth_or_ipo_signal_in_text,5,83,80.0,2,0,0,0,0,0,0,rules_only_no_llm_balance,0.0,5.0,5.0,5.0,5.0,5.0,80.0,0.0,rules_only,duplicate_dedupe|basis:website_host,SK International Export Limited,website_host
Markolines Traffic Controls Limited,Little or no extractable text (likely scanned PDF — needs OCR).,unknown,,unknown,no_structured_differentiation_tag,DRHP: Mr. Parag Sudhir Jagdale; Mr. Sanjay Bhanudas Patil; Mr. Karan Atul Bora,Not assessed (no machine-readable text).,bse_sme_ipo_drhp_pipeline,drhp_companies_specified_format.csv+final_merged_dsir_promoters.csv,,,no_structured_differentiation_tag|bse_sme_ipo_drhp_pipeline|not_assessed_(no_machine-readable_text),0,not_classified_manufacturer,0,weak_location_signal,0,no_differentiation_evidence,1,named_individuals_in_promoter_field,1,sector_or_macro_tailwind_tags,0,weak_growth_signal,2,33,30.0,2,0,0,0,0,0,0,rules_only_no_llm_balance,0.0,0.0,0.0,5.0,5.0,0.0,30.0,0.0,rules_only,no_website_url,,
Maruti Interior Products Limited,Little or no extractable text (likely scanned PDF — needs OCR).,unknown,,unknown,no_structured_differentiation_tag,DRHP: Ms. Deepali Malpani; Mr. Paresh P. Lunagaria; Mr. Purushotam R. Lunagaria THE ISSUE PUBLIC; Mr. Purushotam R. Lunagaria Promoter Group Such; Mr. Nirmal P. Lunagaria Company Secretary; Ms. Deepali Malpani Director,Not assessed (no machine-readable text).,bse_sme_ipo_drhp_pipeline,drhp_companies_specified_format.csv+final_merged_dsir_promoters.csv,,,no_structured_differentiation_tag|bse_sme_ipo_drhp_pipeline|not_assessed_(no_machine-readable_text),0,not_classified_manufacturer,0,weak_location_signal,0,no_differentiation_evidence,1,named_individuals_in_promoter_field,1,sector_or_macro_tailwind_tags,0,weak_growth_signal,2,33,30.0,2,0,0,0,0,0,0,rules_only_no_llm_balance,0.0,0.0,0.0,5.0,5.0,0.0,30.0,0.0,rules_only,no_website_url,,
Max Supreme Textiles Ltd,"of our company, please see “History and Certain Corporate Matters” beginning on page139",unspecified_see_drhp,www.fedsec.in; www.kfintech.com; www.maxsupremetextiles.com,Extract from restated financials in DRHP (pattern not matched).,no_structured_differentiation_tag,Promoter names not machine-extracted from sampled DRHP pages; verify in IPO prospectus or LinkedIn.,No explicit expansion/hiring/certification keywords in sampled pages — check MD&A / risk factors in full DRHP.,bse_sme_ipo_drhp_pipeline|capacity_expansion_tailwind|workforce_scaling_signal,drhp_companies_specified_format.csv+final_merged_dsir_promoters.csv,,See DRHP ‘Industry / Business overview’ section.,no_structured_differentiation_tag|bse_sme_ipo_drhp_pipeline|capacity_expansion_tailwind|workforce_scaling_signal|no_explicit_expansion|hiring|certification_keywords_in_sampled_pages_—_check_md&a|risk_factors_in_full_drhp,0,not_classified_manufacturer,0,weak_location_signal,0,no_differentiation_evidence,0,no_promoter_extract,1,sector_or_macro_tailwind_tags,1,growth_or_ipo_signal_in_text,2,33,35.0,2,0,0,0,0,0,0,rules_only_no_llm_balance,0.0,0.0,0.0,0.0,5.0,5.0,35.0,0.0,rules_only,duplicate_dedupe|basis:website_host,Shine Fashions (India) Limited,website_host
Mayank Cattle Food Limited,Little or no extractable text (likely scanned PDF — needs OCR).,unknown,,unknown,no_structured_differentiation_tag,DRHP: Mrs. Payalben Mrugesh Pandya Company Secretary; Mr. S. Ramakrishna Iyengar Telephone; Ms. K. Sreepriya Telephone; Mr. Ankit Bharatbhai Vachhani; Mrs. Payalben Mrugesh Pandya,Not assessed (no machine-readable text).,bse_sme_ipo_drhp_pipeline,drhp_companies_specified_format.csv+final_merged_dsir_promoters.csv,,,no_structured_differentiation_tag|bse_sme_ipo_drhp_pipeline|not_assessed_(no_machine-readable_text),0,not_classified_manufacturer,0,weak_location_signal,0,no_differentiation_evidence,1,named_individuals_in_promoter_field,1,sector_or_macro_tailwind_tags,0,weak_growth_signal,2,33,30.0,2,0,0,0,0,0,0,rules_only_no_llm_balance,0.0,0.0,0.0,5.0,5.0,0.0,30.0,0.0,rules_only,no_website_url,,
Meera Industries Ltd,Little or no extractable text (likely scanned PDF — needs OCR).,unknown,,unknown,no_structured_differentiation_tag,DRHP: Ms. Bhavisha K. Khakhkhar; Mr. Dharmesh V. Desai; Mrs. Bijal D. Desai. Promoter Group Such,Not assessed (no machine-readable text).,bse_sme_ipo_drhp_pipeline,drhp_companies_specified_format.csv+final_merged_dsir_promoters.csv,,,no_structured_differentiation_tag|bse_sme_ipo_drhp_pipeline|not_assessed_(no_machine-readable_text),0,not_classified_manufacturer,0,weak_location_signal,0,no_differentiation_evidence,1,named_individuals_in_promoter_field,1,sector_or_macro_tailwind_tags,0,weak_growth_signal,2,33,30.0,2,0,0,0,0,0,0,rules_only_no_llm_balance,0.0,0.0,0.0,5.0,5.0,0.0,30.0,0.0,rules_only,no_website_url,,
Mehul Colours Limited,"TELEPHONE WEBSITE Unit No - A 305,306, Kemp Plaza, Link Road, Chincholi Bunder Road, Mind Space, Near Evershine Mall, Malad West, Mumbai, Maharashtra - 400064 Shilpa Karan Mehta, Company Secretary & Compliance Officer E-mail: info@mehulcolours.com Tel No: +91-22-2872 3555 / 2872 ...",unspecified_see_drhp,https://serencapital.in/; https://www.mehulcolours.com; www.bigshareonline.com,Extract from restated financials in DRHP (pattern not matched).,no_structured_differentiation_tag,Promoter names not machine-extracted from sampled DRHP pages; verify in IPO prospectus or LinkedIn.,facility expansion,bse_sme_ipo_drhp_pipeline|capacity_expansion_tailwind,drhp_companies_specified_format.csv+final_merged_dsir_promoters.csv,,See DRHP ‘Industry / Business overview’ section.,no_structured_differentiation_tag|bse_sme_ipo_drhp_pipeline|capacity_expansion_tailwind|facility_expansion,0,not_classified_manufacturer,1,india_location_signal,0,no_differentiation_evidence,0,no_promoter_extract,1,sector_or_macro_tailwind_tags,1,growth_or_ipo_signal_in_text,3,50,45.0,2,0,0,0,0,0,0,rules_only_no_llm_balance,0.0,5.0,0.0,0.0,5.0,5.0,45.0,0.0,rules_only,duplicate_dedupe|basis:website_host,Recode Studios Limited,website_host
Meson Valves India Limited,Little or no extractable text (likely scanned PDF — needs OCR).,unknown,,unknown,no_structured_differentiation_tag,DRHP: BRIJESH MADHAV MANERIKAR; SWAROOP RAGHUVIR NATEKAR; Mr. Parth Shah; Ms. Kritika Rupda E-mail,Not assessed (no machine-readable text).,bse_sme_ipo_drhp_pipeline,drhp_companies_specified_format.csv+final_merged_dsir_promoters.csv,,,no_structured_differentiation_tag|bse_sme_ipo_drhp_pipeline|not_assessed_(no_machine-readable_text),0,not_classified_manufacturer,0,weak_location_signal,0,no_differentiation_evidence,1,named_individuals_in_promoter_field,1,sector_or_macro_tailwind_tags,0,weak_growth_signal,2,33,30.0,2,0,0,0,0,0,0,rules_only_no_llm_balance,0.0,0.0,0.0,5.0,5.0,0.0,30.0,0.0,rules_only,no_website_url,,
Mish Designs Limited,"“we”, “us” or “our” Unless the context otherwise indicates or implies, refers to our Company",unspecified_see_drhp,www.afsl.co.in; www.bigshareonline.com; www.kfintech.com; www.mishindia.com,Extract from restated financials in DRHP (pattern not matched).,iso_certification_mention,Promoter names not machine-extracted from sampled DRHP pages; verify in IPO prospectus or LinkedIn.,ISO certification mentioned,bse_sme_ipo_drhp_pipeline,drhp_companies_specified_format.csv+final_merged_dsir_promoters.csv,,See DRHP ‘Industry / Business overview’ section.,iso_certification_mention|bse_sme_ipo_drhp_pipeline|iso_certification_mentioned,0,not_classified_manufacturer,0,weak_location_signal,1,cert_or_patent_evidence,0,no_promoter_extract,1,sector_or_macro_tailwind_tags,1,growth_or_ipo_signal_in_text,3,50,55.0,2,0,0,0,0,0,0,rules_only_no_llm_balance,0.0,0.0,5.0,0.0,5.0,5.0,55.0,0.0,rules_only,duplicate_dedupe|basis:website_host,Shine Fashions (India) Limited,website_host
Misquita Engineering Limited,Little or no extractable text (likely scanned PDF — needs OCR).,unknown,,unknown,no_structured_differentiation_tag,DRHP: Ms. Bhawini Surana; Mr. Thomas Constance Avinash Misquita; Ms. Gail Lucia Misquita Promoter Group Persons; Mr. Thomas Constance Avinash Misquita Stakeholders,Not assessed (no machine-readable text).,bse_sme_ipo_drhp_pipeline,drhp_companies_specified_format.csv+final_merged_dsir_promoters.csv,,,no_structured_differentiation_tag|bse_sme_ipo_drhp_pipeline|not_assessed_(no_machine-readable_text),0,not_classified_manufacturer,0,weak_location_signal,0,no_differentiation_evidence,1,named_individuals_in_promoter_field,1,sector_or_macro_tailwind_tags,0,weak_growth_signal,2,33,30.0,2,0,0,0,0,0,0,rules_only_no_llm_balance,0.0,0.0,0.0,5.0,5.0,0.0,30.0,0.0,rules_only,no_website_url,,
Mittal Sections Limited,with the Registrar of Companies,unspecified_see_drhp,www.bigshareonline.com; www.mittalsectionslimited.com; www.wealthminenetworks.com,Extract from restated financials in DRHP (pattern not matched).,no_structured_differentiation_tag,DRHP: Mr. Hirenkumar Babubahi Patel PROMOTERS OF,No explicit expansion/hiring/certification keywords in sampled pages — check MD&A / risk factors in full DRHP.,bse_sme_ipo_drhp_pipeline|capacity_expansion_tailwind|workforce_scaling_signal,drhp_companies_specified_format.csv+final_merged_dsir_promoters.csv,,See DRHP ‘Industry / Business overview’ section.,no_structured_differentiation_tag|bse_sme_ipo_drhp_pipeline|capacity_expansion_tailwind|workforce_scaling_signal|no_explicit_expansion|hiring|certification_keywords_in_sampled_pages_—_check_md&a|risk_factors_in_full_drhp,0,not_classified_manufacturer,0,weak_location_signal,0,no_differentiation_evidence,1,named_individuals_in_promoter_field,1,sector_or_macro_tailwind_tags,1,growth_or_ipo_signal_in_text,3,50,50.0,2,0,0,0,0,0,0,rules_only_no_llm_balance,0.0,0.0,0.0,5.0,5.0,5.0,50.0,0.0,rules_only,duplicate_dedupe|basis:website_host,Seemax Resources Limited,website_host
Modern Diagnostic & Research Centre Limited,PDF parse error: PdfStreamError,unknown,,unknown,no_structured_differentiation_tag,Could not download DRHP PDF/ZIP for promoter extraction.,,bse_sme_ipo_drhp_pipeline,drhp_companies_specified_format.csv+final_merged_dsir_promoters.csv,,,no_structured_differentiation_tag|bse_sme_ipo_drhp_pipeline,0,not_classified_manufacturer,0,weak_location_signal,0,no_differentiation_evidence,0,no_promoter_extract,1,sector_or_macro_tailwind_tags,0,weak_growth_signal,1,17,15.0,2,0,0,0,0,0,0,rules_only_no_llm_balance,0.0,0.0,0.0,0.0,5.0,0.0,15.0,0.0,rules_only,no_website_url,,
Modi's Navnirman Limited,Little or no extractable text (likely scanned PDF — needs OCR).,unknown,,unknown,no_structured_differentiation_tag,Promoter names not machine-extracted from sampled DRHP pages; verify in IPO prospectus or LinkedIn.,Not assessed (no machine-readable text).,bse_sme_ipo_drhp_pipeline,drhp_companies_specified_format.csv+final_merged_dsir_promoters.csv,,,no_structured_differentiation_tag|bse_sme_ipo_drhp_pipeline|not_assessed_(no_machine-readable_text),0,not_classified_manufacturer,0,weak_location_signal,0,no_differentiation_evidence,0,no_promoter_extract,1,sector_or_macro_tailwind_tags,0,weak_growth_signal,1,17,15.0,2,0,0,0,0,0,0,rules_only_no_llm_balance,0.0,0.0,0.0,0.0,5.0,0.0,15.0,0.0,rules_only,no_website_url,,
Mopshop Distribution Limited,Registered Office: Gala No,unspecified_see_drhp,www.cameoindia.com; www.kslindia.com; www.mopshop.in,Extract from restated financials in DRHP (pattern not matched).,no_structured_differentiation_tag,Could not download DRHP PDF/ZIP for promoter extraction.,subsidiary / group structure,bse_sme_ipo_drhp_pipeline,drhp_companies_specified_format.csv+final_merged_dsir_promoters.csv,,See DRHP ‘Industry / Business overview’ section.,no_structured_differentiation_tag|bse_sme_ipo_drhp_pipeline|subsidiary|group_structure,0,not_classified_manufacturer,0,weak_location_signal,0,no_differentiation_evidence,0,no_promoter_extract,1,sector_or_macro_tailwind_tags,0,weak_growth_signal,1,17,15.0,2,0,0,0,0,0,0,rules_only_no_llm_balance,0.0,0.0,0.0,0.0,5.0,0.0,15.0,0.0,rules_only,duplicate_dedupe|basis:website_host,SJP ULTRASONICS LIMITED,website_host
Msafe Equipments Limited,"Central Registration Centre August 19, 2019 Valid till Cancelled 2",Manufacturing / Industrial,https://serencapital.in/; www.maashitla.com; www.msafegroup.com,Extract from restated financials in DRHP (pattern not matched).,no_structured_differentiation_tag,Promoter names not machine-extracted from sampled DRHP pages; verify in IPO prospectus or LinkedIn.,facility expansion,bse_sme_ipo_drhp_pipeline|make_in_india_manufacturing|capacity_expansion_tailwind,drhp_companies_specified_format.csv+final_merged_dsir_promoters.csv,U29309DL2019PLC353936,"the business of manufacturing, sales and rental of access and height-safety equipments, primarily",no_structured_differentiation_tag|bse_sme_ipo_drhp_pipeline|make_in_india_manufacturing|capacity_expansion_tailwind|facility_expansion,1,manufacturer_or_industrial_segment,0,weak_location_signal,0,no_differentiation_evidence,0,no_promoter_extract,1,sector_or_macro_tailwind_tags,1,growth_or_ipo_signal_in_text,3,50,55.0,2,0,0,0,0,0,0,rules_only_no_llm_balance,5.0,0.0,0.0,0.0,5.0,5.0,55.0,0.0,rules_only,duplicate_dedupe|basis:website_host,Recode Studios Limited,website_host
N R GOLD LIMITED,"Bldg., 18/22 Shaikh Memon Street, Kalbadevi , Mumbai, Maharashtra , 400002 India Promoters Sanjay Jain, Rinku Jain and Barbelo Estates LLP Promoter Group Companies, individuals and entities (other than companies) as defined under Regulation 2 sub-regulation (pp) of the SEBI ICDR ...",unspecified_see_drhp,www.ifinservices.in; www.nrgold.com; www.skylinerta.com; www.wealthminenetworks.com,Extract from restated financials in DRHP (pattern not matched).,no_structured_differentiation_tag,Could not download DRHP PDF/ZIP for promoter extraction.,subsidiary / group structure,bse_sme_ipo_drhp_pipeline,drhp_companies_specified_format.csv+final_merged_dsir_promoters.csv,,See DRHP ‘Industry / Business overview’ section.,no_structured_differentiation_tag|bse_sme_ipo_drhp_pipeline|subsidiary|group_structure,0,not_classified_manufacturer,1,india_location_signal,0,no_differentiation_evidence,0,no_promoter_extract,1,sector_or_macro_tailwind_tags,0,weak_growth_signal,2,33,25.0,2,0,0,0,0,0,0,rules_only_no_llm_balance,0.0,5.0,0.0,0.0,5.0,0.0,25.0,0.0,rules_only,duplicate_dedupe|basis:website_host,Seemax Resources Limited,website_host
Nanavati Ventures Limited,Little or no extractable text (likely scanned PDF — needs OCR).,unknown,,unknown,no_structured_differentiation_tag,DRHP: Mr. Pankaj Valjibhai Pandav; Mrs. Kashmira Hemantkumar Nanavati; Mr. Shreykumar Hasmukhbhai Sheth; Ms. Vaishnavi Hemantkumar Nanavati Promoter Group Includes; Mr. Yashkumar Sarjubhai Trivedi,Not assessed (no machine-readable text).,bse_sme_ipo_drhp_pipeline,drhp_companies_specified_format.csv+final_merged_dsir_promoters.csv,,,no_structured_differentiation_tag|bse_sme_ipo_drhp_pipeline|not_assessed_(no_machine-readable_text),0,not_classified_manufacturer,0,weak_location_signal,0,no_differentiation_evidence,1,named_individuals_in_promoter_field,1,sector_or_macro_tailwind_tags,0,weak_growth_signal,2,33,30.0,2,0,0,0,0,0,0,rules_only_no_llm_balance,0.0,0.0,0.0,5.0,5.0,0.0,30.0,0.0,rules_only,no_website_url,,
NAPS Global India Limited,"“we”, “us” or “our” Unless the context otherwise indicates or implies, refers to our Company",unspecified_see_drhp,www.afsl.co.in; www.cameoindia.com; www.napsglobalindia.com,Extract from restated financials in DRHP (pattern not matched).,no_structured_differentiation_tag,Promoter names not machine-extracted from sampled DRHP pages; verify in IPO prospectus or LinkedIn.,subsidiary / group structure,bse_sme_ipo_drhp_pipeline,drhp_companies_specified_format.csv+final_merged_dsir_promoters.csv,,See DRHP ‘Industry / Business overview’ section.,no_structured_differentiation_tag|bse_sme_ipo_drhp_pipeline|subsidiary|group_structure,0,not_classified_manufacturer,0,weak_location_signal,0,no_differentiation_evidence,0,no_promoter_extract,1,sector_or_macro_tailwind_tags,0,weak_growth_signal,1,17,15.0,2,0,0,0,0,0,0,rules_only_no_llm_balance,0.0,0.0,0.0,0.0,5.0,0.0,15.0,0.0,rules_only,duplicate_dedupe|basis:website_host,Shine Fashions (India) Limited,website_host
Narmadesh Brass Industries Limited,"of our Company is U24209GJ2023PLC145839. For further details, please refer to chapter titled “",unspecified_see_drhp,www.afsl.co.in; www.kfintech.com; www.narmadeshbrass.com,Extract from restated financials in DRHP (pattern not matched).,iso_certification_mention,DRHP: Ms. Hetal Vachhani Company Secretary; Mr. Hitesh Dudhagara; Mrs. Ronak Dudhagara DETAILS OF OFFER TYPE; Mrs. Ronak Dudhagara; Mrs. Ronak Dudhagara THE OFFER INITIAL PUBLIC; Mr. Hitesh Dudhagara MOA; Mr. Krish Dudhagara; Mrs. Ronak Dudhagara Promoters Group Such; Mrs. Ronak Dudhagara Stakeholders,ISO certification mentioned,bse_sme_ipo_drhp_pipeline,drhp_companies_specified_format.csv+final_merged_dsir_promoters.csv,U24209GJ2023PLC145839,See DRHP ‘Industry / Business overview’ section.,iso_certification_mention|bse_sme_ipo_drhp_pipeline|iso_certification_mentioned,0,not_classified_manufacturer,0,weak_location_signal,1,cert_or_patent_evidence,1,named_individuals_in_promoter_field,1,sector_or_macro_tailwind_tags,1,growth_or_ipo_signal_in_text,4,67,70.0,2,0,0,0,0,0,0,rules_only_no_llm_balance,0.0,0.0,5.0,5.0,5.0,5.0,70.0,0.0,rules_only,duplicate_dedupe|basis:website_host,Shine Fashions (India) Limited,website_host
Naturewings Holidays Limited,"DGK- 417, 4th Floor, DLF Galleria Building, Newtown, Kolkata North 24 Parganas New Town - 700156, West Bengal, India Tel No. / Mob No: +91 931317505;",unspecified_see_drhp,www.bigshareonline.com; www.fedsec.in; www.naturewings.com,Extract from restated financials in DRHP (pattern not matched).,no_structured_differentiation_tag,DRHP: Mr. Aniket Chindarkar SEBI Registration No,No explicit expansion/hiring/certification keywords in sampled pages — check MD&A / risk factors in full DRHP.,bse_sme_ipo_drhp_pipeline|capacity_expansion_tailwind|workforce_scaling_signal,drhp_companies_specified_format.csv+final_merged_dsir_promoters.csv,,See DRHP ‘Industry / Business overview’ section.,no_structured_differentiation_tag|bse_sme_ipo_drhp_pipeline|capacity_expansion_tailwind|workforce_scaling_signal|no_explicit_expansion|hiring|certification_keywords_in_sampled_pages_—_check_md&a|risk_factors_in_full_drhp,0,not_classified_manufacturer,1,india_location_signal,0,no_differentiation_evidence,1,named_individuals_in_promoter_field,1,sector_or_macro_tailwind_tags,1,growth_or_ipo_signal_in_text,4,67,60.0,2,0,0,0,0,0,0,rules_only_no_llm_balance,0.0,5.0,0.0,5.0,5.0,5.0,60.0,0.0,rules_only,duplicate_dedupe|basis:website_host,Shine Fashions (India) Limited,website_host
NATURO INDIABULL LIMITED,Little or no extractable text (likely scanned PDF — needs OCR).,unknown,,unknown,no_structured_differentiation_tag,DRHP: Ms. Shalini Joshi; Ms. Jyoti Choudhary; Mr. Gaurav Jain DETAILS OF OFFER TO; Mr. S. Ramakrishna Iyengar Telephone; Ms. Shanti Gopalkrishnan Telephone; Ms. JYOTI CHOUDHARY; Mr. GAURAV JAIN THE ISSUE INITIAL PUBLIC; Mr. Gaurav Jain; Mr. Rahul Khurana,Not assessed (no machine-readable text).,bse_sme_ipo_drhp_pipeline,drhp_companies_specified_format.csv+final_merged_dsir_promoters.csv,,,no_structured_differentiation_tag|bse_sme_ipo_drhp_pipeline|not_assessed_(no_machine-readable_text),0,not_classified_manufacturer,0,weak_location_signal,0,no_differentiation_evidence,1,named_individuals_in_promoter_field,1,sector_or_macro_tailwind_tags,0,weak_growth_signal,2,33,30.0,2,0,0,0,0,0,0,rules_only_no_llm_balance,0.0,0.0,0.0,5.0,5.0,0.0,30.0,0.0,rules_only,no_website_url,,
Navkkar Gold & Diamond Limited,"Registered Office: SCO 19, Sector 34C, Sector 34(Chandigarh), Chandigarh -160022 India; Tel",unspecified_see_drhp,www.navkkarjewellers.com; www.skylinerta.com; www.wealthminenetworks.com,Extract from restated financials in DRHP (pattern not matched).,no_structured_differentiation_tag,DRHP: Mr. Chirag Bharatbhai Ghataliya; Mr. Vivek Jain; Mrs. Taruna Jain; Ms. Muskan Jain; Ms. Dhawani Jain; Mr. Jinesh Jain; Mr. Yogesh Jain; Mr. Vivek Jain March; Mr. Yogesh Jain Negligible Negligible July; Mr. Jinesh Jain Negligible Negligible July,subsidiary / group structure,bse_sme_ipo_drhp_pipeline,drhp_companies_specified_format.csv+final_merged_dsir_promoters.csv,,See DRHP ‘Industry / Business overview’ section.,no_structured_differentiation_tag|bse_sme_ipo_drhp_pipeline|subsidiary|group_structure,0,not_classified_manufacturer,1,india_location_signal,0,no_differentiation_evidence,1,named_individuals_in_promoter_field,1,sector_or_macro_tailwind_tags,0,weak_growth_signal,3,50,40.0,2,0,0,0,0,0,0,rules_only_no_llm_balance,0.0,5.0,0.0,5.0,5.0,0.0,40.0,0.0,rules_only,duplicate_dedupe|basis:website_host,Seemax Resources Limited,website_host
Navoday Enterprises Limited,"Maharashtra, on August 20, 2020. For details of changes in registered office please refer “History and Certain Other Corporate Matters’ on page 73.",unspecified_see_drhp,www.inventuremerchantbanker.com; www.navodayenterprise.com; www.satellitecorporate.com,Extract from restated financials in DRHP (pattern not matched).,iso_certification_mention,Promoter names not machine-extracted from sampled DRHP pages; verify in IPO prospectus or LinkedIn.,ISO certification mentioned,bse_sme_ipo_drhp_pipeline,drhp_companies_specified_format.csv+final_merged_dsir_promoters.csv,,See DRHP ‘Industry / Business overview’ section.,iso_certification_mention|bse_sme_ipo_drhp_pipeline|iso_certification_mentioned,0,not_classified_manufacturer,1,india_location_signal,1,cert_or_patent_evidence,0,no_promoter_extract,1,sector_or_macro_tailwind_tags,1,growth_or_ipo_signal_in_text,4,67,65.0,2,0,0,0,0,0,0,rules_only_no_llm_balance,0.0,5.0,5.0,0.0,5.0,5.0,65.0,0.0,rules_only,duplicate_dedupe|basis:website_host,CREATEROI FINANCIAL CONSULTANCY LIMITED,website_host
Neopolitan Pizza Limited,"of the Company was situated at 104, Ashwamegh Avenue, Nr",unspecified_see_drhp,https://tcagroup.in; www.bigshareonline.com; www.neopolitanpizza.in,Extract from restated financials in DRHP (pattern not matched).,no_structured_differentiation_tag,DRHP: Mr. Mukund Purohit; Mrs. Arti Mukund Purohit ADDENDUM TO; Mrs. Arti Mukund Purohit DETAILS OF OFFER; Mrs. Arti Mukund Purohit,No explicit expansion/hiring/certification keywords in sampled pages — check MD&A / risk factors in full DRHP.,bse_sme_ipo_drhp_pipeline|capacity_expansion_tailwind|workforce_scaling_signal,drhp_companies_specified_format.csv+final_merged_dsir_promoters.csv,,See DRHP ‘Industry / Business overview’ section.,no_structured_differentiation_tag|bse_sme_ipo_drhp_pipeline|capacity_expansion_tailwind|workforce_scaling_signal|no_explicit_expansion|hiring|certification_keywords_in_sampled_pages_—_check_md&a|risk_factors_in_full_drhp,0,not_classified_manufacturer,0,weak_location_signal,0,no_differentiation_evidence,1,named_individuals_in_promoter_field,1,sector_or_macro_tailwind_tags,1,growth_or_ipo_signal_in_text,3,50,50.0,2,0,0,0,0,0,0,rules_only_no_llm_balance,0.0,0.0,0.0,5.0,5.0,5.0,50.0,0.0,rules_only,duplicate_dedupe|basis:website_host,STITCHED TEXTILES LIMITED,website_host
Netanalytiks Technologies Limited,"91 Springboard Gopala Krishna, Complex No",unspecified_see_drhp,www.finshoregroup.com; www.integratedregistry.in; www.netanalytiks.com,Extract from restated financials in DRHP (pattern not matched).,iso_certification_mention,Mr. Shankara Anantharamaiah Chilkunda,ISO certification mentioned,bse_sme_ipo_drhp_pipeline,drhp_companies_specified_format.csv+final_merged_dsir_promoters.csv,,See DRHP ‘Industry / Business overview’ section.,iso_certification_mention|bse_sme_ipo_drhp_pipeline|iso_certification_mentioned,0,not_classified_manufacturer,0,weak_location_signal,1,cert_or_patent_evidence,1,named_individuals_in_promoter_field,1,sector_or_macro_tailwind_tags,1,growth_or_ipo_signal_in_text,4,67,70.0,2,0,0,0,0,0,0,rules_only_no_llm_balance,0.0,0.0,5.0,5.0,5.0,5.0,70.0,0.0,rules_only,duplicate_dedupe|basis:website_host,SK International Export Limited,website_host
New Swan Multitech Limited,Little or no extractable text (likely scanned PDF — needs OCR).,unknown,,unknown,no_structured_differentiation_tag,Promoter names not machine-extracted from sampled DRHP pages; verify in IPO prospectus or LinkedIn.,Not assessed (no machine-readable text).,bse_sme_ipo_drhp_pipeline,drhp_companies_specified_format.csv+final_merged_dsir_promoters.csv,,,no_structured_differentiation_tag|bse_sme_ipo_drhp_pipeline|not_assessed_(no_machine-readable_text),0,not_classified_manufacturer,0,weak_location_signal,0,no_differentiation_evidence,0,no_promoter_extract,1,sector_or_macro_tailwind_tags,0,weak_growth_signal,1,17,15.0,2,0,0,0,0,0,0,rules_only_no_llm_balance,0.0,0.0,0.0,0.0,5.0,0.0,15.0,0.0,rules_only,no_website_url,,
Nexxus Petro Industries Limited,"B-811 Swati Trinity, Applewood Township Sanathal Sanand, Sarkhej, Ahmedabad, Dascroi, Gujarat, India, 382210",unspecified_see_drhp,www.kfintech.com; www.nexxusgroup.co.in; www.srujanalpha.com,Extract from restated financials in DRHP (pattern not matched).,rnd_mention,Could not download DRHP PDF/ZIP for promoter extraction.,backward integration,bse_sme_ipo_drhp_pipeline,drhp_companies_specified_format.csv+final_merged_dsir_promoters.csv,,See DRHP ‘Industry / Business overview’ section.,rnd_mention|bse_sme_ipo_drhp_pipeline|backward_integration,0,not_classified_manufacturer,1,india_location_signal,0,no_differentiation_evidence,0,no_promoter_extract,1,sector_or_macro_tailwind_tags,0,weak_growth_signal,2,33,25.0,2,0,0,0,0,0,0,rules_only_no_llm_balance,0.0,5.0,0.0,0.0,5.0,0.0,25.0,0.0,rules_only,duplicate_dedupe|basis:website_host,Popular Foundations limited,website_host
Nilachal Carbo Metalicks Limited,"February 13, 2003, vide certificate of incor poration bearing",unspecified_see_drhp,https://nilachalcoke.com/; www.kfintech.com; www.suncapitalservices.co.in,Extract from restated financials in DRHP (pattern not matched).,no_structured_differentiation_tag,DRHP: Mr. Haraprasad Rout PROMOTERS OF OUR; Mr. Bibhu Datta Panda; Mrs. Geeta Rani Panda; Mrs. Geeta Rani Panda Nil Not Applicable,capacity expansion; subsidiary / group structure,bse_sme_ipo_drhp_pipeline|capacity_expansion_tailwind,drhp_companies_specified_format.csv+final_merged_dsir_promoters.csv,,See DRHP ‘Industry / Business overview’ section.,no_structured_differentiation_tag|bse_sme_ipo_drhp_pipeline|capacity_expansion_tailwind|capacity_expansion|subsidiary|group_structure,0,not_classified_manufacturer,0,weak_location_signal,0,no_differentiation_evidence,1,named_individuals_in_promoter_field,1,sector_or_macro_tailwind_tags,1,growth_or_ipo_signal_in_text,3,50,50.0,2,0,0,0,0,0,0,rules_only_no_llm_balance,0.0,0.0,0.0,5.0,5.0,5.0,50.0,0.0,rules_only,duplicate_dedupe|basis:website_host,Safecure Services Limited,website_host
Nimstech Industries Limited,"Plot No. 38, GIDC Estate, Sector-25, Gandhinagar, Gujarat- 382024",unspecified_see_drhp,https://tcagroup.in; www.nimstech.com; www.skylinerta.com,Extract from restated financials in DRHP (pattern not matched).,no_structured_differentiation_tag,DRHP: Mr. Nimeshkumar Parsotambhai Patel; Mrs. Sonal Nimesh Patel DETAILS OF OFFER; Ms. Yashi Srivastava Telephone; Mr. Pawan Singh Bisht Telephone; Ms. Meena Omprakash Rangvani; Mrs. Sonal Nimesh Patel Promoter Group,No explicit expansion/hiring/certification keywords in sampled pages — check MD&A / risk factors in full DRHP.,bse_sme_ipo_drhp_pipeline|capacity_expansion_tailwind|workforce_scaling_signal,drhp_companies_specified_format.csv+final_merged_dsir_promoters.csv,,See DRHP ‘Industry / Business overview’ section.,no_structured_differentiation_tag|bse_sme_ipo_drhp_pipeline|capacity_expansion_tailwind|workforce_scaling_signal|no_explicit_expansion|hiring|certification_keywords_in_sampled_pages_—_check_md&a|risk_factors_in_full_drhp,0,not_classified_manufacturer,1,india_location_signal,0,no_differentiation_evidence,1,named_individuals_in_promoter_field,1,sector_or_macro_tailwind_tags,1,growth_or_ipo_signal_in_text,4,67,60.0,2,0,0,0,0,0,0,rules_only_no_llm_balance,0.0,5.0,0.0,5.0,5.0,5.0,60.0,0.0,rules_only,duplicate_dedupe|basis:website_host,STITCHED TEXTILES LIMITED,website_host
NISUS FINANCE SERVICE CO LIMITED,LOCATED),unspecified_see_drhp,www.beelinemb.com; www.nisusfin.com; www.skylinerta.com,₹25–100 Cr (approx from lakhs),no_structured_differentiation_tag,DRHP: Dr. Annie Besant Road; Mr. Nikhil Shah CIN; Dr. Ambedkar Road Near Kapole Niwas; Dr Ambedkar Road,subsidiary / group structure,bse_sme_ipo_drhp_pipeline,drhp_companies_specified_format.csv+final_merged_dsir_promoters.csv,,See DRHP ‘Industry / Business overview’ section.,no_structured_differentiation_tag|bse_sme_ipo_drhp_pipeline|subsidiary|group_structure,0,not_classified_manufacturer,0,weak_location_signal,0,no_differentiation_evidence,1,named_individuals_in_promoter_field,1,sector_or_macro_tailwind_tags,0,weak_growth_signal,2,33,30.0,2,0,0,0,0,0,0,rules_only_no_llm_balance,0.0,0.0,0.0,5.0,5.0,0.0,30.0,0.0,rules_only,duplicate_dedupe|basis:website_host,SK International Export Limited,website_host
Nityanand Udyog Limited,2) CIN is not mentioned on the letterhead of Directors Report; 3) Name and DIN of the Directors signing Directors Report is not mentioned; 4),unspecified_see_drhp,https://in.mpms.mufg.com/; www.nityanandudyog.com; www.unistonecapital.com,₹0–5 Cr (approx from lakhs),no_structured_differentiation_tag,Promoter names not machine-extracted from sampled DRHP pages; verify in IPO prospectus or LinkedIn.,subsidiary / group structure,bse_sme_ipo_drhp_pipeline,drhp_companies_specified_format.csv+final_merged_dsir_promoters.csv,,See DRHP ‘Industry / Business overview’ section.,no_structured_differentiation_tag|bse_sme_ipo_drhp_pipeline|subsidiary|group_structure,0,not_classified_manufacturer,0,weak_location_signal,0,no_differentiation_evidence,0,no_promoter_extract,1,sector_or_macro_tailwind_tags,0,weak_growth_signal,1,17,15.0,2,0,0,0,0,0,0,rules_only_no_llm_balance,0.0,0.0,0.0,0.0,5.0,0.0,15.0,0.0,rules_only,duplicate_dedupe|basis:website_host,STANBIK AGRO LIMITED,website_host
Northern Spirits Ltd,Little or no extractable text (likely scanned PDF — needs OCR).,unknown,,unknown,no_structured_differentiation_tag,DRHP: Ms. Nikita Sureka; Mr. Kulbir Bakshi; Mr. Anuj Bakshi; Mr. Ankush Bakshi; Mr. Amit Kumar,Not assessed (no machine-readable text).,bse_sme_ipo_drhp_pipeline,drhp_companies_specified_format.csv+final_merged_dsir_promoters.csv,,,no_structured_differentiation_tag|bse_sme_ipo_drhp_pipeline|not_assessed_(no_machine-readable_text),0,not_classified_manufacturer,0,weak_location_signal,0,no_differentiation_evidence,1,named_individuals_in_promoter_field,1,sector_or_macro_tailwind_tags,0,weak_growth_signal,2,33,30.0,2,0,0,0,0,0,0,rules_only_no_llm_balance,0.0,0.0,0.0,5.0,5.0,0.0,30.0,0.0,rules_only,no_website_url,,
Novateor Research Laboratories Limited,Little or no extractable text (likely scanned PDF — needs OCR).,unknown,,unknown,no_structured_differentiation_tag,DRHP: Mr. Navdeep Subhashbhai Mehta; Mrs. Tejal Navdeep Mehta Promoter Companies,Not assessed (no machine-readable text).,bse_sme_ipo_drhp_pipeline,drhp_companies_specified_format.csv+final_merged_dsir_promoters.csv,,,no_structured_differentiation_tag|bse_sme_ipo_drhp_pipeline|not_assessed_(no_machine-readable_text),0,not_classified_manufacturer,0,weak_location_signal,0,no_differentiation_evidence,1,named_individuals_in_promoter_field,1,sector_or_macro_tailwind_tags,0,weak_growth_signal,2,33,30.0,2,0,0,0,0,0,0,rules_only_no_llm_balance,0.0,0.0,0.0,5.0,5.0,0.0,30.0,0.0,rules_only,no_website_url,,
Novus Loyalty Limited,"Companies, Central Processing Centre. The corporate identification number of our Company is U72900HR2011PLC127344.",unspecified_see_drhp,www.kfintech.com; www.novus-loyalty.com; www.shcapl.com,Extract from restated financials in DRHP (pattern not matched).,no_structured_differentiation_tag,Could not download DRHP PDF/ZIP for promoter extraction.,hiring / recruitment,bse_sme_ipo_drhp_pipeline|workforce_scaling_signal,drhp_companies_specified_format.csv+final_merged_dsir_promoters.csv,U72900HR2011PLC127344,See DRHP ‘Industry / Business overview’ section.,no_structured_differentiation_tag|bse_sme_ipo_drhp_pipeline|workforce_scaling_signal|hiring|recruitment,0,not_classified_manufacturer,0,weak_location_signal,0,no_differentiation_evidence,0,no_promoter_extract,1,sector_or_macro_tailwind_tags,1,growth_or_ipo_signal_in_text,2,33,35.0,2,0,0,0,0,0,0,rules_only_no_llm_balance,0.0,0.0,0.0,0.0,5.0,5.0,35.0,0.0,rules_only,duplicate_dedupe|basis:website_host,Nanta Tech Limited,website_host
NTL India Limited,"DAYS PRIOR TO THE BID/ISSUE OPENING DATE AND SHALL BE MADE AVAILABLE TO SME PLATFORM OF BSE LIMITED FOR THE PURPOSES OF UPLOADING ON THEIR WEBSITES IN ACCORDANCE WITH THE SECURITIES AND EXCHANGE BOARD OF INDIA (ISSUE OF CAPITAL AND DISCLOSURE REQUIREMENTS REGULATIONS, 2018, AS AM...",unspecified_see_drhp,www.cameoindia.com; www.cumulativecapital.group; www.ntlchennai.net,Extract from restated financials in DRHP (pattern not matched).,no_structured_differentiation_tag,DRHP: D RAMESH AND DAYANITHI,No explicit expansion/hiring/certification keywords in sampled pages — check MD&A / risk factors in full DRHP.,bse_sme_ipo_drhp_pipeline|capacity_expansion_tailwind|workforce_scaling_signal,final_merged_dsir_promoters.csv,,See DRHP ‘Industry / Business overview’ section.,no_structured_differentiation_tag|bse_sme_ipo_drhp_pipeline|capacity_expansion_tailwind|workforce_scaling_signal|no_explicit_expansion|hiring|certification_keywords_in_sampled_pages_—_check_md&a|risk_factors_in_full_drhp,0,not_classified_manufacturer,1,india_location_signal,0,no_differentiation_evidence,0,weak_promoter_signal,1,sector_or_macro_tailwind_tags,1,growth_or_ipo_signal_in_text,3,50,45.0,1,0,0,0,0,0,0,rules_only_no_llm_balance,0.0,5.0,0.0,0.0,5.0,5.0,45.0,0.0,rules_only,duplicate_dedupe|basis:website_host,NTL India Limited,website_host
Olatech Solutions Limited,Little or no extractable text (likely scanned PDF — needs OCR).,unknown,,unknown,no_structured_differentiation_tag,DRHP: Mr. Nitin Patidar; Ms. Kruti Doshi E-mail; Ms. Rati Gupta E-mail; Mr. Nitin Patidar Corporate Identification Number; Mr. Amit Kumar Singh MOA; Mr. Amit Kumar Singh Promoter Group Such,Not assessed (no machine-readable text).,bse_sme_ipo_drhp_pipeline,drhp_companies_specified_format.csv+final_merged_dsir_promoters.csv,,,no_structured_differentiation_tag|bse_sme_ipo_drhp_pipeline|not_assessed_(no_machine-readable_text),0,not_classified_manufacturer,0,weak_location_signal,0,no_differentiation_evidence,1,named_individuals_in_promoter_field,1,sector_or_macro_tailwind_tags,0,weak_growth_signal,2,33,30.0,2,0,0,0,0,0,0,rules_only_no_llm_balance,0.0,0.0,0.0,5.0,5.0,0.0,30.0,0.0,rules_only,no_website_url,,
Oliria Foods and Beverages Limited,Little or no extractable text (likely scanned PDF — needs OCR).,unknown,,unknown,no_structured_differentiation_tag,DRHP: Mr. Akun Goyal Email; Mr. Babu Rapheal Email,Not assessed (no machine-readable text).,bse_sme_ipo_drhp_pipeline,drhp_companies_specified_format.csv+final_merged_dsir_promoters.csv,,,no_structured_differentiation_tag|bse_sme_ipo_drhp_pipeline|not_assessed_(no_machine-readable_text),0,not_classified_manufacturer,0,weak_location_signal,0,no_differentiation_evidence,1,named_individuals_in_promoter_field,1,sector_or_macro_tailwind_tags,0,weak_growth_signal,2,33,30.0,2,0,0,0,0,0,0,rules_only_no_llm_balance,0.0,0.0,0.0,5.0,5.0,0.0,30.0,0.0,rules_only,no_website_url,,
Oneindig Technologies Limited,"V-503, Atrium, VIVANTA by Taj Hotel Complex, Shooting Range Road, Suraj Kund, Faridabad-121009, Haryana, India C-48, 3rd Floor, DDA Sheds, Okhla Industrial Area Phase-1, South Delhi, New Delhi-110020 Mr. Sumit Das (Company Secretary and Compliance Officer) Email: info@oneindig.te...",unspecified_see_drhp,www.maashitla.com; www.oneindig.tech; www.shareindia.com,₹1 Cr (stated),no_structured_differentiation_tag,Could not download DRHP PDF/ZIP for promoter extraction.,subsidiary / group structure,bse_sme_ipo_drhp_pipeline,drhp_companies_specified_format.csv+final_merged_dsir_promoters.csv,,See DRHP ‘Industry / Business overview’ section.,no_structured_differentiation_tag|bse_sme_ipo_drhp_pipeline|subsidiary|group_structure,0,not_classified_manufacturer,1,india_location_signal,0,no_differentiation_evidence,0,no_promoter_extract,1,sector_or_macro_tailwind_tags,0,weak_growth_signal,2,33,25.0,2,0,0,0,0,0,0,rules_only_no_llm_balance,0.0,5.0,0.0,0.0,5.0,0.0,25.0,0.0,rules_only,duplicate_dedupe|basis:website_host,VVIP Infratech Limited,website_host
Organic Recycling Systems Limited,Little or no extractable text (likely scanned PDF — needs OCR).,unknown,,unknown,no_structured_differentiation_tag,DRHP: Ms. Zinal Mukund Shah Email; Ms. Zinal Mukund Shah; Mr. Sarang Bhand. For; Mr. Sarang Bhand; Mrs. Smita Suhas Bhand You,Not assessed (no machine-readable text).,bse_sme_ipo_drhp_pipeline,drhp_companies_specified_format.csv,,,no_structured_differentiation_tag|bse_sme_ipo_drhp_pipeline|not_assessed_(no_machine-readable_text),0,not_classified_manufacturer,0,weak_location_signal,0,no_differentiation_evidence,1,named_individuals_in_promoter_field,1,sector_or_macro_tailwind_tags,0,weak_growth_signal,2,33,30.0,1,0,0,0,0,0,0,rules_only_no_llm_balance,0.0,0.0,0.0,5.0,5.0,0.0,30.0,0.0,rules_only,no_website_url,,
OSPYN Technologies Limited,PDF parse error: PdfStreamError,unknown,,unknown,no_structured_differentiation_tag,Could not download DRHP PDF/ZIP for promoter extraction.,,bse_sme_ipo_drhp_pipeline,drhp_companies_specified_format.csv+final_merged_dsir_promoters.csv,,,no_structured_differentiation_tag|bse_sme_ipo_drhp_pipeline,0,not_classified_manufacturer,0,weak_location_signal,0,no_differentiation_evidence,0,no_promoter_extract,1,sector_or_macro_tailwind_tags,0,weak_growth_signal,1,17,15.0,2,0,0,0,0,0,0,rules_only_no_llm_balance,0.0,0.0,0.0,0.0,5.0,0.0,15.0,0.0,rules_only,no_website_url,,
Oval Projects Engineering Limited,to the section titled “History and Certain Corporate Matters” on page 141.,11. In the past our Company has paid late filing fees for non -compliances with certain provisions of the lab,https://www.ovalprojects.com; www.masserv.com; www.smccapitals.com,Extract from restated financials in DRHP (pattern not matched).,no_structured_differentiation_tag,Promoter names not machine-extracted from sampled DRHP pages; verify in IPO prospectus or LinkedIn.,No explicit expansion/hiring/certification keywords in sampled pages — check MD&A / risk factors in full DRHP.,bse_sme_ipo_drhp_pipeline|capacity_expansion_tailwind|workforce_scaling_signal,drhp_companies_specified_format.csv+final_merged_dsir_promoters.csv,,11. In the past our Company has paid late filing fees for non -compliances with certain provisions of the lab,no_structured_differentiation_tag|bse_sme_ipo_drhp_pipeline|capacity_expansion_tailwind|workforce_scaling_signal|no_explicit_expansion|hiring|certification_keywords_in_sampled_pages_—_check_md&a|risk_factors_in_full_drhp,0,not_classified_manufacturer,0,weak_location_signal,0,no_differentiation_evidence,0,no_promoter_extract,1,sector_or_macro_tailwind_tags,1,growth_or_ipo_signal_in_text,2,33,35.0,3,0,0,0,0,0,0,rules_only_no_llm_balance,0.0,0.0,0.0,0.0,5.0,5.0,35.0,0.0,rules_only,duplicate_dedupe|basis:website_host,Yashhtej Industries (India) Limited,website_host
PACE E-COMMERCE VENTURES LIMITED,Little or no extractable text (likely scanned PDF — needs OCR).,unknown,,unknown,no_structured_differentiation_tag,DRHP: Ms. Nikita Pediwal; Mr. Shaival Dharmendra Gandhi Type Fresh Issue; Mr. Shaival Gandhi Promoter Group Companies; Ms. Nikita Pediwal. Chief Financial Officer; Mr. Shaival Gandhi. Act; Mr. Kaushal Jitendra Doshi; Mr. Shaival Gandhi. For,Not assessed (no machine-readable text).,bse_sme_ipo_drhp_pipeline,drhp_companies_specified_format.csv+final_merged_dsir_promoters.csv,,,no_structured_differentiation_tag|bse_sme_ipo_drhp_pipeline|not_assessed_(no_machine-readable_text),0,not_classified_manufacturer,0,weak_location_signal,0,no_differentiation_evidence,1,named_individuals_in_promoter_field,1,sector_or_macro_tailwind_tags,0,weak_growth_signal,2,33,30.0,2,0,0,0,0,0,0,rules_only_no_llm_balance,0.0,0.0,0.0,5.0,5.0,0.0,30.0,0.0,rules_only,no_website_url,,
Paluck Technologies Limited,"Company, please refer to the chapter titled “History and Certain Corporate Matters” on page 176 of this Draft Red Herring Prospectus.",unspecified_see_drhp,https://palucktechno.com/; www.horizonmanagement.in,Extract from restated financials in DRHP (pattern not matched).,no_structured_differentiation_tag,DRHP: Mr. Ganesh Shinde SEBI Registration No; Mr. Sumit Kumar Bajaj; in dematerialized form,No explicit expansion/hiring/certification keywords in sampled pages — check MD&A / risk factors in full DRHP.,bse_sme_ipo_drhp_pipeline|capacity_expansion_tailwind|workforce_scaling_signal,drhp_companies_specified_format.csv+final_merged_dsir_promoters.csv,,See DRHP ‘Industry / Business overview’ section.,no_structured_differentiation_tag|bse_sme_ipo_drhp_pipeline|capacity_expansion_tailwind|workforce_scaling_signal|no_explicit_expansion|hiring|certification_keywords_in_sampled_pages_—_check_md&a|risk_factors_in_full_drhp,0,not_classified_manufacturer,0,weak_location_signal,0,no_differentiation_evidence,1,named_individuals_in_promoter_field,1,sector_or_macro_tailwind_tags,1,growth_or_ipo_signal_in_text,3,50,50.0,2,0,0,0,0,0,0,rules_only_no_llm_balance,0.0,0.0,0.0,5.0,5.0,5.0,50.0,0.0,rules_only,duplicate_dedupe|basis:website_host,L. T. Elevator Limited,website_host
PARAMOUNT SYNTEX LIMITED,"Bhuwan, Hazrat Abbas Raod, 3Samuel Street, Vadgadi Masjid, Chinchbunder, Princess",unspecified_see_drhp,www.paramountsyntex.com; www.sobhagyacapital.com,Extract from restated financials in DRHP (pattern not matched).,no_structured_differentiation_tag,DRHP: Ms. Bharti Singh Company Secretary; Mr. Rishabh Singhvi; Mrs. Menka Jha SEBI; Mrs. Bharti Singh,subsidiary / group structure,bse_sme_ipo_drhp_pipeline,drhp_companies_specified_format.csv+final_merged_dsir_promoters.csv,,See DRHP ‘Industry / Business overview’ section.,no_structured_differentiation_tag|bse_sme_ipo_drhp_pipeline|subsidiary|group_structure,0,not_classified_manufacturer,0,weak_location_signal,0,no_differentiation_evidence,1,named_individuals_in_promoter_field,1,sector_or_macro_tailwind_tags,0,weak_growth_signal,2,33,30.0,3,0,0,0,0,0,0,rules_only_no_llm_balance,0.0,0.0,0.0,5.0,5.0,0.0,30.0,0.0,rules_only,duplicate_dedupe|basis:website_host,L. T. Elevator Limited,website_host
Park Smart Solutions Limited,"registered office of our company, please refer to section titled “",unspecified_see_drhp,www.cameoindia.com; www.finshoregroup.com; www.ltparksmart.com,Extract from restated financials in DRHP (pattern not matched).,iso_certification_mention,DRHP: Mr. Sandipan Lai Company Secretary; Mr. Arvind Gupta; Mrs. Usha Gupta; Mr. Yash Gupta DETAILS OF OFFER TO; Mr. S. Ramakrishna Iyengar Telephone; Ms. K. Sreepriya Telephone; Mr. Sandipan Lai; Mr. Yash Gupta. Promoter Group Includes; Mr. Umang Gupta; Mr. Vishal Yadav,ISO certification mentioned,bse_sme_ipo_drhp_pipeline,drhp_companies_specified_format.csv+final_merged_dsir_promoters.csv,,See DRHP ‘Industry / Business overview’ section.,iso_certification_mention|bse_sme_ipo_drhp_pipeline|iso_certification_mentioned,0,not_classified_manufacturer,0,weak_location_signal,1,cert_or_patent_evidence,1,named_individuals_in_promoter_field,1,sector_or_macro_tailwind_tags,1,growth_or_ipo_signal_in_text,4,67,70.0,2,0,0,0,0,0,0,rules_only_no_llm_balance,0.0,0.0,5.0,5.0,5.0,5.0,70.0,0.0,rules_only,duplicate_dedupe|basis:website_host,SK International Export Limited,website_host
Parshva Enterprises Limited,Little or no extractable text (likely scanned PDF — needs OCR).,unknown,,unknown,no_structured_differentiation_tag,Promoter names not machine-extracted from sampled DRHP pages; verify in IPO prospectus or LinkedIn.,Not assessed (no machine-readable text).,bse_sme_ipo_drhp_pipeline,drhp_companies_specified_format.csv+final_merged_dsir_promoters.csv,,,no_structured_differentiation_tag|bse_sme_ipo_drhp_pipeline|not_assessed_(no_machine-readable_text),0,not_classified_manufacturer,0,weak_location_signal,0,no_differentiation_evidence,0,no_promoter_extract,1,sector_or_macro_tailwind_tags,0,weak_growth_signal,1,17,15.0,2,0,0,0,0,0,0,rules_only_no_llm_balance,0.0,0.0,0.0,0.0,5.0,0.0,15.0,0.0,rules_only,no_website_url,,
Party Cruisers Limited,Little or no extractable text (likely scanned PDF — needs OCR).,unknown,,unknown,no_structured_differentiation_tag,DRHP: Mr. Rushabh Shroff; Mr. Satish Sheth; Ms. Mala So SEBI Registration No; Mr. Arihant R. Sukhlecha; Mr. Arihant R. Sukhlecha Director; Mr. Zuzer Hatim Lucknowala; Mrs. Rachana Zuzer Lucknowala Promoter Companies,Not assessed (no machine-readable text).,bse_sme_ipo_drhp_pipeline,drhp_companies_specified_format.csv+final_merged_dsir_promoters.csv,,,no_structured_differentiation_tag|bse_sme_ipo_drhp_pipeline|not_assessed_(no_machine-readable_text),0,not_classified_manufacturer,0,weak_location_signal,0,no_differentiation_evidence,1,named_individuals_in_promoter_field,1,sector_or_macro_tailwind_tags,0,weak_growth_signal,2,33,30.0,2,0,0,0,0,0,0,rules_only_no_llm_balance,0.0,0.0,0.0,5.0,5.0,0.0,30.0,0.0,rules_only,no_website_url,,
PATEL CHEM SPECIALITIES LIMITED,"There have been some instances of delayed filing in the past with the Registrar of Companies of Form CHG-1, MGT-14 and INC-27 with additional fees which may attract penalties.",unspecified_see_drhp,www.cumulativecapital.group; www.linkintime.co.in; www.patelchem.com; www.unistonecapital.com,Extract from restated financials in DRHP (pattern not matched).,iso_certification_mention,Promoter names not machine-extracted from sampled DRHP pages; verify in IPO prospectus or LinkedIn.,ISO certification mentioned; digital / hiring channel mention,bse_sme_ipo_drhp_pipeline|workforce_scaling_signal,drhp_companies_specified_format.csv+final_merged_dsir_promoters.csv,,See DRHP ‘Industry / Business overview’ section.,iso_certification_mention|bse_sme_ipo_drhp_pipeline|workforce_scaling_signal|iso_certification_mentioned|digital|hiring_channel_mention,0,not_classified_manufacturer,0,weak_location_signal,1,cert_or_patent_evidence,0,no_promoter_extract,1,sector_or_macro_tailwind_tags,1,growth_or_ipo_signal_in_text,3,50,55.0,2,0,0,0,0,0,0,rules_only_no_llm_balance,0.0,0.0,5.0,0.0,5.0,5.0,55.0,0.0,rules_only,duplicate_dedupe|basis:website_host,STANBIK AGRO LIMITED,website_host
PATRON EXIM LIMITED,Little or no extractable text (likely scanned PDF — needs OCR).,unknown,,unknown,no_structured_differentiation_tag,DRHP: Mr. Narendrakumar Patel; Mrs. Sushilabahen Patel Type Fresh Issue Size; Mrs. Sushilabahen Patel Promoter Group Companies; Mrs. Sonia Kakani. Chief Financial Officer; Mr. Hardikkumar Patel. Act; Mr. Narendrakumar Gangaramdas Patel; Mrs. Sushilabahen Narendrakumar Patel. For,Not assessed (no machine-readable text).,bse_sme_ipo_drhp_pipeline,drhp_companies_specified_format.csv+final_merged_dsir_promoters.csv,,,no_structured_differentiation_tag|bse_sme_ipo_drhp_pipeline|not_assessed_(no_machine-readable_text),0,not_classified_manufacturer,0,weak_location_signal,0,no_differentiation_evidence,1,named_individuals_in_promoter_field,1,sector_or_macro_tailwind_tags,0,weak_growth_signal,2,33,30.0,2,0,0,0,0,0,0,rules_only_no_llm_balance,0.0,0.0,0.0,5.0,5.0,0.0,30.0,0.0,rules_only,no_website_url,,
PDP Shipping & Projects Limited,Email and Telephone,unspecified_see_drhp,www.kfintech.com; www.pdpprojects.com; www.suncapitalservices.co.in,Extract from restated financials in DRHP (pattern not matched).,no_structured_differentiation_tag,Promoter names not machine-extracted from sampled DRHP pages; verify in IPO prospectus or LinkedIn.,No explicit expansion/hiring/certification keywords in sampled pages — check MD&A / risk factors in full DRHP.,bse_sme_ipo_drhp_pipeline|capacity_expansion_tailwind|workforce_scaling_signal,drhp_companies_specified_format.csv+final_merged_dsir_promoters.csv,,See DRHP ‘Industry / Business overview’ section.,no_structured_differentiation_tag|bse_sme_ipo_drhp_pipeline|capacity_expansion_tailwind|workforce_scaling_signal|no_explicit_expansion|hiring|certification_keywords_in_sampled_pages_—_check_md&a|risk_factors_in_full_drhp,0,not_classified_manufacturer,0,weak_location_signal,0,no_differentiation_evidence,0,no_promoter_extract,1,sector_or_macro_tailwind_tags,1,growth_or_ipo_signal_in_text,2,33,35.0,2,0,0,0,0,0,0,rules_only_no_llm_balance,0.0,0.0,0.0,0.0,5.0,5.0,35.0,0.0,rules_only,duplicate_dedupe|basis:website_host,Safecure Services Limited,website_host
Pearl Green Clubs and Resorts Limited,Little or no extractable text (likely scanned PDF — needs OCR).,unknown,,unknown,no_structured_differentiation_tag,DRHP: Ms. Kanika Wasson Company Secretary; Mr. Hemantsingh Naharsingh Jhala; Mr. Vikas Kumar Verma Email; Ms. K. Sreepriya Email; Mrs. Rekhadevi Hemantsingh Jhala. Promoters Group,Not assessed (no machine-readable text).,bse_sme_ipo_drhp_pipeline,drhp_companies_specified_format.csv+final_merged_dsir_promoters.csv,,,no_structured_differentiation_tag|bse_sme_ipo_drhp_pipeline|not_assessed_(no_machine-readable_text),0,not_classified_manufacturer,0,weak_location_signal,0,no_differentiation_evidence,1,named_individuals_in_promoter_field,1,sector_or_macro_tailwind_tags,0,weak_growth_signal,2,33,30.0,2,0,0,0,0,0,0,rules_only_no_llm_balance,0.0,0.0,0.0,5.0,5.0,0.0,30.0,0.0,rules_only,no_website_url,,
Pentech Metals Limited,Certain Corporate Matters” on page no. 92 of this Draft Prospectus.,unspecified_see_drhp,www.afsl.co.in; www.bigshareonline.com; www.pentechmetals.co.in,Extract from restated financials in DRHP (pattern not matched).,no_structured_differentiation_tag,DRHP: Ms. Surabhi Agrawal; Mrs. Tina Gandhi THE ISSUE PUBLIC ISSUE; Mrs. Tina Gandhi Promoter Group Such; Mr. Nikhil Chaudhari Company Secretary; Ms. Surabhi Agrawal Director,No explicit expansion/hiring/certification keywords in sampled pages — check MD&A / risk factors in full DRHP.,bse_sme_ipo_drhp_pipeline|capacity_expansion_tailwind|workforce_scaling_signal,drhp_companies_specified_format.csv+final_merged_dsir_promoters.csv,,See DRHP ‘Industry / Business overview’ section.,no_structured_differentiation_tag|bse_sme_ipo_drhp_pipeline|capacity_expansion_tailwind|workforce_scaling_signal|no_explicit_expansion|hiring|certification_keywords_in_sampled_pages_—_check_md&a|risk_factors_in_full_drhp,0,not_classified_manufacturer,0,weak_location_signal,0,no_differentiation_evidence,1,named_individuals_in_promoter_field,1,sector_or_macro_tailwind_tags,1,growth_or_ipo_signal_in_text,3,50,50.0,3,0,0,0,0,0,0,rules_only_no_llm_balance,0.0,0.0,0.0,5.0,5.0,5.0,50.0,0.0,rules_only,duplicate_dedupe|basis:website_host,Shine Fashions (India) Limited,website_host
Pind Hospitality Limited,CORPORATE OFFICE CONTACT PERSON EMAIL Plot no,unspecified_see_drhp,www.bigshareonline.com; www.fedsec.in; www.pindpunjab.in,Extract from restated financials in DRHP (pattern not matched).,no_structured_differentiation_tag,DRHP: NIMISH PARVEEN MALHOTRA; CHIRAG PARVEEN MALHOTRA AND ANITA,capex / capital expenditure,bse_sme_ipo_drhp_pipeline|capacity_expansion_tailwind,drhp_companies_specified_format.csv+final_merged_dsir_promoters.csv,,See DRHP ‘Industry / Business overview’ section.,no_structured_differentiation_tag|bse_sme_ipo_drhp_pipeline|capacity_expansion_tailwind|capex|capital_expenditure,0,not_classified_manufacturer,0,weak_location_signal,0,no_differentiation_evidence,1,rich_drhp_promoter_blob,1,sector_or_macro_tailwind_tags,1,growth_or_ipo_signal_in_text,3,50,50.0,2,0,0,0,0,0,0,rules_only_no_llm_balance,0.0,0.0,0.0,5.0,5.0,5.0,50.0,0.0,rules_only,duplicate_dedupe|basis:website_host,Shine Fashions (India) Limited,website_host
Piotex Industries Limited,Little or no extractable text (likely scanned PDF — needs OCR).,unknown,,unknown,no_structured_differentiation_tag,DRHP: Mr. Mahendra Singh Rajpoot; Mr. Yogesh Omprakash Nimodiya; Mr. Abhay Shriram Asalkar; Mrs. Chaitali Abhay Asalkar; Mrs. Sandhya Nimodiya; Mr. Hitesh Loonia; Mr. Rupali Vinayak Hattikatti; Mr. Bharat Rikhabchand Dugad,Not assessed (no machine-readable text).,bse_sme_ipo_drhp_pipeline,drhp_companies_specified_format.csv+final_merged_dsir_promoters.csv,,,no_structured_differentiation_tag|bse_sme_ipo_drhp_pipeline|not_assessed_(no_machine-readable_text),0,not_classified_manufacturer,0,weak_location_signal,0,no_differentiation_evidence,1,named_individuals_in_promoter_field,1,sector_or_macro_tailwind_tags,0,weak_growth_signal,2,33,30.0,2,0,0,0,0,0,0,rules_only_no_llm_balance,0.0,0.0,0.0,5.0,5.0,0.0,30.0,0.0,rules_only,no_website_url,,
PlatinumOne Business Services Limited,Little or no extractable text (likely scanned PDF — needs OCR).,unknown,,unknown,no_structured_differentiation_tag,DRHP: Ms. Sony Devhare; Mr. Amey Narendra Saxena Materiality Policy; Mr. Amey Narendra Saxena; Mr. Ratul Lahiri; Mr. Vivek Yogendra Kumar,Not assessed (no machine-readable text).,bse_sme_ipo_drhp_pipeline,drhp_companies_specified_format.csv+final_merged_dsir_promoters.csv,,,no_structured_differentiation_tag|bse_sme_ipo_drhp_pipeline|not_assessed_(no_machine-readable_text),0,not_classified_manufacturer,0,weak_location_signal,0,no_differentiation_evidence,1,named_individuals_in_promoter_field,1,sector_or_macro_tailwind_tags,0,weak_growth_signal,2,33,30.0,2,0,0,0,0,0,0,rules_only_no_llm_balance,0.0,0.0,0.0,5.0,5.0,0.0,30.0,0.0,rules_only,no_website_url,,
PNGS GARGI FASHION JEWELLERY LIMITED,"S. No. 37/1 & 37/2, Near Lokmat New Paper, Wadgaon, Khurd, Pune – 411 041, Maharashtra, India N.A. Ms. Bhargavi Pratish Aphale Company Secretary and Compliance Officer info@gargibypng.com",unspecified_see_drhp,www.bigshareonline.com; www.gargibypng.com; www.shreni.in,Extract from restated financials in DRHP (pattern not matched).,iso_certification_mention,DRHP: Ms. Bhargavi Pratish Aphale Company Secretary; Mr. Parth Shah; Ms. Kritika Rupda E-mail; Mr. Aniket Chindarkar E-mail; Ms. Bhargavi Pratish Aphale; Ms. Bhargavi Pratish Aphale Corporate Identification Number; Mr. Prasad Prabhakar Ghodke MOA; Mr. Govind Vishwanath Gadgil; Ms. Renu Govind Gadgil,ISO certification mentioned,bse_sme_ipo_drhp_pipeline,drhp_companies_specified_format.csv+final_merged_dsir_promoters.csv,,See DRHP ‘Industry / Business overview’ section.,iso_certification_mention|bse_sme_ipo_drhp_pipeline|iso_certification_mentioned,0,not_classified_manufacturer,1,india_location_signal,1,cert_or_patent_evidence,1,named_individuals_in_promoter_field,1,sector_or_macro_tailwind_tags,1,growth_or_ipo_signal_in_text,5,83,80.0,2,0,0,0,0,0,0,rules_only_no_llm_balance,0.0,5.0,5.0,5.0,5.0,5.0,80.0,0.0,rules_only,duplicate_dedupe|basis:website_host,Shine Fashions (India) Limited,website_host
Promax Power Ltd,Little or no extractable text (likely scanned PDF — needs OCR).,unknown,,unknown,no_structured_differentiation_tag,DRHP: Mrs. Puneet Kaur; Mr. VISHAL BHARDWAJ; Mrs. SHWETA BHARDWAJ THE ISSUE INITIAL PUBLIC; Mr. Vishal Bhardwaj; Mrs. Shweta Bhardwaj; Mr. Amar Nath Dey,Not assessed (no machine-readable text).,bse_sme_ipo_drhp_pipeline,drhp_companies_specified_format.csv+final_merged_dsir_promoters.csv,,,no_structured_differentiation_tag|bse_sme_ipo_drhp_pipeline|not_assessed_(no_machine-readable_text),0,not_classified_manufacturer,0,weak_location_signal,0,no_differentiation_evidence,1,named_individuals_in_promoter_field,1,sector_or_macro_tailwind_tags,0,weak_growth_signal,2,33,30.0,2,0,0,0,0,0,0,rules_only_no_llm_balance,0.0,0.0,0.0,5.0,5.0,0.0,30.0,0.0,rules_only,no_website_url,,
PROSPECT COMMODITIES LIMITED,Little or no extractable text (likely scanned PDF — needs OCR).,unknown,,unknown,no_structured_differentiation_tag,DRHP: Ms. Bhargavi Pandya. Chief Financial Officer; Vimal Mishra; Priyanka Mishra,Not assessed (no machine-readable text).,bse_sme_ipo_drhp_pipeline,drhp_companies_specified_format.csv+final_merged_dsir_promoters.csv,,,no_structured_differentiation_tag|bse_sme_ipo_drhp_pipeline|not_assessed_(no_machine-readable_text),0,not_classified_manufacturer,0,weak_location_signal,0,no_differentiation_evidence,1,named_individuals_in_promoter_field,1,sector_or_macro_tailwind_tags,0,weak_growth_signal,2,33,30.0,2,0,0,0,0,0,0,rules_only_no_llm_balance,0.0,0.0,0.0,5.0,5.0,0.0,30.0,0.0,rules_only,no_website_url,,
Pune E - Stock Broking Limited,Little or no extractable text (likely scanned PDF — needs OCR).,unknown,,unknown,no_structured_differentiation_tag,DRHP: Mr. Daidipya Ghodnadikar,Not assessed (no machine-readable text).,bse_sme_ipo_drhp_pipeline,drhp_companies_specified_format.csv+final_merged_dsir_promoters.csv,,,no_structured_differentiation_tag|bse_sme_ipo_drhp_pipeline|not_assessed_(no_machine-readable_text),0,not_classified_manufacturer,0,weak_location_signal,0,no_differentiation_evidence,1,named_individuals_in_promoter_field,1,sector_or_macro_tailwind_tags,0,weak_growth_signal,2,33,30.0,2,0,0,0,0,0,0,rules_only_no_llm_balance,0.0,0.0,0.0,5.0,5.0,0.0,30.0,0.0,rules_only,no_website_url,,
Purple Wave Infocom Limited,"minutes, reporting in number of board meetings in annual returns and typographical errors in forms filed in ROC filing made by our company.",unspecified_see_drhp,www.maashitla.com; www.purplewave.in; www.shcapl.com,Extract from restated financials in DRHP (pattern not matched).,no_structured_differentiation_tag,DRHP: Ms. Shivani Gupta; Mr. Parth Shah SEBI Registration No; Mr. Mukul Agrawal SEBI Registration No; MANOJ KUMAR SINGH; SANDHYA SINGH AND ANANYA SINGH; Ms. Shivani Gupta Company Secretary,No explicit expansion/hiring/certification keywords in sampled pages — check MD&A / risk factors in full DRHP.,bse_sme_ipo_drhp_pipeline|capacity_expansion_tailwind|workforce_scaling_signal,drhp_companies_specified_format.csv+final_merged_dsir_promoters.csv,,See DRHP ‘Industry / Business overview’ section.,no_structured_differentiation_tag|bse_sme_ipo_drhp_pipeline|capacity_expansion_tailwind|workforce_scaling_signal|no_explicit_expansion|hiring|certification_keywords_in_sampled_pages_—_check_md&a|risk_factors_in_full_drhp,0,not_classified_manufacturer,0,weak_location_signal,0,no_differentiation_evidence,1,named_individuals_in_promoter_field,1,sector_or_macro_tailwind_tags,1,growth_or_ipo_signal_in_text,3,50,50.0,2,0,0,0,0,0,0,rules_only_no_llm_balance,0.0,0.0,0.0,5.0,5.0,5.0,50.0,0.0,rules_only,duplicate_dedupe|basis:website_host,Nanta Tech Limited,website_host
Quality RO Industries Limited,Little or no extractable text (likely scanned PDF — needs OCR).,unknown,,unknown,no_structured_differentiation_tag,DRHP: Mr. Vivek Dholiya; Mr. Narendra Gupta; Mr. Vivek Dholiya. MOA; Mr. Vivek Dholiya. For; Mrs. Damini Dholiya. Stakeholders Relationship Committee,Not assessed (no machine-readable text).,bse_sme_ipo_drhp_pipeline,drhp_companies_specified_format.csv+final_merged_dsir_promoters.csv,,,no_structured_differentiation_tag|bse_sme_ipo_drhp_pipeline|not_assessed_(no_machine-readable_text),0,not_classified_manufacturer,0,weak_location_signal,0,no_differentiation_evidence,1,named_individuals_in_promoter_field,1,sector_or_macro_tailwind_tags,0,weak_growth_signal,2,33,30.0,2,0,0,0,0,0,0,rules_only_no_llm_balance,0.0,0.0,0.0,5.0,5.0,0.0,30.0,0.0,rules_only,no_website_url,,
Quanto Agroworld Limited,Little or no extractable text (likely scanned PDF — needs OCR).,unspecified_see_drhp,https://in.mpms.mufg.com/; www.quantoagro.com; www.sobhagyacapital.com,Extract from restated financials in DRHP (pattern not matched).,iso_certification_mention,DRHP PDF could not be downloaded.,ISO certification mentioned; subsidiary / group structure,bse_sme_ipo_drhp_pipeline,drhp_companies_specified_format.csv+final_merged_dsir_promoters.csv,,See DRHP ‘Industry / Business overview’ section.,iso_certification_mention|bse_sme_ipo_drhp_pipeline|iso_certification_mentioned|subsidiary|group_structure,0,not_classified_manufacturer,0,weak_location_signal,1,cert_or_patent_evidence,0,no_promoter_extract,1,sector_or_macro_tailwind_tags,1,growth_or_ipo_signal_in_text,3,50,55.0,3,0,0,0,0,0,0,rules_only_no_llm_balance,0.0,0.0,5.0,0.0,5.0,5.0,55.0,0.0,rules_only,duplicate_dedupe|basis:website_host,L. T. Elevator Limited,website_host
Rainbow Crop Health Limited,Little or no extractable text (likely scanned PDF — needs OCR).,unknown,,unknown,no_structured_differentiation_tag,DRHP: Ms. Ginny Uppal; Mr. Ajay Rulhania; Ms. Rekha Rani. Promoters Group Companies; Ms. Rekha Rani. For,Not assessed (no machine-readable text).,bse_sme_ipo_drhp_pipeline,drhp_companies_specified_format.csv+final_merged_dsir_promoters.csv,,,no_structured_differentiation_tag|bse_sme_ipo_drhp_pipeline|not_assessed_(no_machine-readable_text),0,not_classified_manufacturer,0,weak_location_signal,0,no_differentiation_evidence,1,named_individuals_in_promoter_field,1,sector_or_macro_tailwind_tags,0,weak_growth_signal,2,33,30.0,2,0,0,0,0,0,0,rules_only_no_llm_balance,0.0,0.0,0.0,5.0,5.0,0.0,30.0,0.0,rules_only,no_website_url,,
Rajat City Developers Limited,Little or no extractable text (likely scanned PDF — needs OCR).,unknown,,unknown,no_structured_differentiation_tag,DRHP: Dr. Rajat Arora Registered Office; Dr. Rajat Arora; Dr. Jagdish Kumar Arora,Not assessed (no machine-readable text).,bse_sme_ipo_drhp_pipeline,drhp_companies_specified_format.csv+final_merged_dsir_promoters.csv,,,no_structured_differentiation_tag|bse_sme_ipo_drhp_pipeline|not_assessed_(no_machine-readable_text),0,not_classified_manufacturer,0,weak_location_signal,0,no_differentiation_evidence,1,named_individuals_in_promoter_field,1,sector_or_macro_tailwind_tags,0,weak_growth_signal,2,33,30.0,2,0,0,0,0,0,0,rules_only_no_llm_balance,0.0,0.0,0.0,5.0,5.0,0.0,30.0,0.0,rules_only,no_website_url,,
Rajesh Power Services Limited,"380/3, Siddhi House, Opp",unspecified_see_drhp,www.bigshareonline.com; www.iskadvisors.com; www.rajeshpower.com,Extract from restated financials in DRHP (pattern not matched).,no_structured_differentiation_tag,Mr. Rajendra Baldevbhai Patel,No explicit expansion/hiring/certification keywords in sampled pages — check MD&A / risk factors in full DRHP.,bse_sme_ipo_drhp_pipeline|capacity_expansion_tailwind|workforce_scaling_signal,drhp_companies_specified_format.csv+final_merged_dsir_promoters.csv,,See DRHP ‘Industry / Business overview’ section.,no_structured_differentiation_tag|bse_sme_ipo_drhp_pipeline|capacity_expansion_tailwind|workforce_scaling_signal|no_explicit_expansion|hiring|certification_keywords_in_sampled_pages_—_check_md&a|risk_factors_in_full_drhp,0,not_classified_manufacturer,0,weak_location_signal,0,no_differentiation_evidence,1,named_individuals_in_promoter_field,1,sector_or_macro_tailwind_tags,1,growth_or_ipo_signal_in_text,3,50,50.0,2,0,0,0,0,0,0,rules_only_no_llm_balance,0.0,0.0,0.0,5.0,5.0,5.0,50.0,0.0,rules_only,duplicate_dedupe|basis:website_host,SATTRIX INFORMATION SECURITY LIMITED,website_host
Rajeshwari Cans Limited,"96 Mahagujarat Industrial Esta te, Moraiya, Ta: Sanand, Ahmedaba d - 382210, Gujarat, India Promoter(s) / Core Promoter(s) 1",unspecified_see_drhp,www.bigshareonline.com; www.fedsec.in; www.rajeshwaricans.com,Extract from restated financials in DRHP (pattern not matched).,no_structured_differentiation_tag,DRHP: Ms. Vishakha Gujrati,No explicit expansion/hiring/certification keywords in sampled pages — check MD&A / risk factors in full DRHP.,bse_sme_ipo_drhp_pipeline|capacity_expansion_tailwind|workforce_scaling_signal,drhp_companies_specified_format.csv+final_merged_dsir_promoters.csv,,See DRHP ‘Industry / Business overview’ section.,no_structured_differentiation_tag|bse_sme_ipo_drhp_pipeline|capacity_expansion_tailwind|workforce_scaling_signal|no_explicit_expansion|hiring|certification_keywords_in_sampled_pages_—_check_md&a|risk_factors_in_full_drhp,0,not_classified_manufacturer,1,india_location_signal,0,no_differentiation_evidence,1,named_individuals_in_promoter_field,1,sector_or_macro_tailwind_tags,1,growth_or_ipo_signal_in_text,4,67,60.0,2,0,0,0,0,0,0,rules_only_no_llm_balance,0.0,5.0,0.0,5.0,5.0,5.0,60.0,0.0,rules_only,duplicate_dedupe|basis:website_host,Shine Fashions (India) Limited,website_host
Ramsons Food Products Limited,Little or no extractable text (likely scanned PDF — needs OCR).,unknown,,unknown,no_structured_differentiation_tag,DRHP: Ms. Priya Dubey; Mr. Ashok Gupta; Mr. Pardeep Kumar Gupta; Mr. Bhushan Gupta; Ms. Archana Gupta; Mr. Anu Gupta; Ms. Anita Gupta; Ms. Sandhya Gupta Promoters Group Companies; Ms. Sandhya Gupta. For,Not assessed (no machine-readable text).,bse_sme_ipo_drhp_pipeline,drhp_companies_specified_format.csv+final_merged_dsir_promoters.csv,,,no_structured_differentiation_tag|bse_sme_ipo_drhp_pipeline|not_assessed_(no_machine-readable_text),0,not_classified_manufacturer,0,weak_location_signal,0,no_differentiation_evidence,1,named_individuals_in_promoter_field,1,sector_or_macro_tailwind_tags,0,weak_growth_signal,2,33,30.0,2,0,0,0,0,0,0,rules_only_no_llm_balance,0.0,0.0,0.0,5.0,5.0,0.0,30.0,0.0,rules_only,no_website_url,,
Rangoli Tradecomm Ltd,Little or no extractable text (likely scanned PDF — needs OCR).,unknown,,unknown,no_structured_differentiation_tag,Promoter names not machine-extracted from sampled DRHP pages; verify in IPO prospectus or LinkedIn.,Not assessed (no machine-readable text).,bse_sme_ipo_drhp_pipeline,drhp_companies_specified_format.csv+final_merged_dsir_promoters.csv,,,no_structured_differentiation_tag|bse_sme_ipo_drhp_pipeline|not_assessed_(no_machine-readable_text),0,not_classified_manufacturer,0,weak_location_signal,0,no_differentiation_evidence,0,no_promoter_extract,1,sector_or_macro_tailwind_tags,0,weak_growth_signal,1,17,15.0,2,0,0,0,0,0,0,rules_only_no_llm_balance,0.0,0.0,0.0,0.0,5.0,0.0,15.0,0.0,rules_only,no_website_url,,
RAPID MULTIMODAL LOGISTICS LIMITED,Little or no extractable text (likely scanned PDF — needs OCR).,unknown,,unknown,no_structured_differentiation_tag,DRHP: Mr. Narayan Agarwal; Mr. Naryan Agarwal; Mr. Manoj Goel; Mr. Summit Agarwal; Ms. Nidhi Agarwal DETAILS OF THE OFFER; Mr. Narayan Agarwal Managing Director Email Id; Mr. Ravi Bombarde Email; Mr. Vinayak Morbale Email; Ms. Nidhi Agarwal THE ISSUE PUBLIC ISSUE; Ms. Nidhi Agarwal,Not assessed (no machine-readable text).,bse_sme_ipo_drhp_pipeline,drhp_companies_specified_format.csv+final_merged_dsir_promoters.csv,,,no_structured_differentiation_tag|bse_sme_ipo_drhp_pipeline|not_assessed_(no_machine-readable_text),0,not_classified_manufacturer,0,weak_location_signal,0,no_differentiation_evidence,1,named_individuals_in_promoter_field,1,sector_or_macro_tailwind_tags,0,weak_growth_signal,2,33,30.0,2,0,0,0,0,0,0,rules_only_no_llm_balance,0.0,0.0,0.0,5.0,5.0,0.0,30.0,0.0,rules_only,no_website_url,,
REET PROJECTS LIMITED,"Shop No. 327, Third Floor, Ishana the Business Hub, Al than Surat City, Surat- 395017, Gujarat NA Poorvi Jain, Company Secretary & Compliance Officer info@reetprojects.com",unspecified_see_drhp,www.fedsec.in; www.kfintech.com; www.reetprojects.com,Extract from restated financials in DRHP (pattern not matched).,no_structured_differentiation_tag,Promoter names not machine-extracted from sampled DRHP pages; verify in IPO prospectus or LinkedIn.,No explicit expansion/hiring/certification keywords in sampled pages — check MD&A / risk factors in full DRHP.,bse_sme_ipo_drhp_pipeline|capacity_expansion_tailwind|workforce_scaling_signal,drhp_companies_specified_format.csv+final_merged_dsir_promoters.csv,,See DRHP ‘Industry / Business overview’ section.,no_structured_differentiation_tag|bse_sme_ipo_drhp_pipeline|capacity_expansion_tailwind|workforce_scaling_signal|no_explicit_expansion|hiring|certification_keywords_in_sampled_pages_—_check_md&a|risk_factors_in_full_drhp,0,not_classified_manufacturer,1,india_location_signal,0,no_differentiation_evidence,0,no_promoter_extract,1,sector_or_macro_tailwind_tags,1,growth_or_ipo_signal_in_text,3,50,45.0,2,0,0,0,0,0,0,rules_only_no_llm_balance,0.0,5.0,0.0,0.0,5.0,5.0,45.0,0.0,rules_only,duplicate_dedupe|basis:website_host,Shine Fashions (India) Limited,website_host
REETECH INTERNATIONAL CARGO AND COURIER LIMITED,"U51100CT2008PLC020983. For further Details of Incorporation and Change in Registered Office of our Company, please refer to s ection titled ‘",unspecified_see_drhp,www.bigshareonline.com; www.gretexcorporate.com; www.reetechinternational.com,Extract from restated financials in DRHP (pattern not matched).,no_structured_differentiation_tag,DRHP: Ms. Chhaya Verma Company Secretary; Mr. Mahendra Ahuja Equity; Ms. Roma Ahuja Equity; Ms. Chhaya Verma; Mr. Mahendra Ahuja; Ms. Roma Ahuja THE ISSUE PUBLIC ISSUE; Ms. Roma Ahuja,No explicit expansion/hiring/certification keywords in sampled pages — check MD&A / risk factors in full DRHP.,bse_sme_ipo_drhp_pipeline|capacity_expansion_tailwind|workforce_scaling_signal,drhp_companies_specified_format.csv+final_merged_dsir_promoters.csv,U51100CT2008PLC020983,See DRHP ‘Industry / Business overview’ section.,no_structured_differentiation_tag|bse_sme_ipo_drhp_pipeline|capacity_expansion_tailwind|workforce_scaling_signal|no_explicit_expansion|hiring|certification_keywords_in_sampled_pages_—_check_md&a|risk_factors_in_full_drhp,0,not_classified_manufacturer,0,weak_location_signal,0,no_differentiation_evidence,1,named_individuals_in_promoter_field,1,sector_or_macro_tailwind_tags,1,growth_or_ipo_signal_in_text,3,50,50.0,2,0,0,0,0,0,0,rules_only_no_llm_balance,0.0,0.0,0.0,5.0,5.0,5.0,50.0,0.0,rules_only,duplicate_dedupe|basis:website_host,Shine Fashions (India) Limited,website_host
Repono Limited,up 1020 Sq,unspecified_see_drhp,https://repono.in/; www.cameoindia.com; www.wealthminenetworks.com,Extract from restated financials in DRHP (pattern not matched).,no_structured_differentiation_tag,DRHP: Mr. Mistry Jinesh Deepakkumar; Mr. Sankalpa Bhattacherjee,No explicit expansion/hiring/certification keywords in sampled pages — check MD&A / risk factors in full DRHP.,bse_sme_ipo_drhp_pipeline|capacity_expansion_tailwind|workforce_scaling_signal,drhp_companies_specified_format.csv+final_merged_dsir_promoters.csv,,See DRHP ‘Industry / Business overview’ section.,no_structured_differentiation_tag|bse_sme_ipo_drhp_pipeline|capacity_expansion_tailwind|workforce_scaling_signal|no_explicit_expansion|hiring|certification_keywords_in_sampled_pages_—_check_md&a|risk_factors_in_full_drhp,0,not_classified_manufacturer,1,india_location_signal,0,no_differentiation_evidence,1,named_individuals_in_promoter_field,1,sector_or_macro_tailwind_tags,1,growth_or_ipo_signal_in_text,4,67,60.0,2,0,0,0,0,0,0,rules_only_no_llm_balance,0.0,5.0,0.0,5.0,5.0,5.0,60.0,0.0,rules_only,duplicate_dedupe|basis:website_host,Seemax Resources Limited,website_host
RESGEN LIMITED,Little or no extractable text (likely scanned PDF — needs OCR).,unknown,,unknown,no_structured_differentiation_tag,DRHP: Mr. Karan Atul Bora Managing Director Email; Ms. Dimple Magharam Slun Email; Mr. Swapnil Kate Email; Mr. Karan Atul Bora; Mr. Kunal Atul Bora For,Not assessed (no machine-readable text).,bse_sme_ipo_drhp_pipeline,drhp_companies_specified_format.csv+final_merged_dsir_promoters.csv,,,no_structured_differentiation_tag|bse_sme_ipo_drhp_pipeline|not_assessed_(no_machine-readable_text),0,not_classified_manufacturer,0,weak_location_signal,0,no_differentiation_evidence,1,named_individuals_in_promoter_field,1,sector_or_macro_tailwind_tags,0,weak_growth_signal,2,33,30.0,2,0,0,0,0,0,0,rules_only_no_llm_balance,0.0,0.0,0.0,5.0,5.0,0.0,30.0,0.0,rules_only,no_website_url,,
Resourceful Automobile Limited,"K-24, Upper Ground, KH No",unspecified_see_drhp,www.cameoindia.com; www.sawhneyauto.com; www.swastika.co.in,Extract from restated financials in DRHP (pattern not matched).,no_structured_differentiation_tag,Could not download DRHP PDF/ZIP for promoter extraction.,No explicit expansion/hiring/certification keywords in sampled pages — check MD&A / risk factors in full DRHP.,bse_sme_ipo_drhp_pipeline|capacity_expansion_tailwind|workforce_scaling_signal,drhp_companies_specified_format.csv+final_merged_dsir_promoters.csv,,See DRHP ‘Industry / Business overview’ section.,no_structured_differentiation_tag|bse_sme_ipo_drhp_pipeline|capacity_expansion_tailwind|workforce_scaling_signal|no_explicit_expansion|hiring|certification_keywords_in_sampled_pages_—_check_md&a|risk_factors_in_full_drhp,0,not_classified_manufacturer,0,weak_location_signal,0,no_differentiation_evidence,0,no_promoter_extract,1,sector_or_macro_tailwind_tags,1,growth_or_ipo_signal_in_text,2,33,35.0,2,0,0,0,0,0,0,rules_only_no_llm_balance,0.0,0.0,0.0,0.0,5.0,5.0,35.0,0.0,rules_only,duplicate_dedupe|basis:website_host,Efficient Fire and Security Solutions Limited,website_host
Resvera Wines Limited,Little or no extractable text (likely scanned PDF — needs OCR).,unknown,,unknown,no_structured_differentiation_tag,DRHP: Ms. Megha Vyas; Mr. Jinesh Doshi Email; Ms. Megha Vyas Corporate Identification Number; Mr. Nikhil Rajendra Khode MOA; Mrs. Komal Piyush Somani; Mr. Nikhil Rajendra Khode. Promoter Group Such,Not assessed (no machine-readable text).,bse_sme_ipo_drhp_pipeline,drhp_companies_specified_format.csv+final_merged_dsir_promoters.csv,,,no_structured_differentiation_tag|bse_sme_ipo_drhp_pipeline|not_assessed_(no_machine-readable_text),0,not_classified_manufacturer,0,weak_location_signal,0,no_differentiation_evidence,1,named_individuals_in_promoter_field,1,sector_or_macro_tailwind_tags,0,weak_growth_signal,2,33,30.0,2,0,0,0,0,0,0,rules_only_no_llm_balance,0.0,0.0,0.0,5.0,5.0,0.0,30.0,0.0,rules_only,no_website_url,,
RETAGGIO INDUSTRIES LIMITED,"Unit-204, Options Primo, Plot No",unspecified_see_drhp,www.bigshareonline.com; www.gretexcorporate.com; www.retaggioindustries.com,Extract from restated financials in DRHP (pattern not matched).,no_structured_differentiation_tag,DRHP: Mr. Savinay Lodha Managing Director Email Id; Ms. Dimple Magharam Slun; Ms. Rashmi Ranjan Email; Mr. Vinayak Morbale Email; Mr. Savinay Lodha; Ms. Nidhi Lodha,No explicit expansion/hiring/certification keywords in sampled pages — check MD&A / risk factors in full DRHP.,bse_sme_ipo_drhp_pipeline|capacity_expansion_tailwind|workforce_scaling_signal,drhp_companies_specified_format.csv+final_merged_dsir_promoters.csv,,See DRHP ‘Industry / Business overview’ section.,no_structured_differentiation_tag|bse_sme_ipo_drhp_pipeline|capacity_expansion_tailwind|workforce_scaling_signal|no_explicit_expansion|hiring|certification_keywords_in_sampled_pages_—_check_md&a|risk_factors_in_full_drhp,0,not_classified_manufacturer,0,weak_location_signal,0,no_differentiation_evidence,1,named_individuals_in_promoter_field,1,sector_or_macro_tailwind_tags,1,growth_or_ipo_signal_in_text,3,50,50.0,2,0,0,0,0,0,0,rules_only_no_llm_balance,0.0,0.0,0.0,5.0,5.0,5.0,50.0,0.0,rules_only,duplicate_dedupe|basis:website_host,Shine Fashions (India) Limited,website_host
RETINA PAINTS LIMITED,Little or no extractable text (likely scanned PDF — needs OCR).,unknown,,unknown,no_structured_differentiation_tag,DRHP: Mr. Krishnamachari Ramu Company Secretary; Ms. Dimple Magharam Slun Email; Mr. Swapnil Kate E-mail; Mr. Krishnamachari Ramu; Mr. Rakesh Dommati; Ms. Rajitha Koyyada DETAILS OF THE ISSUE; Ms. Rajitha Koyyada For,Not assessed (no machine-readable text).,bse_sme_ipo_drhp_pipeline,drhp_companies_specified_format.csv+final_merged_dsir_promoters.csv,,,no_structured_differentiation_tag|bse_sme_ipo_drhp_pipeline|not_assessed_(no_machine-readable_text),0,not_classified_manufacturer,0,weak_location_signal,0,no_differentiation_evidence,1,named_individuals_in_promoter_field,1,sector_or_macro_tailwind_tags,0,weak_growth_signal,2,33,30.0,2,0,0,0,0,0,0,rules_only_no_llm_balance,0.0,0.0,0.0,5.0,5.0,0.0,30.0,0.0,rules_only,no_website_url,,
REX SEALING AND PACKING INDUSTRIES LIMITED,"A-207, 2nd Floor, Plot No.711 A, Byculla Services Industries, D K Road, Ghodapdeo, Byculla (East) Mumbai - 400027",unspecified_see_drhp,www.afsl.co.in; www.bigshareonline.com; www.rexseal.com,Extract from restated financials in DRHP (pattern not matched).,iso_certification_mention,Promoter names not machine-extracted from sampled DRHP pages; verify in IPO prospectus or LinkedIn.,ISO certification mentioned,bse_sme_ipo_drhp_pipeline,drhp_companies_specified_format.csv+final_merged_dsir_promoters.csv,,See DRHP ‘Industry / Business overview’ section.,iso_certification_mention|bse_sme_ipo_drhp_pipeline|iso_certification_mentioned,0,not_classified_manufacturer,1,india_location_signal,1,cert_or_patent_evidence,0,no_promoter_extract,1,sector_or_macro_tailwind_tags,1,growth_or_ipo_signal_in_text,4,67,65.0,2,0,0,0,0,0,0,rules_only_no_llm_balance,0.0,5.0,5.0,0.0,5.0,5.0,65.0,0.0,rules_only,duplicate_dedupe|basis:website_host,Shine Fashions (India) Limited,website_host
Rhetan TMT Limited,Little or no extractable text (likely scanned PDF — needs OCR).,unknown,,unknown,no_structured_differentiation_tag,Promoter names not machine-extracted from sampled DRHP pages; verify in IPO prospectus or LinkedIn.,Not assessed (no machine-readable text).,bse_sme_ipo_drhp_pipeline,drhp_companies_specified_format.csv+final_merged_dsir_promoters.csv,,,no_structured_differentiation_tag|bse_sme_ipo_drhp_pipeline|not_assessed_(no_machine-readable_text),0,not_classified_manufacturer,0,weak_location_signal,0,no_differentiation_evidence,0,no_promoter_extract,1,sector_or_macro_tailwind_tags,0,weak_growth_signal,1,17,15.0,2,0,0,0,0,0,0,rules_only_no_llm_balance,0.0,0.0,0.0,0.0,5.0,0.0,15.0,0.0,rules_only,no_website_url,,
Richesm Healthcare Limited,Office No,unspecified_see_drhp,www.kslindia.com; www.richesm.com; www.skylinerta.com,Extract from restated financials in DRHP (pattern not matched).,no_structured_differentiation_tag,DRHP: Ashish Aggarwal; Dilmeet Kaur,No explicit expansion/hiring/certification keywords in sampled pages — check MD&A / risk factors in full DRHP.,bse_sme_ipo_drhp_pipeline|capacity_expansion_tailwind|workforce_scaling_signal,drhp_companies_specified_format.csv+final_merged_dsir_promoters.csv,,See DRHP ‘Industry / Business overview’ section.,no_structured_differentiation_tag|bse_sme_ipo_drhp_pipeline|capacity_expansion_tailwind|workforce_scaling_signal|no_explicit_expansion|hiring|certification_keywords_in_sampled_pages_—_check_md&a|risk_factors_in_full_drhp,0,not_classified_manufacturer,0,weak_location_signal,0,no_differentiation_evidence,0,weak_promoter_signal,1,sector_or_macro_tailwind_tags,1,growth_or_ipo_signal_in_text,2,33,35.0,2,0,0,0,0,0,0,rules_only_no_llm_balance,0.0,0.0,0.0,0.0,5.0,5.0,35.0,0.0,rules_only,duplicate_dedupe|basis:website_host,SJP ULTRASONICS LIMITED,website_host
Ritco Logistics Limited,Little or no extractable text (likely scanned PDF — needs OCR).,unknown,,unknown,no_structured_differentiation_tag,Promoter names not machine-extracted from sampled DRHP pages; verify in IPO prospectus or LinkedIn.,Not assessed (no machine-readable text).,bse_sme_ipo_drhp_pipeline,drhp_companies_specified_format.csv+final_merged_dsir_promoters.csv,,,no_structured_differentiation_tag|bse_sme_ipo_drhp_pipeline|not_assessed_(no_machine-readable_text),0,not_classified_manufacturer,0,weak_location_signal,0,no_differentiation_evidence,0,no_promoter_extract,1,sector_or_macro_tailwind_tags,0,weak_growth_signal,1,17,15.0,2,0,0,0,0,0,0,rules_only_no_llm_balance,0.0,0.0,0.0,0.0,5.0,0.0,15.0,0.0,rules_only,no_website_url,,
RO Jewels Limited,Little or no extractable text (likely scanned PDF — needs OCR).,unknown,,unknown,no_structured_differentiation_tag,DRHP: Mr. Bharat Rasiklal Shah; Mrs. Pravinaben Shah; Mr. Shubham Bharatbhai Shah Promoter Companies,Not assessed (no machine-readable text).,bse_sme_ipo_drhp_pipeline,drhp_companies_specified_format.csv+final_merged_dsir_promoters.csv,,,no_structured_differentiation_tag|bse_sme_ipo_drhp_pipeline|not_assessed_(no_machine-readable_text),0,not_classified_manufacturer,0,weak_location_signal,0,no_differentiation_evidence,1,named_individuals_in_promoter_field,1,sector_or_macro_tailwind_tags,0,weak_growth_signal,2,33,30.0,2,0,0,0,0,0,0,rules_only_no_llm_balance,0.0,0.0,0.0,5.0,5.0,0.0,30.0,0.0,rules_only,no_website_url,,
Roopa Screen Limited,carry out our business activities,unspecified_see_drhp,https://serencapital.in/; www.bigshareonline.com; www.roopaindia.in,Extract from restated financials in DRHP (pattern not matched).,no_structured_differentiation_tag,Could not download DRHP PDF/ZIP for promoter extraction.,facility expansion,bse_sme_ipo_drhp_pipeline|capacity_expansion_tailwind,drhp_companies_specified_format.csv+final_merged_dsir_promoters.csv,,See DRHP ‘Industry / Business overview’ section.,no_structured_differentiation_tag|bse_sme_ipo_drhp_pipeline|capacity_expansion_tailwind|facility_expansion,0,not_classified_manufacturer,0,weak_location_signal,0,no_differentiation_evidence,0,no_promoter_extract,1,sector_or_macro_tailwind_tags,1,growth_or_ipo_signal_in_text,2,33,35.0,2,0,0,0,0,0,0,rules_only_no_llm_balance,0.0,0.0,0.0,0.0,5.0,5.0,35.0,0.0,rules_only,duplicate_dedupe|basis:website_host,Recode Studios Limited,website_host
Roopshri Resorts Limited,Little or no extractable text (likely scanned PDF — needs OCR).,unknown,,unknown,no_structured_differentiation_tag,DRHP: Ms. Darshana Tapase; Mrs. Roopa Shah THE ISSUE PUBLIC ISSUE; Mrs. Roopa Shah Promoter Group Such; Ms. Darshana Tapase Director,Not assessed (no machine-readable text).,bse_sme_ipo_drhp_pipeline,drhp_companies_specified_format.csv+final_merged_dsir_promoters.csv,,,no_structured_differentiation_tag|bse_sme_ipo_drhp_pipeline|not_assessed_(no_machine-readable_text),0,not_classified_manufacturer,0,weak_location_signal,0,no_differentiation_evidence,1,named_individuals_in_promoter_field,1,sector_or_macro_tailwind_tags,0,weak_growth_signal,2,33,30.0,2,0,0,0,0,0,0,rules_only_no_llm_balance,0.0,0.0,0.0,5.0,5.0,0.0,30.0,0.0,rules_only,no_website_url,,
ROOPYAA FINBIZZ LIMITED,Little or no extractable text (likely scanned PDF — needs OCR).,unknown,,unknown,no_structured_differentiation_tag,DRHP: Mr. Hinil Patel Company Secretary; Mr. Rushabh Shroff; Ms. Mala Soneji Tel. No; Ms. Shanti Gopalkrishnan Tel. No; Mr. Hinil Patel; Mr. Hinil Patel Director; Mrs. Rupa Bhaskar Jha. Materiality Policy; Mr. Kunjit Maheshbhai Patel Promoter Companies; Mr. Kunjit Maheshbhai Patel Willful Defaulter,Not assessed (no machine-readable text).,bse_sme_ipo_drhp_pipeline,drhp_companies_specified_format.csv+final_merged_dsir_promoters.csv,,,no_structured_differentiation_tag|bse_sme_ipo_drhp_pipeline|not_assessed_(no_machine-readable_text),0,not_classified_manufacturer,0,weak_location_signal,0,no_differentiation_evidence,1,named_individuals_in_promoter_field,1,sector_or_macro_tailwind_tags,0,weak_growth_signal,2,33,30.0,2,0,0,0,0,0,0,rules_only_no_llm_balance,0.0,0.0,0.0,5.0,5.0,0.0,30.0,0.0,rules_only,no_website_url,,
Rosmerta Digital Services Limited,"a new certificate of incorporation consequent upon conversion dated June 03, 2024, bearing",unspecified_see_drhp,www.beelinemb.com; www.linkintime.co.in; www.narnolia.com; www.rosmertadigital.com,Extract from restated financials in DRHP (pattern not matched).,no_structured_differentiation_tag,DRHP: Mr. Kuntal Kar OUR; Mr. Pankaj Pasi SEBI Registration Number; Mr. Nikhil Shah SEBI Registration Number; Ms. Shanti Gopalkrishnan SEBI Registration Number; Mr. Karn Vivek Nagpal; Mr. Kartick Vivek Nagpal; Mr. Amit Kumar Somani Remuneration,subsidiary / group structure,bse_sme_ipo_drhp_pipeline,drhp_companies_specified_format.csv+final_merged_dsir_promoters.csv,,See DRHP ‘Industry / Business overview’ section.,no_structured_differentiation_tag|bse_sme_ipo_drhp_pipeline|subsidiary|group_structure,0,not_classified_manufacturer,0,weak_location_signal,0,no_differentiation_evidence,1,named_individuals_in_promoter_field,1,sector_or_macro_tailwind_tags,0,weak_growth_signal,2,33,30.0,2,0,0,0,0,0,0,rules_only_no_llm_balance,0.0,0.0,0.0,5.0,5.0,0.0,30.0,0.0,rules_only,duplicate_dedupe|basis:website_host,SK International Export Limited,website_host
Rudra Gas Enterprise Limited,"OFFICE CONTACT PERSON TELEPHONE AND EMAIL WEBSITE B-702, The Capital Building, Science City Road, Opp",unspecified_see_drhp,www.beelinemb.com; www.linkintime.co.in; www.rudragasenterprise.com,Extract from restated financials in DRHP (pattern not matched).,iso_certification_mention,Mrs. Manjulaben Sureshbhai Patel,ISO certification mentioned; subsidiary / group structure,bse_sme_ipo_drhp_pipeline,drhp_companies_specified_format.csv+final_merged_dsir_promoters.csv,,See DRHP ‘Industry / Business overview’ section.,iso_certification_mention|bse_sme_ipo_drhp_pipeline|iso_certification_mentioned|subsidiary|group_structure,0,not_classified_manufacturer,0,weak_location_signal,1,cert_or_patent_evidence,1,named_individuals_in_promoter_field,1,sector_or_macro_tailwind_tags,1,growth_or_ipo_signal_in_text,4,67,70.0,3,0,0,0,0,0,0,rules_only_no_llm_balance,0.0,0.0,5.0,5.0,5.0,5.0,70.0,0.0,rules_only,duplicate_dedupe|basis:website_host,SK International Export Limited,website_host
RUKMANI DEVI GARG AGRO IMPEX LIMITED,have been certain instances of regulatory non -compliances or delays or errors in the past,unspecified_see_drhp,www.bigshareonline.com; www.fedsec.in; www.rdgagro.com,Extract from restated financials in DRHP (pattern not matched).,no_structured_differentiation_tag,DRHP: Mrs. Ayushi Agrawal; Mr. Vishal Garg; Mrs. Anju Garg,subsidiary / group structure,bse_sme_ipo_drhp_pipeline,drhp_companies_specified_format.csv+final_merged_dsir_promoters.csv,,See DRHP ‘Industry / Business overview’ section.,no_structured_differentiation_tag|bse_sme_ipo_drhp_pipeline|subsidiary|group_structure,0,not_classified_manufacturer,0,weak_location_signal,0,no_differentiation_evidence,1,named_individuals_in_promoter_field,1,sector_or_macro_tailwind_tags,0,weak_growth_signal,2,33,30.0,2,0,0,0,0,0,0,rules_only_no_llm_balance,0.0,0.0,0.0,5.0,5.0,0.0,30.0,0.0,rules_only,duplicate_dedupe|basis:website_host,Shine Fashions (India) Limited,website_host
S. V. J. ENTERPRISES LIMITED,Little or no extractable text (likely scanned PDF — needs OCR).,unknown,,unknown,no_structured_differentiation_tag,DRHP: Ms. Saanvi Kargutkar Managing Director Email Id; Mr. Rushabh Shroff; Ms. Mala Soneji Email; Mr. Babu Rapheal; Ms. Saanvi Kargutkar; Mr. Suresh Jha; Ms. Veena Jha THE ISSUE PUBLIC ISSUE; Ms. Veena Jha,Not assessed (no machine-readable text).,bse_sme_ipo_drhp_pipeline,drhp_companies_specified_format.csv+final_merged_dsir_promoters.csv,,,no_structured_differentiation_tag|bse_sme_ipo_drhp_pipeline|not_assessed_(no_machine-readable_text),0,not_classified_manufacturer,0,weak_location_signal,0,no_differentiation_evidence,1,named_individuals_in_promoter_field,1,sector_or_macro_tailwind_tags,0,weak_growth_signal,2,33,30.0,2,0,0,0,0,0,0,rules_only_no_llm_balance,0.0,0.0,0.0,5.0,5.0,0.0,30.0,0.0,rules_only,no_website_url,,
Safa Systems & Technologies Limited,Little or no extractable text (likely scanned PDF — needs OCR).,unknown,,unknown,no_structured_differentiation_tag,DRHP: Ms. Pushpita Dasgupta; Mr. Faizal Bavaraparambil Abdul Khader; Mr. Bavaraparambil Abdhulkadher Hydrose; Mr. Harikrishnan Raghunathan Nair,Not assessed (no machine-readable text).,bse_sme_ipo_drhp_pipeline,drhp_companies_specified_format.csv+final_merged_dsir_promoters.csv,,,no_structured_differentiation_tag|bse_sme_ipo_drhp_pipeline|not_assessed_(no_machine-readable_text),0,not_classified_manufacturer,0,weak_location_signal,0,no_differentiation_evidence,1,named_individuals_in_promoter_field,1,sector_or_macro_tailwind_tags,0,weak_growth_signal,2,33,30.0,2,0,0,0,0,0,0,rules_only_no_llm_balance,0.0,0.0,0.0,5.0,5.0,0.0,30.0,0.0,rules_only,no_website_url,,
SAFETY CONTROLS & DEVICES LIMITED,"C-43/28/1 Nawal Kishore Road Hazratganj, Lucknow-226001, Uttar Pradesh, India N",unspecified_see_drhp,www.maashitla.com; www.sobhagyacapital.com,Extract from restated financials in DRHP (pattern not matched).,no_structured_differentiation_tag,DRHP: Mr. Shiva Nigam,subsidiary / group structure,bse_sme_ipo_drhp_pipeline,drhp_companies_specified_format.csv+final_merged_dsir_promoters.csv,,See DRHP ‘Industry / Business overview’ section.,no_structured_differentiation_tag|bse_sme_ipo_drhp_pipeline|subsidiary|group_structure,0,not_classified_manufacturer,1,india_location_signal,0,no_differentiation_evidence,1,named_individuals_in_promoter_field,1,sector_or_macro_tailwind_tags,0,weak_growth_signal,3,50,40.0,2,0,0,0,0,0,0,rules_only_no_llm_balance,0.0,5.0,0.0,5.0,5.0,0.0,40.0,0.0,rules_only,duplicate_dedupe|basis:website_host,L. T. Elevator Limited,website_host
Sai Swami Metals and Alloys Limited,Little or no extractable text (likely scanned PDF — needs OCR).,unknown,,unknown,no_structured_differentiation_tag,Could not download DRHP PDF/ZIP for promoter extraction.,Not assessed (no machine-readable text).,bse_sme_ipo_drhp_pipeline,drhp_companies_specified_format.csv+final_merged_dsir_promoters.csv,,,no_structured_differentiation_tag|bse_sme_ipo_drhp_pipeline|not_assessed_(no_machine-readable_text),0,not_classified_manufacturer,0,weak_location_signal,0,no_differentiation_evidence,0,no_promoter_extract,1,sector_or_macro_tailwind_tags,0,weak_growth_signal,1,17,15.0,2,0,0,0,0,0,0,rules_only_no_llm_balance,0.0,0.0,0.0,0.0,5.0,0.0,15.0,0.0,rules_only,no_website_url,,
SAILANI TOURS N TRAVELS LIMITED,Little or no extractable text (likely scanned PDF — needs OCR).,unknown,,unknown,no_structured_differentiation_tag,DRHP: Ms. Purvi Agarwal Company Secretary; Ms. Dimple Magharam Slun Email; Mr. Swapnil Kate Email; Ms. Purvi Agarwal; Mr. Krishna Kumar Chanani; Ms. Sunita Chanani THE ISSUE PUBLIC ISSUE; Ms. Sunita Chanani,Not assessed (no machine-readable text).,bse_sme_ipo_drhp_pipeline,drhp_companies_specified_format.csv+final_merged_dsir_promoters.csv,,,no_structured_differentiation_tag|bse_sme_ipo_drhp_pipeline|not_assessed_(no_machine-readable_text),0,not_classified_manufacturer,0,weak_location_signal,0,no_differentiation_evidence,1,named_individuals_in_promoter_field,1,sector_or_macro_tailwind_tags,0,weak_growth_signal,2,33,30.0,2,0,0,0,0,0,0,rules_only_no_llm_balance,0.0,0.0,0.0,5.0,5.0,0.0,30.0,0.0,rules_only,no_website_url,,
Samor Reality Limited,Little or no extractable text (likely scanned PDF — needs OCR).,unknown,,unknown,no_structured_differentiation_tag,DRHP: Ms. Pooja Aidasani; Mr. Birjukumar Ajitbhai Shah; Mrs. Jagrutiben Birjubhai Shah THE ISSUE PUBLIC; Mrs. Jagrutiben Birjubhai Shah. For; Mr. Birjukumar Ajit; Mrs. Jagrutiben Birjubhai Shah; Mr. Akshay Sevantilal Mehta; Mr. Mukesh Premchand Shah; Mr. Rohit Dalpatbhai Shah; Mr. Pinkesh Ajitbhai Shah,Not assessed (no machine-readable text).,bse_sme_ipo_drhp_pipeline,drhp_companies_specified_format.csv+final_merged_dsir_promoters.csv,,,no_structured_differentiation_tag|bse_sme_ipo_drhp_pipeline|not_assessed_(no_machine-readable_text),0,not_classified_manufacturer,0,weak_location_signal,0,no_differentiation_evidence,1,named_individuals_in_promoter_field,1,sector_or_macro_tailwind_tags,0,weak_growth_signal,2,33,30.0,2,0,0,0,0,0,0,rules_only_no_llm_balance,0.0,0.0,0.0,5.0,5.0,0.0,30.0,0.0,rules_only,no_website_url,,
SAN TRICA REALTORS LIMITED,Little or no extractable text (likely scanned PDF — needs OCR).,unknown,,unknown,no_structured_differentiation_tag,DRHP: Ms. Nupur Mohit Agrawal; Mr. Rushabh Shroff; Ms. Mala Soneji Tel. No; Mr. Babu Rapheal; Dr. Nitin Vithalrao Thorave Promoter Companies,Not assessed (no machine-readable text).,bse_sme_ipo_drhp_pipeline,drhp_companies_specified_format.csv+final_merged_dsir_promoters.csv,,,no_structured_differentiation_tag|bse_sme_ipo_drhp_pipeline|not_assessed_(no_machine-readable_text),0,not_classified_manufacturer,0,weak_location_signal,0,no_differentiation_evidence,1,named_individuals_in_promoter_field,1,sector_or_macro_tailwind_tags,0,weak_growth_signal,2,33,30.0,3,0,0,0,0,0,0,rules_only_no_llm_balance,0.0,0.0,0.0,5.0,5.0,0.0,30.0,0.0,rules_only,no_website_url,,
Sancode Technologies Limited,Little or no extractable text (likely scanned PDF — needs OCR).,unknown,,unknown,no_structured_differentiation_tag,DRHP: AMIT VIJAY JAIN; KHUSHBOO JAIN; MIHIR DEEPAK VORA AND ZNL; Amit Vijay Jain; Khushboo Jain; Mihir Deepak,Not assessed (no machine-readable text).,bse_sme_ipo_drhp_pipeline,drhp_companies_specified_format.csv+final_merged_dsir_promoters.csv,,,no_structured_differentiation_tag|bse_sme_ipo_drhp_pipeline|not_assessed_(no_machine-readable_text),0,not_classified_manufacturer,0,weak_location_signal,0,no_differentiation_evidence,1,rich_drhp_promoter_blob,1,sector_or_macro_tailwind_tags,0,weak_growth_signal,2,33,30.0,2,0,0,0,0,0,0,rules_only_no_llm_balance,0.0,0.0,0.0,5.0,5.0,0.0,30.0,0.0,rules_only,no_website_url,,
SANJEEVANI AGROFOODS LIMITED,of Central Processing Centre bearing Corporate identification number U15122UR2008PLC032737,unspecified_see_drhp,www.bigshareonline.com; www.sanjeevaniagrofoods.com; www.shareindia.com,Extract from restated financials in DRHP (pattern not matched).,no_structured_differentiation_tag,DRHP: Mr. Kunal Bansal Email Id; Mr. Vinayak Morbale Email Id; Mr. Shrikant Sharma Chairman; Mr. Tara Singh Director Mr. Vijay Kannojiya; Mr. Jogindar Chief Financial Officer Ms. Megha; Mrs. Anjali Wife; Mr. Shrikant Sharma; Mr. Tara Singh; Mr. Vijay Kannojiya; Ms. Shreen Katyan,digital / hiring channel mention; subsidiary / group structure,bse_sme_ipo_drhp_pipeline|workforce_scaling_signal,drhp_companies_specified_format.csv+final_merged_dsir_promoters.csv,U15122UR2008PLC032737,See DRHP ‘Industry / Business overview’ section.,no_structured_differentiation_tag|bse_sme_ipo_drhp_pipeline|workforce_scaling_signal|digital|hiring_channel_mention|subsidiary|group_structure,0,not_classified_manufacturer,0,weak_location_signal,0,no_differentiation_evidence,1,named_individuals_in_promoter_field,1,sector_or_macro_tailwind_tags,1,growth_or_ipo_signal_in_text,3,50,50.0,2,0,0,0,0,0,0,rules_only_no_llm_balance,0.0,0.0,0.0,5.0,5.0,5.0,50.0,0.0,rules_only,duplicate_dedupe|basis:website_host,VVIP Infratech Limited,website_host
Satol Chemicals Limited,"name and registered office of our company, please refer to secti on titled “",unspecified_see_drhp,https://www.satol.net; www.blackfoxindia.com; www.finshoregroup.com,Extract from restated financials in DRHP (pattern not matched).,iso_certification_mention,DRHP: Mr. Nitin Vinayak Kore; Mr. S. Ramakrishna Iyengar KFIN TECHNOLOGIES LIMITED; Mr. S. Ramakrishna Iyengar SEBI Registration No; Mr. Suresh Bohra Telephone,ISO certification mentioned; subsidiary / group structure; facility expansion,bse_sme_ipo_drhp_pipeline|capacity_expansion_tailwind,drhp_companies_specified_format.csv+final_merged_dsir_promoters.csv,,See DRHP ‘Industry / Business overview’ section.,iso_certification_mention|bse_sme_ipo_drhp_pipeline|capacity_expansion_tailwind|iso_certification_mentioned|subsidiary|group_structure|facility_expansion,0,not_classified_manufacturer,0,weak_location_signal,1,cert_or_patent_evidence,1,named_individuals_in_promoter_field,1,sector_or_macro_tailwind_tags,1,growth_or_ipo_signal_in_text,4,67,70.0,2,0,0,0,0,0,0,rules_only_no_llm_balance,0.0,0.0,5.0,5.0,5.0,5.0,70.0,0.0,rules_only,duplicate_dedupe|basis:website_host,SK International Export Limited,website_host
SBC Exports Limited,Little or no extractable text (likely scanned PDF — needs OCR).,unknown,,unknown,no_structured_differentiation_tag,DRHP: Mr. Hari Om Sharma; Mr. Dheerendra Gupta; Mrs. Deepika Gupta Promoters Group Companies; Mr. Mukesh Bhatt. Companies Act; Mr. Hari Om Sharma. Corporate Office; Mrs. Deepika Gupta; Mr. Sandeep Kumar Gupta; Mrs. Sarika Gupta; Mr. Dheerendra Kumar Gupta; Mr. Gaurav Gupta,Not assessed (no machine-readable text).,bse_sme_ipo_drhp_pipeline,drhp_companies_specified_format.csv+final_merged_dsir_promoters.csv,,,no_structured_differentiation_tag|bse_sme_ipo_drhp_pipeline|not_assessed_(no_machine-readable_text),0,not_classified_manufacturer,0,weak_location_signal,0,no_differentiation_evidence,1,named_individuals_in_promoter_field,1,sector_or_macro_tailwind_tags,0,weak_growth_signal,2,33,30.0,2,0,0,0,0,0,0,rules_only_no_llm_balance,0.0,0.0,0.0,5.0,5.0,0.0,30.0,0.0,rules_only,no_website_url,,
SBL Infratech Limited,Little or no extractable text (likely scanned PDF — needs OCR).,unknown,,unknown,no_structured_differentiation_tag,DRHP: Mr. Sarfraz Taherbhai Mulla; Mr. Ankit Sharma; Ms. Shifali Sharma Promoters Group; Ms. Shifali Sharma. For,Not assessed (no machine-readable text).,bse_sme_ipo_drhp_pipeline,drhp_companies_specified_format.csv+final_merged_dsir_promoters.csv,,,no_structured_differentiation_tag|bse_sme_ipo_drhp_pipeline|not_assessed_(no_machine-readable_text),0,not_classified_manufacturer,0,weak_location_signal,0,no_differentiation_evidence,1,named_individuals_in_promoter_field,1,sector_or_macro_tailwind_tags,0,weak_growth_signal,2,33,30.0,2,0,0,0,0,0,0,rules_only_no_llm_balance,0.0,0.0,0.0,5.0,5.0,0.0,30.0,0.0,rules_only,no_website_url,,
SBS Food Courts Limited,Little or no extractable text (likely scanned PDF — needs OCR).,unknown,,unknown,no_structured_differentiation_tag,DRHP: Mr. Prashant Agarwal; Mr. Joseph Sequeira; Mrs. Catherine Lawrentia; Ms. Kritika Rupda Tel No; Ms. Catherine Lawrentia; Mr. Josly Eric Sequeira; Mr. Alwin Sequeira; Mr. Vansh Manish Shah; Ms. Deshma Richard Sequeira. Stakeholders Relationship Committee,Not assessed (no machine-readable text).,bse_sme_ipo_drhp_pipeline,drhp_companies_specified_format.csv+final_merged_dsir_promoters.csv,,,no_structured_differentiation_tag|bse_sme_ipo_drhp_pipeline|not_assessed_(no_machine-readable_text),0,not_classified_manufacturer,0,weak_location_signal,0,no_differentiation_evidence,1,named_individuals_in_promoter_field,1,sector_or_macro_tailwind_tags,0,weak_growth_signal,2,33,30.0,2,0,0,0,0,0,0,rules_only_no_llm_balance,0.0,0.0,0.0,5.0,5.0,0.0,30.0,0.0,rules_only,no_website_url,,
Scarnose International Limited,Little or no extractable text (likely scanned PDF — needs OCR).,unknown,,unknown,no_structured_differentiation_tag,DRHP: Ms. Ankita Vivekkumar Shah; Mr. S. Ramakrishna Iyengar Telephone; Mr. R.D. Ramasamy; Mr. SHAH VIMALKUMAR MISHRILAL; Mr. HITESH LOONIA THE ISSUE INITIAL PUBLIC; Mr. Shah Vimalkumar Mishrilal; Mr. Hitesh Loonia. Promoter Group Includes; Ms. Sanjana Parmar,Not assessed (no machine-readable text).,bse_sme_ipo_drhp_pipeline,drhp_companies_specified_format.csv+final_merged_dsir_promoters.csv,,,no_structured_differentiation_tag|bse_sme_ipo_drhp_pipeline|not_assessed_(no_machine-readable_text),0,not_classified_manufacturer,0,weak_location_signal,0,no_differentiation_evidence,1,named_individuals_in_promoter_field,1,sector_or_macro_tailwind_tags,0,weak_growth_signal,2,33,30.0,3,0,0,0,0,0,0,rules_only_no_llm_balance,0.0,0.0,0.0,5.0,5.0,0.0,30.0,0.0,rules_only,no_website_url,,
Sealmatic India Limited,Little or no extractable text (likely scanned PDF — needs OCR).,unknown,,unknown,no_structured_differentiation_tag,DRHP: Ms. Neha Pinak Chedda Company Secretary; Mr. Mohamed Hanif Chaudhari; Mr. Sadik S. Chaudhari; Mr. Abid Ali. Chaudhari; Mrs. Waheeda U. Balwa; Mr. Rafiq H. Balwa; Ms. Neha Pinak Chheda; Mr. Umar A. K. Balwa; Mr. Rafiq H. Balwa THE ISSUE INITIAL; Mr. Ratan Bhabutlal Kandare Company Secretary,Not assessed (no machine-readable text).,bse_sme_ipo_drhp_pipeline,drhp_companies_specified_format.csv+final_merged_dsir_promoters.csv,,,no_structured_differentiation_tag|bse_sme_ipo_drhp_pipeline|not_assessed_(no_machine-readable_text),0,not_classified_manufacturer,0,weak_location_signal,0,no_differentiation_evidence,1,named_individuals_in_promoter_field,1,sector_or_macro_tailwind_tags,0,weak_growth_signal,2,33,30.0,2,0,0,0,0,0,0,rules_only_no_llm_balance,0.0,0.0,0.0,5.0,5.0,0.0,30.0,0.0,rules_only,no_website_url,,
Secmark Consultancy Limited,Little or no extractable text (likely scanned PDF — needs OCR).,unknown,,unknown,no_structured_differentiation_tag,DRHP: Mr. Sunil Kumar Bang; Mrs. Indira Vijay Ramaiya; Mrs. Ilaben Jaswantlal Shah; Mr. Binod Chandra Maharana,Not assessed (no machine-readable text).,bse_sme_ipo_drhp_pipeline,drhp_companies_specified_format.csv+final_merged_dsir_promoters.csv,,,no_structured_differentiation_tag|bse_sme_ipo_drhp_pipeline|not_assessed_(no_machine-readable_text),0,not_classified_manufacturer,0,weak_location_signal,0,no_differentiation_evidence,1,named_individuals_in_promoter_field,1,sector_or_macro_tailwind_tags,0,weak_growth_signal,2,33,30.0,2,0,0,0,0,0,0,rules_only_no_llm_balance,0.0,0.0,0.0,5.0,5.0,0.0,30.0,0.0,rules_only,no_website_url,,
SEVEN SEAZ VACATIONS LIMITED,Little or no extractable text (likely scanned PDF — needs OCR).,unknown,,unknown,no_structured_differentiation_tag,DRHP: Ms. Nisha Singh; Mr. Vikas Jain; Mr. Guneet Sethi THE ISSUE TYPE FRESH; Mr. Guneet Sethi,Not assessed (no machine-readable text).,bse_sme_ipo_drhp_pipeline,drhp_companies_specified_format.csv+final_merged_dsir_promoters.csv,,,no_structured_differentiation_tag|bse_sme_ipo_drhp_pipeline|not_assessed_(no_machine-readable_text),0,not_classified_manufacturer,0,weak_location_signal,0,no_differentiation_evidence,1,named_individuals_in_promoter_field,1,sector_or_macro_tailwind_tags,0,weak_growth_signal,2,33,30.0,2,0,0,0,0,0,0,rules_only_no_llm_balance,0.0,0.0,0.0,5.0,5.0,0.0,30.0,0.0,rules_only,no_website_url,,
Shakti Polytarp Limited,company. Any termination of the relevant lease/ rent agreements could adversely affect our operations.,unspecified_see_drhp,www.nexgenfin.com; www.shaktipolytarp.com; www.skylinerta.com,Extract from restated financials in DRHP (pattern not matched).,no_structured_differentiation_tag,Mr. Ravi Singhal,subsidiary / group structure,bse_sme_ipo_drhp_pipeline,drhp_companies_specified_format.csv+final_merged_dsir_promoters.csv,,See DRHP ‘Industry / Business overview’ section.,no_structured_differentiation_tag|bse_sme_ipo_drhp_pipeline|subsidiary|group_structure,0,not_classified_manufacturer,0,weak_location_signal,0,no_differentiation_evidence,1,named_individuals_in_promoter_field,1,sector_or_macro_tailwind_tags,0,weak_growth_signal,2,33,30.0,3,0,0,0,0,0,0,rules_only_no_llm_balance,0.0,0.0,0.0,5.0,5.0,0.0,30.0,0.0,rules_only,duplicate_dedupe|basis:website_host,Defrail Technologies Limited,website_host
Sham Foam Limited,Promoters and the same property has been used as security for loan taken by our Company for its machineries:,"As on date of the Draft Prospectus, our Company has been using the following brand names for marketing and distribution ",www.alankitassignments.com; www.corporatemakers.in; www.navigantcorp.com; www.shamfoam.com,Extract from restated financials in DRHP (pattern not matched).,no_structured_differentiation_tag,DRHP: Ms. Reetika Dhain; Mr. Manish Kumar Singh SEBI Registration Number; Mr. Gagan Goel CIN; Mr. Harish Chandra Agrawal SEBI Registration No; Ms. Reetika Dhain Company Secretary; Mr. Rajinder Kumar Jindal; Mr. Sanjeev Kumar Jindal; Ms. Monica Jindal; Ms. Deepika Jindal; Mr. Abhinav Jindal,capacity expansion,bse_sme_ipo_drhp_pipeline|capacity_expansion_tailwind,drhp_companies_specified_format.csv+final_merged_dsir_promoters.csv,,"As on date of the Draft Prospectus, our Company has been using the following brand names for marketing and distribution of",no_structured_differentiation_tag|bse_sme_ipo_drhp_pipeline|capacity_expansion_tailwind|capacity_expansion,0,not_classified_manufacturer,0,weak_location_signal,0,no_differentiation_evidence,1,named_individuals_in_promoter_field,1,sector_or_macro_tailwind_tags,1,growth_or_ipo_signal_in_text,3,50,50.0,2,0,0,0,0,0,0,rules_only_no_llm_balance,0.0,0.0,0.0,5.0,5.0,5.0,50.0,0.0,rules_only,duplicate_dedupe|basis:website_host,Yashhtej Industries (India) Limited,website_host
SHANTIDOOT INFRA SERVICES LIMITED,Little or no extractable text (likely scanned PDF — needs OCR).,unknown,,unknown,no_structured_differentiation_tag,DRHP: Ms. Anshu Anshuman Company Secretary; Mr. Avijeet Kumar Equity Shares; Ms. Anshu Anshuman; Mr. Avijeet Kumar,Not assessed (no machine-readable text).,bse_sme_ipo_drhp_pipeline,drhp_companies_specified_format.csv+final_merged_dsir_promoters.csv,,,no_structured_differentiation_tag|bse_sme_ipo_drhp_pipeline|not_assessed_(no_machine-readable_text),0,not_classified_manufacturer,0,weak_location_signal,0,no_differentiation_evidence,1,named_individuals_in_promoter_field,1,sector_or_macro_tailwind_tags,0,weak_growth_signal,2,33,30.0,2,0,0,0,0,0,0,rules_only_no_llm_balance,0.0,0.0,0.0,5.0,5.0,0.0,30.0,0.0,rules_only,no_website_url,,
Sharp Agricom Limited,Download failed (timeout or HTTP error).,unknown,,unknown,no_structured_differentiation_tag,DRHP: Ms. Neha Gupta; Mr. Sanjay Singhal; Ms. Gauri Singhal; Mr. Sunand Singhal; Ms. Vidhi Goel. Companies Act The Companies; Mrs. Neha Gupta. Committee,,bse_sme_ipo_drhp_pipeline,drhp_companies_specified_format.csv+final_merged_dsir_promoters.csv,,,no_structured_differentiation_tag|bse_sme_ipo_drhp_pipeline,0,not_classified_manufacturer,0,weak_location_signal,0,no_differentiation_evidence,1,named_individuals_in_promoter_field,1,sector_or_macro_tailwind_tags,0,weak_growth_signal,2,33,30.0,2,0,0,0,0,0,0,rules_only_no_llm_balance,0.0,0.0,0.0,5.0,5.0,0.0,30.0,0.0,rules_only,no_website_url,,
Sharvaya Metals Limited,on the page 163 of the DRHP:,unspecified_see_drhp,www.bigshareonline.com; www.expertglobal.in; www.sharvayametals.com,Extract from restated financials in DRHP (pattern not matched).,rnd_mention,Promoter names not machine-extracted from sampled DRHP pages; verify in IPO prospectus or LinkedIn.,capacity expansion; capex / capital expenditure; facility expansion; backward integration,bse_sme_ipo_drhp_pipeline|capacity_expansion_tailwind,drhp_companies_specified_format.csv+final_merged_dsir_promoters.csv,,See DRHP ‘Industry / Business overview’ section.,rnd_mention|bse_sme_ipo_drhp_pipeline|capacity_expansion_tailwind|capacity_expansion|capex|capital_expenditure|facility_expansion|backward_integration,0,not_classified_manufacturer,0,weak_location_signal,0,no_differentiation_evidence,0,no_promoter_extract,1,sector_or_macro_tailwind_tags,1,growth_or_ipo_signal_in_text,2,33,35.0,2,0,0,0,0,0,0,rules_only_no_llm_balance,0.0,0.0,0.0,0.0,5.0,5.0,35.0,0.0,rules_only,duplicate_dedupe|basis:website_host,Royal Sense Limited,website_host
Shayona Engineering Ltd.,Registered Office: Shed No,unspecified_see_drhp,www.horizonmanagement.in; www.kfintech.com; www.shayonaengg.com,Extract from restated financials in DRHP (pattern not matched).,no_structured_differentiation_tag,Promoter names not machine-extracted from sampled DRHP pages; verify in IPO prospectus or LinkedIn.,subsidiary / group structure,bse_sme_ipo_drhp_pipeline,drhp_companies_specified_format.csv+final_merged_dsir_promoters.csv,,See DRHP ‘Industry / Business overview’ section.,no_structured_differentiation_tag|bse_sme_ipo_drhp_pipeline|subsidiary|group_structure,0,not_classified_manufacturer,0,weak_location_signal,0,no_differentiation_evidence,0,no_promoter_extract,1,sector_or_macro_tailwind_tags,0,weak_growth_signal,1,17,15.0,3,0,0,0,0,0,0,rules_only_no_llm_balance,0.0,0.0,0.0,0.0,5.0,0.0,15.0,0.0,rules_only,duplicate_dedupe|basis:website_host,L. T. Elevator Limited,website_host
SHELTER PHARMA LIMITED,Little or no extractable text (likely scanned PDF — needs OCR).,unknown,,unknown,no_structured_differentiation_tag,DRHP: Ms. Dimple Magharam Slun Email; Mr. Swapnil Kate Email; Mr. Mustaqim Nisarahmed Sabugar; Mr. Shakil Nisarahmed Sabugar THE ISSUE PUBLIC; Mr. Shakil Nisarahmed Sabugar,Not assessed (no machine-readable text).,bse_sme_ipo_drhp_pipeline,drhp_companies_specified_format.csv+final_merged_dsir_promoters.csv,,,no_structured_differentiation_tag|bse_sme_ipo_drhp_pipeline|not_assessed_(no_machine-readable_text),0,not_classified_manufacturer,0,weak_location_signal,0,no_differentiation_evidence,1,named_individuals_in_promoter_field,1,sector_or_macro_tailwind_tags,0,weak_growth_signal,2,33,30.0,2,0,0,0,0,0,0,rules_only_no_llm_balance,0.0,0.0,0.0,5.0,5.0,0.0,30.0,0.0,rules_only,no_website_url,,
Shining Tools Ltd,"For further details, please refer to chapter titled “",unspecified_see_drhp,https://accuratesecurities.com/; www.sobhagyacapital.com; www.tixnatools.com,Extract from restated financials in DRHP (pattern not matched).,iso_certification_mention,Could not download DRHP PDF/ZIP for promoter extraction.,ISO certification mentioned,bse_sme_ipo_drhp_pipeline,drhp_companies_specified_format.csv+final_merged_dsir_promoters.csv,,See DRHP ‘Industry / Business overview’ section.,iso_certification_mention|bse_sme_ipo_drhp_pipeline|iso_certification_mentioned,0,not_classified_manufacturer,0,weak_location_signal,1,cert_or_patent_evidence,0,no_promoter_extract,1,sector_or_macro_tailwind_tags,1,growth_or_ipo_signal_in_text,3,50,55.0,3,0,0,0,0,0,0,rules_only_no_llm_balance,0.0,0.0,5.0,0.0,5.0,5.0,55.0,0.0,rules_only,duplicate_dedupe|basis:website_host,L. T. Elevator Limited,website_host
Shipwaves Online Limited,identification number (,unspecified_see_drhp,www.cameoindia.com; www.finshoregroup.com; www.shipwaves.com,Extract from restated financials in DRHP (pattern not matched).,iso_certification_mention,DRHP: Mrs. Jessica Juliana Mendonca Company Secretary; Mr. Kalandan Mohammed Haris; Mr. Kalandan Mohammed Althaf; Mr. Kalandan Mohammad Arif; Mr. Abid Ali; Mrs. Bibi Hajira; Mr. Mohammed Sahim Haris DETAILS OF OFFER; Ms. K. Sreepriya Email; Mrs. Jessica Juliana Mendonca; Mr. Mohammed Sahim Haris THE ISSUE INITIAL,ISO certification mentioned,bse_sme_ipo_drhp_pipeline,drhp_companies_specified_format.csv+final_merged_dsir_promoters.csv,,See DRHP ‘Industry / Business overview’ section.,iso_certification_mention|bse_sme_ipo_drhp_pipeline|iso_certification_mentioned,0,not_classified_manufacturer,0,weak_location_signal,1,cert_or_patent_evidence,1,named_individuals_in_promoter_field,1,sector_or_macro_tailwind_tags,1,growth_or_ipo_signal_in_text,4,67,70.0,2,0,0,0,0,0,0,rules_only_no_llm_balance,0.0,0.0,5.0,5.0,5.0,5.0,70.0,0.0,rules_only,duplicate_dedupe|basis:website_host,SK International Export Limited,website_host
Shiv Texchem Limited,"and other details please, see “History and Certain Corporate Matters” on page 126 of the Draft Red Herring Prospectus",unspecified_see_drhp,www.linkintime.co.in; www.shivtexchem.com; www.vivro.net,Extract from restated financials in DRHP (pattern not matched).,no_structured_differentiation_tag,DRHP: Vikas Pavankumar; Hemanshu S,No explicit expansion/hiring/certification keywords in sampled pages — check MD&A / risk factors in full DRHP.,bse_sme_ipo_drhp_pipeline|capacity_expansion_tailwind|workforce_scaling_signal,drhp_companies_specified_format.csv+final_merged_dsir_promoters.csv,,See DRHP ‘Industry / Business overview’ section.,no_structured_differentiation_tag|bse_sme_ipo_drhp_pipeline|capacity_expansion_tailwind|workforce_scaling_signal|no_explicit_expansion|hiring|certification_keywords_in_sampled_pages_—_check_md&a|risk_factors_in_full_drhp,0,not_classified_manufacturer,0,weak_location_signal,0,no_differentiation_evidence,0,weak_promoter_signal,1,sector_or_macro_tailwind_tags,1,growth_or_ipo_signal_in_text,2,33,35.0,2,0,0,0,0,0,0,rules_only_no_llm_balance,0.0,0.0,0.0,0.0,5.0,5.0,35.0,0.0,rules_only,duplicate_dedupe|basis:website_host,Justo Realfintech Limited,website_host
Shivam Chemicals Limited,Little or no extractable text (likely scanned PDF — needs OCR).,unknown,,unknown,no_structured_differentiation_tag,DRHP: Mr. Manish Tarachand Pande,Not assessed (no machine-readable text).,bse_sme_ipo_drhp_pipeline,drhp_companies_specified_format.csv+final_merged_dsir_promoters.csv,,,no_structured_differentiation_tag|bse_sme_ipo_drhp_pipeline|not_assessed_(no_machine-readable_text),0,not_classified_manufacturer,0,weak_location_signal,0,no_differentiation_evidence,1,named_individuals_in_promoter_field,1,sector_or_macro_tailwind_tags,0,weak_growth_signal,2,33,30.0,2,0,0,0,0,0,0,rules_only_no_llm_balance,0.0,0.0,0.0,5.0,5.0,0.0,30.0,0.0,rules_only,no_website_url,,
Shivchem Agro limited,See DRHP ‘General Information’ — address not matched by pattern.,unspecified_see_drhp,www.maashitla.com; www.shannon.co.in; www.shivchemagro.com,Extract from restated financials in DRHP (pattern not matched).,no_structured_differentiation_tag,Could not download DRHP PDF/ZIP for promoter extraction.,No explicit expansion/hiring/certification keywords in sampled pages — check MD&A / risk factors in full DRHP.,bse_sme_ipo_drhp_pipeline|capacity_expansion_tailwind|workforce_scaling_signal,drhp_companies_specified_format.csv+final_merged_dsir_promoters.csv,,See DRHP ‘Industry / Business overview’ section.,no_structured_differentiation_tag|bse_sme_ipo_drhp_pipeline|capacity_expansion_tailwind|workforce_scaling_signal|no_explicit_expansion|hiring|certification_keywords_in_sampled_pages_—_check_md&a|risk_factors_in_full_drhp,0,not_classified_manufacturer,0,weak_location_signal,0,no_differentiation_evidence,0,no_promoter_extract,1,sector_or_macro_tailwind_tags,1,growth_or_ipo_signal_in_text,2,33,35.0,2,0,0,0,0,0,0,rules_only_no_llm_balance,0.0,0.0,0.0,0.0,5.0,5.0,35.0,0.0,rules_only,duplicate_dedupe|basis:website_host,Globtier Infotech limited,website_host
Shoora Designs Limited,Little or no extractable text (likely scanned PDF — needs OCR).,unknown,,unknown,no_structured_differentiation_tag,DRHP: Ms. Priti Mohata; Mrs. Sejalben Satish Kansodariya; Mr. Rajeshbhai Labhubhai Mer DETAILS OF ISSUE; Mr. Rajeshbhai Labhubhai Mer. For; Mr. Rajeshbhai Labhubhai Mer; Mr. Ashwin Madhabhai Makwana,Not assessed (no machine-readable text).,bse_sme_ipo_drhp_pipeline,drhp_companies_specified_format.csv+final_merged_dsir_promoters.csv,,,no_structured_differentiation_tag|bse_sme_ipo_drhp_pipeline|not_assessed_(no_machine-readable_text),0,not_classified_manufacturer,0,weak_location_signal,0,no_differentiation_evidence,1,named_individuals_in_promoter_field,1,sector_or_macro_tailwind_tags,0,weak_growth_signal,2,33,30.0,2,0,0,0,0,0,0,rules_only_no_llm_balance,0.0,0.0,0.0,5.0,5.0,0.0,30.0,0.0,rules_only,no_website_url,,
Shree Marutinandan Tubes Limited,Little or no extractable text (likely scanned PDF — needs OCR).,unknown,,unknown,no_structured_differentiation_tag,DRHP: Ms. Pooja Mangal PROMOTERS OF THE; Mrs. Kusumlata Shivratan Sharma; Mr. Vikram Shivratan Sharma; Mr. Bharat Shivratan Sharma; Mr. Vikram Shivratan Sharma Place,Not assessed (no machine-readable text).,bse_sme_ipo_drhp_pipeline,drhp_companies_specified_format.csv+final_merged_dsir_promoters.csv,,,no_structured_differentiation_tag|bse_sme_ipo_drhp_pipeline|not_assessed_(no_machine-readable_text),0,not_classified_manufacturer,0,weak_location_signal,0,no_differentiation_evidence,1,named_individuals_in_promoter_field,1,sector_or_macro_tailwind_tags,0,weak_growth_signal,2,33,30.0,2,0,0,0,0,0,0,rules_only_no_llm_balance,0.0,0.0,0.0,5.0,5.0,0.0,30.0,0.0,rules_only,no_website_url,,
SHREENATH PAPER PRODUCTS LIMITED,CORPORATE OFFICE CONTACT PERSON EMAIL Shop no,unspecified_see_drhp,www.bigshareonline.com; www.fedsec.in; www.shreenathpaper.com,Extract from restated financials in DRHP (pattern not matched).,no_structured_differentiation_tag,DRHP: ALOK PAREKH; RONAK PAREKH; NAVNEETDAS PAREKH; HASUMATI,No explicit expansion/hiring/certification keywords in sampled pages — check MD&A / risk factors in full DRHP.,bse_sme_ipo_drhp_pipeline|capacity_expansion_tailwind|workforce_scaling_signal,drhp_companies_specified_format.csv+final_merged_dsir_promoters.csv,,See DRHP ‘Industry / Business overview’ section.,no_structured_differentiation_tag|bse_sme_ipo_drhp_pipeline|capacity_expansion_tailwind|workforce_scaling_signal|no_explicit_expansion|hiring|certification_keywords_in_sampled_pages_—_check_md&a|risk_factors_in_full_drhp,0,not_classified_manufacturer,0,weak_location_signal,0,no_differentiation_evidence,1,rich_drhp_promoter_blob,1,sector_or_macro_tailwind_tags,1,growth_or_ipo_signal_in_text,3,50,50.0,2,0,0,0,0,0,0,rules_only_no_llm_balance,0.0,0.0,0.0,5.0,5.0,5.0,50.0,0.0,rules_only,duplicate_dedupe|basis:website_host,Shine Fashions (India) Limited,website_host
Shreni Shares Limited,"Borivali (West)- 400092 Mumbai, Maharashtra, India “we”, “us” or “our” Unless the context otherwise indicates or implies, refers to our Company.",unspecified_see_drhp,www.afsl.co.in; www.bigshareonline.com; www.shreni.in,Extract from restated financials in DRHP (pattern not matched).,no_structured_differentiation_tag,Promoter names not machine-extracted from sampled DRHP pages; verify in IPO prospectus or LinkedIn.,subsidiary / group structure,bse_sme_ipo_drhp_pipeline,drhp_companies_specified_format.csv+final_merged_dsir_promoters.csv,,See DRHP ‘Industry / Business overview’ section.,no_structured_differentiation_tag|bse_sme_ipo_drhp_pipeline|subsidiary|group_structure,0,not_classified_manufacturer,1,india_location_signal,0,no_differentiation_evidence,0,no_promoter_extract,1,sector_or_macro_tailwind_tags,0,weak_growth_signal,2,33,25.0,2,0,0,0,0,0,0,rules_only_no_llm_balance,0.0,5.0,0.0,0.0,5.0,0.0,25.0,0.0,rules_only,duplicate_dedupe|basis:website_host,Shine Fashions (India) Limited,website_host
SHREYAS FABTECH LIMITED,Ahmedabad,Manufacturing / Industrial,www.gretexcorporate.com; www.linkintime.co.in; www.shreyas.biz,Extract from restated financials in DRHP (pattern not matched).,no_structured_differentiation_tag,Could not download DRHP PDF/ZIP for promoter extraction.,capex / capital expenditure,bse_sme_ipo_drhp_pipeline|make_in_india_manufacturing|capacity_expansion_tailwind,data_with_dsir_recognition.csv+drhp_companies_specified_format.csv+final_merged_dsir_promoters.csv,,Specialty Manufacturing (Fabrication/Engineering),no_structured_differentiation_tag|bse_sme_ipo_drhp_pipeline|make_in_india_manufacturing|capacity_expansion_tailwind|capex|capital_expenditure,1,manufacturer_or_industrial_segment,1,india_location_signal,0,no_differentiation_evidence,0,no_promoter_extract,1,sector_or_macro_tailwind_tags,1,growth_or_ipo_signal_in_text,4,67,65.0,3,0,0,0,0,0,0,rules_only_no_llm_balance,5.0,5.0,0.0,0.0,5.0,5.0,65.0,0.0,rules_only,duplicate_dedupe|basis:website_host,Shine Fashions (India) Limited,website_host
Shri Balaji Valve Components Limited,Little or no extractable text (likely scanned PDF — needs OCR).,unknown,,unknown,no_structured_differentiation_tag,DRHP: Mr. Sourabh Garg Email; Mr. Babu Rapheal Email,Not assessed (no machine-readable text).,bse_sme_ipo_drhp_pipeline,drhp_companies_specified_format.csv+final_merged_dsir_promoters.csv,,,no_structured_differentiation_tag|bse_sme_ipo_drhp_pipeline|not_assessed_(no_machine-readable_text),0,not_classified_manufacturer,0,weak_location_signal,0,no_differentiation_evidence,1,named_individuals_in_promoter_field,1,sector_or_macro_tailwind_tags,0,weak_growth_signal,2,33,30.0,3,0,0,0,0,0,0,rules_only_no_llm_balance,0.0,0.0,0.0,5.0,5.0,0.0,30.0,0.0,rules_only,no_website_url,,
Shri Venkatesh Refineries Limited,Little or no extractable text (likely scanned PDF — needs OCR).,unknown,,unknown,no_structured_differentiation_tag,DRHP: Ms. Sapna Kamaldas Vaishnav; Mr. Anil Ganapati Kabre; Mr. Shantanu Ramesh Kabre; Mr. Prasad Dinesh Kabre THE ISSUE INITIAL; Mr. Dinesh Ganapati Kabre Materiality Policy; Mr. Dinesh Ganapati Kabre; Mr. Anil Ganpati Kabre; Mr. Prasad Dinesh Kabre; Mr. Ramesh Ganapati Kabre. Stakeholders Relationship Committee,Not assessed (no machine-readable text).,bse_sme_ipo_drhp_pipeline,drhp_companies_specified_format.csv+final_merged_dsir_promoters.csv,,,no_structured_differentiation_tag|bse_sme_ipo_drhp_pipeline|not_assessed_(no_machine-readable_text),0,not_classified_manufacturer,0,weak_location_signal,0,no_differentiation_evidence,1,named_individuals_in_promoter_field,1,sector_or_macro_tailwind_tags,0,weak_growth_signal,2,33,30.0,2,0,0,0,0,0,0,rules_only_no_llm_balance,0.0,0.0,0.0,5.0,5.0,0.0,30.0,0.0,rules_only,no_website_url,,
Sihora Industries Limited,"Compound, Udhna, Mangrol, Surat-394210, Gujarat, India. You or Your or Yours Prospective Investors in the Issue",unspecified_see_drhp,www.bigshareonline.com; www.sihoragroup.com; www.sobhagyacapital.com,Extract from restated financials in DRHP (pattern not matched).,no_structured_differentiation_tag,Could not download DRHP PDF/ZIP for promoter extraction.,subsidiary / group structure,bse_sme_ipo_drhp_pipeline,drhp_companies_specified_format.csv+final_merged_dsir_promoters.csv,,See DRHP ‘Industry / Business overview’ section.,no_structured_differentiation_tag|bse_sme_ipo_drhp_pipeline|subsidiary|group_structure,0,not_classified_manufacturer,1,india_location_signal,0,no_differentiation_evidence,0,no_promoter_extract,1,sector_or_macro_tailwind_tags,0,weak_growth_signal,2,33,25.0,2,0,0,0,0,0,0,rules_only_no_llm_balance,0.0,5.0,0.0,0.0,5.0,0.0,25.0,0.0,rules_only,duplicate_dedupe|basis:website_host,L. T. Elevator Limited,website_host
Silicon Rental Solutions Ltd,Little or no extractable text (likely scanned PDF — needs OCR).,unknown,,unknown,no_structured_differentiation_tag,DRHP: Ms. Himanshi Tiwari; Ms. Anushka Sanjay Motiani,Not assessed (no machine-readable text).,bse_sme_ipo_drhp_pipeline,drhp_companies_specified_format.csv+final_merged_dsir_promoters.csv,,,no_structured_differentiation_tag|bse_sme_ipo_drhp_pipeline|not_assessed_(no_machine-readable_text),0,not_classified_manufacturer,0,weak_location_signal,0,no_differentiation_evidence,1,named_individuals_in_promoter_field,1,sector_or_macro_tailwind_tags,0,weak_growth_signal,2,33,30.0,2,0,0,0,0,0,0,rules_only_no_llm_balance,0.0,0.0,0.0,5.0,5.0,0.0,30.0,0.0,rules_only,no_website_url,,
Silver Pearl Hospitality & Luxury Spaces Limited,Little or no extractable text (likely scanned PDF — needs OCR).,unknown,,unknown,no_structured_differentiation_tag,DRHP: Ms. Jyoti Antil,Not assessed (no machine-readable text).,bse_sme_ipo_drhp_pipeline,drhp_companies_specified_format.csv+final_merged_dsir_promoters.csv,,,no_structured_differentiation_tag|bse_sme_ipo_drhp_pipeline|not_assessed_(no_machine-readable_text),0,not_classified_manufacturer,0,weak_location_signal,0,no_differentiation_evidence,1,named_individuals_in_promoter_field,1,sector_or_macro_tailwind_tags,0,weak_growth_signal,2,33,30.0,2,0,0,0,0,0,0,rules_only_no_llm_balance,0.0,0.0,0.0,5.0,5.0,0.0,30.0,0.0,rules_only,no_website_url,,
Siyaram Recycling Industries Limited,Download failed (timeout or HTTP error).,unknown,,unknown,no_structured_differentiation_tag,Could not download DRHP PDF/ZIP for promoter extraction.,,bse_sme_ipo_drhp_pipeline,drhp_companies_specified_format.csv+final_merged_dsir_promoters.csv,,,no_structured_differentiation_tag|bse_sme_ipo_drhp_pipeline,0,not_classified_manufacturer,0,weak_location_signal,0,no_differentiation_evidence,0,no_promoter_extract,1,sector_or_macro_tailwind_tags,0,weak_growth_signal,1,17,15.0,2,0,0,0,0,0,0,rules_only_no_llm_balance,0.0,0.0,0.0,0.0,5.0,0.0,15.0,0.0,rules_only,no_website_url,,
Sobo Films Holding Limited,CORPORATE OFFICE CONTACT PERSON CONTACT NUMBER AND EMAIL,unspecified_see_drhp,www.bigshareonlince.com; www.comfortsecurities.co.in; www.sobofilms.com,Extract from restated financials in DRHP (pattern not matched).,no_structured_differentiation_tag,Could not download DRHP PDF/ZIP for promoter extraction.,subsidiary / group structure,bse_sme_ipo_drhp_pipeline,drhp_companies_specified_format.csv+final_merged_dsir_promoters.csv,,See DRHP ‘Industry / Business overview’ section.,no_structured_differentiation_tag|bse_sme_ipo_drhp_pipeline|subsidiary|group_structure,0,not_classified_manufacturer,0,weak_location_signal,0,no_differentiation_evidence,0,no_promoter_extract,1,sector_or_macro_tailwind_tags,0,weak_growth_signal,1,17,15.0,2,0,0,0,0,0,0,rules_only_no_llm_balance,0.0,0.0,0.0,0.0,5.0,0.0,15.0,0.0,rules_only,duplicate_dedupe|basis:website_host,Yash Highvoltage Limited,website_host
Sodhani Academy of Fintech Enablers Limited,Little or no extractable text (likely scanned PDF — needs OCR).,unspecified_see_drhp,www.cameoindia.com; www.safefintech.in; www.srujanalpha.com,Extract from restated financials in DRHP (pattern not matched).,no_structured_differentiation_tag,Could not download DRHP PDF/ZIP for promoter extraction.,Not assessed (no machine-readable text).,bse_sme_ipo_drhp_pipeline,drhp_companies_specified_format.csv+final_merged_dsir_promoters.csv,,See DRHP ‘Industry / Business overview’ section.,no_structured_differentiation_tag|bse_sme_ipo_drhp_pipeline|not_assessed_(no_machine-readable_text),0,not_classified_manufacturer,0,weak_location_signal,0,no_differentiation_evidence,0,no_promoter_extract,1,sector_or_macro_tailwind_tags,0,weak_growth_signal,1,17,15.0,3,0,0,0,0,0,0,rules_only_no_llm_balance,0.0,0.0,0.0,0.0,5.0,0.0,15.0,0.0,rules_only,duplicate_dedupe|basis:website_host,Popular Foundations limited,website_host
SOLARIUM GREEN ENERGY LIMITED,Little or no extractable text (likely scanned PDF — needs OCR).,unknown,,unknown,no_structured_differentiation_tag,Promoter names not machine-extracted from sampled DRHP pages; verify in IPO prospectus or LinkedIn.,Not assessed (no machine-readable text).,bse_sme_ipo_drhp_pipeline,drhp_companies_specified_format.csv+final_merged_dsir_promoters.csv,,,no_structured_differentiation_tag|bse_sme_ipo_drhp_pipeline|not_assessed_(no_machine-readable_text),0,not_classified_manufacturer,0,weak_location_signal,0,no_differentiation_evidence,0,no_promoter_extract,1,sector_or_macro_tailwind_tags,0,weak_growth_signal,1,17,15.0,2,0,0,0,0,0,0,rules_only_no_llm_balance,0.0,0.0,0.0,0.0,5.0,0.0,15.0,0.0,rules_only,no_website_url,,
Sollfege Smart Electronics Limited,See DRHP ‘General Information’ — address not matched by pattern.,unspecified_see_drhp,www.finshoregroup.com; www.sollfege.com,Extract from restated financials in DRHP (pattern not matched).,no_structured_differentiation_tag,Mr. Umesh Kumar Agarwal,No explicit expansion/hiring/certification keywords in sampled pages — check MD&A / risk factors in full DRHP.,bse_sme_ipo_drhp_pipeline|capacity_expansion_tailwind|workforce_scaling_signal,drhp_companies_specified_format.csv+final_merged_dsir_promoters.csv,,See DRHP ‘Industry / Business overview’ section.,no_structured_differentiation_tag|bse_sme_ipo_drhp_pipeline|capacity_expansion_tailwind|workforce_scaling_signal|no_explicit_expansion|hiring|certification_keywords_in_sampled_pages_—_check_md&a|risk_factors_in_full_drhp,0,not_classified_manufacturer,0,weak_location_signal,0,no_differentiation_evidence,1,named_individuals_in_promoter_field,1,sector_or_macro_tailwind_tags,1,growth_or_ipo_signal_in_text,3,50,50.0,2,0,0,0,0,0,0,rules_only_no_llm_balance,0.0,0.0,0.0,5.0,5.0,5.0,50.0,0.0,rules_only,duplicate_dedupe|basis:website_host,SK International Export Limited,website_host
Sonalis Consumer Products Limited,Little or no extractable text (likely scanned PDF — needs OCR).,unknown,,unknown,no_structured_differentiation_tag,DRHP: Ms. Ankita Chopra; Mr. Gaurav Jain SEBI; Ms. Sonali Nilesh Kocharekar; Ms. Smita Shashikant Shah. For; Ms. Smita Shashikant Shah; Mr. Shivang Shashikant Shah,Not assessed (no machine-readable text).,bse_sme_ipo_drhp_pipeline,drhp_companies_specified_format.csv+final_merged_dsir_promoters.csv,,,no_structured_differentiation_tag|bse_sme_ipo_drhp_pipeline|not_assessed_(no_machine-readable_text),0,not_classified_manufacturer,0,weak_location_signal,0,no_differentiation_evidence,1,named_individuals_in_promoter_field,1,sector_or_macro_tailwind_tags,0,weak_growth_signal,2,33,30.0,2,0,0,0,0,0,0,rules_only_no_llm_balance,0.0,0.0,0.0,5.0,5.0,0.0,30.0,0.0,rules_only,no_website_url,,
SPECIALITY MEDICINES LIMITED,Download failed (timeout or HTTP error).,unknown,,unknown,no_structured_differentiation_tag,Could not download DRHP PDF/ZIP for promoter extraction.,Not assessed (no machine-readable text).,bse_sme_ipo_drhp_pipeline,drhp_companies_specified_format.csv+final_merged_dsir_promoters.csv,,,no_structured_differentiation_tag|bse_sme_ipo_drhp_pipeline|not_assessed_(no_machine-readable_text),0,not_classified_manufacturer,0,weak_location_signal,0,no_differentiation_evidence,0,no_promoter_extract,1,sector_or_macro_tailwind_tags,0,weak_growth_signal,1,17,15.0,3,0,0,0,0,0,0,rules_only_no_llm_balance,0.0,0.0,0.0,0.0,5.0,0.0,15.0,0.0,rules_only,no_website_url,,
Spinaroo Commercial Limited,"company, please refer to section titled “",unspecified_see_drhp,www.cameoindia.com; www.finshoregroup.com; www.spino.co.in,Extract from restated financials in DRHP (pattern not matched).,iso_certification_mention,DRHP: Ms. Ankita Periwal Company Secretary; Mr. Amit Sultania; Mr. Aditya Todi; Mrs. Mridula Todi DETAILS OF OFFER TO; Mr. S. Ramakrishna Iyengar Telephone; Ms. K. Sreepriya Telephone; Ms. Ankita Periwal; Mrs. Mridula Todi Promoter Group Includes,ISO certification mentioned,bse_sme_ipo_drhp_pipeline,drhp_companies_specified_format.csv+final_merged_dsir_promoters.csv,,See DRHP ‘Industry / Business overview’ section.,iso_certification_mention|bse_sme_ipo_drhp_pipeline|iso_certification_mentioned,0,not_classified_manufacturer,0,weak_location_signal,1,cert_or_patent_evidence,1,named_individuals_in_promoter_field,1,sector_or_macro_tailwind_tags,1,growth_or_ipo_signal_in_text,4,67,70.0,2,0,0,0,0,0,0,rules_only_no_llm_balance,0.0,0.0,5.0,5.0,5.0,5.0,70.0,0.0,rules_only,duplicate_dedupe|basis:website_host,SK International Export Limited,website_host
Srigee DLM Limited,PDF parse error: PdfStreamError,unknown,,unknown,no_structured_differentiation_tag,Could not download DRHP PDF/ZIP for promoter extraction.,,bse_sme_ipo_drhp_pipeline,drhp_companies_specified_format.csv+final_merged_dsir_promoters.csv,,,no_structured_differentiation_tag|bse_sme_ipo_drhp_pipeline,0,not_classified_manufacturer,0,weak_location_signal,0,no_differentiation_evidence,0,no_promoter_extract,1,sector_or_macro_tailwind_tags,0,weak_growth_signal,1,17,15.0,2,0,0,0,0,0,0,rules_only_no_llm_balance,0.0,0.0,0.0,0.0,5.0,0.0,15.0,0.0,rules_only,no_website_url,,
STAR IMAGING AND PATH LAB LIMITED,"Registered Office: 4B/4, Tilak Nagar, Near Sant Pura, Tilak Nagar West Delhi, New Delhi- 110018, India Tel",unspecified_see_drhp,www.kfintech.com; www.shareindia.com; www.starimaging.in,Extract from restated financials in DRHP (pattern not matched).,no_structured_differentiation_tag,DRHP: Ms. Chhaya Gupta; Mr. Kunal Bansal Investor Grievances Email; Mr. Murali Krishna BID; Mr. Pawan Gupta; Mr. Kunal Bansal Email; Mr. Murali Krishna Email,No explicit expansion/hiring/certification keywords in sampled pages — check MD&A / risk factors in full DRHP.,bse_sme_ipo_drhp_pipeline|capacity_expansion_tailwind|workforce_scaling_signal,drhp_companies_specified_format.csv+final_merged_dsir_promoters.csv,,See DRHP ‘Industry / Business overview’ section.,no_structured_differentiation_tag|bse_sme_ipo_drhp_pipeline|capacity_expansion_tailwind|workforce_scaling_signal|no_explicit_expansion|hiring|certification_keywords_in_sampled_pages_—_check_md&a|risk_factors_in_full_drhp,0,not_classified_manufacturer,1,india_location_signal,0,no_differentiation_evidence,1,named_individuals_in_promoter_field,1,sector_or_macro_tailwind_tags,1,growth_or_ipo_signal_in_text,4,67,60.0,2,0,0,0,0,0,0,rules_only_no_llm_balance,0.0,5.0,0.0,5.0,5.0,5.0,60.0,0.0,rules_only,duplicate_dedupe|basis:website_host,VVIP Infratech Limited,website_host
STEELMAN TELECOM LTD.,Little or no extractable text (likely scanned PDF — needs OCR).,unknown,,unknown,no_structured_differentiation_tag,DRHP: Ms. Nidhi Goyal Company Secretary; Mr. Mahendra Bindal Equity; Mr. Mayank Bindal Equity; Ms. Dimple Magharam Slun Email; Mr. Aniket Chindarkar Email; Ms. Nidhi Goyal; Mr. Mayank Bindal THE ISSUE PUBLIC ISSUE; Mr. Mayank Bindal,Not assessed (no machine-readable text).,bse_sme_ipo_drhp_pipeline,drhp_companies_specified_format.csv+final_merged_dsir_promoters.csv,,,no_structured_differentiation_tag|bse_sme_ipo_drhp_pipeline|not_assessed_(no_machine-readable_text),0,not_classified_manufacturer,0,weak_location_signal,0,no_differentiation_evidence,1,named_individuals_in_promoter_field,1,sector_or_macro_tailwind_tags,0,weak_growth_signal,2,33,30.0,2,0,0,0,0,0,0,rules_only_no_llm_balance,0.0,0.0,0.0,5.0,5.0,0.0,30.0,0.0,rules_only,no_website_url,,
Storage Technologies and Automation Limited,Number U74900KA2010PLC052918,unspecified_see_drhp,https://racksandrollers.com; www.integratedindia.in; www.nikunjonline.com; www.oneviewadvisors.com,₹25–100 Cr (approx from lakhs),no_structured_differentiation_tag,DRHP: Ms. Theja Raju Mobile No,subsidiary / group structure,bse_sme_ipo_drhp_pipeline,drhp_companies_specified_format.csv+final_merged_dsir_promoters.csv,U74900KA2010PLC052918,See DRHP ‘Industry / Business overview’ section.,no_structured_differentiation_tag|bse_sme_ipo_drhp_pipeline|subsidiary|group_structure,0,not_classified_manufacturer,0,weak_location_signal,0,no_differentiation_evidence,1,named_individuals_in_promoter_field,1,sector_or_macro_tailwind_tags,0,weak_growth_signal,2,33,30.0,2,0,0,0,0,0,0,rules_only_no_llm_balance,0.0,0.0,0.0,5.0,5.0,0.0,30.0,0.0,rules_only,duplicate_dedupe|basis:website_host,Qualitek Labs Limited,website_host
SUBAM PAPERS LIMITED,"For details in relation to the incorporation, Change in Registered Office and other details, please refer to the chapter titled “","c) Under the head Overview of Our Business on Page 135, the standalone revenue breakup and State wise revenue breakup ha",www.gretexcorporate.com; www.subampapers.com,Extract from restated financials in DRHP (pattern not matched).,no_structured_differentiation_tag,DRHP: Mr. Poovalingam Nagarajan; Ms. Sudha Alagarsamy DETAILS OF THE OFFER,capex / capital expenditure; subsidiary / group structure,bse_sme_ipo_drhp_pipeline|capacity_expansion_tailwind,drhp_companies_specified_format.csv+final_merged_dsir_promoters.csv,,"c) Under the head Overview of Our Business on Page 135, the standalone revenue breakup and State wise revenue breakup has been inserted; d) Under the head Overview of",no_structured_differentiation_tag|bse_sme_ipo_drhp_pipeline|capacity_expansion_tailwind|capex|capital_expenditure|subsidiary|group_structure,0,not_classified_manufacturer,0,weak_location_signal,0,no_differentiation_evidence,1,named_individuals_in_promoter_field,1,sector_or_macro_tailwind_tags,1,growth_or_ipo_signal_in_text,3,50,50.0,2,0,0,0,0,0,0,rules_only_no_llm_balance,0.0,0.0,0.0,5.0,5.0,5.0,50.0,0.0,rules_only,duplicate_dedupe|basis:website_host,Shine Fashions (India) Limited,website_host
SUDARSHAN PHARMA INDUSTRIES LIMITED,Little or no extractable text (likely scanned PDF — needs OCR).,unknown,,unknown,no_structured_differentiation_tag,DRHP: Mr. Hemal Vasantrai Mehta Chairman; Ms. Dimple Magharam Slun Email; Mr. Hemal Vasantrai Mehta; Mr. Sachin Vasantrai Mehta DETAILS OF; Mr. Sachin Vasantrai Mehta,Not assessed (no machine-readable text).,bse_sme_ipo_drhp_pipeline,drhp_companies_specified_format.csv+final_merged_dsir_promoters.csv,,,no_structured_differentiation_tag|bse_sme_ipo_drhp_pipeline|not_assessed_(no_machine-readable_text),0,not_classified_manufacturer,0,weak_location_signal,0,no_differentiation_evidence,1,named_individuals_in_promoter_field,1,sector_or_macro_tailwind_tags,0,weak_growth_signal,2,33,30.0,2,0,0,0,0,0,0,rules_only_no_llm_balance,0.0,0.0,0.0,5.0,5.0,0.0,30.0,0.0,rules_only,no_website_url,,
SUNITA TOOLS LIMITED,Download failed (timeout or HTTP error).,unknown,,unknown,no_structured_differentiation_tag,Could not download DRHP PDF/ZIP for promoter extraction.,,bse_sme_ipo_drhp_pipeline,drhp_companies_specified_format.csv+final_merged_dsir_promoters.csv,,,no_structured_differentiation_tag|bse_sme_ipo_drhp_pipeline,0,not_classified_manufacturer,0,weak_location_signal,0,no_differentiation_evidence,0,no_promoter_extract,1,sector_or_macro_tailwind_tags,0,weak_growth_signal,1,17,15.0,2,0,0,0,0,0,0,rules_only_no_llm_balance,0.0,0.0,0.0,0.0,5.0,0.0,15.0,0.0,rules_only,no_website_url,,
Sunrise Efficient Marketing Limited,Little or no extractable text (likely scanned PDF — needs OCR).,unknown,,unknown,no_structured_differentiation_tag,Promoter names not machine-extracted from sampled DRHP pages; verify in IPO prospectus or LinkedIn.,Not assessed (no machine-readable text).,bse_sme_ipo_drhp_pipeline,drhp_companies_specified_format.csv+final_merged_dsir_promoters.csv,,,no_structured_differentiation_tag|bse_sme_ipo_drhp_pipeline|not_assessed_(no_machine-readable_text),0,not_classified_manufacturer,0,weak_location_signal,0,no_differentiation_evidence,0,no_promoter_extract,1,sector_or_macro_tailwind_tags,0,weak_growth_signal,1,17,15.0,2,0,0,0,0,0,0,rules_only_no_llm_balance,0.0,0.0,0.0,0.0,5.0,0.0,15.0,0.0,rules_only,no_website_url,,
Super Iron Foundry Ltd,Factor / Manufacturing facility and Warehouse at factory 161 Our Company does not employ any contract labour in our manufacturing process.,unspecified_see_drhp,www.horizonmanagement.in; www.linkintime.co.in; www.superironfoundry.com,Extract from restated financials in DRHP (pattern not matched).,no_structured_differentiation_tag,Could not download DRHP PDF/ZIP for promoter extraction.,No explicit expansion/hiring/certification keywords in sampled pages — check MD&A / risk factors in full DRHP.,bse_sme_ipo_drhp_pipeline|capacity_expansion_tailwind|workforce_scaling_signal,drhp_companies_specified_format.csv+final_merged_dsir_promoters.csv,,See DRHP ‘Industry / Business overview’ section.,no_structured_differentiation_tag|bse_sme_ipo_drhp_pipeline|capacity_expansion_tailwind|workforce_scaling_signal|no_explicit_expansion|hiring|certification_keywords_in_sampled_pages_—_check_md&a|risk_factors_in_full_drhp,0,not_classified_manufacturer,0,weak_location_signal,0,no_differentiation_evidence,0,no_promoter_extract,1,sector_or_macro_tailwind_tags,1,growth_or_ipo_signal_in_text,2,33,35.0,2,0,0,0,0,0,0,rules_only_no_llm_balance,0.0,0.0,0.0,0.0,5.0,5.0,35.0,0.0,rules_only,duplicate_dedupe|basis:website_host,L. T. Elevator Limited,website_host
Suratwwala Business Group Limited,Little or no extractable text (likely scanned PDF — needs OCR).,unknown,,unknown,no_structured_differentiation_tag,DRHP: Mrs. Prathama Nitin Gandhi; Mr. Manoj Dhansukhlal Suratwala THE ISSUE INITIAL,Not assessed (no machine-readable text).,bse_sme_ipo_drhp_pipeline,drhp_companies_specified_format.csv+final_merged_dsir_promoters.csv,,,no_structured_differentiation_tag|bse_sme_ipo_drhp_pipeline|not_assessed_(no_machine-readable_text),0,not_classified_manufacturer,0,weak_location_signal,0,no_differentiation_evidence,1,named_individuals_in_promoter_field,1,sector_or_macro_tailwind_tags,0,weak_growth_signal,2,33,30.0,2,0,0,0,0,0,0,rules_only_no_llm_balance,0.0,0.0,0.0,5.0,5.0,0.0,30.0,0.0,rules_only,no_website_url,,
Susan Electricals India Limited,"Flat No. 1703, 17th Floor, Nirmal Tower 26, Barakhamba Road, New Delhi-110001, Delhi (admeasuring 450.00 Sqft) Rent Mr. Aman Singh Panwar Obtained on rent from Mr. Aman Singh Panwar for a period of eleven (11) months commen",unspecified_see_drhp,https://seil.net.in/; https://serencapital.in/; www.mudrarta.com,Extract from restated financials in DRHP (pattern not matched).,no_structured_differentiation_tag,DRHP: Ms. Mahak Jain,capacity expansion,bse_sme_ipo_drhp_pipeline|capacity_expansion_tailwind,drhp_companies_specified_format.csv+final_merged_dsir_promoters.csv,,See DRHP ‘Industry / Business overview’ section.,no_structured_differentiation_tag|bse_sme_ipo_drhp_pipeline|capacity_expansion_tailwind|capacity_expansion,0,not_classified_manufacturer,1,india_location_signal,0,no_differentiation_evidence,1,named_individuals_in_promoter_field,1,sector_or_macro_tailwind_tags,1,growth_or_ipo_signal_in_text,4,67,60.0,2,0,0,0,0,0,0,rules_only_no_llm_balance,0.0,5.0,0.0,5.0,5.0,5.0,60.0,0.0,rules_only,duplicate_dedupe|basis:website_host,Recode Studios Limited,website_host
Suyog Gurbaxani Funicular Ropeways Limited,"“we”, “us” or “our” Unless the context otherwise indicates or implies, refers to our Company.",unspecified_see_drhp,www.afsl.co.in; www.kfintech.com; www.sgfrl.com,Extract from restated financials in DRHP (pattern not matched).,no_structured_differentiation_tag,Mr. Rajkumar Gurbaxani,Not assessed (no machine-readable text).,bse_sme_ipo_drhp_pipeline,drhp_companies_specified_format.csv+final_merged_dsir_promoters.csv,,See DRHP ‘Industry / Business overview’ section.,no_structured_differentiation_tag|bse_sme_ipo_drhp_pipeline|not_assessed_(no_machine-readable_text),0,not_classified_manufacturer,0,weak_location_signal,0,no_differentiation_evidence,1,named_individuals_in_promoter_field,1,sector_or_macro_tailwind_tags,0,weak_growth_signal,2,33,30.0,3,0,0,0,0,0,0,rules_only_no_llm_balance,0.0,0.0,0.0,5.0,5.0,0.0,30.0,0.0,rules_only,duplicate_dedupe|basis:website_host,Shine Fashions (India) Limited,website_host
SVS VENTURES LIMITED,Little or no extractable text (likely scanned PDF — needs OCR).,unspecified_see_drhp,www.bigshareonline.com; www.focl.in; www.svsventures.co.in,Extract from restated financials in DRHP (pattern not matched).,no_structured_differentiation_tag,DRHP: Ms. Sanchita Kailashchandra Ojha Email; Mr. Babu Rapheal C. Tel No; Ms. Sanchita Kailashchandra Ojha; Mr. Shashikant Vedprakash Sharma Materiality Policy; Mr. Shashikant Vedprakash Sharma Promoter Companies,Not assessed (no machine-readable text).,bse_sme_ipo_drhp_pipeline,drhp_companies_specified_format.csv+final_merged_dsir_promoters.csv,,See DRHP ‘Industry / Business overview’ section.,no_structured_differentiation_tag|bse_sme_ipo_drhp_pipeline|not_assessed_(no_machine-readable_text),0,not_classified_manufacturer,0,weak_location_signal,0,no_differentiation_evidence,1,named_individuals_in_promoter_field,1,sector_or_macro_tailwind_tags,0,weak_growth_signal,2,33,30.0,3,0,0,0,0,0,0,rules_only_no_llm_balance,0.0,0.0,0.0,5.0,5.0,0.0,30.0,0.0,rules_only,duplicate_dedupe|basis:website_host,Yashhtej Industries (India) Limited,website_host
Swashthik Plascon Limited,Little or no extractable text (likely scanned PDF — needs OCR).,unknown,,unknown,no_structured_differentiation_tag,Could not download DRHP PDF/ZIP for promoter extraction.,Not assessed (no machine-readable text).,bse_sme_ipo_drhp_pipeline,drhp_companies_specified_format.csv+final_merged_dsir_promoters.csv,,,no_structured_differentiation_tag|bse_sme_ipo_drhp_pipeline|not_assessed_(no_machine-readable_text),0,not_classified_manufacturer,0,weak_location_signal,0,no_differentiation_evidence,0,no_promoter_extract,1,sector_or_macro_tailwind_tags,0,weak_growth_signal,1,17,15.0,2,0,0,0,0,0,0,rules_only_no_llm_balance,0.0,0.0,0.0,0.0,5.0,0.0,15.0,0.0,rules_only,no_website_url,,
Swasth Foodtech India Limited,name of our Company was changed to ‘Swasth Foodtech India Limited’,unspecified_see_drhp,www.horizonmanagement.in; www.swasthfoodtech.com,₹25–100 Cr (approx from lakhs),no_structured_differentiation_tag,Promoter names not machine-extracted from sampled DRHP pages; verify in IPO prospectus or LinkedIn.,subsidiary / group structure,bse_sme_ipo_drhp_pipeline,drhp_companies_specified_format.csv+final_merged_dsir_promoters.csv,,See DRHP ‘Industry / Business overview’ section.,no_structured_differentiation_tag|bse_sme_ipo_drhp_pipeline|subsidiary|group_structure,0,not_classified_manufacturer,1,india_location_signal,0,no_differentiation_evidence,0,no_promoter_extract,1,sector_or_macro_tailwind_tags,0,weak_growth_signal,2,33,25.0,2,0,0,0,0,0,0,rules_only_no_llm_balance,0.0,5.0,0.0,0.0,5.0,0.0,25.0,0.0,rules_only,duplicate_dedupe|basis:website_host,L. T. Elevator Limited,website_host
Swastika Castal Ltd,"Public Limited Company on June 10, 1996",unspecified_see_drhp,https://sclcasting.com/; www.accuratesecurities.com; www.horizonmanagement.in,Extract from restated financials in DRHP (pattern not matched).,no_structured_differentiation_tag,DRHP: Mr. Varun Sharda; Ms. Indra Sharda ADDENDUM TO THE DRAFT; Ms. Indra Sharda; in dematerialized form,capex / capital expenditure; subsidiary / group structure,bse_sme_ipo_drhp_pipeline|capacity_expansion_tailwind,drhp_companies_specified_format.csv+final_merged_dsir_promoters.csv,,See DRHP ‘Industry / Business overview’ section.,no_structured_differentiation_tag|bse_sme_ipo_drhp_pipeline|capacity_expansion_tailwind|capex|capital_expenditure|subsidiary|group_structure,0,not_classified_manufacturer,0,weak_location_signal,0,no_differentiation_evidence,1,named_individuals_in_promoter_field,1,sector_or_macro_tailwind_tags,1,growth_or_ipo_signal_in_text,3,50,50.0,2,0,0,0,0,0,0,rules_only_no_llm_balance,0.0,0.0,0.0,5.0,5.0,5.0,50.0,0.0,rules_only,duplicate_dedupe|basis:website_host,L. T. Elevator Limited,website_host
Taiyo Feed Mill Limited,"at No. 17 A, South Mada Street, Kolathur, Chennai-600099, Tamil Nadu, India. For further details, please refer to section titled “",unspecified_see_drhp,www.purvashare.com; www.shareindia.com; www.taiyogroup.in,Extract from restated financials in DRHP (pattern not matched).,no_structured_differentiation_tag,DRHP: Mr. Andrew Gerard Barrington; Mr. Kunal Bansal SEBI Registration No; Ms. Deepali Dhuri SEBI Registration No; Mr. Ramasamy Prabakar On Incorporation Subscription; Mr. Ramesh Kumar; Mrs. Swetha November; Mrs. Sowmiya August; Mrs. R. Nalayini; Mr. Ramasamy Prabakar. Taiyo Feed Mill Limited,No explicit expansion/hiring/certification keywords in sampled pages — check MD&A / risk factors in full DRHP.,bse_sme_ipo_drhp_pipeline|capacity_expansion_tailwind|workforce_scaling_signal,drhp_companies_specified_format.csv+final_merged_dsir_promoters.csv,,See DRHP ‘Industry / Business overview’ section.,no_structured_differentiation_tag|bse_sme_ipo_drhp_pipeline|capacity_expansion_tailwind|workforce_scaling_signal|no_explicit_expansion|hiring|certification_keywords_in_sampled_pages_—_check_md&a|risk_factors_in_full_drhp,0,not_classified_manufacturer,1,india_location_signal,0,no_differentiation_evidence,1,named_individuals_in_promoter_field,1,sector_or_macro_tailwind_tags,1,growth_or_ipo_signal_in_text,4,67,60.0,2,0,0,0,0,0,0,rules_only_no_llm_balance,0.0,5.0,0.0,5.0,5.0,5.0,60.0,0.0,rules_only,duplicate_dedupe|basis:website_host,VVIP Infratech Limited,website_host
Techknowgreen Solutions Limited,"Flat-202, Hem Opal Apartment, Plot No",unspecified_see_drhp,www.bigshareonline.com; www.indorient.in; www.techkno; www.techknowgreen.com,Extract from restated financials in DRHP (pattern not matched).,no_structured_differentiation_tag,Promoter names not machine-extracted from sampled DRHP pages; verify in IPO prospectus or LinkedIn.,capex / capital expenditure,bse_sme_ipo_drhp_pipeline|capacity_expansion_tailwind,drhp_companies_specified_format.csv+final_merged_dsir_promoters.csv,,See DRHP ‘Industry / Business overview’ section.,no_structured_differentiation_tag|bse_sme_ipo_drhp_pipeline|capacity_expansion_tailwind|capex|capital_expenditure,0,not_classified_manufacturer,0,weak_location_signal,0,no_differentiation_evidence,0,no_promoter_extract,1,sector_or_macro_tailwind_tags,1,growth_or_ipo_signal_in_text,2,33,35.0,2,0,0,0,0,0,0,rules_only_no_llm_balance,0.0,0.0,0.0,0.0,5.0,5.0,35.0,0.0,rules_only,duplicate_dedupe|basis:website_host,Yash Highvoltage Limited,website_host
Technichem Organics Limited,Little or no extractable text (likely scanned PDF — needs OCR).,unknown,,unknown,no_structured_differentiation_tag,DRHP: Mr. Thakkar Parth; Mr. Bharat Jayantilal Pandya MOA; Mr. Bharat Jayantilal Pandya; Mr. Pandya Anilkumar Jayantilal; Mr. Pandya Anilkumar Jayantilal. Stakeholders Relationship Committee; Mr. Piyush Maganlal Nathwani KEY PERFORMANCE INDICATORS,Not assessed (no machine-readable text).,bse_sme_ipo_drhp_pipeline,drhp_companies_specified_format.csv+final_merged_dsir_promoters.csv,,,no_structured_differentiation_tag|bse_sme_ipo_drhp_pipeline|not_assessed_(no_machine-readable_text),0,not_classified_manufacturer,0,weak_location_signal,0,no_differentiation_evidence,1,named_individuals_in_promoter_field,1,sector_or_macro_tailwind_tags,0,weak_growth_signal,2,33,30.0,2,0,0,0,0,0,0,rules_only_no_llm_balance,0.0,0.0,0.0,5.0,5.0,0.0,30.0,0.0,rules_only,no_website_url,,
Technopack Polymers Ltd.,"M/s Gokul Industries, Rafaleshvar Industrial Estate, Nr",unspecified_see_drhp,www.bigshareonline.com; www.iskadvisors.com; www.technopackltd.com,Extract from restated financials in DRHP (pattern not matched).,no_structured_differentiation_tag,DRHP: Ms. Deepali Malpani; Mr. Kalpeshkumar Ishwarlal Pandya; Mr. Chetankumar Ishvarlal Pandya THE ISSUE INITIAL; Mr. Chetankumar Ishvarlal Pandya Promoter Group Such; Mr. Kalpesh Ishwarlal Pandya Company Secretary; Ms. Deepali Malpani Director,No explicit expansion/hiring/certification keywords in sampled pages — check MD&A / risk factors in full DRHP.,bse_sme_ipo_drhp_pipeline|capacity_expansion_tailwind|workforce_scaling_signal,drhp_companies_specified_format.csv+final_merged_dsir_promoters.csv,,See DRHP ‘Industry / Business overview’ section.,no_structured_differentiation_tag|bse_sme_ipo_drhp_pipeline|capacity_expansion_tailwind|workforce_scaling_signal|no_explicit_expansion|hiring|certification_keywords_in_sampled_pages_—_check_md&a|risk_factors_in_full_drhp,0,not_classified_manufacturer,0,weak_location_signal,0,no_differentiation_evidence,1,named_individuals_in_promoter_field,1,sector_or_macro_tailwind_tags,1,growth_or_ipo_signal_in_text,3,50,50.0,2,0,0,0,0,0,0,rules_only_no_llm_balance,0.0,0.0,0.0,5.0,5.0,5.0,50.0,0.0,rules_only,duplicate_dedupe|basis:website_host,SATTRIX INFORMATION SECURITY LIMITED,website_host
Technowire Data Science Limited,"EMAIL WEBSITE 1815, Block-B, Navratna Corporate Park, Opp",unspecified_see_drhp,https://technowire.in/; www.galacticocorp.com; www.linkintime.co.in,Extract from restated financials in DRHP (pattern not matched).,no_structured_differentiation_tag,DRHP: Ms. Mahima Bhati; Mr. Prabhat Vishnu Somani; Mrs. Asha Vishnu Somani. For,capex / capital expenditure; subsidiary / group structure,bse_sme_ipo_drhp_pipeline|capacity_expansion_tailwind,drhp_companies_specified_format.csv+final_merged_dsir_promoters.csv,,See DRHP ‘Industry / Business overview’ section.,no_structured_differentiation_tag|bse_sme_ipo_drhp_pipeline|capacity_expansion_tailwind|capex|capital_expenditure|subsidiary|group_structure,0,not_classified_manufacturer,0,weak_location_signal,0,no_differentiation_evidence,1,named_individuals_in_promoter_field,1,sector_or_macro_tailwind_tags,1,growth_or_ipo_signal_in_text,3,50,50.0,2,0,0,0,0,0,0,rules_only_no_llm_balance,0.0,0.0,0.0,5.0,5.0,5.0,50.0,0.0,rules_only,duplicate_dedupe|basis:website_host,Neptune Logitek Limited,website_host
Telge Projects Limited,"U, 8906 E, Skely Drive, Tulsa, Oklahoma- 74129.",unspecified_see_drhp,https://telgeprojects.com/; www.bigshareonline.com; www.shcapl.com,Extract from restated financials in DRHP (pattern not matched).,no_structured_differentiation_tag,DRHP: Ms. Barkha Mohit Bharuka; Ms. Shraddha Shailesh Telge Chairman; Ms. Barkha Mohit Bharuka Company Secretary; Ms. Shraddha Shailesh Telge; Ms. Shraddha Shailesh Telge. For; Mr. Uttam Gangadhar Telge; Ms. Shraddha Shailesh Telge. KEY PERFORMANCE INDICATORS,subsidiary / group structure,bse_sme_ipo_drhp_pipeline,drhp_companies_specified_format.csv+final_merged_dsir_promoters.csv,,See DRHP ‘Industry / Business overview’ section.,no_structured_differentiation_tag|bse_sme_ipo_drhp_pipeline|subsidiary|group_structure,0,not_classified_manufacturer,0,weak_location_signal,0,no_differentiation_evidence,1,named_individuals_in_promoter_field,1,sector_or_macro_tailwind_tags,0,weak_growth_signal,2,33,30.0,2,0,0,0,0,0,0,rules_only_no_llm_balance,0.0,0.0,0.0,5.0,5.0,0.0,30.0,0.0,rules_only,duplicate_dedupe|basis:website_host,Nanta Tech Limited,website_host
Three M Paper Boards Limited,AND SHALL BE MADE AVAILABLE TO THE SME PLATFORM OF BSE (“BSE SME”) FOR THE PURPOSES OF UPLOADING ON THEIR WEBSITE.,unspecified_see_drhp,www.bigshareonlince.com; www.bsesme.com; www.comfortsecurities.co.in; www.threempaper.com,Extract from restated financials in DRHP (pattern not matched).,no_structured_differentiation_tag,DRHP: Ms. Sneha Parth Shah NOTICE TO INVESTORS; Ms. Sneha Parth Shah Tel. No,capex / capital expenditure,bse_sme_ipo_drhp_pipeline|capacity_expansion_tailwind,drhp_companies_specified_format.csv+final_merged_dsir_promoters.csv,,See DRHP ‘Industry / Business overview’ section.,no_structured_differentiation_tag|bse_sme_ipo_drhp_pipeline|capacity_expansion_tailwind|capex|capital_expenditure,0,not_classified_manufacturer,0,weak_location_signal,0,no_differentiation_evidence,1,named_individuals_in_promoter_field,1,sector_or_macro_tailwind_tags,1,growth_or_ipo_signal_in_text,3,50,50.0,2,0,0,0,0,0,0,rules_only_no_llm_balance,0.0,0.0,0.0,5.0,5.0,5.0,50.0,0.0,rules_only,duplicate_dedupe|basis:website_host,Yash Highvoltage Limited,website_host
Times Green Energy (India) Limited,Little or no extractable text (likely scanned PDF — needs OCR).,unspecified_see_drhp,www.afsl.co.in; www.bigshareonline.com; www.timesgreenenergy.com,Extract from restated financials in DRHP (pattern not matched).,no_structured_differentiation_tag,DRHP: Mr. Ashutosh Shukla; Mrs. Dinne Lakshmi Jumaal; Mrs. Kanuparthi Vani THE ISSUE PUBLIC ISSUE; Mrs. Dinne Lakshmi Juma; Mrs. Kanuparthi Vani Promoter Group Such; Mr. Srinivas Prasad Kanuparthi Company Secretary; Mr Ashutosh Shukla. Director,Not assessed (no machine-readable text).,bse_sme_ipo_drhp_pipeline,drhp_companies_specified_format.csv+final_merged_dsir_promoters.csv,,See DRHP ‘Industry / Business overview’ section.,no_structured_differentiation_tag|bse_sme_ipo_drhp_pipeline|not_assessed_(no_machine-readable_text),0,not_classified_manufacturer,0,weak_location_signal,0,no_differentiation_evidence,1,named_individuals_in_promoter_field,1,sector_or_macro_tailwind_tags,0,weak_growth_signal,2,33,30.0,3,0,0,0,0,0,0,rules_only_no_llm_balance,0.0,0.0,0.0,5.0,5.0,0.0,30.0,0.0,rules_only,duplicate_dedupe|basis:website_host,Shine Fashions (India) Limited,website_host
Tipco Engineering India Limited,"taken by any regulatory authorities in future, for such delay filings/non filings with provisions of corporate or any other law could impact the financial position of the Company to that extent.",unspecified_see_drhp,https://tipcoengineering.com/; www.maashitla.com; www.shcapl.com,Extract from restated financials in DRHP (pattern not matched).,iso_certification_mention,Could not download DRHP PDF/ZIP for promoter extraction.,ISO certification mentioned,bse_sme_ipo_drhp_pipeline,drhp_companies_specified_format.csv+final_merged_dsir_promoters.csv,,See DRHP ‘Industry / Business overview’ section.,iso_certification_mention|bse_sme_ipo_drhp_pipeline|iso_certification_mentioned,0,not_classified_manufacturer,0,weak_location_signal,1,cert_or_patent_evidence,0,no_promoter_extract,1,sector_or_macro_tailwind_tags,1,growth_or_ipo_signal_in_text,3,50,55.0,2,0,0,0,0,0,0,rules_only_no_llm_balance,0.0,0.0,5.0,0.0,5.0,5.0,55.0,0.0,rules_only,duplicate_dedupe|basis:website_host,Nanta Tech Limited,website_host
Toss the Coin Limited,which inter-alia include clerical errors by our Company with the ROC,unspecified_see_drhp,www.beelinemb.com; www.linkintime.co.in; www.tossthe.co.in,₹0–5 Cr (approx from lakhs),no_structured_differentiation_tag,DRHP: Ms. Pooja Jain; Mr. Narayanan Jayan Place; Mr. Nikhil Shah SEBI Registration No; Mr. Nikhil Shah CIN,hiring / recruitment; subsidiary / group structure,bse_sme_ipo_drhp_pipeline|workforce_scaling_signal,drhp_companies_specified_format.csv+final_merged_dsir_promoters.csv,,See DRHP ‘Industry / Business overview’ section.,no_structured_differentiation_tag|bse_sme_ipo_drhp_pipeline|workforce_scaling_signal|hiring|recruitment|subsidiary|group_structure,0,not_classified_manufacturer,0,weak_location_signal,0,no_differentiation_evidence,1,named_individuals_in_promoter_field,1,sector_or_macro_tailwind_tags,1,growth_or_ipo_signal_in_text,3,50,50.0,2,0,0,0,0,0,0,rules_only_no_llm_balance,0.0,0.0,0.0,5.0,5.0,5.0,50.0,0.0,rules_only,duplicate_dedupe|basis:website_host,SK International Export Limited,website_host
Trafiksol ITS Technologies Limited,Little or no extractable text (likely scanned PDF — needs OCR).,unknown,,unknown,no_structured_differentiation_tag,Promoter names not machine-extracted from sampled DRHP pages; verify in IPO prospectus or LinkedIn.,Not assessed (no machine-readable text).,bse_sme_ipo_drhp_pipeline,drhp_companies_specified_format.csv+final_merged_dsir_promoters.csv,,,no_structured_differentiation_tag|bse_sme_ipo_drhp_pipeline|not_assessed_(no_machine-readable_text),0,not_classified_manufacturer,0,weak_location_signal,0,no_differentiation_evidence,0,no_promoter_extract,1,sector_or_macro_tailwind_tags,0,weak_growth_signal,1,17,15.0,2,0,0,0,0,0,0,rules_only_no_llm_balance,0.0,0.0,0.0,0.0,5.0,0.0,15.0,0.0,rules_only,no_website_url,,
TRANSTEEL SEATING TECHNOLOGIES LIMITED,Little or no extractable text (likely scanned PDF — needs OCR).,unknown,,unknown,no_structured_differentiation_tag,DRHP: Mr. Shiraz Ibrahim Managing Director Email Id; Ms. Dimple Magharam Slun Email; Mr. Asif Sayyed Email; Mr. Shiraz Ibrahim; Ms. Nasreen Shiraz,Not assessed (no machine-readable text).,bse_sme_ipo_drhp_pipeline,drhp_companies_specified_format.csv+final_merged_dsir_promoters.csv,,,no_structured_differentiation_tag|bse_sme_ipo_drhp_pipeline|not_assessed_(no_machine-readable_text),0,not_classified_manufacturer,0,weak_location_signal,0,no_differentiation_evidence,1,named_individuals_in_promoter_field,1,sector_or_macro_tailwind_tags,0,weak_growth_signal,2,33,30.0,2,0,0,0,0,0,0,rules_only_no_llm_balance,0.0,0.0,0.0,5.0,5.0,0.0,30.0,0.0,rules_only,no_website_url,,
Transvoy Logistics India Limited,CORPORATE OFFICE CONTACT PERSON TELEPHONE AND EMAIL,unspecified_see_drhp,www.beelinemb.com; www.linkintime.co.in; www.transvoy.com,Extract from restated financials in DRHP (pattern not matched).,no_structured_differentiation_tag,Mr. Ravindrakumar Kumarchandra Joshi,subsidiary / group structure,bse_sme_ipo_drhp_pipeline,drhp_companies_specified_format.csv+final_merged_dsir_promoters.csv,,See DRHP ‘Industry / Business overview’ section.,no_structured_differentiation_tag|bse_sme_ipo_drhp_pipeline|subsidiary|group_structure,0,not_classified_manufacturer,0,weak_location_signal,0,no_differentiation_evidence,1,named_individuals_in_promoter_field,1,sector_or_macro_tailwind_tags,0,weak_growth_signal,2,33,30.0,2,0,0,0,0,0,0,rules_only_no_llm_balance,0.0,0.0,0.0,5.0,5.0,0.0,30.0,0.0,rules_only,duplicate_dedupe|basis:website_host,SK International Export Limited,website_host
Travels & rentals Limited,titled “Our History and Certain Corporate Matters ” beginning on page no 137 of the Prospectus.,unspecified_see_drhp,www.cameoindia.com; www.finshoregroup.com; www.travelsandrentals.in,Extract from restated financials in DRHP (pattern not matched).,no_structured_differentiation_tag,DRHP: Ms. Jaya Jain,No explicit expansion/hiring/certification keywords in sampled pages — check MD&A / risk factors in full DRHP.,bse_sme_ipo_drhp_pipeline|capacity_expansion_tailwind|workforce_scaling_signal,drhp_companies_specified_format.csv+final_merged_dsir_promoters.csv,,See DRHP ‘Industry / Business overview’ section.,no_structured_differentiation_tag|bse_sme_ipo_drhp_pipeline|capacity_expansion_tailwind|workforce_scaling_signal|no_explicit_expansion|hiring|certification_keywords_in_sampled_pages_—_check_md&a|risk_factors_in_full_drhp,0,not_classified_manufacturer,0,weak_location_signal,0,no_differentiation_evidence,1,named_individuals_in_promoter_field,1,sector_or_macro_tailwind_tags,1,growth_or_ipo_signal_in_text,3,50,50.0,2,0,0,0,0,0,0,rules_only_no_llm_balance,0.0,0.0,0.0,5.0,5.0,5.0,50.0,0.0,rules_only,duplicate_dedupe|basis:website_host,SK International Export Limited,website_host
Trident Lifeline Limited,Little or no extractable text (likely scanned PDF — needs OCR).,unknown,,unknown,no_structured_differentiation_tag,DRHP: Mr. Kunal Amrishbhai Chauhan Tel No; Mr. Nikhil Shah Email; Mr. Kunal Amrishbhai Chauhan PROMOTERS OF; Mr. Hardik Jigishkumar Desai; Mr. Mayurkumar Mansukhbhai Gajera; Mrs. Rinkal Mayurbhai Gajera; Mr. Tarang Nathabhai Gajera; Mr. Mohak Nathabhai Gajera; Mr. Hardik Jigishkumar Desai Chief Financial Officer; Mr. Mayurkumar Mansukhbhai Gajera Company Secretary,Not assessed (no machine-readable text).,bse_sme_ipo_drhp_pipeline,drhp_companies_specified_format.csv+final_merged_dsir_promoters.csv,,,no_structured_differentiation_tag|bse_sme_ipo_drhp_pipeline|not_assessed_(no_machine-readable_text),0,not_classified_manufacturer,0,weak_location_signal,0,no_differentiation_evidence,1,named_individuals_in_promoter_field,1,sector_or_macro_tailwind_tags,0,weak_growth_signal,2,33,30.0,2,0,0,0,0,0,0,rules_only_no_llm_balance,0.0,0.0,0.0,5.0,5.0,0.0,30.0,0.0,rules_only,no_website_url,,
Tutorials Point (India) Limited,Little or no extractable text (likely scanned PDF — needs OCR).,unknown,,unknown,no_structured_differentiation_tag,DRHP: Mr. Mohammad Mohtashim. Nomination; Mr. Mohammad Mohtashim; Mrs. Mahnaz Fatima Promoter Group Persons,Not assessed (no machine-readable text).,bse_sme_ipo_drhp_pipeline,drhp_companies_specified_format.csv+final_merged_dsir_promoters.csv,,,no_structured_differentiation_tag|bse_sme_ipo_drhp_pipeline|not_assessed_(no_machine-readable_text),0,not_classified_manufacturer,0,weak_location_signal,0,no_differentiation_evidence,1,named_individuals_in_promoter_field,1,sector_or_macro_tailwind_tags,0,weak_growth_signal,2,33,30.0,3,0,0,0,0,0,0,rules_only_no_llm_balance,0.0,0.0,0.0,5.0,5.0,0.0,30.0,0.0,rules_only,no_website_url,,
Twinkle Papers limited,Delhi-110001 Telephone: +91 9910990488 Email: mb@ftfinsec,unspecified_see_drhp,https://twinklepapers.com/; https://www.alankit.com/; www.novuscaps.com,Extract from restated financials in DRHP (pattern not matched).,no_structured_differentiation_tag,Could not download DRHP PDF/ZIP for promoter extraction.,capacity expansion; hiring / recruitment; facility expansion,bse_sme_ipo_drhp_pipeline|capacity_expansion_tailwind|workforce_scaling_signal,drhp_companies_specified_format.csv+final_merged_dsir_promoters.csv,,See DRHP ‘Industry / Business overview’ section.,no_structured_differentiation_tag|bse_sme_ipo_drhp_pipeline|capacity_expansion_tailwind|workforce_scaling_signal|capacity_expansion|hiring|recruitment|facility_expansion,0,not_classified_manufacturer,1,india_location_signal,0,no_differentiation_evidence,0,no_promoter_extract,1,sector_or_macro_tailwind_tags,1,growth_or_ipo_signal_in_text,3,50,45.0,3,0,0,0,0,0,0,rules_only_no_llm_balance,0.0,5.0,0.0,0.0,5.0,5.0,45.0,0.0,rules_only,duplicate_dedupe|basis:website_host,Autofurnish Limited,website_host
Udaan Paper Industries Limited,"Pithampur, Madhya Pradesh, India - 454774.",unspecified_see_drhp,https://serencapital.in/; https://www.udaanindustries.com/; www.bigshareonline.com,Extract from restated financials in DRHP (pattern not matched).,no_structured_differentiation_tag,DRHP: Mr. Babu Rapheal; Mr. Yash Bakliwal; Mr. Sapan Bakliwal; Ms. Shubhangi Jain,No explicit expansion/hiring/certification keywords in sampled pages — check MD&A / risk factors in full DRHP.,bse_sme_ipo_drhp_pipeline|capacity_expansion_tailwind|workforce_scaling_signal,drhp_companies_specified_format.csv+final_merged_dsir_promoters.csv,,See DRHP ‘Industry / Business overview’ section.,no_structured_differentiation_tag|bse_sme_ipo_drhp_pipeline|capacity_expansion_tailwind|workforce_scaling_signal|no_explicit_expansion|hiring|certification_keywords_in_sampled_pages_—_check_md&a|risk_factors_in_full_drhp,0,not_classified_manufacturer,1,india_location_signal,0,no_differentiation_evidence,1,named_individuals_in_promoter_field,1,sector_or_macro_tailwind_tags,1,growth_or_ipo_signal_in_text,4,67,60.0,2,0,0,0,0,0,0,rules_only_no_llm_balance,0.0,5.0,0.0,5.0,5.0,5.0,60.0,0.0,rules_only,duplicate_dedupe|basis:website_host,Recode Studios Limited,website_host
Ullu Digital Limited,Little or no extractable text (likely scanned PDF — needs OCR).,unknown,,unknown,no_structured_differentiation_tag,DRHP: Ms. Sheriya Jain Company Secretary; Mr. Pankaj Passi SEBI Registration Number; Ms. Sheriya Jain OUR; Ms. Sheriya Jain. Depositories Act The Depositories; Mr. Vibhu Agarwal; Mrs. Megha Agarwal. Promoters Group,Not assessed (no machine-readable text).,bse_sme_ipo_drhp_pipeline,drhp_companies_specified_format.csv+final_merged_dsir_promoters.csv,,,no_structured_differentiation_tag|bse_sme_ipo_drhp_pipeline|not_assessed_(no_machine-readable_text),0,not_classified_manufacturer,0,weak_location_signal,0,no_differentiation_evidence,1,named_individuals_in_promoter_field,1,sector_or_macro_tailwind_tags,0,weak_growth_signal,2,33,30.0,2,0,0,0,0,0,0,rules_only_no_llm_balance,0.0,0.0,0.0,5.0,5.0,0.0,30.0,0.0,rules_only,no_website_url,,
Ultra Rich Weddings Limited,Little or no extractable text (likely scanned PDF — needs OCR).,unknown,,unknown,no_structured_differentiation_tag,DRHP: Mr. Saurabh Goswami Type Fresh Issue Size; Mr. SAURABH GOSWAMI THE ISSUE INITIAL PUBLIC; Mr. Saurabh Goswami Promoter Group Companies; Ms. Nidhi Patel. Chief Financial Officer; Mr. Manish Shrivastava. Act; Mr. Saurabh Goswami,Not assessed (no machine-readable text).,bse_sme_ipo_drhp_pipeline,drhp_companies_specified_format.csv+final_merged_dsir_promoters.csv,,,no_structured_differentiation_tag|bse_sme_ipo_drhp_pipeline|not_assessed_(no_machine-readable_text),0,not_classified_manufacturer,0,weak_location_signal,0,no_differentiation_evidence,1,named_individuals_in_promoter_field,1,sector_or_macro_tailwind_tags,0,weak_growth_signal,2,33,30.0,2,0,0,0,0,0,0,rules_only_no_llm_balance,0.0,0.0,0.0,5.0,5.0,0.0,30.0,0.0,rules_only,no_website_url,,
Umiya Mobile Limited,Office Contact Person Email and Telephone Website Plot No,unspecified_see_drhp,www.bigshareonline.com; www.shcapl.com; www.umiyamobile.com,Extract from restated financials in DRHP (pattern not matched).,no_structured_differentiation_tag,DRHP: Mr. Jadwani Kishorbhai Premjibhai; Mr. Jadvani Girishkumar Premjibhai; Mr. Vijesh Premjibhai Patel,No explicit expansion/hiring/certification keywords in sampled pages — check MD&A / risk factors in full DRHP.,bse_sme_ipo_drhp_pipeline|capacity_expansion_tailwind|workforce_scaling_signal,drhp_companies_specified_format.csv+final_merged_dsir_promoters.csv,,See DRHP ‘Industry / Business overview’ section.,no_structured_differentiation_tag|bse_sme_ipo_drhp_pipeline|capacity_expansion_tailwind|workforce_scaling_signal|no_explicit_expansion|hiring|certification_keywords_in_sampled_pages_—_check_md&a|risk_factors_in_full_drhp,0,not_classified_manufacturer,0,weak_location_signal,0,no_differentiation_evidence,1,named_individuals_in_promoter_field,1,sector_or_macro_tailwind_tags,1,growth_or_ipo_signal_in_text,3,50,50.0,2,0,0,0,0,0,0,rules_only_no_llm_balance,0.0,0.0,0.0,5.0,5.0,5.0,50.0,0.0,rules_only,duplicate_dedupe|basis:website_host,Nanta Tech Limited,website_host
Unified Data- Tech Solutions Limited,PDF parse error: PdfStreamError,unknown,,unknown,no_structured_differentiation_tag,Could not download DRHP PDF/ZIP for promoter extraction.,,bse_sme_ipo_drhp_pipeline,drhp_companies_specified_format.csv+final_merged_dsir_promoters.csv,,,no_structured_differentiation_tag|bse_sme_ipo_drhp_pipeline,0,not_classified_manufacturer,0,weak_location_signal,0,no_differentiation_evidence,0,no_promoter_extract,1,sector_or_macro_tailwind_tags,0,weak_growth_signal,1,17,15.0,2,0,0,0,0,0,0,rules_only_no_llm_balance,0.0,0.0,0.0,0.0,5.0,0.0,15.0,0.0,rules_only,no_website_url,,
United Cotfab Limited,See DRHP ‘General Information’ — address not matched by pattern.,unspecified_see_drhp,www.beelinemb.com; www.purvashare.com; www.unitedcotfab.com,Extract from restated financials in DRHP (pattern not matched).,no_structured_differentiation_tag,DRHP: Ms. Muskan Kashyap PROMOTERS OF OUR; Mr. Nirmalkumar Mangalchand Mittal; Mr. Gagan Nirmalkumar Mittal; Ms. Muskan Kashyap Mobile No; Mr. Nikhil Shah Email; Ms. Deepali Dhuri Email,capex / capital expenditure,bse_sme_ipo_drhp_pipeline|capacity_expansion_tailwind,drhp_companies_specified_format.csv+final_merged_dsir_promoters.csv,,See DRHP ‘Industry / Business overview’ section.,no_structured_differentiation_tag|bse_sme_ipo_drhp_pipeline|capacity_expansion_tailwind|capex|capital_expenditure,0,not_classified_manufacturer,0,weak_location_signal,0,no_differentiation_evidence,1,named_individuals_in_promoter_field,1,sector_or_macro_tailwind_tags,1,growth_or_ipo_signal_in_text,3,50,50.0,2,0,0,0,0,0,0,rules_only_no_llm_balance,0.0,0.0,0.0,5.0,5.0,5.0,50.0,0.0,rules_only,duplicate_dedupe|basis:website_host,SK International Export Limited,website_host
V R FILMS & STUDIOS LIMITED,Download failed (timeout or HTTP error).,unknown,,unknown,no_structured_differentiation_tag,Could not download DRHP PDF/ZIP for promoter extraction.,,bse_sme_ipo_drhp_pipeline,drhp_companies_specified_format.csv+final_merged_dsir_promoters.csv,,,no_structured_differentiation_tag|bse_sme_ipo_drhp_pipeline,0,not_classified_manufacturer,0,weak_location_signal,0,no_differentiation_evidence,0,no_promoter_extract,1,sector_or_macro_tailwind_tags,0,weak_growth_signal,1,17,15.0,2,0,0,0,0,0,0,rules_only_no_llm_balance,0.0,0.0,0.0,0.0,5.0,0.0,15.0,0.0,rules_only,no_website_url,,
Valplast Technologies Limited,"was U45400HR2014FLC094931. Further, pursuant to our email dated September 26, 2023, and January 11, 2024, to Registrar of companies, Delhi, our",unspecified_see_drhp,www.bigshareonline.com; www.fintellectualadvisors.com; www.valplastech.com,Extract from restated financials in DRHP (pattern not matched).,no_structured_differentiation_tag,Could not download DRHP PDF/ZIP for promoter extraction.,subsidiary / group structure,bse_sme_ipo_drhp_pipeline,drhp_companies_specified_format.csv+final_merged_dsir_promoters.csv,U45400HR2014FLC094931,See DRHP ‘Industry / Business overview’ section.,no_structured_differentiation_tag|bse_sme_ipo_drhp_pipeline|subsidiary|group_structure,0,not_classified_manufacturer,1,india_location_signal,0,no_differentiation_evidence,0,no_promoter_extract,1,sector_or_macro_tailwind_tags,0,weak_growth_signal,2,33,25.0,2,0,0,0,0,0,0,rules_only_no_llm_balance,0.0,5.0,0.0,0.0,5.0,0.0,25.0,0.0,rules_only,duplicate_dedupe|basis:website_host,R. P. Multimetals Limited,website_host
VARYAA CREATIONS LIMITED,Little or no extractable text (likely scanned PDF — needs OCR).,unknown,,unknown,no_structured_differentiation_tag,DRHP: Ms. Akshita Agrawal; Ms. Mala Soneji; Mr. Ronak Bhatt Tel No; Mr. Asif Sayeed Te; Ms. Akshita Agrawal Director; Mrs. Pooja Vineet Naheta Materiality Policy; Mrs. Pooja Vineet Naheta; Mrs. Sarika Amit Naheta Promoter Companies,Not assessed (no machine-readable text).,bse_sme_ipo_drhp_pipeline,drhp_companies_specified_format.csv+final_merged_dsir_promoters.csv,,,no_structured_differentiation_tag|bse_sme_ipo_drhp_pipeline|not_assessed_(no_machine-readable_text),0,not_classified_manufacturer,0,weak_location_signal,0,no_differentiation_evidence,1,named_individuals_in_promoter_field,1,sector_or_macro_tailwind_tags,0,weak_growth_signal,2,33,30.0,2,0,0,0,0,0,0,rules_only_no_llm_balance,0.0,0.0,0.0,5.0,5.0,0.0,30.0,0.0,rules_only,no_website_url,,
Vashishtha Luxury Fashion Limited,Information” and “History and Certain Corporate Matters” beginning on page 50 and 144 respectively of the Draft Red Herring Prospectus.,unspecified_see_drhp,www.bigshareonline.com; www.expertglobal.in; www.vashishthaluxuryfashion.com,₹0–5 Cr (approx from lakhs),no_structured_differentiation_tag,DRHP: Mr. Shobit R. Agarwal SEBI; Mr. Abhishek Jain SEBI Registration No. INZ; Ms. Krupali Thakkar; Mr. Ravindra Dhareshivkar; Mr. Mustak Odiya; Ms. Archana Odiya DETAILS OF OFFER TO,subsidiary / group structure,bse_sme_ipo_drhp_pipeline,drhp_companies_specified_format.csv+final_merged_dsir_promoters.csv,,See DRHP ‘Industry / Business overview’ section.,no_structured_differentiation_tag|bse_sme_ipo_drhp_pipeline|subsidiary|group_structure,0,not_classified_manufacturer,0,weak_location_signal,0,no_differentiation_evidence,1,named_individuals_in_promoter_field,1,sector_or_macro_tailwind_tags,0,weak_growth_signal,2,33,30.0,2,0,0,0,0,0,0,rules_only_no_llm_balance,0.0,0.0,0.0,5.0,5.0,0.0,30.0,0.0,rules_only,duplicate_dedupe|basis:website_host,Royal Sense Limited,website_host
VDOIT TECHNOLOGIES LIMITED,"Unit number 912, Emaar Palm Square, Sector – 66, Golf Course, Extension Road, Gurugram, Gurgaon, Haryana -122011, India. | Tel No.: +91-1244468926 |",unspecified_see_drhp,https://vdoitech.com/; www.cameoindia.com; www.fedsec.in,Extract from restated financials in DRHP (pattern not matched).,no_structured_differentiation_tag,DRHP: Ms. K. Sreepriya,subsidiary / group structure,bse_sme_ipo_drhp_pipeline,drhp_companies_specified_format.csv+final_merged_dsir_promoters.csv,,See DRHP ‘Industry / Business overview’ section.,no_structured_differentiation_tag|bse_sme_ipo_drhp_pipeline|subsidiary|group_structure,0,not_classified_manufacturer,1,india_location_signal,0,no_differentiation_evidence,1,named_individuals_in_promoter_field,1,sector_or_macro_tailwind_tags,0,weak_growth_signal,3,50,40.0,2,0,0,0,0,0,0,rules_only_no_llm_balance,0.0,5.0,0.0,5.0,5.0,0.0,40.0,0.0,rules_only,duplicate_dedupe|basis:website_host,Shine Fashions (India) Limited,website_host
Vectras Enprocon Limited,"2025. The corporate identification number of our Company is U45309 GJ2021PLC122680. Registered Office: Office No. 601-602, Amrakunj Avis, Near Tapovan Circle, Chandkheda, Ahmedabad – 382424, Gujarat. Website: www.vectrasgroup.com; E-Mail: compliance@vectrasgroup.com; Telephone No...",unspecified_see_drhp,www.beelinemb.com; www.vectrasgroup.com,Extract from restated financials in DRHP (pattern not matched).,no_structured_differentiation_tag,DRHP: also directors on the Board; Mr. Nikhil Shah Upto; Mrs. Khushbu Shah SEBI Registration No. INZ,No explicit expansion/hiring/certification keywords in sampled pages — check MD&A / risk factors in full DRHP.,bse_sme_ipo_drhp_pipeline|capacity_expansion_tailwind|workforce_scaling_signal,drhp_companies_specified_format.csv+final_merged_dsir_promoters.csv,,See DRHP ‘Industry / Business overview’ section.,no_structured_differentiation_tag|bse_sme_ipo_drhp_pipeline|capacity_expansion_tailwind|workforce_scaling_signal|no_explicit_expansion|hiring|certification_keywords_in_sampled_pages_—_check_md&a|risk_factors_in_full_drhp,0,not_classified_manufacturer,1,india_location_signal,0,no_differentiation_evidence,1,named_individuals_in_promoter_field,1,sector_or_macro_tailwind_tags,1,growth_or_ipo_signal_in_text,4,67,60.0,2,0,0,0,0,0,0,rules_only_no_llm_balance,0.0,5.0,0.0,5.0,5.0,5.0,60.0,0.0,rules_only,duplicate_dedupe|basis:website_host,SK International Export Limited,website_host
Vedant Asset Ltd,Little or no extractable text (likely scanned PDF — needs OCR).,unknown,,unknown,no_structured_differentiation_tag,DRHP: Mr. Shobhan Gupta; Mr. Sourabh Garg Email; Mr. Sagar Pathare Email; Mr. Lallit Tripathi; Mrs. Priyanka Maheshwari DETAILS OF THE ISSUE; Mrs. Priyanka Maheshwari. For,Not assessed (no machine-readable text).,bse_sme_ipo_drhp_pipeline,drhp_companies_specified_format.csv+final_merged_dsir_promoters.csv,,,no_structured_differentiation_tag|bse_sme_ipo_drhp_pipeline|not_assessed_(no_machine-readable_text),0,not_classified_manufacturer,0,weak_location_signal,0,no_differentiation_evidence,1,named_individuals_in_promoter_field,1,sector_or_macro_tailwind_tags,0,weak_growth_signal,2,33,30.0,2,0,0,0,0,0,0,rules_only_no_llm_balance,0.0,0.0,0.0,5.0,5.0,0.0,30.0,0.0,rules_only,no_website_url,,
Veefin Solutions Limited,Little or no extractable text (likely scanned PDF — needs OCR).,unknown,,unknown,no_structured_differentiation_tag,DRHP: Ms. Sarita Vijay Mahajan Company Secretary; Mr. Raja Debnath; Mr. Gautam Vijay Udani; Mr. Ajay Babu Rajendran; Mr. Parth Shah; Ms. Kritika Rupda; Ms. Sarita Vijay Mahajan; Mr. Raja Debnath MOA; Mr. Gautam Vijay Udani Promoter Group Such; Mr. Gautam Vijay Udani KEY PERFORMANCE INDICATORS,Not assessed (no machine-readable text).,bse_sme_ipo_drhp_pipeline,drhp_companies_specified_format.csv+final_merged_dsir_promoters.csv,,,no_structured_differentiation_tag|bse_sme_ipo_drhp_pipeline|not_assessed_(no_machine-readable_text),0,not_classified_manufacturer,0,weak_location_signal,0,no_differentiation_evidence,1,named_individuals_in_promoter_field,1,sector_or_macro_tailwind_tags,0,weak_growth_signal,2,33,30.0,2,0,0,0,0,0,0,rules_only_no_llm_balance,0.0,0.0,0.0,5.0,5.0,0.0,30.0,0.0,rules_only,no_website_url,,
Veer Global Infraconstruction Limited,Little or no extractable text (likely scanned PDF — needs OCR).,unknown,,unknown,no_structured_differentiation_tag,DRHP: Ms. Deepali Chundawat; Mr. Vijaybhai Vagjibhai Bhanshali; Mrs. Anita Vijay Bhanshali; Mr. Vinod Mohanlal Jain; Mr. Mukesh Chunilal Jain; Mr. Abhishek Mukesh Jain,Not assessed (no machine-readable text).,bse_sme_ipo_drhp_pipeline,drhp_companies_specified_format.csv+final_merged_dsir_promoters.csv,,,no_structured_differentiation_tag|bse_sme_ipo_drhp_pipeline|not_assessed_(no_machine-readable_text),0,not_classified_manufacturer,0,weak_location_signal,0,no_differentiation_evidence,1,named_individuals_in_promoter_field,1,sector_or_macro_tailwind_tags,0,weak_growth_signal,2,33,30.0,2,0,0,0,0,0,0,rules_only_no_llm_balance,0.0,0.0,0.0,5.0,5.0,0.0,30.0,0.0,rules_only,no_website_url,,
Veerkrupa Jewellers Limited,Little or no extractable text (likely scanned PDF — needs OCR).,unknown,,unknown,no_structured_differentiation_tag,DRHP: Mr. Ankit Purushottam Sanchiher Email; Mr. Ankit Purushottam Sanchiher; Mr. Chirag Arvind Shah Materiality Policy; Mr. Chirag Arvind Shah And Mrs. Nehaben; Mrs. Nehaben Chiragbhai Shah Willful Defaulter,Not assessed (no machine-readable text).,bse_sme_ipo_drhp_pipeline,drhp_companies_specified_format.csv+final_merged_dsir_promoters.csv,,,no_structured_differentiation_tag|bse_sme_ipo_drhp_pipeline|not_assessed_(no_machine-readable_text),0,not_classified_manufacturer,0,weak_location_signal,0,no_differentiation_evidence,1,named_individuals_in_promoter_field,1,sector_or_macro_tailwind_tags,0,weak_growth_signal,2,33,30.0,2,0,0,0,0,0,0,rules_only_no_llm_balance,0.0,0.0,0.0,5.0,5.0,0.0,30.0,0.0,rules_only,no_website_url,,
Viraunique Realtors Limited,Little or no extractable text (likely scanned PDF — needs OCR).,unknown,,unknown,no_structured_differentiation_tag,DRHP: Ms. Neelam Raj,Not assessed (no machine-readable text).,bse_sme_ipo_drhp_pipeline,drhp_companies_specified_format.csv+final_merged_dsir_promoters.csv,,,no_structured_differentiation_tag|bse_sme_ipo_drhp_pipeline|not_assessed_(no_machine-readable_text),0,not_classified_manufacturer,0,weak_location_signal,0,no_differentiation_evidence,1,named_individuals_in_promoter_field,1,sector_or_macro_tailwind_tags,0,weak_growth_signal,2,33,30.0,3,0,0,0,0,0,0,rules_only_no_llm_balance,0.0,0.0,0.0,5.0,5.0,0.0,30.0,0.0,rules_only,no_website_url,,
Virtuoso Optoelectronics Limited,Little or no extractable text (likely scanned PDF — needs OCR).,unknown,,unknown,no_structured_differentiation_tag,Promoter names not machine-extracted from sampled DRHP pages; verify in IPO prospectus or LinkedIn.,Not assessed (no machine-readable text).,bse_sme_ipo_drhp_pipeline,drhp_companies_specified_format.csv+final_merged_dsir_promoters.csv,,,no_structured_differentiation_tag|bse_sme_ipo_drhp_pipeline|not_assessed_(no_machine-readable_text),0,not_classified_manufacturer,0,weak_location_signal,0,no_differentiation_evidence,0,no_promoter_extract,1,sector_or_macro_tailwind_tags,0,weak_growth_signal,1,17,15.0,2,0,0,0,0,0,0,rules_only_no_llm_balance,0.0,0.0,0.0,0.0,5.0,0.0,15.0,0.0,rules_only,no_website_url,,
Visaman Global Sales Limited,Little or no extractable text (likely scanned PDF — needs OCR).,unknown,,unknown,no_structured_differentiation_tag,DRHP: Ms. Ankita Anil Jain; Mr. MITULKUMAR SURESHCHANDRA VASA; Mr. SURESHCHANDRA GULABCHAND VASA THE ISSUE INITIAL; Mr. Mitulkumar Sureshchandra Vasa; Mr. Sureshchandra Gulabchand Vasa; Mr. Vishvas Sureshbhai Bhimjiyani,Not assessed (no machine-readable text).,bse_sme_ipo_drhp_pipeline,drhp_companies_specified_format.csv+final_merged_dsir_promoters.csv,,,no_structured_differentiation_tag|bse_sme_ipo_drhp_pipeline|not_assessed_(no_machine-readable_text),0,not_classified_manufacturer,0,weak_location_signal,0,no_differentiation_evidence,1,named_individuals_in_promoter_field,1,sector_or_macro_tailwind_tags,0,weak_growth_signal,2,33,30.0,2,0,0,0,0,0,0,rules_only_no_llm_balance,0.0,0.0,0.0,5.0,5.0,0.0,30.0,0.0,rules_only,no_website_url,,
Vision Time India Limited,studios are located and the same are either on lease arrangement or on right to use basis,unspecified_see_drhp,www.arihantcapital.com; www.cameoindia.com; www.visiontime.in,Extract from restated financials in DRHP (pattern not matched).,no_structured_differentiation_tag,Could not download DRHP PDF/ZIP for promoter extraction.,subsidiary / group structure,bse_sme_ipo_drhp_pipeline,drhp_companies_specified_format.csv+final_merged_dsir_promoters.csv,,See DRHP ‘Industry / Business overview’ section.,no_structured_differentiation_tag|bse_sme_ipo_drhp_pipeline|subsidiary|group_structure,0,not_classified_manufacturer,0,weak_location_signal,0,no_differentiation_evidence,0,no_promoter_extract,1,sector_or_macro_tailwind_tags,0,weak_growth_signal,1,17,15.0,2,0,0,0,0,0,0,rules_only_no_llm_balance,0.0,0.0,0.0,0.0,5.0,0.0,15.0,0.0,rules_only,duplicate_dedupe|basis:website_host,Organic Recycling Systems Limited,website_host
Vivaa Tradecom Limited,Little or no extractable text (likely scanned PDF — needs OCR).,unknown,,unknown,no_structured_differentiation_tag,DRHP: Mr. Mitesh Adani. For,Not assessed (no machine-readable text).,bse_sme_ipo_drhp_pipeline,drhp_companies_specified_format.csv+final_merged_dsir_promoters.csv,,,no_structured_differentiation_tag|bse_sme_ipo_drhp_pipeline|not_assessed_(no_machine-readable_text),0,not_classified_manufacturer,0,weak_location_signal,0,no_differentiation_evidence,1,named_individuals_in_promoter_field,1,sector_or_macro_tailwind_tags,0,weak_growth_signal,2,33,30.0,2,0,0,0,0,0,0,rules_only_no_llm_balance,0.0,0.0,0.0,5.0,5.0,0.0,30.0,0.0,rules_only,no_website_url,,
Vruddhi Engineering Works Limited,"LOCATED), AT LEAST TWO WORKING DAYS PRIOR TO THE BID/ISSUE OPENING DATE AND SHALL BE MADE AVAILABLE TO THE SME PLATFORM OF BSE (“BSE SME”) FOR THE PURPOSES OF UPLOADING ON THEIR",unspecified_see_drhp,www.bigshareonline.com; www.fedsec.in; www.vruddhicouplers.com,Extract from restated financials in DRHP (pattern not matched).,iso_certification_mention,Promoter names not machine-extracted from sampled DRHP pages; verify in IPO prospectus or LinkedIn.,capex / capital expenditure; ISO certification mentioned,bse_sme_ipo_drhp_pipeline|capacity_expansion_tailwind,drhp_companies_specified_format.csv+final_merged_dsir_promoters.csv,,See DRHP ‘Industry / Business overview’ section.,iso_certification_mention|bse_sme_ipo_drhp_pipeline|capacity_expansion_tailwind|capex|capital_expenditure|iso_certification_mentioned,0,not_classified_manufacturer,0,weak_location_signal,1,cert_or_patent_evidence,0,no_promoter_extract,1,sector_or_macro_tailwind_tags,1,growth_or_ipo_signal_in_text,3,50,55.0,2,0,0,0,0,0,0,rules_only_no_llm_balance,0.0,0.0,5.0,0.0,5.0,5.0,55.0,0.0,rules_only,duplicate_dedupe|basis:website_host,Shine Fashions (India) Limited,website_host
Vrundavan Plantation Limited,Little or no extractable text (likely scanned PDF — needs OCR).,unknown,,unknown,no_structured_differentiation_tag,DRHP: Mr. Upendra Tiwari Promoter Group Companies; Ms. Kajal Kalwani. Chief Financial Officer; Mr. Dineshkumar Dubey. Act; Mr. Upendra Tiwari,Not assessed (no machine-readable text).,bse_sme_ipo_drhp_pipeline,drhp_companies_specified_format.csv+final_merged_dsir_promoters.csv,,,no_structured_differentiation_tag|bse_sme_ipo_drhp_pipeline|not_assessed_(no_machine-readable_text),0,not_classified_manufacturer,0,weak_location_signal,0,no_differentiation_evidence,1,named_individuals_in_promoter_field,1,sector_or_macro_tailwind_tags,0,weak_growth_signal,2,33,30.0,2,0,0,0,0,0,0,rules_only_no_llm_balance,0.0,0.0,0.0,5.0,5.0,0.0,30.0,0.0,rules_only,no_website_url,,
Vyara Tiles Limited,"converted into a Public L imited Company vide Special Resolution passed by the Shareholders at the Extra - Ordinary General Meeting, held on August 07, 2024, and consequently the name of our Company was changed from “Vyara Tiles Private Limited” to “Vyara Tiles Limited” vide a fr...",unspecified_see_drhp,www.kfintech.com; www.shareindia.com; www.vyaratiles.i; www.vyaratiles.in,Extract from restated financials in DRHP (pattern not matched).,no_structured_differentiation_tag,Mr. Padamkumar Babulal Jain,capacity expansion; capex / capital expenditure,bse_sme_ipo_drhp_pipeline|capacity_expansion_tailwind,drhp_companies_specified_format.csv+final_merged_dsir_promoters.csv,,See DRHP ‘Industry / Business overview’ section.,no_structured_differentiation_tag|bse_sme_ipo_drhp_pipeline|capacity_expansion_tailwind|capacity_expansion|capex|capital_expenditure,0,not_classified_manufacturer,0,weak_location_signal,0,no_differentiation_evidence,1,named_individuals_in_promoter_field,1,sector_or_macro_tailwind_tags,1,growth_or_ipo_signal_in_text,3,50,50.0,4,0,0,0,0,0,0,rules_only_no_llm_balance,0.0,0.0,0.0,5.0,5.0,5.0,50.0,0.0,rules_only,duplicate_dedupe|basis:website_host,VVIP Infratech Limited,website_host
Welpar Pharmbizz Limited,Little or no extractable text (likely scanned PDF — needs OCR).,unknown,,unknown,no_structured_differentiation_tag,DRHP: Ms. Mitti Mitesh Jain; Mr. Dipesh Paras Chhajed MoA; Mr. Paras Kanhaiyalal Chhajed; Mr. Dipesh Paras Chhajed; Mr. Manish Paras Chhajed Promoter Group Persons; Mr. Manish Paras Chhajed For; Mr. Manish Paras Chhajed; Mr. Kiran Paras Chhajed; Ms. Anita Kiran Chhajed; Ms. Chandrakala Manish Chhajed,Not assessed (no machine-readable text).,bse_sme_ipo_drhp_pipeline,drhp_companies_specified_format.csv+final_merged_dsir_promoters.csv,,,no_structured_differentiation_tag|bse_sme_ipo_drhp_pipeline|not_assessed_(no_machine-readable_text),0,not_classified_manufacturer,0,weak_location_signal,0,no_differentiation_evidence,1,named_individuals_in_promoter_field,1,sector_or_macro_tailwind_tags,0,weak_growth_signal,2,33,30.0,2,0,0,0,0,0,0,rules_only_no_llm_balance,0.0,0.0,0.0,5.0,5.0,0.0,30.0,0.0,rules_only,no_website_url,,
White Organic Retail Limited,Little or no extractable text (likely scanned PDF — needs OCR).,unknown,,unknown,no_structured_differentiation_tag,DRHP: Ms. Charmi Sagar Jobalia; Mr. Darshak Mahesh Rupani; Mr. Prashantt Mahesh Rupani; Mr. Ronak Vinod Desai,Not assessed (no machine-readable text).,bse_sme_ipo_drhp_pipeline,drhp_companies_specified_format.csv+final_merged_dsir_promoters.csv,,,no_structured_differentiation_tag|bse_sme_ipo_drhp_pipeline|not_assessed_(no_machine-readable_text),0,not_classified_manufacturer,0,weak_location_signal,0,no_differentiation_evidence,1,named_individuals_in_promoter_field,1,sector_or_macro_tailwind_tags,0,weak_growth_signal,2,33,30.0,2,0,0,0,0,0,0,rules_only_no_llm_balance,0.0,0.0,0.0,5.0,5.0,0.0,30.0,0.0,rules_only,no_website_url,,
Workmates Core2Cloud Solution Limited,"Flat 7, 3rd Floor, 3A Rammohan Mullick Garden Lane Kolkata - 700010, West Bengal, India Purbali Saha Company Secretary and Compliance Officer + 91 33 450 84924",unspecified_see_drhp,www.cloudworkmates.com; www.horizonmanagement.in,Extract from restated financials in DRHP (pattern not matched).,no_structured_differentiation_tag,Promoter names not machine-extracted from sampled DRHP pages; verify in IPO prospectus or LinkedIn.,hiring / recruitment; subsidiary / group structure,bse_sme_ipo_drhp_pipeline|workforce_scaling_signal,drhp_companies_specified_format.csv+final_merged_dsir_promoters.csv,,See DRHP ‘Industry / Business overview’ section.,no_structured_differentiation_tag|bse_sme_ipo_drhp_pipeline|workforce_scaling_signal|hiring|recruitment|subsidiary|group_structure,0,not_classified_manufacturer,1,india_location_signal,0,no_differentiation_evidence,0,no_promoter_extract,1,sector_or_macro_tailwind_tags,1,growth_or_ipo_signal_in_text,3,50,45.0,2,0,0,0,0,0,0,rules_only_no_llm_balance,0.0,5.0,0.0,0.0,5.0,5.0,45.0,0.0,rules_only,duplicate_dedupe|basis:website_host,L. T. Elevator Limited,website_host
YAASHVI JEWELLERS LIMITED,"Colony Vaishali Nagar, Jaipur, Rajasthan, India, 302021",unspecified_see_drhp,www.bigshareonline.com; www.shcapl.com; www.yaashvijewellers.com,Extract from restated financials in DRHP (pattern not matched).,no_structured_differentiation_tag,DRHP: Mr. Parth Shah Website; ANKITA AGARWAL AND ANKIT AGGARWAL; held in dematerialized form; Mr. Parth Shah; Mr. Parth Shah E-mail,No explicit expansion/hiring/certification keywords in sampled pages — check MD&A / risk factors in full DRHP.,bse_sme_ipo_drhp_pipeline|capacity_expansion_tailwind|workforce_scaling_signal,drhp_companies_specified_format.csv+final_merged_dsir_promoters.csv,,See DRHP ‘Industry / Business overview’ section.,no_structured_differentiation_tag|bse_sme_ipo_drhp_pipeline|capacity_expansion_tailwind|workforce_scaling_signal|no_explicit_expansion|hiring|certification_keywords_in_sampled_pages_—_check_md&a|risk_factors_in_full_drhp,0,not_classified_manufacturer,1,india_location_signal,0,no_differentiation_evidence,1,named_individuals_in_promoter_field,1,sector_or_macro_tailwind_tags,1,growth_or_ipo_signal_in_text,4,67,60.0,2,0,0,0,0,0,0,rules_only_no_llm_balance,0.0,5.0,0.0,5.0,5.0,5.0,60.0,0.0,rules_only,duplicate_dedupe|basis:website_host,Nanta Tech Limited,website_host
Zelio E-Mobility Limited,PDF parse error: PdfStreamError,unknown,,unknown,no_structured_differentiation_tag,Could not download DRHP PDF/ZIP for promoter extraction.,,bse_sme_ipo_drhp_pipeline,drhp_companies_specified_format.csv+final_merged_dsir_promoters.csv,,,no_structured_differentiation_tag|bse_sme_ipo_drhp_pipeline,0,not_classified_manufacturer,0,weak_location_signal,0,no_differentiation_evidence,0,no_promoter_extract,1,sector_or_macro_tailwind_tags,0,weak_growth_signal,1,17,15.0,2,0,0,0,0,0,0,rules_only_no_llm_balance,0.0,0.0,0.0,0.0,5.0,0.0,15.0,0.0,rules_only,no_website_url,,
