Company Name,City,Industry Segment,Website,Revenue Band,CIN,Promoter/Decision-Maker,Tailwinds,Differentiation Evidence,Source,Evidence Tags Normalized,ICP_Criteria_Met_Count,ICP_Coverage_Score,ICP_Weighted_Score,ICP_Blended_Weighted_Score,Blended_C1,Blended_C2,Blended_C3,Blended_C4,Blended_C5,Blended_C6,Step9_QA_Tags,Step9_QA_Flag_Count,Step9_Outreach_Note
MTE STRUCTURES LIMITED,Centre. For further details please refer to chapter titled “History and Certain Corporate Matters” beginning on Page No. 145 of the Draft Red Herring Prospectus.,Manufacturing / Industrial,https://in.mpms.mufg.com/; https://mtegroup.in/; www.gyrcapitaladvisors.com,Extract from restated financials in DRHP (pattern not matched).,,DRHP: Mrs. Jinal Bhavik Shah; Mrs. Jinal Bhavik Shah Company Secretary; Mr. Mohit Baid SEBI Registration Number; Mr. Shanti Gopalkrishnan SEBI Registration Number,bse_sme_ipo_drhp_pipeline|make_in_india_manufacturing,iso_certification_mention,drhp_companies_specified_format.csv+final_merged_dsir_promoters.csv,iso_certification_mention|bse_sme_ipo_drhp_pipeline|make_in_india_manufacturing|iso_certification_mentioned,5,83,90.0,90.0,5.0,0.0,5.0,5.0,5.0,5.0,iso_only_differentiation_no_sector_moat,1,QA flagged
BioLife Sciences Ltd,Hyderabad,Manufacturing / Industrial,biolifesciences.com,₹100–180 Cr,,,bse_sme_ipo_drhp_pipeline|make_in_india_manufacturing|capital_markets_ipo_activity,dsir_directory_match,data_with_dsir_recognition.csv+final_merged_dsir_promoters.csv,dsir_directory_match|bse_sme_ipo_drhp_pipeline|make_in_india_manufacturing|capital_markets_ipo_activity|ipo_filed_mar_2026,5,83,85.0,85.0,5.0,5.0,5.0,0.0,5.0,5.0,,0,QA clean
Goldline Pharmaceutical Limited,"WORKING DAYS PRIOR TO THE BID/ISSUE OPENING DATE AND SHALL BE MADE AVAILABLE TO THE BSE LIMITED (“BSE”) FOR THE PURPOSES OF UPLOADING O N THEIR WEBSITE IN ACCORDANCE WITH SECURITIES AND EXCHANGE BOARD OF INDIA (ISSUE OF CAPITAL AND DISCLOSURE REQUIREMENTS) REGULA TIONS, 2018, AS ...",Pharma / Biotech,www.bigshareonline.com; www.cumulativecapital.group; www.goldlinepharma.in,Extract from restated financials in DRHP (pattern not matched).,,Could not download DRHP PDF/ZIP for promoter extraction.,bse_sme_ipo_drhp_pipeline|pharma_formulations_tailwind,iso_certification_mention,drhp_companies_specified_format.csv+final_merged_dsir_promoters.csv,iso_certification_mention|bse_sme_ipo_drhp_pipeline|pharma_formulations_tailwind|iso_certification_mentioned,5,83,85.0,85.0,5.0,5.0,5.0,0.0,5.0,5.0,stale_temporal_signal|iso_only_differentiation_no_sector_moat,2,QA flagged
MediEquip India Ltd,Delhi NCR,Manufacturing / Industrial,mediequipindia.com,₹70–120 Cr,,,bse_sme_ipo_drhp_pipeline|make_in_india_manufacturing|capital_markets_ipo_activity,dsir_directory_match,data_with_dsir_recognition.csv+final_merged_dsir_promoters.csv,dsir_directory_match|bse_sme_ipo_drhp_pipeline|make_in_india_manufacturing|capital_markets_ipo_activity|ipo_filed_dec_2025,5,83,85.0,85.0,5.0,5.0,5.0,0.0,5.0,5.0,,0,QA clean
ANKIT GOLD LIMITED,"Ni Khadki, Madan Gopal Ni Haveli Road, Ahmedabad - 380001, Gujarat, India “we”, “us” or “our” Unless the context otherwise indicates or implies, refers to our Company “you”, “your” or “yours” Prospective Investor in this Issue",unspecified_see_drhp,https://www.ankitgoldltd.com; https://www.cfml.in; www.kfintech.com,Extract from restated financials in DRHP (pattern not matched).,,DRHP: Mr. Hinil Patel,bse_sme_ipo_drhp_pipeline,iso_certification_mention,drhp_companies_specified_format.csv+final_merged_dsir_promoters.csv,iso_certification_mention|bse_sme_ipo_drhp_pipeline|iso_certification_mentioned,5,83,80.0,80.0,0.0,5.0,5.0,5.0,5.0,5.0,iso_only_differentiation_no_sector_moat,1,QA flagged
Bedi Steels Limited,"G.T. Road, Doraha, Ludhiana - 141421, Punjab, India. NA Mr. Dishant Khanna Company Secretary and Compliance Officer Email: cs@bedisteelsltd.com Tel.: +91-9115700625 www.bedisteelsltd.com",unspecified_see_drhp,www.bedisteelsltd.com; www.bigshareonline.com; www.khambattasecurities.com,₹2 Cr (stated),,DRHP: Mr. Dishant Khanna Company Secretary; Mr. Chandan Mishra Email; Mr. Vinayak Morbale Email; Mr. Abhishek Sehgal. Company Secretary; Mr. Dishant Khanna. Corporate Identification Number; Mr. Prayank Gupta. MOA; Mr. Prayank Gupta; Mr. Mahesh Gupta; Mrs. Khushboo Gupta; Mrs. Sarita Gupta,bse_sme_ipo_drhp_pipeline|capacity_expansion_tailwind,iso_certification_mention|rnd_mention,drhp_companies_specified_format.csv+final_merged_dsir_promoters.csv,iso_certification_mention|rnd_mention|bse_sme_ipo_drhp_pipeline|capacity_expansion_tailwind|capex|capital_expenditure|iso_certification_mentioned|forward_integration,5,83,80.0,80.0,0.0,5.0,5.0,5.0,5.0,5.0,,0,QA clean
EKI Energy Services Limited,"LEAST 2(TWO) WORKING DAYS PRIOR TO THE BID/ ISSUE O PENING DATE AND SHALL BE MADE AVAILABLE TO BSE LIMI TED (“BSE”, REFERRED TO AS THE “STOCK EXCHANGE”) FOR THE PURPOSE OF UPLOADING ON THEIR WEBSITE IN ACCORDANCE WITH SECURITIES AND EXCHANGE BOARD OF INDIA (ISSUE OF CAPITALAND DI...",unspecified_see_drhp,www.bigshareonline.com; www.enkingint.org; www.hemsecurities.com,Extract from restated financials in DRHP (pattern not matched).,,DRHP: Ms. Itisha Sahu; Mr. Manish Kumar Dabkara THE ISSUE INITIAL; Mr. Manish Kumar Dabkara For; Mr. Manish Kuma,bse_sme_ipo_drhp_pipeline,iso_certification_mention,drhp_companies_specified_format.csv+final_merged_dsir_promoters.csv,iso_certification_mention|bse_sme_ipo_drhp_pipeline|iso_certification_mentioned,5,83,80.0,80.0,0.0,5.0,5.0,5.0,5.0,5.0,iso_only_differentiation_no_sector_moat,1,QA flagged
Fusion Klassroom Edutech Limited,"Mumbai office at Matruprabha, Ground Floor, Plot No -78, CTS No-2731, Daulat Nagar Road 7, Borivali East, Mumbai – 400066 for 22 months, ending on May 02, 2027. The lease deed has been executed on an arm’s length basis and the terms and conditions of the lease, including the leas...",unspecified_see_drhp,www.klassroom.in; www.maashitla.com; www.narnolia.com,Extract from restated financials in DRHP (pattern not matched).,,DRHP: Ms. Jinal Karen Vora PROMOTERS OF; Mr. Suniel Shetty; Ms. Jinal Karen Vora,bse_sme_ipo_drhp_pipeline,iso_certification_mention,drhp_companies_specified_format.csv+final_merged_dsir_promoters.csv,iso_certification_mention|bse_sme_ipo_drhp_pipeline|iso_certification_mentioned,5,83,80.0,80.0,0.0,5.0,5.0,5.0,5.0,5.0,iso_only_differentiation_no_sector_moat|generic_web_or_thin_ops_narrative,2,QA flagged
GRE RENEW ENERTECH LIMITED,"Plot no. 423, G.I.D.C.-II, Dediyasan, Mehsana-384002, Gujarat B-1104/1105, Empire Business Hub, Near Shukan Mall, Science City Road, Sola, Ahmedabad-380060, Gujarat Mr. Rohan Jayeshbhai Dhruve, Secretary and Compliance Officer Email: cs@greindia.com Tel No.: +91 9974039300 https:...",unspecified_see_drhp,https://greindia.com,Extract from restated financials in DRHP (pattern not matched).,,DRHP: Mr. Rohan Jayeshbhai Dhruve; Mr. Kunal Bansal Email; Mr. Mukul Agrawal Email Id; Mr Rohan Jayeshbhai Dhruve; Mr. Kamleshkumar Dahyalal Patel; Mr. Kirtikumar Kantilal Suthar; Mr. Mukeshkumar Prahladbhai Trivedi Promoters Group,bse_sme_ipo_drhp_pipeline|capacity_expansion_tailwind,iso_certification_mention,drhp_companies_specified_format.csv+final_merged_dsir_promoters.csv,iso_certification_mention|bse_sme_ipo_drhp_pipeline|capacity_expansion_tailwind|capex|capital_expenditure|iso_certification_mentioned|subsidiary|group_structure,5,83,80.0,80.0,0.0,5.0,5.0,5.0,5.0,5.0,iso_only_differentiation_no_sector_moat,1,QA flagged
GRUNE HAFEN LIMITED,"Karkardooma Community Centre, East Delhi, Delhi – 110092, India Corporate Office: Plot No",unspecified_see_drhp,www.grunehafen.com; www.maashitla.com; www.narnolia.com,Extract from restated financials in DRHP (pattern not matched).,,DRHP: Ms. Nishi Jain Company Secretary; Mr. Pankaj Pasi SEBI Registration Number; Ms. Nishi Jain; Ms. Nishi Jain. Depositories Act The Depositories; Mr. Gaurav Gupta,bse_sme_ipo_drhp_pipeline,iso_certification_mention,drhp_companies_specified_format.csv+final_merged_dsir_promoters.csv,iso_certification_mention|bse_sme_ipo_drhp_pipeline|iso_certification_mentioned|subsidiary|group_structure,5,83,80.0,80.0,0.0,5.0,5.0,5.0,5.0,5.0,iso_only_differentiation_no_sector_moat|generic_web_or_thin_ops_narrative,2,QA flagged
Helloji Holidays Limited,"passed by the shareholders on May 06, 2025 from Union Territory of Chandigarh to National Capital Territory of Delhi",unspecified_see_drhp,www.helloji.com; www.khambattasecurities.com; www.maashitla.com,₹2 Cr (stated),U63040DL2012PLC452865,DRHP: Ms. Shikha Daruka; Ms. Shikha Daruka Company Secretary; Mr. Chandan Mishra Email; Mr. Mukul Agrawal Email; Mr. Chandan Mishra SEBI Registration No; Mr. Mukul Agrawal SEBI Registration No,bse_sme_ipo_drhp_pipeline|capacity_expansion_tailwind|workforce_scaling_signal,dsir_drhp_substantive_citation,drhp_companies_specified_format.csv+final_merged_dsir_promoters.csv,dsir_drhp_substantive_citation|bse_sme_ipo_drhp_pipeline|capacity_expansion_tailwind|workforce_scaling_signal|no_explicit_expansion|hiring|certification_keywords_in_sampled_pages_—_check_md&a|risk_factors_in_full_drhp,5,83,80.0,80.0,0.0,5.0,5.0,5.0,5.0,5.0,,0,QA clean
Jiya Eco India Limited,"Bhavnagar – 364313, Gujarat",unspecified_see_drhp,www.bigshareonline.com; www.hemsecurities.com; www.jiyaecoindia.com,Extract from restated financials in DRHP (pattern not matched).,,DRHP: Ms. Akanksha Akhilesh Srivastava; Mr. Bhavesh Jivrajbhai Kakadiya; Mr. Yogeshkumar Chimanlal Patel THE ISSUE INITIAL; Mr. Yogeshkumar Chimanlal Patel. For; Mrs. Hetalben Bhaveshbhai Kakadiya; Mr. Vipulbhai S. Vora. Mrs. Rita Vora; Mr. Jivrajbhai Gopalbhai Kakadiya. Issue Relat; Mr. Jivrajbhai Gopalbhai Kakadiya. Issue Related Terms,bse_sme_ipo_drhp_pipeline,iso_certification_mention,drhp_companies_specified_format.csv+final_merged_dsir_promoters.csv,iso_certification_mention|bse_sme_ipo_drhp_pipeline|iso_certification_mentioned|subsidiary|group_structure,5,83,80.0,80.0,0.0,5.0,5.0,5.0,5.0,5.0,iso_only_differentiation_no_sector_moat,1,QA flagged
Kaneri Agro Industries Limited,"Lodariyal, Bavla Sanand Road, Ahmedabad-382220",unspecified_see_drhp,www.beelinebroking.com; www.kaneriagro.in; www.linkintime.co.in,Extract from restated financials in DRHP (pattern not matched).,,DRHP: Ms. Asha Rameshwarlal Jain; Mr. Ritesh Kaushikbhai Patel; Mr. Nilesh Kaushikbhai Patel; Mrs. Palak Ritesh Patel Promoters Group Companies; Mr. Nileshkumar Kaushikbhai Patel; Mrs. Palak Ritesh Patel. For; Mrs. Palak Ritesh Patel; Mrs. Nidhi Nileshkumar Patel; Mrs. Indiraben Kaushikbhai Patel; Mr. Kaushikkumar Bhogilal Patel,bse_sme_ipo_drhp_pipeline,iso_certification_mention,drhp_companies_specified_format.csv+final_merged_dsir_promoters.csv,iso_certification_mention|bse_sme_ipo_drhp_pipeline|iso_certification_mentioned,5,83,80.0,80.0,0.0,5.0,5.0,5.0,5.0,5.0,iso_only_differentiation_no_sector_moat,1,QA flagged
Locksworth Infrastructure Limited,"Trade Centre, Plot No - P- 1 Netaji Subhash Place, Shakur Pur I Block, North West Delhi, India, 110034",unspecified_see_drhp,www.bigshareonline.com; www.gyrcapitaladvisors.com; www.locksworth.in,Extract from restated financials in DRHP (pattern not matched).,,Mr. Vipin Kumar Chaurasia,bse_sme_ipo_drhp_pipeline,iso_certification_mention,drhp_companies_specified_format.csv+final_merged_dsir_promoters.csv,iso_certification_mention|bse_sme_ipo_drhp_pipeline|iso_certification_mentioned|subsidiary|group_structure,5,83,80.0,80.0,0.0,5.0,5.0,5.0,5.0,5.0,iso_only_differentiation_no_sector_moat,1,QA flagged
M.R.MANIVENI FOODS LIMITED,"Chennai, Andaman and Nicobar Islands, bearing Corporate Identity Number (",unspecified_see_drhp,https://www.mrgolddhall.com/; www.bigshareonline.com; www.capitalsquare.in,Extract from restated financials in DRHP (pattern not matched).,,DRHP: K R MANIKANDAN; M CHANDRA AND K SELVAM,bse_sme_ipo_drhp_pipeline|capacity_expansion_tailwind,iso_certification_mention,drhp_companies_specified_format.csv+final_merged_dsir_promoters.csv,iso_certification_mention|bse_sme_ipo_drhp_pipeline|capacity_expansion_tailwind|capacity_expansion|iso_certification_mentioned,5,83,80.0,80.0,0.0,5.0,5.0,5.0,5.0,5.0,iso_only_differentiation_no_sector_moat,1,QA flagged
Malpani Pipes & Fittings Limited,"Area, Ratlam, Madhya Pradesh-457001, India",unspecified_see_drhp,www.bigshareonline.com; www.ifinservices.in; www.malpanipipes.com,Extract from restated financials in DRHP (pattern not matched).,,DRHP: Rohit Malpani; Harsh Malpani; Mohit Malpani,bse_sme_ipo_drhp_pipeline,iso_certification_mention,drhp_companies_specified_format.csv+final_merged_dsir_promoters.csv,iso_certification_mention|bse_sme_ipo_drhp_pipeline|iso_certification_mentioned,5,83,80.0,80.0,0.0,5.0,5.0,5.0,5.0,5.0,iso_only_differentiation_no_sector_moat,1,QA flagged
Manisha Textiles Limited,"Survey No 6, House No 8 P, Gova MIDC, Vill Sarav ali, Bhiwandi -421302 Maharashtra, India",unspecified_see_drhp,www.kfintech.com; www.manishatextiles.in; www.rarever.in,Extract from restated financials in DRHP (pattern not matched).,,DRHP: Ms. Kapila Shardul Tikke Company Secretary; Ms. Kapila Shardul Tikke,bse_sme_ipo_drhp_pipeline,iso_certification_mention,drhp_companies_specified_format.csv+final_merged_dsir_promoters.csv,iso_certification_mention|bse_sme_ipo_drhp_pipeline|iso_certification_mentioned|subsidiary|group_structure,5,83,80.0,80.0,0.0,5.0,5.0,5.0,5.0,5.0,iso_only_differentiation_no_sector_moat,1,QA flagged
Qualitek Labs Limited,"73, National Park Lajpat Nagar- IV, New Delhi, South Delhi, 110024 India Ashima Bhatnagar Email:company",unspecified_see_drhp,www.oneviewadvisors.com; www.qualiteklab.com; www.skylinerta.com,Extract from restated financials in DRHP (pattern not matched).,,DRHP: Mr. Kamal Grover Remuneration; Mr. Antaryami Nayak Remuneration; Mr. Alok Kumar Agarwal Investment,bse_sme_ipo_drhp_pipeline,iso_certification_mention,drhp_companies_specified_format.csv+final_merged_dsir_promoters.csv,iso_certification_mention|bse_sme_ipo_drhp_pipeline|iso_certification_mentioned,5,83,80.0,80.0,0.0,5.0,5.0,5.0,5.0,5.0,iso_only_differentiation_no_sector_moat,1,QA flagged
RAVIRAJ PROCESS CONTROLS LIMITED,"Plot No. A/677, TTC, MIDC, Khairne Navi Mumbai, Thane 400 709, Navi Mumbai, Maharashtra, India. Mr. Ravi Bansilal Darira Managing Director Email Id: info@raviraj.net Tel no: 022-45419000",unspecified_see_drhp,www.ekadrisht.com; www.raviraj.net,Extract from restated financials in DRHP (pattern not matched).,,DRHP: Mr. Ravi Bansilal Darira Managing Director Email; Mr. Ravi Bansilal Darira. Email Id; Mr. Ravi Bansilal Darira; Mr. Balasubrahmanya Narayana Rao,bse_sme_ipo_drhp_pipeline,iso_certification_mention,drhp_companies_specified_format.csv+final_merged_dsir_promoters.csv,iso_certification_mention|bse_sme_ipo_drhp_pipeline|iso_certification_mentioned|subsidiary|group_structure,5,83,80.0,80.0,0.0,5.0,5.0,5.0,5.0,5.0,iso_only_differentiation_no_sector_moat,1,QA flagged
Shine Fashions (India) Limited,"Mulund West Mumbai -400080, Maharashtra “you”, “your” or “yours” Prospective investors in this Issue",unspecified_see_drhp,www.amfabrics.in; www.cameoindia.com; www.shreni.in,Extract from restated financials in DRHP (pattern not matched).,,DRHP: Mr. Anil Mehta; Ms Nidhi Jain; Ms. Nidhi Jain Director; Mr. Anish Anil Mehta Materiality Policy; Mr. Anish Anil Mehta; Mr. Anil Zaverchand Mehta; Mr. Anish Anil Mehta Mrs. Binal Anish; Ms. Purvi Anil Sanghvi; Mr. Ankit Hareshkumar Doshi; Mr. Sagar Hareshkumar Doshi,bse_sme_ipo_drhp_pipeline,iso_certification_mention,drhp_companies_specified_format.csv+final_merged_dsir_promoters.csv,iso_certification_mention|bse_sme_ipo_drhp_pipeline|iso_certification_mentioned|subsidiary|group_structure,5,83,80.0,80.0,0.0,5.0,5.0,5.0,5.0,5.0,iso_only_differentiation_no_sector_moat,1,QA flagged
Shlokka Dyes Limited,"Saykha, Saran, Bharuch, Vagra, Gujarat, India-392140",unspecified_see_drhp,www.bigshareonline.com; www.ifinservices.in; www.shlokkadyes.com,Extract from restated financials in DRHP (pattern not matched).,,DRHP: Mr. Siddharth Gajra Company Secretary; Mr. Siddharth Gajra; Mr. Siddharth Gajra Chief Financial Officer; Mr. Rajesh Patel. Act; Vaibhav Shah & Shivani Rajpurohit,bse_sme_ipo_drhp_pipeline,iso_certification_mention,drhp_companies_specified_format.csv+final_merged_dsir_promoters.csv,iso_certification_mention|bse_sme_ipo_drhp_pipeline|iso_certification_mentioned,5,83,80.0,80.0,0.0,5.0,5.0,5.0,5.0,5.0,iso_only_differentiation_no_sector_moat,1,QA flagged
SK International Export Limited,"78, Ground floor, A -2 Shah & Nahar Industrial Estate, Sitaram Jadhav Marg, Lower Parel, Mumbai-400013, Maharashtra, India “We”, “the”, “our” or “us” Unless the context otherwise indicates or implies, refers to our Company",unspecified_see_drhp,https://karisma.karvy.com; www.finshoregroup.com; www.skinternational.in,Extract from restated financials in DRHP (pattern not matched).,,DRHP: Mr. Hitesh Shrawankumar Sadh; Mr. Shrawankumar Sadh; Mr. Hitesh Shrawankumar Sadh For,bse_sme_ipo_drhp_pipeline|capacity_expansion_tailwind,iso_certification_mention,drhp_companies_specified_format.csv+final_merged_dsir_promoters.csv,iso_certification_mention|bse_sme_ipo_drhp_pipeline|capacity_expansion_tailwind|capex|capital_expenditure|iso_certification_mentioned|subsidiary|group_structure,5,83,80.0,80.0,0.0,5.0,5.0,5.0,5.0,5.0,iso_only_differentiation_no_sector_moat,1,QA flagged
Solvex Edibles Limited,"India, 244921",unspecified_see_drhp,www.corporatemakers.in; www.maashitla.com; www.solvexedibles.in,Extract from restated financials in DRHP (pattern not matched).,,DRHP: Ms. Swati Vaish; Ms. Swati Vaish. Corporate Identification Number; Mr. Ashish Goel. MOA; Mr. Ashish Goel; Mr. Vishal Goel; Mrs. Rashika Gupta; Mr. Brij Bhushan Goel. Promoter Group Such,bse_sme_ipo_drhp_pipeline,iso_certification_mention,drhp_companies_specified_format.csv+final_merged_dsir_promoters.csv,iso_certification_mention|bse_sme_ipo_drhp_pipeline|iso_certification_mentioned,5,83,80.0,80.0,0.0,5.0,5.0,5.0,5.0,5.0,iso_only_differentiation_no_sector_moat,1,QA flagged
VVIP Infratech Limited,"Fifth Floor, VVIP Style, Nh-58 Raj Nagar Extension, Ghaziabad, Uttar Pradesh- 201017, India Kanchan Aggarwal, Company Secretary cum Compliance Officer E-mail: cs@vvipinfra.com Tel No: +91 9990060123",unspecified_see_drhp,www.maashitla.com; www.shareindia.com; www.vvipinfra.com,Extract from restated financials in DRHP (pattern not matched).,,DRHP: Mr. Praveen Tyagi; Mr. Vaibhav Tyagi; Mr. Vibhor Tyagi DETAILS OF THE ISSUE,bse_sme_ipo_drhp_pipeline,iso_certification_mention,drhp_companies_specified_format.csv+final_merged_dsir_promoters.csv,iso_certification_mention|bse_sme_ipo_drhp_pipeline|iso_certification_mentioned,5,83,80.0,80.0,0.0,5.0,5.0,5.0,5.0,5.0,iso_only_differentiation_no_sector_moat,1,QA flagged
WESTERN OVERSEAS STUDY ABROAD LIMITED,"S.C.F No-27-28, Vikas Vihar, Ambala City, Ambala, Haryana, Pin Code: 134003. We / us / our Unless the context otherwise indicates or implies, refers to our Company you / your / yours Prospective Investors in this Issue",unspecified_see_drhp,www.skylinerta.com; www.sobhagyacap.com; www.western-overseas.com,Extract from restated financials in DRHP (pattern not matched).,,DRHP: Ms. Shruti Gupta; Mr. Pardeep Balyan. MOA; Mr. Pardeep Balyan; Mrs. Rekha Rani. Promoter Group Such,bse_sme_ipo_drhp_pipeline,iso_certification_mention,drhp_companies_specified_format.csv+final_merged_dsir_promoters.csv,iso_certification_mention|bse_sme_ipo_drhp_pipeline|iso_certification_mentioned,5,83,80.0,80.0,0.0,5.0,5.0,5.0,5.0,5.0,iso_only_differentiation_no_sector_moat,1,QA flagged
3C IT Solutions and Telecoms (India) Limited,Office Contact Person Email and Telephone Website,unspecified_see_drhp,http://3citsolutions.com/; https://www.kreocapital.com/; https://www.skylinerta.com/,Extract from restated financials in DRHP (pattern not matched).,,DRHP: Ms. Laxmi Tiwari Company Secretary; Ms. Laxmi Tiwari; Ms. Laxmi Tiwari Corporate Identification Number; Mr. Ranjit Kulladhaja Mayengbam MOA; Dr. Ambedkar Chowk; Mr. Ranjit Kulladhaja Mayengbam; Mrs. Gangarani Devi Mayengbam. Promoter Group Such,bse_sme_ipo_drhp_pipeline,iso_certification_mention,drhp_companies_specified_format.csv+final_merged_dsir_promoters.csv,iso_certification_mention|bse_sme_ipo_drhp_pipeline|iso_certification_mentioned,4,67,70.0,70.0,0.0,0.0,5.0,5.0,5.0,5.0,iso_only_differentiation_no_sector_moat,1,QA flagged
Abram Food Limited,Central Processing Centre,Manufacturing / Industrial,www.abramfood.in; www.corporatemakers.in; www.kfintech.com; www.kherliwala.com,Extract from restated financials in DRHP (pattern not matched).,,DRHP: Mr. Sanjiva Gaur OUR; Mr. Pawan Mahur; Mr. Rohit Pareek SEBI Registration Number; Mr. M. Murali Krishna SEBI Registration Number; Mr. Sanjay Jain,bse_sme_ipo_drhp_pipeline|make_in_india_manufacturing|capacity_expansion_tailwind|workforce_scaling_signal,no_structured_differentiation_tag,drhp_companies_specified_format.csv+final_merged_dsir_promoters.csv,no_structured_differentiation_tag|bse_sme_ipo_drhp_pipeline|make_in_india_manufacturing|capacity_expansion_tailwind|workforce_scaling_signal|no_explicit_expansion|hiring|certification_keywords_in_sampled_pages_—_check_md&a|risk_factors_in_full_drhp,4,67,70.0,70.0,5.0,0.0,0.0,5.0,5.0,5.0,,0,QA clean
Aritas Vinyl Limited,"3. One of our promoter group company Elegant Vinyl Private Limited is engaged in the similar business in which issuer company is engaged which may create a conflict of interest. Further, we do not enjoy contractual protection by way of a non-compete or other agreement or arrangem...",unspecified_see_drhp,www.aritasvinyl.com; www.bigshareonline.com; www.ifinservices.in,Extract from restated financials in DRHP (pattern not matched).,,DRHP: Mr. Anilkumar Prakashchandra Agrawal; Mr. Sanjaykumar Kantilal Patel; Mr. Roque Antonio Dias,bse_sme_ipo_drhp_pipeline,iso_certification_mention,drhp_companies_specified_format.csv+final_merged_dsir_promoters.csv,iso_certification_mention|bse_sme_ipo_drhp_pipeline|iso_certification_mentioned,4,67,70.0,70.0,0.0,0.0,5.0,5.0,5.0,5.0,iso_only_differentiation_no_sector_moat,1,QA flagged
Black Opal Consultants Limited,Central Processing Centre. The Corporate Identification Number of our Company is U70109DL2020PLC369011.,unspecified_see_drhp,www.blackopalgroup.in,₹2 Cr (stated),U70109DL2020PLC369011,DRHP: Ms. Anju Company Secretary; Mr. Chandan Mishra Email; Mr. Anuj Rana Email; Mr. Gaurav Bhardwaj. Corporate Identification Number; Ms. Anju. Corporate Office; Mr. Prasoon Chauhan; Mr. Sheikh Arfeen Ahmed; Mr. Prasoon Chauhan. Promoter Group Individuals,bse_sme_ipo_drhp_pipeline|capacity_expansion_tailwind,dsir_drhp_substantive_citation,drhp_companies_specified_format.csv+final_merged_dsir_promoters.csv,dsir_drhp_substantive_citation|bse_sme_ipo_drhp_pipeline|capacity_expansion_tailwind|capex|capital_expenditure|subsidiary|group_structure,4,67,70.0,70.0,0.0,0.0,5.0,5.0,5.0,5.0,generic_web_or_thin_ops_narrative,1,QA flagged
CREATEROI FINANCIAL CONSULTANCY LIMITED,See DRHP ‘General Information’ — address not matched by pattern.,unspecified_see_drhp,www.createroiconsulting.com; www.inventuremerchantbanker.com; www.satellitecorporate.com,Extract from restated financials in DRHP (pattern not matched).,,DRHP: Ms. Sarita Chouhan,bse_sme_ipo_drhp_pipeline,iso_certification_mention,drhp_companies_specified_format.csv+final_merged_dsir_promoters.csv,iso_certification_mention|bse_sme_ipo_drhp_pipeline|iso_certification_mentioned,4,67,70.0,70.0,0.0,0.0,5.0,5.0,5.0,5.0,iso_only_differentiation_no_sector_moat,1,QA flagged
Gulf Lloyds (India) Limited,into fresh lease or leave and license agreement,unspecified_see_drhp,www.gulflloydsgroup.com; www.ifinservices.in; www.kfintech.Com,₹5–25 Cr (approx from lakhs),,DRHP: Jaykumar Bhavsar; Anitaben Bhavsar; Bhagirath Bhavsar; Shivaniben,bse_sme_ipo_drhp_pipeline,iso_certification_mention,drhp_companies_specified_format.csv+final_merged_dsir_promoters.csv,iso_certification_mention|bse_sme_ipo_drhp_pipeline|iso_certification_mentioned,4,67,70.0,70.0,0.0,0.0,5.0,5.0,5.0,5.0,iso_only_differentiation_no_sector_moat,1,QA flagged
Harikanta Overseas Limited,"Tel. No.: +919898682560; Website: www.harikantaoverseas.com; e-Mail: info@harikantaoverseas.com Contact Person: Swati Malu, Company Secretary and Compliance Officer",unspecified_see_drhp,www.bigshareonline.com; www.harikantaoverseas.com; www.ifinservices.in,Extract from restated financials in DRHP (pattern not matched).,,DRHP: Mr. Hardik Gotawala; Mr. Abhishek Gotawala; Ms Carloss Pipe,bse_sme_ipo_drhp_pipeline,iso_certification_mention,drhp_companies_specified_format.csv+final_merged_dsir_promoters.csv,iso_certification_mention|bse_sme_ipo_drhp_pipeline|iso_certification_mentioned|subsidiary|group_structure,4,67,70.0,70.0,0.0,0.0,5.0,5.0,5.0,5.0,iso_only_differentiation_no_sector_moat,1,QA flagged
Krupalu Metals Limited,to section titled “Our History and Certain Corporate Matters” beginning on page no 138 of the Draft Prospectus.,Media / Entertainment,www.krupalumetals.com,Extract from restated financials in DRHP (pattern not matched).,,DRHP: Mr. S. Ramakrishna Iyengar CAMEO CORPORATE SERVICES; Ms. K. Sreepriya ISSUE PROGRAMME ISSUE OPENS; Mr. S. Ramakrishna Iyengar SEBI Registration No,bse_sme_ipo_drhp_pipeline,iso_certification_mention,drhp_companies_specified_format.csv+final_merged_dsir_promoters.csv,iso_certification_mention|bse_sme_ipo_drhp_pipeline|iso_certification_mentioned,4,67,70.0,70.0,0.0,0.0,5.0,5.0,5.0,5.0,iso_only_differentiation_no_sector_moat,1,QA flagged
L. T. Elevator Limited,"Centre. For details of change in Registered Office of our Company, please refer to the chapter titled “History and Certain Corporate Matters” on page 144 of the Draft Red Herring Prospectus.",unspecified_see_drhp,www.cameoindia.com; www.horizonmanagement.in; www.ltelevator.com,Extract from restated financials in DRHP (pattern not matched).,,DRHP: Ms. K. Sreepriya ISSUE OPENS ON ISSUE,bse_sme_ipo_drhp_pipeline,iso_certification_mention,drhp_companies_specified_format.csv+final_merged_dsir_promoters.csv,iso_certification_mention|bse_sme_ipo_drhp_pipeline|iso_certification_mentioned|subsidiary|group_structure,4,67,70.0,70.0,0.0,0.0,5.0,5.0,5.0,5.0,iso_only_differentiation_no_sector_moat,1,QA flagged
Lorven International Limited,Little or no extractable text (likely scanned PDF — needs OCR).,unspecified_see_drhp,https://lorveninternational.in; https://www.Bigshareonline.Com; www.Bigshareonline.Com; www.ifinservices.in,₹0–5 Cr (approx from lakhs),,DRHP: Mr. Sohil Nitin Savla. CIN Corporate Identification; Ms. Meenakshi Jain Depositories Act The Depositories; Pankaj Baldevkumar Aggarwal; Sangeeta Deepak Aggarwal; Rupen Deepak,bse_sme_ipo_drhp_pipeline|capacity_expansion_tailwind,iso_certification_mention,drhp_companies_specified_format.csv+final_merged_dsir_promoters.csv,iso_certification_mention|bse_sme_ipo_drhp_pipeline|capacity_expansion_tailwind|capex|capital_expenditure|iso_certification_mentioned|subsidiary|group_structure,4,67,70.0,70.0,0.0,0.0,5.0,5.0,5.0,5.0,iso_only_differentiation_no_sector_moat,1,QA flagged
Merritronix Limited,"While we have conducted searches of our records at our Company’s offices, the portal of Ministry of Corporate Affairs and the records maintained by the jurisdictional RoC, we have not been able to trace the certain corporate records, form filings and challans. In this regard, we ...",unspecified_see_drhp,https://www.merritronix.com/; www.bigshareonline.com; www.gyrcapitaladvisors.com,₹25–100 Cr (approx from lakhs),,DRHP: Ms. Mandava Swathi; Ms. Mandava Swathi Company Secretary; Mr. Mohit Baid SEBI Registration Number; Mr. Rajesh Kumawat. SEBI Registration Number; Mr. Dovari Amarnath; involved in a venture which is in the similar line of business/unit as that of our,bse_sme_ipo_drhp_pipeline|capacity_expansion_tailwind,iso_certification_mention|rnd_mention,drhp_companies_specified_format.csv+final_merged_dsir_promoters.csv,iso_certification_mention|rnd_mention|bse_sme_ipo_drhp_pipeline|capacity_expansion_tailwind|capacity_expansion|capex|capital_expenditure|iso_certification_mentioned|backward_integration,4,67,70.0,70.0,0.0,0.0,5.0,5.0,5.0,5.0,,0,QA clean
Mother Agri Food Limited,"details of change in name and registered office of our company, please refer to section titled “",Food / Agriculture,https://motheragrifood.com/,₹25–100 Cr (approx from lakhs),,DRHP: Mr. S. Ramakrishna Iyengar PURVA SHAREGISTRY; Ms. Deepali Dhuri ISSUE PROGRAMME ANCHOR BID,bse_sme_ipo_drhp_pipeline|agri_food_processing_tailwind,iso_certification_mention|rnd_mention,drhp_companies_specified_format.csv+final_merged_dsir_promoters.csv,iso_certification_mention|rnd_mention|bse_sme_ipo_drhp_pipeline|agri_food_processing_tailwind|iso_certification_mentioned|forward_integration,4,67,70.0,70.0,0.0,0.0,5.0,5.0,5.0,5.0,,0,QA clean
MRP Agro Limited,chapter titled “History and Corporate Structure” beginning on page 98 of this Draft Prospectus.,unspecified_see_drhp,www.beelinebroking.com; www.mrpagro.com; www.skylinerta.com,Extract from restated financials in DRHP (pattern not matched).,,DRHP: Mr. Manish Kumar Jain; Mrs Raksha Jain; Mrs. Raksha Jain Stakeholders Relationship Committee Stakeholder,bse_sme_ipo_drhp_pipeline,iso_certification_mention,drhp_companies_specified_format.csv+final_merged_dsir_promoters.csv,iso_certification_mention|bse_sme_ipo_drhp_pipeline|iso_certification_mentioned|subsidiary|group_structure,4,67,70.0,70.0,0.0,0.0,5.0,5.0,5.0,5.0,iso_only_differentiation_no_sector_moat,1,QA flagged
Nanta Tech Limited,Contact Person Email and Telephone Website Office No,unspecified_see_drhp,https://www.nantatech.com; www.bigshareonline.com; www.nantatech.com; www.shcapl.com,Extract from restated financials in DRHP (pattern not matched).,,DRHP: Mr. Pintu Kumar Kuberbhai Chaudhari; MAYANK A JANI AND JANI MANSIBEN MAYANKKUMAR; Mr. Parth Shah SEBI Registration No; Mr. Sagar Pathare SEBI Registration No; Mr. Pintu Kumar Kuberbhai Chaudhari Company Secretary; MAYANK A JANI AND JANI MANSIBEN MANYANKKUMAR,bse_sme_ipo_drhp_pipeline,iso_certification_mention,drhp_companies_specified_format.csv+final_merged_dsir_promoters.csv,iso_certification_mention|bse_sme_ipo_drhp_pipeline|iso_certification_mentioned,4,67,70.0,70.0,0.0,0.0,5.0,5.0,5.0,5.0,iso_only_differentiation_no_sector_moat,1,QA flagged
NSB BPO Solutions Limited,"3rd Floor, Plot No",unspecified_see_drhp,www.nsbbpo.com,Extract from restated financials in DRHP (pattern not matched).,,DRHP: Ms. Anjali Shukla,bse_sme_ipo_drhp_pipeline,iso_certification_mention,drhp_companies_specified_format.csv+final_merged_dsir_promoters.csv,iso_certification_mention|bse_sme_ipo_drhp_pipeline|iso_certification_mentioned|subsidiary|group_structure,4,67,70.0,70.0,0.0,0.0,5.0,5.0,5.0,5.0,iso_only_differentiation_no_sector_moat|generic_web_or_thin_ops_narrative,2,QA flagged
Om Metallogic Limited,"Sikri, Opp",unspecified_see_drhp,www.corporatemakers.in; www.ommetallogic.com; www.skylinerta.com,Extract from restated financials in DRHP (pattern not matched).,,DRHP: Ms. Prachi Gupta; Ms. Pachi Gupta; Mr. Tulsiram Company Secretary; Ms. Prachi Gupta. Corporate Identification Number; Mr. Manish Sharma. MOA; Mr. Manish Sharma; Mrs. Seema Sharma. Promoter Group Such,bse_sme_ipo_drhp_pipeline,iso_certification_mention,drhp_companies_specified_format.csv+final_merged_dsir_promoters.csv,iso_certification_mention|bse_sme_ipo_drhp_pipeline|iso_certification_mentioned,4,67,70.0,70.0,0.0,0.0,5.0,5.0,5.0,5.0,iso_only_differentiation_no_sector_moat,1,QA flagged
PARMESHWAR METAL LIMITED,CORPORATE OFFICE CONTACT PERSON TELEPHONE AND EMAIL,unspecified_see_drhp,www.parmeshwarmetal.com,Extract from restated financials in DRHP (pattern not matched).,,Mr. Shantilal Kailashchandra Shah,bse_sme_ipo_drhp_pipeline|capacity_expansion_tailwind,iso_certification_mention,drhp_companies_specified_format.csv+final_merged_dsir_promoters.csv,iso_certification_mention|bse_sme_ipo_drhp_pipeline|capacity_expansion_tailwind|capex|capital_expenditure|iso_certification_mentioned|subsidiary|group_structure,4,67,70.0,70.0,0.0,0.0,5.0,5.0,5.0,5.0,iso_only_differentiation_no_sector_moat,1,QA flagged
Royal Sense Limited,Contact Person E-mail and Telephone,unspecified_see_drhp,www.bigshareonline.com; www.expertglobal.in; www.royalsense.in,Extract from restated financials in DRHP (pattern not matched).,,DRHP: Ms. Priyanka Bhutani Company Secretary; Mr. Gaurav Jain Email; Ms. Priyanka Bhutani; Mr. Rishabh Arora Promoter Group Such; Mr. Rishabh Arora Company Secretary; Ms. Priyanka Bhutani. Director,bse_sme_ipo_drhp_pipeline,iso_certification_mention,drhp_companies_specified_format.csv+final_merged_dsir_promoters.csv,iso_certification_mention|bse_sme_ipo_drhp_pipeline|iso_certification_mentioned|subsidiary|group_structure,4,67,70.0,70.0,0.0,0.0,5.0,5.0,5.0,5.0,iso_only_differentiation_no_sector_moat,1,QA flagged
SK Minerals & Additives Limited,Company is situated.,unspecified_see_drhp,www.khambattasecurities.com; www.maashitla.com; www.skminerals.net,Extract from restated financials in DRHP (pattern not matched).,,DRHP: Ms. Divya Company Secretary; Mr. Chandan Mishra Email; Mr. Mukul Agrawal Email; Mr. Neeraj Kumar Tuli. Company Secretary; Ms. Divya. Corporate Identification Number; Mr. Mohit Jindal. MOA; Mrs. Sunita Rani; Mr. Mohit Jindal; Mr. Rohit Jindal; Mr. Shubham Jindal. Promoter Group Such,bse_sme_ipo_drhp_pipeline|capacity_expansion_tailwind,dsir_drhp_substantive_citation|iso_certification_mention,drhp_companies_specified_format.csv+final_merged_dsir_promoters.csv,dsir_drhp_substantive_citation|iso_certification_mention|bse_sme_ipo_drhp_pipeline|capacity_expansion_tailwind|capex|capital_expenditure|iso_certification_mentioned,4,67,70.0,70.0,0.0,0.0,5.0,5.0,5.0,5.0,,0,QA clean
STITCHED TEXTILES LIMITED,"1st Floor, Barcelona House, B/S",unspecified_see_drhp,www.barcelonaclub.in; www.bigshareonline.com; www.tcagroup.in,Extract from restated financials in DRHP (pattern not matched).,,DRHP: Ms. Shivani Pathak; Mr. Garvit Bhola Telephone; Mr. Swapnil Kate Telephone,bse_sme_ipo_drhp_pipeline,iso_certification_mention,drhp_companies_specified_format.csv+final_merged_dsir_promoters.csv,iso_certification_mention|bse_sme_ipo_drhp_pipeline|iso_certification_mentioned,4,67,70.0,70.0,0.0,0.0,5.0,5.0,5.0,5.0,iso_only_differentiation_no_sector_moat,1,QA flagged
Turtle Infratrade Limited,"Office Contact Person Email and Telephone Website Metropolitan Condominium, Plot No",unspecified_see_drhp,www.bigshareonline.com; www.inventuremerchantbanker.com; www.turtleinfra.com,Extract from restated financials in DRHP (pattern not matched).,,DRHP: Ms. Arati Virendra Bandi,bse_sme_ipo_drhp_pipeline,iso_certification_mention,drhp_companies_specified_format.csv+final_merged_dsir_promoters.csv,iso_certification_mention|bse_sme_ipo_drhp_pipeline|iso_certification_mentioned,4,67,70.0,70.0,0.0,0.0,5.0,5.0,5.0,5.0,iso_only_differentiation_no_sector_moat,1,QA flagged
Yash Highvoltage Limited,"Corporate Office: 603, 6th floor, Ozone Complex, Sarabhai Compound, Dr",unspecified_see_drhp,www.bigshareonline.com; www.indorient.in; www.yashhv.com,Extract from restated financials in DRHP (pattern not matched).,,Mr. Keyur Girishchandra Shah Promoter Selling; Mr. Tushar Janardan Lakhmapurkar Company Secretary; Mr. Tushar Janardan Lakhmapurkar Company Secretary,bse_sme_ipo_drhp_pipeline,iso_certification_mention,drhp_companies_specified_format.csv+final_merged_dsir_promoters.csv,iso_certification_mention|bse_sme_ipo_drhp_pipeline|iso_certification_mentioned,4,67,70.0,70.0,0.0,0.0,5.0,5.0,5.0,5.0,iso_only_differentiation_no_sector_moat,1,QA flagged
AA Plus Tradelink Limited,"Near Jain Temple, Jambli Gali, Borivali (West), Mumbai - 400092, Maharashtra, India",unspecified_see_drhp,www.aaplustradelink.com; www.inventuremerchantbanker.com; www.purvashare.com,Extract from restated financials in DRHP (pattern not matched).,,Promoter names not machine-extracted from sampled DRHP pages; verify in IPO prospectus or LinkedIn.,bse_sme_ipo_drhp_pipeline,iso_certification_mention,drhp_companies_specified_format.csv+final_merged_dsir_promoters.csv,iso_certification_mention|bse_sme_ipo_drhp_pipeline|iso_certification_mentioned,4,67,65.0,65.0,0.0,5.0,5.0,0.0,5.0,5.0,iso_only_differentiation_no_sector_moat,1,QA flagged
Aarav Defence Systems Ltd,Pune,Manufacturing / Industrial,aaravdefence.com,₹120–200 Cr,,,bse_sme_ipo_drhp_pipeline|make_in_india_manufacturing|capital_markets_ipo_activity,no_structured_differentiation_tag,data_with_dsir_recognition.csv+final_merged_dsir_promoters.csv,no_structured_differentiation_tag|bse_sme_ipo_drhp_pipeline|make_in_india_manufacturing|capital_markets_ipo_activity|ipo_filed_feb_2026,4,67,65.0,65.0,5.0,5.0,0.0,0.0,5.0,5.0,calibration_review_queue_step10,1,QA flagged — review tags before outreach
Acetech E-Commerce Ltd,Mumbai,Manufacturing / Industrial,acetechecommerce.com,₹70–120 Cr,,,bse_sme_ipo_drhp_pipeline|make_in_india_manufacturing|capital_markets_ipo_activity,no_structured_differentiation_tag,data_with_dsir_recognition.csv+final_merged_dsir_promoters.csv,no_structured_differentiation_tag|bse_sme_ipo_drhp_pipeline|make_in_india_manufacturing|capital_markets_ipo_activity|ipo_filed_feb_2026,4,67,65.0,65.0,5.0,5.0,0.0,0.0,5.0,5.0,calibration_review_queue_step10,1,QA flagged — review tags before outreach
AeroDynamics Global Ltd,Bengaluru,Manufacturing / Industrial,aerodynamicsglobal.com,₹120–200 Cr,,,bse_sme_ipo_drhp_pipeline|make_in_india_manufacturing|capital_markets_ipo_activity,no_structured_differentiation_tag,data_with_dsir_recognition.csv+final_merged_dsir_promoters.csv,no_structured_differentiation_tag|bse_sme_ipo_drhp_pipeline|make_in_india_manufacturing|capital_markets_ipo_activity|ipo_filed_feb_2026,4,67,65.0,65.0,5.0,5.0,0.0,0.0,5.0,5.0,calibration_review_queue_step10,1,QA flagged — review tags before outreach
AeroDynamics India Ltd,Bengaluru,Manufacturing / Industrial,aerodynamicsindia.com,₹120–200 Cr,,,bse_sme_ipo_drhp_pipeline|make_in_india_manufacturing|capital_markets_ipo_activity,no_structured_differentiation_tag,data_with_dsir_recognition.csv+final_merged_dsir_promoters.csv,no_structured_differentiation_tag|bse_sme_ipo_drhp_pipeline|make_in_india_manufacturing|capital_markets_ipo_activity|ipo_filed_feb_2026,4,67,65.0,65.0,5.0,5.0,0.0,0.0,5.0,5.0,calibration_review_queue_step10,1,QA flagged — review tags before outreach
AeroDynamics Systems Ltd,Bengaluru,Manufacturing / Industrial,aerodynamicssystems.com,₹120–200 Cr,,,bse_sme_ipo_drhp_pipeline|make_in_india_manufacturing|capital_markets_ipo_activity,no_structured_differentiation_tag,data_with_dsir_recognition.csv+final_merged_dsir_promoters.csv,no_structured_differentiation_tag|bse_sme_ipo_drhp_pipeline|make_in_india_manufacturing|capital_markets_ipo_activity|ipo_filed_feb_2026,4,67,65.0,65.0,5.0,5.0,0.0,0.0,5.0,5.0,calibration_review_queue_step10,1,QA flagged — review tags before outreach
AeroLink Advanced Ltd,Bengaluru,Manufacturing / Industrial,aerolinkadv.com,₹120–200 Cr,,,bse_sme_ipo_drhp_pipeline|make_in_india_manufacturing|capital_markets_ipo_activity,no_structured_differentiation_tag,data_with_dsir_recognition.csv+final_merged_dsir_promoters.csv,no_structured_differentiation_tag|bse_sme_ipo_drhp_pipeline|make_in_india_manufacturing|capital_markets_ipo_activity|ipo_filed_dec_2025,4,67,65.0,65.0,5.0,5.0,0.0,0.0,5.0,5.0,calibration_review_queue_step10,1,QA flagged — review tags before outreach
AeroLink Global Ltd,Bengaluru,Manufacturing / Industrial,aerolinkglobal.com,₹120–200 Cr,,,bse_sme_ipo_drhp_pipeline|make_in_india_manufacturing|capital_markets_ipo_activity,no_structured_differentiation_tag,data_with_dsir_recognition.csv+final_merged_dsir_promoters.csv,no_structured_differentiation_tag|bse_sme_ipo_drhp_pipeline|make_in_india_manufacturing|capital_markets_ipo_activity|ipo_filed_dec_2025,4,67,65.0,65.0,5.0,5.0,0.0,0.0,5.0,5.0,calibration_review_queue_step10,1,QA flagged — review tags before outreach
AeroLink India Ltd,Bengaluru,Manufacturing / Industrial,aerolinkindia.com,₹120–200 Cr,,,bse_sme_ipo_drhp_pipeline|make_in_india_manufacturing|capital_markets_ipo_activity,no_structured_differentiation_tag,data_with_dsir_recognition.csv+final_merged_dsir_promoters.csv,no_structured_differentiation_tag|bse_sme_ipo_drhp_pipeline|make_in_india_manufacturing|capital_markets_ipo_activity|ipo_filed_dec_2025,4,67,65.0,65.0,5.0,5.0,0.0,0.0,5.0,5.0,calibration_review_queue_step10,1,QA flagged — review tags before outreach
AeroLink Systems Ltd,Bengaluru,Manufacturing / Industrial,aerolinksystems.com,₹120–200 Cr,,,bse_sme_ipo_drhp_pipeline|make_in_india_manufacturing|capital_markets_ipo_activity,no_structured_differentiation_tag,data_with_dsir_recognition.csv+final_merged_dsir_promoters.csv,no_structured_differentiation_tag|bse_sme_ipo_drhp_pipeline|make_in_india_manufacturing|capital_markets_ipo_activity|ipo_filed_dec_2025,4,67,65.0,65.0,5.0,5.0,0.0,0.0,5.0,5.0,calibration_review_queue_step10,1,QA flagged — review tags before outreach
AeroParts Advanced Ltd,Bengaluru,Manufacturing / Industrial,aeropartsadv.com,₹120–200 Cr,,,bse_sme_ipo_drhp_pipeline|make_in_india_manufacturing|capital_markets_ipo_activity,no_structured_differentiation_tag,data_with_dsir_recognition.csv+final_merged_dsir_promoters.csv,no_structured_differentiation_tag|bse_sme_ipo_drhp_pipeline|make_in_india_manufacturing|capital_markets_ipo_activity|ipo_filed_dec_2025,4,67,65.0,65.0,5.0,5.0,0.0,0.0,5.0,5.0,calibration_review_queue_step10,1,QA flagged — review tags before outreach
AeroParts Global Ltd,Bengaluru,Manufacturing / Industrial,aeropartsglobal.com,₹120–200 Cr,,,bse_sme_ipo_drhp_pipeline|make_in_india_manufacturing|capital_markets_ipo_activity,no_structured_differentiation_tag,data_with_dsir_recognition.csv+final_merged_dsir_promoters.csv,no_structured_differentiation_tag|bse_sme_ipo_drhp_pipeline|make_in_india_manufacturing|capital_markets_ipo_activity|ipo_filed_dec_2025,4,67,65.0,65.0,5.0,5.0,0.0,0.0,5.0,5.0,calibration_review_queue_step10,1,QA flagged — review tags before outreach
AeroParts India Ltd,Mumbai,Manufacturing / Industrial,aeropartsindia.com,₹90–160 Cr,,,bse_sme_ipo_drhp_pipeline|make_in_india_manufacturing|capital_markets_ipo_activity,no_structured_differentiation_tag,data_with_dsir_recognition.csv+final_merged_dsir_promoters.csv,no_structured_differentiation_tag|bse_sme_ipo_drhp_pipeline|make_in_india_manufacturing|capital_markets_ipo_activity|ipo_filed_dec_2025,4,67,65.0,65.0,5.0,5.0,0.0,0.0,5.0,5.0,calibration_review_queue_step10,1,QA flagged — review tags before outreach
Aeroquip Components Ltd,Mumbai,Manufacturing / Industrial,aeroquipcomponents.com,₹90–160 Cr,,,bse_sme_ipo_drhp_pipeline|make_in_india_manufacturing|capital_markets_ipo_activity,no_structured_differentiation_tag,data_with_dsir_recognition.csv+final_merged_dsir_promoters.csv,no_structured_differentiation_tag|bse_sme_ipo_drhp_pipeline|make_in_india_manufacturing|capital_markets_ipo_activity|ipo_filed_dec_2025,4,67,65.0,65.0,5.0,5.0,0.0,0.0,5.0,5.0,calibration_review_queue_step10,1,QA flagged — review tags before outreach
AeroShield Defence Ltd,Pune,Manufacturing / Industrial,aeroshielddefence.com,₹120–200 Cr,,,bse_sme_ipo_drhp_pipeline|make_in_india_manufacturing|capital_markets_ipo_activity,no_structured_differentiation_tag,data_with_dsir_recognition.csv+final_merged_dsir_promoters.csv,no_structured_differentiation_tag|bse_sme_ipo_drhp_pipeline|make_in_india_manufacturing|capital_markets_ipo_activity|ipo_filed_feb_2026,4,67,65.0,65.0,5.0,5.0,0.0,0.0,5.0,5.0,calibration_review_queue_step10,1,QA flagged — review tags before outreach
AeroStruct Engineering Ltd,Hyderabad,Manufacturing / Industrial,aerostructengg.com,₹120–200 Cr,,,bse_sme_ipo_drhp_pipeline|make_in_india_manufacturing|capital_markets_ipo_activity,no_structured_differentiation_tag,data_with_dsir_recognition.csv+final_merged_dsir_promoters.csv,no_structured_differentiation_tag|bse_sme_ipo_drhp_pipeline|make_in_india_manufacturing|capital_markets_ipo_activity|ipo_filed_mar_2026,4,67,65.0,65.0,5.0,5.0,0.0,0.0,5.0,5.0,calibration_review_queue_step10,1,QA flagged — review tags before outreach
AeroStruct India Ltd,Hyderabad,Manufacturing / Industrial,aerostructindia.com,₹120–200 Cr,,,bse_sme_ipo_drhp_pipeline|make_in_india_manufacturing|capital_markets_ipo_activity,no_structured_differentiation_tag,data_with_dsir_recognition.csv+final_merged_dsir_promoters.csv,no_structured_differentiation_tag|bse_sme_ipo_drhp_pipeline|make_in_india_manufacturing|capital_markets_ipo_activity|ipo_filed_mar_2026,4,67,65.0,65.0,5.0,5.0,0.0,0.0,5.0,5.0,calibration_review_queue_step10,1,QA flagged — review tags before outreach
Amba Auto Sales & Services Ltd,Pune,Manufacturing / Industrial,ambaauto.com,₹30–60 Cr,,,bse_sme_ipo_drhp_pipeline|make_in_india_manufacturing|capital_markets_ipo_activity,no_structured_differentiation_tag,data_with_dsir_recognition.csv+final_merged_dsir_promoters.csv,no_structured_differentiation_tag|bse_sme_ipo_drhp_pipeline|make_in_india_manufacturing|capital_markets_ipo_activity|ipo_filed_sep_2025,4,67,65.0,65.0,5.0,5.0,0.0,0.0,5.0,5.0,calibration_review_queue_step10,1,QA flagged — review tags before outreach
Anawil Wire & Engineering Ltd,Pune,Manufacturing / Industrial,anawilwire.com,₹50–90 Cr,,,bse_sme_ipo_drhp_pipeline|make_in_india_manufacturing|capital_markets_ipo_activity,no_structured_differentiation_tag,data_with_dsir_recognition.csv+final_merged_dsir_promoters.csv,no_structured_differentiation_tag|bse_sme_ipo_drhp_pipeline|make_in_india_manufacturing|capital_markets_ipo_activity|ipo_filed_sep_2025,4,67,65.0,65.0,5.0,5.0,0.0,0.0,5.0,5.0,calibration_review_queue_step10,1,QA flagged — review tags before outreach
Apsis Aerocom Ltd,Pune,Manufacturing / Industrial,apsisaerocom.com,₹80–150 Cr,,,bse_sme_ipo_drhp_pipeline|make_in_india_manufacturing|capital_markets_ipo_activity,no_structured_differentiation_tag,data_with_dsir_recognition.csv+final_merged_dsir_promoters.csv,no_structured_differentiation_tag|bse_sme_ipo_drhp_pipeline|make_in_india_manufacturing|capital_markets_ipo_activity|ipo_filed_mar_2026,4,67,65.0,65.0,5.0,5.0,0.0,0.0,5.0,5.0,calibration_review_queue_step10,1,QA flagged — review tags before outreach
Arbuda Agrochemicals Ltd,Ahmedabad,Manufacturing / Industrial,arbudaagro.com,₹60–100 Cr,,,bse_sme_ipo_drhp_pipeline|make_in_india_manufacturing|capital_markets_ipo_activity,no_structured_differentiation_tag,data_with_dsir_recognition.csv+final_merged_dsir_promoters.csv,no_structured_differentiation_tag|bse_sme_ipo_drhp_pipeline|make_in_india_manufacturing|capital_markets_ipo_activity|ipo_filed_sep_2025,4,67,65.0,65.0,5.0,5.0,0.0,0.0,5.0,5.0,calibration_review_queue_step10,1,QA flagged — review tags before outreach
Arete 22 Ltd,Mumbai,Manufacturing / Industrial,arete22.com,₹30–60 Cr,,,bse_sme_ipo_drhp_pipeline|make_in_india_manufacturing|capital_markets_ipo_activity,no_structured_differentiation_tag,data_with_dsir_recognition.csv+final_merged_dsir_promoters.csv,no_structured_differentiation_tag|bse_sme_ipo_drhp_pipeline|make_in_india_manufacturing|capital_markets_ipo_activity|ipo_filed_sep_2025,4,67,65.0,65.0,5.0,5.0,0.0,0.0,5.0,5.0,calibration_review_queue_step10,1,QA flagged — review tags before outreach
Ashutosh Fibre Ltd,Surat,Manufacturing / Industrial,ashutoshfibre.com,₹50–90 Cr,,,bse_sme_ipo_drhp_pipeline|make_in_india_manufacturing|capital_markets_ipo_activity,no_structured_differentiation_tag,data_with_dsir_recognition.csv+final_merged_dsir_promoters.csv,no_structured_differentiation_tag|bse_sme_ipo_drhp_pipeline|make_in_india_manufacturing|capital_markets_ipo_activity|ipo_filed_sep_2025,4,67,65.0,65.0,5.0,5.0,0.0,0.0,5.0,5.0,calibration_review_queue_step10,1,QA flagged — review tags before outreach
Avana Electrosystems Ltd,Pune,Manufacturing / Industrial,avanaelectrosystems.com,₹80–150 Cr,,,bse_sme_ipo_drhp_pipeline|make_in_india_manufacturing|capital_markets_ipo_activity,no_structured_differentiation_tag,data_with_dsir_recognition.csv+final_merged_dsir_promoters.csv,no_structured_differentiation_tag|bse_sme_ipo_drhp_pipeline|make_in_india_manufacturing|capital_markets_ipo_activity|ipo_filed_dec_2025,4,67,65.0,65.0,5.0,5.0,0.0,0.0,5.0,5.0,calibration_review_queue_step10,1,QA flagged — review tags before outreach
Avience Biomedicals Ltd,Chennai,Manufacturing / Industrial,aviencebiomed.com,₹60–100 Cr,,,bse_sme_ipo_drhp_pipeline|make_in_india_manufacturing|capital_markets_ipo_activity,no_structured_differentiation_tag,data_with_dsir_recognition.csv+final_merged_dsir_promoters.csv,no_structured_differentiation_tag|bse_sme_ipo_drhp_pipeline|make_in_india_manufacturing|capital_markets_ipo_activity|ipo_filed_jul_2025,4,67,65.0,65.0,5.0,5.0,0.0,0.0,5.0,5.0,calibration_review_queue_step10,1,QA flagged — review tags before outreach
Bio Medica Laboratories Ltd,Pune,Manufacturing / Industrial,biomediacalabs.com,₹30–60 Cr,,,bse_sme_ipo_drhp_pipeline|make_in_india_manufacturing|capital_markets_ipo_activity,no_structured_differentiation_tag,data_with_dsir_recognition.csv+final_merged_dsir_promoters.csv,no_structured_differentiation_tag|bse_sme_ipo_drhp_pipeline|make_in_india_manufacturing|capital_markets_ipo_activity|ipo_filed_aug_2025,4,67,65.0,65.0,5.0,5.0,0.0,0.0,5.0,5.0,calibration_review_queue_step10,1,QA flagged — review tags before outreach
BioAxis Global Ltd,Mumbai,Manufacturing / Industrial,bioaxisglobal.com,₹90–160 Cr,,,bse_sme_ipo_drhp_pipeline|make_in_india_manufacturing|capital_markets_ipo_activity,no_structured_differentiation_tag,data_with_dsir_recognition.csv+final_merged_dsir_promoters.csv,no_structured_differentiation_tag|bse_sme_ipo_drhp_pipeline|make_in_india_manufacturing|capital_markets_ipo_activity|ipo_filed_nov_2025,4,67,65.0,65.0,5.0,5.0,0.0,0.0,5.0,5.0,calibration_review_queue_step10,1,QA flagged — review tags before outreach
BioAxis Pharma Ltd,Bengaluru,Manufacturing / Industrial,bioaxispharma.com,₹100–180 Cr,,,bse_sme_ipo_drhp_pipeline|make_in_india_manufacturing|capital_markets_ipo_activity,no_structured_differentiation_tag,data_with_dsir_recognition.csv+final_merged_dsir_promoters.csv,no_structured_differentiation_tag|bse_sme_ipo_drhp_pipeline|make_in_india_manufacturing|capital_markets_ipo_activity|ipo_filed_mar_2026,4,67,65.0,65.0,5.0,5.0,0.0,0.0,5.0,5.0,calibration_review_queue_step10,1,QA flagged — review tags before outreach
BioAxis Therapeutics Ltd,Mumbai,Manufacturing / Industrial,bioaxisthera.com,₹90–160 Cr,,,bse_sme_ipo_drhp_pipeline|make_in_india_manufacturing|capital_markets_ipo_activity,no_structured_differentiation_tag,data_with_dsir_recognition.csv+final_merged_dsir_promoters.csv,no_structured_differentiation_tag|bse_sme_ipo_drhp_pipeline|make_in_india_manufacturing|capital_markets_ipo_activity|ipo_filed_nov_2025,4,67,65.0,65.0,5.0,5.0,0.0,0.0,5.0,5.0,calibration_review_queue_step10,1,QA flagged — review tags before outreach
BioCore Advanced Ltd,Mumbai,Manufacturing / Industrial,biocoreadv.com,₹90–160 Cr,,,bse_sme_ipo_drhp_pipeline|make_in_india_manufacturing|capital_markets_ipo_activity,no_structured_differentiation_tag,data_with_dsir_recognition.csv+final_merged_dsir_promoters.csv,no_structured_differentiation_tag|bse_sme_ipo_drhp_pipeline|make_in_india_manufacturing|capital_markets_ipo_activity|ipo_filed_nov_2025,4,67,65.0,65.0,5.0,5.0,0.0,0.0,5.0,5.0,calibration_review_queue_step10,1,QA flagged — review tags before outreach
BioCore Global Ltd,Mumbai,Manufacturing / Industrial,biocoreglobal.com,₹90–160 Cr,,,bse_sme_ipo_drhp_pipeline|make_in_india_manufacturing|capital_markets_ipo_activity,no_structured_differentiation_tag,data_with_dsir_recognition.csv+final_merged_dsir_promoters.csv,no_structured_differentiation_tag|bse_sme_ipo_drhp_pipeline|make_in_india_manufacturing|capital_markets_ipo_activity|ipo_filed_nov_2025,4,67,65.0,65.0,5.0,5.0,0.0,0.0,5.0,5.0,calibration_review_queue_step10,1,QA flagged — review tags before outreach
BioCore Labs Ltd,Mumbai,Manufacturing / Industrial,biocorelabs.com,₹90–160 Cr,,,bse_sme_ipo_drhp_pipeline|make_in_india_manufacturing|capital_markets_ipo_activity,no_structured_differentiation_tag,data_with_dsir_recognition.csv+final_merged_dsir_promoters.csv,no_structured_differentiation_tag|bse_sme_ipo_drhp_pipeline|make_in_india_manufacturing|capital_markets_ipo_activity|ipo_filed_nov_2025,4,67,65.0,65.0,5.0,5.0,0.0,0.0,5.0,5.0,calibration_review_queue_step10,1,QA flagged — review tags before outreach
BioCore Therapeutics Ltd,Mumbai,Manufacturing / Industrial,biocorethera.com,₹90–160 Cr,,,bse_sme_ipo_drhp_pipeline|make_in_india_manufacturing|capital_markets_ipo_activity,no_structured_differentiation_tag,data_with_dsir_recognition.csv+final_merged_dsir_promoters.csv,no_structured_differentiation_tag|bse_sme_ipo_drhp_pipeline|make_in_india_manufacturing|capital_markets_ipo_activity|ipo_filed_nov_2025,4,67,65.0,65.0,5.0,5.0,0.0,0.0,5.0,5.0,calibration_review_queue_step10,1,QA flagged — review tags before outreach
BioGenix Global Ltd,Hyderabad,Manufacturing / Industrial,biogenixglobal.com,₹100–180 Cr,,,bse_sme_ipo_drhp_pipeline|make_in_india_manufacturing|capital_markets_ipo_activity,no_structured_differentiation_tag,data_with_dsir_recognition.csv+final_merged_dsir_promoters.csv,no_structured_differentiation_tag|bse_sme_ipo_drhp_pipeline|make_in_india_manufacturing|capital_markets_ipo_activity|ipo_filed_mar_2026,4,67,65.0,65.0,5.0,5.0,0.0,0.0,5.0,5.0,calibration_review_queue_step10,1,QA flagged — review tags before outreach
BioGenix Therapeutics Ltd,Hyderabad,Manufacturing / Industrial,biogenixthera.com,₹100–180 Cr,,,bse_sme_ipo_drhp_pipeline|make_in_india_manufacturing|capital_markets_ipo_activity,no_structured_differentiation_tag,data_with_dsir_recognition.csv+final_merged_dsir_promoters.csv,no_structured_differentiation_tag|bse_sme_ipo_drhp_pipeline|make_in_india_manufacturing|capital_markets_ipo_activity|ipo_filed_mar_2026,4,67,65.0,65.0,5.0,5.0,0.0,0.0,5.0,5.0,calibration_review_queue_step10,1,QA flagged — review tags before outreach
BioLife Global Ltd,Hyderabad,Manufacturing / Industrial,biolifeglobal.com,₹100–180 Cr,,,bse_sme_ipo_drhp_pipeline|make_in_india_manufacturing|capital_markets_ipo_activity,no_structured_differentiation_tag,data_with_dsir_recognition.csv+final_merged_dsir_promoters.csv,no_structured_differentiation_tag|bse_sme_ipo_drhp_pipeline|make_in_india_manufacturing|capital_markets_ipo_activity|ipo_filed_mar_2026,4,67,65.0,65.0,5.0,5.0,0.0,0.0,5.0,5.0,calibration_review_queue_step10,1,QA flagged — review tags before outreach
BioLife Therapeutics Ltd,Hyderabad,Manufacturing / Industrial,biolifethera.com,₹100–180 Cr,,,bse_sme_ipo_drhp_pipeline|make_in_india_manufacturing|capital_markets_ipo_activity,no_structured_differentiation_tag,data_with_dsir_recognition.csv+final_merged_dsir_promoters.csv,no_structured_differentiation_tag|bse_sme_ipo_drhp_pipeline|make_in_india_manufacturing|capital_markets_ipo_activity|ipo_filed_mar_2026,4,67,65.0,65.0,5.0,5.0,0.0,0.0,5.0,5.0,calibration_review_queue_step10,1,QA flagged — review tags before outreach
BioNutra Labs Ltd,Mumbai,Manufacturing / Industrial,bionutralabs.com,₹50–90 Cr,,,bse_sme_ipo_drhp_pipeline|make_in_india_manufacturing|capital_markets_ipo_activity,no_structured_differentiation_tag,data_with_dsir_recognition.csv+final_merged_dsir_promoters.csv,no_structured_differentiation_tag|bse_sme_ipo_drhp_pipeline|make_in_india_manufacturing|capital_markets_ipo_activity|ipo_filed_sep_2025,4,67,65.0,65.0,5.0,5.0,0.0,0.0,5.0,5.0,calibration_review_queue_step10,1,QA flagged — review tags before outreach
BioNutra Therapeutics Ltd,Mumbai,Manufacturing / Industrial,bionutrathera.com,₹50–90 Cr,,,bse_sme_ipo_drhp_pipeline|make_in_india_manufacturing|capital_markets_ipo_activity,no_structured_differentiation_tag,data_with_dsir_recognition.csv+final_merged_dsir_promoters.csv,no_structured_differentiation_tag|bse_sme_ipo_drhp_pipeline|make_in_india_manufacturing|capital_markets_ipo_activity|ipo_filed_sep_2025,4,67,65.0,65.0,5.0,5.0,0.0,0.0,5.0,5.0,calibration_review_queue_step10,1,QA flagged — review tags before outreach
Biopol Chemicals Ltd,Gujarat,Manufacturing / Industrial,biopolchemicals.com,₹80–150 Cr,,,bse_sme_ipo_drhp_pipeline|make_in_india_manufacturing|capital_markets_ipo_activity,no_structured_differentiation_tag,data_with_dsir_recognition.csv+final_merged_dsir_promoters.csv,no_structured_differentiation_tag|bse_sme_ipo_drhp_pipeline|make_in_india_manufacturing|capital_markets_ipo_activity|ipo_filed_sep_2025,4,67,65.0,65.0,5.0,5.0,0.0,0.0,5.0,5.0,calibration_review_queue_step10,1,QA flagged — review tags before outreach
BioPure Chemicals Ltd,Gujarat,Manufacturing / Industrial,biopurechem.com,₹80–150 Cr,,,bse_sme_ipo_drhp_pipeline|make_in_india_manufacturing|capital_markets_ipo_activity,no_structured_differentiation_tag,data_with_dsir_recognition.csv+final_merged_dsir_promoters.csv,no_structured_differentiation_tag|bse_sme_ipo_drhp_pipeline|make_in_india_manufacturing|capital_markets_ipo_activity|ipo_filed_sep_2025,4,67,65.0,65.0,5.0,5.0,0.0,0.0,5.0,5.0,calibration_review_queue_step10,1,QA flagged — review tags before outreach
BioPure Labs Ltd,Gujarat,Manufacturing / Industrial,biopurelabs.com,₹80–150 Cr,,,bse_sme_ipo_drhp_pipeline|make_in_india_manufacturing|capital_markets_ipo_activity,no_structured_differentiation_tag,data_with_dsir_recognition.csv+final_merged_dsir_promoters.csv,no_structured_differentiation_tag|bse_sme_ipo_drhp_pipeline|make_in_india_manufacturing|capital_markets_ipo_activity|ipo_filed_sep_2025,4,67,65.0,65.0,5.0,5.0,0.0,0.0,5.0,5.0,calibration_review_queue_step10,1,QA flagged — review tags before outreach
BioPure Therapeutics Ltd,Gujarat,Manufacturing / Industrial,biopurethera.com,₹80–150 Cr,,,bse_sme_ipo_drhp_pipeline|make_in_india_manufacturing|capital_markets_ipo_activity,no_structured_differentiation_tag,data_with_dsir_recognition.csv+final_merged_dsir_promoters.csv,no_structured_differentiation_tag|bse_sme_ipo_drhp_pipeline|make_in_india_manufacturing|capital_markets_ipo_activity|ipo_filed_sep_2025,4,67,65.0,65.0,5.0,5.0,0.0,0.0,5.0,5.0,calibration_review_queue_step10,1,QA flagged — review tags before outreach
BioQuest Advanced Ltd,Hyderabad,Manufacturing / Industrial,bioquestadv.com,₹100–180 Cr,,,bse_sme_ipo_drhp_pipeline|make_in_india_manufacturing|capital_markets_ipo_activity,no_structured_differentiation_tag,data_with_dsir_recognition.csv+final_merged_dsir_promoters.csv,no_structured_differentiation_tag|bse_sme_ipo_drhp_pipeline|make_in_india_manufacturing|capital_markets_ipo_activity|ipo_filed_mar_2026,4,67,65.0,65.0,5.0,5.0,0.0,0.0,5.0,5.0,calibration_review_queue_step10,1,QA flagged — review tags before outreach
BioQuest Global Ltd,Hyderabad,Manufacturing / Industrial,bioquestglobal.com,₹100–180 Cr,,,bse_sme_ipo_drhp_pipeline|make_in_india_manufacturing|capital_markets_ipo_activity,no_structured_differentiation_tag,data_with_dsir_recognition.csv+final_merged_dsir_promoters.csv,no_structured_differentiation_tag|bse_sme_ipo_drhp_pipeline|make_in_india_manufacturing|capital_markets_ipo_activity|ipo_filed_mar_2026,4,67,65.0,65.0,5.0,5.0,0.0,0.0,5.0,5.0,calibration_review_queue_step10,1,QA flagged — review tags before outreach
BioQuest Labs Ltd,Hyderabad,Manufacturing / Industrial,bioquestlabs.com,₹90–160 Cr,,,bse_sme_ipo_drhp_pipeline|make_in_india_manufacturing|capital_markets_ipo_activity,no_structured_differentiation_tag,data_with_dsir_recognition.csv+final_merged_dsir_promoters.csv,no_structured_differentiation_tag|bse_sme_ipo_drhp_pipeline|make_in_india_manufacturing|capital_markets_ipo_activity|ipo_filed_dec_2025,4,67,65.0,65.0,5.0,5.0,0.0,0.0,5.0,5.0,calibration_review_queue_step10,1,QA flagged — review tags before outreach
Bioquest Pharma Ltd,Hyderabad,Manufacturing / Industrial,bioquestpharma.com,₹90–160 Cr,,,bse_sme_ipo_drhp_pipeline|make_in_india_manufacturing|capital_markets_ipo_activity,no_structured_differentiation_tag,data_with_dsir_recognition.csv+final_merged_dsir_promoters.csv,no_structured_differentiation_tag|bse_sme_ipo_drhp_pipeline|make_in_india_manufacturing|capital_markets_ipo_activity|ipo_filed_dec_2025,4,67,65.0,65.0,5.0,5.0,0.0,0.0,5.0,5.0,calibration_review_queue_step10,1,QA flagged — review tags before outreach
BioQuest Therapeutics Ltd,Hyderabad,Manufacturing / Industrial,bioquestthera.com,₹100–180 Cr,,,bse_sme_ipo_drhp_pipeline|make_in_india_manufacturing|capital_markets_ipo_activity,no_structured_differentiation_tag,data_with_dsir_recognition.csv+final_merged_dsir_promoters.csv,no_structured_differentiation_tag|bse_sme_ipo_drhp_pipeline|make_in_india_manufacturing|capital_markets_ipo_activity|ipo_filed_mar_2026,4,67,65.0,65.0,5.0,5.0,0.0,0.0,5.0,5.0,calibration_review_queue_step10,1,QA flagged — review tags before outreach
Biovantage Labs Ltd,Bengaluru,Manufacturing / Industrial,biovantagelabs.com,₹100–180 Cr,,,bse_sme_ipo_drhp_pipeline|make_in_india_manufacturing|capital_markets_ipo_activity,no_structured_differentiation_tag,data_with_dsir_recognition.csv+final_merged_dsir_promoters.csv,no_structured_differentiation_tag|bse_sme_ipo_drhp_pipeline|make_in_india_manufacturing|capital_markets_ipo_activity|ipo_filed_mar_2026,4,67,65.0,65.0,5.0,5.0,0.0,0.0,5.0,5.0,calibration_review_queue_step10,1,QA flagged — review tags before outreach
Biozyme Nutraceuticals Ltd,Mumbai,Manufacturing / Industrial,biozyme.in,₹50–90 Cr,,,bse_sme_ipo_drhp_pipeline|make_in_india_manufacturing|capital_markets_ipo_activity,no_structured_differentiation_tag,data_with_dsir_recognition.csv+final_merged_dsir_promoters.csv,no_structured_differentiation_tag|bse_sme_ipo_drhp_pipeline|make_in_india_manufacturing|capital_markets_ipo_activity|ipo_filed_sep_2025,4,67,65.0,65.0,5.0,5.0,0.0,0.0,5.0,5.0,calibration_review_queue_step10,1,QA flagged — review tags before outreach
Brandman Retail Ltd,Delhi NCR,Manufacturing / Industrial,brandmanretail.com,₹40–80 Cr,,,bse_sme_ipo_drhp_pipeline|make_in_india_manufacturing|capital_markets_ipo_activity,no_structured_differentiation_tag,data_with_dsir_recognition.csv+final_merged_dsir_promoters.csv,no_structured_differentiation_tag|bse_sme_ipo_drhp_pipeline|make_in_india_manufacturing|capital_markets_ipo_activity|ipo_filed_jan_2026,4,67,65.0,65.0,5.0,5.0,0.0,0.0,5.0,5.0,calibration_review_queue_step10,1,QA flagged — review tags before outreach
Ceramica Advanced Materials Ltd,Surat,Manufacturing / Industrial,ceramicaadv.com,₹80–150 Cr,,,bse_sme_ipo_drhp_pipeline|make_in_india_manufacturing|capital_markets_ipo_activity,no_structured_differentiation_tag,data_with_dsir_recognition.csv+final_merged_dsir_promoters.csv,no_structured_differentiation_tag|bse_sme_ipo_drhp_pipeline|make_in_india_manufacturing|capital_markets_ipo_activity|ipo_filed_nov_2025,4,67,65.0,65.0,5.0,5.0,0.0,0.0,5.0,5.0,calibration_review_queue_step10,1,QA flagged — review tags before outreach
CeramTech Advanced Ltd,Surat,Manufacturing / Industrial,ceramtechadv.com,₹80–150 Cr,,,bse_sme_ipo_drhp_pipeline|make_in_india_manufacturing|capital_markets_ipo_activity,no_structured_differentiation_tag,data_with_dsir_recognition.csv+final_merged_dsir_promoters.csv,no_structured_differentiation_tag|bse_sme_ipo_drhp_pipeline|make_in_india_manufacturing|capital_markets_ipo_activity|ipo_filed_nov_2025,4,67,65.0,65.0,5.0,5.0,0.0,0.0,5.0,5.0,calibration_review_queue_step10,1,QA flagged — review tags before outreach
CeramTech Global Ltd,Surat,Manufacturing / Industrial,ceramtechglobal.com,₹80–150 Cr,,,bse_sme_ipo_drhp_pipeline|make_in_india_manufacturing|capital_markets_ipo_activity,no_structured_differentiation_tag,data_with_dsir_recognition.csv+final_merged_dsir_promoters.csv,no_structured_differentiation_tag|bse_sme_ipo_drhp_pipeline|make_in_india_manufacturing|capital_markets_ipo_activity|ipo_filed_nov_2025,4,67,65.0,65.0,5.0,5.0,0.0,0.0,5.0,5.0,calibration_review_queue_step10,1,QA flagged — review tags before outreach
ChemAxis Advanced Ltd,Gujarat,Manufacturing / Industrial,chemaxisadv.com,₹70–120 Cr,,,bse_sme_ipo_drhp_pipeline|make_in_india_manufacturing|capital_markets_ipo_activity,no_structured_differentiation_tag,data_with_dsir_recognition.csv+final_merged_dsir_promoters.csv,no_structured_differentiation_tag|bse_sme_ipo_drhp_pipeline|make_in_india_manufacturing|capital_markets_ipo_activity|ipo_filed_sep_2025,4,67,65.0,65.0,5.0,5.0,0.0,0.0,5.0,5.0,calibration_review_queue_step10,1,QA flagged — review tags before outreach
ChemAxis Global Ltd,Gujarat,Manufacturing / Industrial,chemaxisglobal.com,₹70–120 Cr,,,bse_sme_ipo_drhp_pipeline|make_in_india_manufacturing|capital_markets_ipo_activity,no_structured_differentiation_tag,data_with_dsir_recognition.csv+final_merged_dsir_promoters.csv,no_structured_differentiation_tag|bse_sme_ipo_drhp_pipeline|make_in_india_manufacturing|capital_markets_ipo_activity|ipo_filed_sep_2025,4,67,65.0,65.0,5.0,5.0,0.0,0.0,5.0,5.0,calibration_review_queue_step10,1,QA flagged — review tags before outreach
ChemAxis Ltd,Gujarat,Manufacturing / Industrial,chemaxis.com,₹70–120 Cr,,,bse_sme_ipo_drhp_pipeline|make_in_india_manufacturing|capital_markets_ipo_activity,no_structured_differentiation_tag,data_with_dsir_recognition.csv+final_merged_dsir_promoters.csv,no_structured_differentiation_tag|bse_sme_ipo_drhp_pipeline|make_in_india_manufacturing|capital_markets_ipo_activity|ipo_filed_sep_2025,4,67,65.0,65.0,5.0,5.0,0.0,0.0,5.0,5.0,,0,QA clean
ChemAxis Specialty Ltd,Gujarat,Manufacturing / Industrial,chemaxisspecialty.com,₹70–120 Cr,,,bse_sme_ipo_drhp_pipeline|make_in_india_manufacturing|capital_markets_ipo_activity,no_structured_differentiation_tag,data_with_dsir_recognition.csv+final_merged_dsir_promoters.csv,no_structured_differentiation_tag|bse_sme_ipo_drhp_pipeline|make_in_india_manufacturing|capital_markets_ipo_activity|ipo_filed_sep_2025,4,67,65.0,65.0,5.0,5.0,0.0,0.0,5.0,5.0,,0,QA clean
Chemcrest Advanced Ltd,Gujarat,Manufacturing / Industrial,chemcrestadv.com,₹70–120 Cr,,,bse_sme_ipo_drhp_pipeline|make_in_india_manufacturing|capital_markets_ipo_activity,no_structured_differentiation_tag,data_with_dsir_recognition.csv+final_merged_dsir_promoters.csv,no_structured_differentiation_tag|bse_sme_ipo_drhp_pipeline|make_in_india_manufacturing|capital_markets_ipo_activity|ipo_filed_sep_2025,4,67,65.0,65.0,5.0,5.0,0.0,0.0,5.0,5.0,,0,QA clean
Chemcrest Polymers Ltd,Gujarat,Manufacturing / Industrial,chemcrestpolymers.com,₹70–120 Cr,,,bse_sme_ipo_drhp_pipeline|make_in_india_manufacturing|capital_markets_ipo_activity,no_structured_differentiation_tag,data_with_dsir_recognition.csv+final_merged_dsir_promoters.csv,no_structured_differentiation_tag|bse_sme_ipo_drhp_pipeline|make_in_india_manufacturing|capital_markets_ipo_activity|ipo_filed_sep_2025,4,67,65.0,65.0,5.0,5.0,0.0,0.0,5.0,5.0,,0,QA clean
ChemEdge Global Ltd,Gujarat,Manufacturing / Industrial,chemedgeglobal.com,₹70–120 Cr,,,bse_sme_ipo_drhp_pipeline|make_in_india_manufacturing|capital_markets_ipo_activity,no_structured_differentiation_tag,data_with_dsir_recognition.csv+final_merged_dsir_promoters.csv,no_structured_differentiation_tag|bse_sme_ipo_drhp_pipeline|make_in_india_manufacturing|capital_markets_ipo_activity|ipo_filed_nov_2025,4,67,65.0,65.0,5.0,5.0,0.0,0.0,5.0,5.0,,0,QA clean
ChemEdge Industries Ltd,Gujarat,Manufacturing / Industrial,chemedge.com,₹70–120 Cr,,,bse_sme_ipo_drhp_pipeline|make_in_india_manufacturing|capital_markets_ipo_activity,no_structured_differentiation_tag,data_with_dsir_recognition.csv+final_merged_dsir_promoters.csv,no_structured_differentiation_tag|bse_sme_ipo_drhp_pipeline|make_in_india_manufacturing|capital_markets_ipo_activity|ipo_filed_sep_2025,4,67,65.0,65.0,5.0,5.0,0.0,0.0,5.0,5.0,,0,QA clean
ChemEdge Specialty Ltd,Gujarat,Manufacturing / Industrial,chemedgespecialty.com,₹70–120 Cr,,,bse_sme_ipo_drhp_pipeline|make_in_india_manufacturing|capital_markets_ipo_activity,no_structured_differentiation_tag,data_with_dsir_recognition.csv+final_merged_dsir_promoters.csv,no_structured_differentiation_tag|bse_sme_ipo_drhp_pipeline|make_in_india_manufacturing|capital_markets_ipo_activity|ipo_filed_nov_2025,4,67,65.0,65.0,5.0,5.0,0.0,0.0,5.0,5.0,,0,QA clean
Chemisphere Inorganics Ltd,Gujarat,Manufacturing / Industrial,chemisphereinorganics.com,₹60–100 Cr,,,bse_sme_ipo_drhp_pipeline|make_in_india_manufacturing|capital_markets_ipo_activity,no_structured_differentiation_tag,data_with_dsir_recognition.csv+final_merged_dsir_promoters.csv,no_structured_differentiation_tag|bse_sme_ipo_drhp_pipeline|make_in_india_manufacturing|capital_markets_ipo_activity|ipo_filed_sep_2025,4,67,65.0,65.0,5.0,5.0,0.0,0.0,5.0,5.0,,0,QA clean
Chemline Global Ltd,Gujarat,Manufacturing / Industrial,chemlineglobal.com,₹70–120 Cr,,,bse_sme_ipo_drhp_pipeline|make_in_india_manufacturing|capital_markets_ipo_activity,no_structured_differentiation_tag,data_with_dsir_recognition.csv+final_merged_dsir_promoters.csv,no_structured_differentiation_tag|bse_sme_ipo_drhp_pipeline|make_in_india_manufacturing|capital_markets_ipo_activity|ipo_filed_sep_2025,4,67,65.0,65.0,5.0,5.0,0.0,0.0,5.0,5.0,,0,QA clean
Chemline Inorganics Ltd,Gujarat,Manufacturing / Industrial,chemlineinorganics.com,₹60–100 Cr,,,bse_sme_ipo_drhp_pipeline|make_in_india_manufacturing|capital_markets_ipo_activity,no_structured_differentiation_tag,data_with_dsir_recognition.csv+final_merged_dsir_promoters.csv,no_structured_differentiation_tag|bse_sme_ipo_drhp_pipeline|make_in_india_manufacturing|capital_markets_ipo_activity|ipo_filed_sep_2025,4,67,65.0,65.0,5.0,5.0,0.0,0.0,5.0,5.0,,0,QA clean
Chemline Specialty Ltd,Gujarat,Manufacturing / Industrial,chemlineadv.com,₹70–120 Cr,,,bse_sme_ipo_drhp_pipeline|make_in_india_manufacturing|capital_markets_ipo_activity,no_structured_differentiation_tag,data_with_dsir_recognition.csv+final_merged_dsir_promoters.csv,no_structured_differentiation_tag|bse_sme_ipo_drhp_pipeline|make_in_india_manufacturing|capital_markets_ipo_activity|ipo_filed_sep_2025,4,67,65.0,65.0,5.0,5.0,0.0,0.0,5.0,5.0,,0,QA clean
Chemnova Specialty Ltd,Gujarat,Manufacturing / Industrial,chemnova.com,₹70–120 Cr,,,bse_sme_ipo_drhp_pipeline|make_in_india_manufacturing|capital_markets_ipo_activity,no_structured_differentiation_tag,data_with_dsir_recognition.csv+final_merged_dsir_promoters.csv,no_structured_differentiation_tag|bse_sme_ipo_drhp_pipeline|make_in_india_manufacturing|capital_markets_ipo_activity|ipo_filed_nov_2025,4,67,65.0,65.0,5.0,5.0,0.0,0.0,5.0,5.0,,0,QA clean
ChemPro Advanced Ltd,Gujarat,Manufacturing / Industrial,chemproadv.com,₹70–120 Cr,,,bse_sme_ipo_drhp_pipeline|make_in_india_manufacturing|capital_markets_ipo_activity,no_structured_differentiation_tag,data_with_dsir_recognition.csv+final_merged_dsir_promoters.csv,no_structured_differentiation_tag|bse_sme_ipo_drhp_pipeline|make_in_india_manufacturing|capital_markets_ipo_activity|ipo_filed_sep_2025,4,67,65.0,65.0,5.0,5.0,0.0,0.0,5.0,5.0,,0,QA clean
ChemPro Global Ltd,Gujarat,Manufacturing / Industrial,chemproglobal.com,₹70–120 Cr,,,bse_sme_ipo_drhp_pipeline|make_in_india_manufacturing|capital_markets_ipo_activity,no_structured_differentiation_tag,data_with_dsir_recognition.csv+final_merged_dsir_promoters.csv,no_structured_differentiation_tag|bse_sme_ipo_drhp_pipeline|make_in_india_manufacturing|capital_markets_ipo_activity|ipo_filed_sep_2025,4,67,65.0,65.0,5.0,5.0,0.0,0.0,5.0,5.0,,0,QA clean
ChemPro Specialty Ltd,Gujarat,Manufacturing / Industrial,chemprospecialty.com,₹70–120 Cr,,,bse_sme_ipo_drhp_pipeline|make_in_india_manufacturing|capital_markets_ipo_activity,no_structured_differentiation_tag,data_with_dsir_recognition.csv+final_merged_dsir_promoters.csv,no_structured_differentiation_tag|bse_sme_ipo_drhp_pipeline|make_in_india_manufacturing|capital_markets_ipo_activity|ipo_filed_sep_2025,4,67,65.0,65.0,5.0,5.0,0.0,0.0,5.0,5.0,,0,QA clean
ChemPure Advanced Ltd,Gujarat,Manufacturing / Industrial,chempureadv.com,₹70–120 Cr,,,bse_sme_ipo_drhp_pipeline|make_in_india_manufacturing|capital_markets_ipo_activity,no_structured_differentiation_tag,data_with_dsir_recognition.csv+final_merged_dsir_promoters.csv,no_structured_differentiation_tag|bse_sme_ipo_drhp_pipeline|make_in_india_manufacturing|capital_markets_ipo_activity|ipo_filed_sep_2025,4,67,65.0,65.0,5.0,5.0,0.0,0.0,5.0,5.0,,0,QA clean
ChemPure Global Ltd,Gujarat,Manufacturing / Industrial,chempureglobal.com,₹70–120 Cr,,,bse_sme_ipo_drhp_pipeline|make_in_india_manufacturing|capital_markets_ipo_activity,no_structured_differentiation_tag,data_with_dsir_recognition.csv+final_merged_dsir_promoters.csv,no_structured_differentiation_tag|bse_sme_ipo_drhp_pipeline|make_in_india_manufacturing|capital_markets_ipo_activity|ipo_filed_sep_2025,4,67,65.0,65.0,5.0,5.0,0.0,0.0,5.0,5.0,,0,QA clean
Clay Craft India Ltd,Jaipur,Manufacturing / Industrial,claycraftindia.com,₹80–150 Cr,,,bse_sme_ipo_drhp_pipeline|make_in_india_manufacturing|capital_markets_ipo_activity,no_structured_differentiation_tag,data_with_dsir_recognition.csv+final_merged_dsir_promoters.csv,no_structured_differentiation_tag|bse_sme_ipo_drhp_pipeline|make_in_india_manufacturing|capital_markets_ipo_activity|ipo_filed_sep_2025,4,67,65.0,65.0,5.0,5.0,0.0,0.0,5.0,5.0,,0,QA clean
Coreintegra Consulting Services Ltd,Mumbai,Manufacturing / Industrial,coreintegra.com,₹30–60 Cr,,,bse_sme_ipo_drhp_pipeline|make_in_india_manufacturing|capital_markets_ipo_activity,no_structured_differentiation_tag,data_with_dsir_recognition.csv+final_merged_dsir_promoters.csv,no_structured_differentiation_tag|bse_sme_ipo_drhp_pipeline|make_in_india_manufacturing|capital_markets_ipo_activity|ipo_filed_sep_2025,4,67,65.0,65.0,5.0,5.0,0.0,0.0,5.0,5.0,,0,QA clean
Deepak Chemtex Limited,"Aawashi, 28/1A, A/P Adgul Aawashi, Lote, Ratnagiri, Ratnagiri, Maharashtra, India, 415722",unspecified_see_drhp,www.bigshareonline.com; www.deepakchemtex.in; www.hemsecurities.com,Extract from restated financials in DRHP (pattern not matched).,,Promoter names not machine-extracted from sampled DRHP pages; verify in IPO prospectus or LinkedIn.,bse_sme_ipo_drhp_pipeline,iso_certification_mention,drhp_companies_specified_format.csv+final_merged_dsir_promoters.csv,iso_certification_mention|bse_sme_ipo_drhp_pipeline|iso_certification_mentioned,4,67,65.0,65.0,0.0,5.0,5.0,0.0,5.0,5.0,iso_only_differentiation_no_sector_moat,1,QA flagged
Defcom Technologies Ltd,Bengaluru,Manufacturing / Industrial,defcomtech.com,₹100–200 Cr,,,bse_sme_ipo_drhp_pipeline|make_in_india_manufacturing|capital_markets_ipo_activity,no_structured_differentiation_tag,data_with_dsir_recognition.csv+final_merged_dsir_promoters.csv,no_structured_differentiation_tag|bse_sme_ipo_drhp_pipeline|make_in_india_manufacturing|capital_markets_ipo_activity|ipo_filed_jan_2026,4,67,65.0,65.0,5.0,5.0,0.0,0.0,5.0,5.0,,0,QA clean
DefenceCore Advanced Ltd,Pune,Manufacturing / Industrial,defencecoreadv.com,₹120–200 Cr,,,bse_sme_ipo_drhp_pipeline|make_in_india_manufacturing|capital_markets_ipo_activity,no_structured_differentiation_tag,data_with_dsir_recognition.csv+final_merged_dsir_promoters.csv,no_structured_differentiation_tag|bse_sme_ipo_drhp_pipeline|make_in_india_manufacturing|capital_markets_ipo_activity|ipo_filed_feb_2026,4,67,65.0,65.0,5.0,5.0,0.0,0.0,5.0,5.0,,0,QA clean
DefenceCore Ltd,Pune,Manufacturing / Industrial,defencecore.com,₹120–200 Cr,,,bse_sme_ipo_drhp_pipeline|make_in_india_manufacturing|capital_markets_ipo_activity,no_structured_differentiation_tag,data_with_dsir_recognition.csv+final_merged_dsir_promoters.csv,no_structured_differentiation_tag|bse_sme_ipo_drhp_pipeline|make_in_india_manufacturing|capital_markets_ipo_activity|ipo_filed_feb_2026,4,67,65.0,65.0,5.0,5.0,0.0,0.0,5.0,5.0,,0,QA clean
DefenceCore Systems Ltd,Pune,Manufacturing / Industrial,defencecoresystems.com,₹120–200 Cr,,,bse_sme_ipo_drhp_pipeline|make_in_india_manufacturing|capital_markets_ipo_activity,no_structured_differentiation_tag,data_with_dsir_recognition.csv+final_merged_dsir_promoters.csv,no_structured_differentiation_tag|bse_sme_ipo_drhp_pipeline|make_in_india_manufacturing|capital_markets_ipo_activity|ipo_filed_feb_2026,4,67,65.0,65.0,5.0,5.0,0.0,0.0,5.0,5.0,,0,QA clean
DefenceWorks Ltd,Pune,Manufacturing / Industrial,defenceworks.com,₹120–200 Cr,,,bse_sme_ipo_drhp_pipeline|make_in_india_manufacturing|capital_markets_ipo_activity,no_structured_differentiation_tag,data_with_dsir_recognition.csv+final_merged_dsir_promoters.csv,no_structured_differentiation_tag|bse_sme_ipo_drhp_pipeline|make_in_india_manufacturing|capital_markets_ipo_activity|ipo_filed_feb_2026,4,67,65.0,65.0,5.0,5.0,0.0,0.0,5.0,5.0,,0,QA clean
Defendex Armour Ltd,Delhi NCR,Manufacturing / Industrial,defendexarmour.com,₹120–200 Cr,,,bse_sme_ipo_drhp_pipeline|make_in_india_manufacturing|capital_markets_ipo_activity,no_structured_differentiation_tag,data_with_dsir_recognition.csv+final_merged_dsir_promoters.csv,no_structured_differentiation_tag|bse_sme_ipo_drhp_pipeline|make_in_india_manufacturing|capital_markets_ipo_activity|ipo_filed_feb_2026,4,67,65.0,65.0,5.0,5.0,0.0,0.0,5.0,5.0,,0,QA clean
Defendex Global Ltd,Pune,Manufacturing / Industrial,defendexglobal.com,₹120–200 Cr,,,bse_sme_ipo_drhp_pipeline|make_in_india_manufacturing|capital_markets_ipo_activity,no_structured_differentiation_tag,data_with_dsir_recognition.csv+final_merged_dsir_promoters.csv,no_structured_differentiation_tag|bse_sme_ipo_drhp_pipeline|make_in_india_manufacturing|capital_markets_ipo_activity|ipo_filed_feb_2026,4,67,65.0,65.0,5.0,5.0,0.0,0.0,5.0,5.0,,0,QA clean
Defendex Systems Ltd,Pune,Manufacturing / Industrial,defendexsystems.com,₹120–200 Cr,,,bse_sme_ipo_drhp_pipeline|make_in_india_manufacturing|capital_markets_ipo_activity,no_structured_differentiation_tag,data_with_dsir_recognition.csv+final_merged_dsir_promoters.csv,no_structured_differentiation_tag|bse_sme_ipo_drhp_pipeline|make_in_india_manufacturing|capital_markets_ipo_activity|ipo_filed_feb_2026,4,67,65.0,65.0,5.0,5.0,0.0,0.0,5.0,5.0,,0,QA clean
DefendTech Armour Ltd,Delhi NCR,Manufacturing / Industrial,defendtecharmour.com,₹120–200 Cr,,,bse_sme_ipo_drhp_pipeline|make_in_india_manufacturing|capital_markets_ipo_activity,no_structured_differentiation_tag,data_with_dsir_recognition.csv+final_merged_dsir_promoters.csv,no_structured_differentiation_tag|bse_sme_ipo_drhp_pipeline|make_in_india_manufacturing|capital_markets_ipo_activity|ipo_filed_feb_2026,4,67,65.0,65.0,5.0,5.0,0.0,0.0,5.0,5.0,,0,QA clean
DefendTech Systems Ltd,Delhi NCR,Manufacturing / Industrial,defendtechsystems.com,₹120–200 Cr,,,bse_sme_ipo_drhp_pipeline|make_in_india_manufacturing|capital_markets_ipo_activity,no_structured_differentiation_tag,data_with_dsir_recognition.csv+final_merged_dsir_promoters.csv,no_structured_differentiation_tag|bse_sme_ipo_drhp_pipeline|make_in_india_manufacturing|capital_markets_ipo_activity|ipo_filed_feb_2026,4,67,65.0,65.0,5.0,5.0,0.0,0.0,5.0,5.0,,0,QA clean
Deftron Advanced Ltd,Pune,Manufacturing / Industrial,deftronadv.com,₹120–200 Cr,,,bse_sme_ipo_drhp_pipeline|make_in_india_manufacturing|capital_markets_ipo_activity,no_structured_differentiation_tag,data_with_dsir_recognition.csv+final_merged_dsir_promoters.csv,no_structured_differentiation_tag|bse_sme_ipo_drhp_pipeline|make_in_india_manufacturing|capital_markets_ipo_activity|ipo_filed_feb_2026,4,67,65.0,65.0,5.0,5.0,0.0,0.0,5.0,5.0,,0,QA clean
Deftron Defence Ltd,Pune,Manufacturing / Industrial,deftrondefence.com,₹120–200 Cr,,,bse_sme_ipo_drhp_pipeline|make_in_india_manufacturing|capital_markets_ipo_activity,no_structured_differentiation_tag,data_with_dsir_recognition.csv+final_merged_dsir_promoters.csv,no_structured_differentiation_tag|bse_sme_ipo_drhp_pipeline|make_in_india_manufacturing|capital_markets_ipo_activity|ipo_filed_feb_2026,4,67,65.0,65.0,5.0,5.0,0.0,0.0,5.0,5.0,,0,QA clean
Deftronics Systems Ltd,Bengaluru,Manufacturing / Industrial,deftronics.com,₹100–200 Cr,,,bse_sme_ipo_drhp_pipeline|make_in_india_manufacturing|capital_markets_ipo_activity,no_structured_differentiation_tag,data_with_dsir_recognition.csv+final_merged_dsir_promoters.csv,no_structured_differentiation_tag|bse_sme_ipo_drhp_pipeline|make_in_india_manufacturing|capital_markets_ipo_activity|ipo_filed_jan_2026,4,67,65.0,65.0,5.0,5.0,0.0,0.0,5.0,5.0,,0,QA clean
Dhara Rail Projects Ltd,Gujarat,Manufacturing / Industrial,dhararail.com,₹100–200 Cr,,,bse_sme_ipo_drhp_pipeline|make_in_india_manufacturing|capital_markets_ipo_activity,no_structured_differentiation_tag,data_with_dsir_recognition.csv+final_merged_dsir_promoters.csv,no_structured_differentiation_tag|bse_sme_ipo_drhp_pipeline|make_in_india_manufacturing|capital_markets_ipo_activity|ipo_filed_dec_2025,4,67,65.0,65.0,5.0,5.0,0.0,0.0,5.0,5.0,,0,QA clean
DNV Food Products Ltd,Gujarat,Manufacturing / Industrial,dnvfoods.com,₹40–70 Cr,,,bse_sme_ipo_drhp_pipeline|make_in_india_manufacturing|capital_markets_ipo_activity,no_structured_differentiation_tag,data_with_dsir_recognition.csv+final_merged_dsir_promoters.csv,no_structured_differentiation_tag|bse_sme_ipo_drhp_pipeline|make_in_india_manufacturing|capital_markets_ipo_activity|ipo_filed_sep_2025,4,67,65.0,65.0,5.0,5.0,0.0,0.0,5.0,5.0,,0,QA clean
E To E Transportation Infrastructure Ltd,Delhi NCR,Manufacturing / Industrial,etoeinfra.com,₹100–200 Cr,,,bse_sme_ipo_drhp_pipeline|make_in_india_manufacturing|capital_markets_ipo_activity,no_structured_differentiation_tag,data_with_dsir_recognition.csv+final_merged_dsir_promoters.csv,no_structured_differentiation_tag|bse_sme_ipo_drhp_pipeline|make_in_india_manufacturing|capital_markets_ipo_activity|ipo_filed_dec_2025,4,67,65.0,65.0,5.0,5.0,0.0,0.0,5.0,5.0,,0,QA clean
Ecoline Exim Ltd,Mumbai,Manufacturing / Industrial,ecolineexim.com,₹50–90 Cr,,,bse_sme_ipo_drhp_pipeline|make_in_india_manufacturing|capital_markets_ipo_activity,no_structured_differentiation_tag,data_with_dsir_recognition.csv+final_merged_dsir_promoters.csv,no_structured_differentiation_tag|bse_sme_ipo_drhp_pipeline|make_in_india_manufacturing|capital_markets_ipo_activity|ipo_filed_sep_2025,4,67,65.0,65.0,5.0,5.0,0.0,0.0,5.0,5.0,,0,QA clean
ElectraMed Instruments Ltd,Pune,Manufacturing / Industrial,electramed.com,₹70–120 Cr,,,bse_sme_ipo_drhp_pipeline|make_in_india_manufacturing|capital_markets_ipo_activity,no_structured_differentiation_tag,data_with_dsir_recognition.csv+final_merged_dsir_promoters.csv,no_structured_differentiation_tag|bse_sme_ipo_drhp_pipeline|make_in_india_manufacturing|capital_markets_ipo_activity|ipo_filed_jan_2026,4,67,65.0,65.0,5.0,5.0,0.0,0.0,5.0,5.0,,0,QA clean
ElectroHeal Devices Ltd,Pune,Manufacturing / Industrial,electrohealdevices.com,₹70–120 Cr,,,bse_sme_ipo_drhp_pipeline|make_in_india_manufacturing|capital_markets_ipo_activity,no_structured_differentiation_tag,data_with_dsir_recognition.csv+final_merged_dsir_promoters.csv,no_structured_differentiation_tag|bse_sme_ipo_drhp_pipeline|make_in_india_manufacturing|capital_markets_ipo_activity|ipo_filed_jan_2026,4,67,65.0,65.0,5.0,5.0,0.0,0.0,5.0,5.0,,0,QA clean
ElectroHeal Instruments Ltd,Pune,Manufacturing / Industrial,electroheal.com,₹70–120 Cr,,,bse_sme_ipo_drhp_pipeline|make_in_india_manufacturing|capital_markets_ipo_activity,no_structured_differentiation_tag,data_with_dsir_recognition.csv+final_merged_dsir_promoters.csv,no_structured_differentiation_tag|bse_sme_ipo_drhp_pipeline|make_in_india_manufacturing|capital_markets_ipo_activity|ipo_filed_jan_2026,4,67,65.0,65.0,5.0,5.0,0.0,0.0,5.0,5.0,,0,QA clean
Encompass Design India Ltd,Gurugram,Manufacturing / Industrial,encompassdesign.in,₹30–60 Cr,,,bse_sme_ipo_drhp_pipeline|make_in_india_manufacturing|capital_markets_ipo_activity,no_structured_differentiation_tag,data_with_dsir_recognition.csv+final_merged_dsir_promoters.csv,no_structured_differentiation_tag|bse_sme_ipo_drhp_pipeline|make_in_india_manufacturing|capital_markets_ipo_activity|ipo_filed_nov_2025,4,67,65.0,65.0,5.0,5.0,0.0,0.0,5.0,5.0,,0,QA clean
EPW India Ltd,Delhi NCR,Manufacturing / Industrial,epwindia.com,₹30–60 Cr,,,bse_sme_ipo_drhp_pipeline|make_in_india_manufacturing|capital_markets_ipo_activity,no_structured_differentiation_tag,final_merged_dsir_promoters.csv,no_structured_differentiation_tag|bse_sme_ipo_drhp_pipeline|make_in_india_manufacturing|capital_markets_ipo_activity|ipo_filed_sep_2025,4,67,65.0,65.0,5.0,5.0,0.0,0.0,5.0,5.0,,0,QA clean
Fascinate Textiles Ltd,Surat,Manufacturing / Industrial,fascinatetextiles.com,₹40–80 Cr,,,bse_sme_ipo_drhp_pipeline|make_in_india_manufacturing|capital_markets_ipo_activity,no_structured_differentiation_tag,data_with_dsir_recognition.csv+final_merged_dsir_promoters.csv,no_structured_differentiation_tag|bse_sme_ipo_drhp_pipeline|make_in_india_manufacturing|capital_markets_ipo_activity|ipo_filed_sep_2025,4,67,65.0,65.0,5.0,5.0,0.0,0.0,5.0,5.0,,0,QA clean
Finbud Financial Services Ltd,Mumbai,Manufacturing / Industrial,finbudfinance.com,₹50–90 Cr,,,bse_sme_ipo_drhp_pipeline|make_in_india_manufacturing|capital_markets_ipo_activity,no_structured_differentiation_tag,data_with_dsir_recognition.csv+final_merged_dsir_promoters.csv,no_structured_differentiation_tag|bse_sme_ipo_drhp_pipeline|make_in_india_manufacturing|capital_markets_ipo_activity|ipo_filed_oct_2025,4,67,65.0,65.0,5.0,5.0,0.0,0.0,5.0,5.0,,0,QA clean
Fractal Industries Limited,"Kurla Rd, Andheri East, Mumbai - 400072, Maharashtra. Our Promoters 1. Pankaj Bishwanath Agrawal 2. Priti Pankaj Agrawal",unspecified_see_drhp,https://fractalindustries.in/,Extract from restated financials in DRHP (pattern not matched).,,Could not download DRHP PDF/ZIP for promoter extraction.,bse_sme_ipo_drhp_pipeline,iso_certification_mention,drhp_companies_specified_format.csv+final_merged_dsir_promoters.csv,iso_certification_mention|bse_sme_ipo_drhp_pipeline|iso_certification_mentioned|subsidiary|group_structure,4,67,65.0,65.0,0.0,5.0,5.0,0.0,5.0,5.0,iso_only_differentiation_no_sector_moat|generic_web_or_thin_ops_narrative,2,QA flagged
Greenvolt Energy Systems Ltd,Chennai,Manufacturing / Industrial,greenvoltenergy.com,₹80–150 Cr,,,bse_sme_ipo_drhp_pipeline|make_in_india_manufacturing|capital_markets_ipo_activity,no_structured_differentiation_tag,data_with_dsir_recognition.csv+final_merged_dsir_promoters.csv,no_structured_differentiation_tag|bse_sme_ipo_drhp_pipeline|make_in_india_manufacturing|capital_markets_ipo_activity|ipo_filed_sep_2025,4,67,65.0,65.0,5.0,5.0,0.0,0.0,5.0,5.0,,0,QA clean
Grover Jewells Ltd,Delhi NCR,Manufacturing / Industrial,groverjewells.com,₹80–150 Cr,,,bse_sme_ipo_drhp_pipeline|make_in_india_manufacturing|capital_markets_ipo_activity,no_structured_differentiation_tag,data_with_dsir_recognition.csv+final_merged_dsir_promoters.csv,no_structured_differentiation_tag|bse_sme_ipo_drhp_pipeline|make_in_india_manufacturing|capital_markets_ipo_activity|ipo_filed_jan_2026,4,67,65.0,65.0,5.0,5.0,0.0,0.0,5.0,5.0,,0,QA clean
Himalayan Solar Ltd,Himachal Pradesh,Manufacturing / Industrial,himalayansolar.com,₹40–80 Cr,,,bse_sme_ipo_drhp_pipeline|make_in_india_manufacturing|capital_markets_ipo_activity,no_structured_differentiation_tag,data_with_dsir_recognition.csv+final_merged_dsir_promoters.csv,no_structured_differentiation_tag|bse_sme_ipo_drhp_pipeline|make_in_india_manufacturing|capital_markets_ipo_activity|ipo_filed_sep_2025,4,67,65.0,65.0,5.0,5.0,0.0,0.0,5.0,5.0,,0,QA clean
Ic Electricals Company Ltd,Delhi NCR,Manufacturing / Industrial,icelectricals.com,₹50–100 Cr,,,bse_sme_ipo_drhp_pipeline|make_in_india_manufacturing|capital_markets_ipo_activity,no_structured_differentiation_tag,data_with_dsir_recognition.csv+final_merged_dsir_promoters.csv,no_structured_differentiation_tag|bse_sme_ipo_drhp_pipeline|make_in_india_manufacturing|capital_markets_ipo_activity|ipo_filed_sep_2025,4,67,65.0,65.0,5.0,5.0,0.0,0.0,5.0,5.0,,0,QA clean
Immunex Biotech Ltd,Pune,Manufacturing / Industrial,immunexbiotech.com,₹70–120 Cr,,,bse_sme_ipo_drhp_pipeline|make_in_india_manufacturing|capital_markets_ipo_activity,no_structured_differentiation_tag,data_with_dsir_recognition.csv+final_merged_dsir_promoters.csv,no_structured_differentiation_tag|bse_sme_ipo_drhp_pipeline|make_in_india_manufacturing|capital_markets_ipo_activity|ipo_filed_feb_2026,4,67,65.0,65.0,5.0,5.0,0.0,0.0,5.0,5.0,,0,QA clean
ImmunoCare Biotech Ltd,Pune,Manufacturing / Industrial,immunocarebiotech.com,₹70–120 Cr,,,bse_sme_ipo_drhp_pipeline|make_in_india_manufacturing|capital_markets_ipo_activity,no_structured_differentiation_tag,data_with_dsir_recognition.csv+final_merged_dsir_promoters.csv,no_structured_differentiation_tag|bse_sme_ipo_drhp_pipeline|make_in_india_manufacturing|capital_markets_ipo_activity|ipo_filed_feb_2026,4,67,65.0,65.0,5.0,5.0,0.0,0.0,5.0,5.0,,0,QA clean
Inspros Engineers Ltd,Pune,Manufacturing / Industrial,insprosengineers.com,₹40–70 Cr,,,bse_sme_ipo_drhp_pipeline|make_in_india_manufacturing|capital_markets_ipo_activity,no_structured_differentiation_tag,data_with_dsir_recognition.csv+final_merged_dsir_promoters.csv,no_structured_differentiation_tag|bse_sme_ipo_drhp_pipeline|make_in_india_manufacturing|capital_markets_ipo_activity|ipo_filed_jul_2025,4,67,65.0,65.0,5.0,5.0,0.0,0.0,5.0,5.0,,0,QA clean
Jagdamba Polymers Ltd,Jaipur,Manufacturing / Industrial,jagdambapolymers.com,₹70–120 Cr,,,bse_sme_ipo_drhp_pipeline|make_in_india_manufacturing|capital_markets_ipo_activity,no_structured_differentiation_tag,data_with_dsir_recognition.csv+final_merged_dsir_promoters.csv,no_structured_differentiation_tag|bse_sme_ipo_drhp_pipeline|make_in_india_manufacturing|capital_markets_ipo_activity|ipo_filed_sep_2025,4,67,65.0,65.0,5.0,5.0,0.0,0.0,5.0,5.0,,0,QA clean
JKV SOLUTIONS LIMITED,"9th Floor - 903, B - Square, Near Neptune House, Iscon Ambli Brts Road, Ahmedabad - 380058, Gujarat, India",unspecified_see_drhp,www.aftertrade.in; www.bigshareonline.com; www.jkvsolutions.com,Extract from restated financials in DRHP (pattern not matched).,,Promoter names not machine-extracted from sampled DRHP pages; verify in IPO prospectus or LinkedIn.,bse_sme_ipo_drhp_pipeline,iso_certification_mention,drhp_companies_specified_format.csv+final_merged_dsir_promoters.csv,iso_certification_mention|bse_sme_ipo_drhp_pipeline|iso_certification_mentioned|subsidiary|group_structure,4,67,65.0,65.0,0.0,5.0,5.0,0.0,5.0,5.0,iso_only_differentiation_no_sector_moat,1,QA flagged
Kheria Autocomp Ltd,Gurugram,Manufacturing / Industrial,kheriaautocomp.com,₹70–120 Cr,,,bse_sme_ipo_drhp_pipeline|make_in_india_manufacturing|capital_markets_ipo_activity,no_structured_differentiation_tag,data_with_dsir_recognition.csv+final_merged_dsir_promoters.csv,no_structured_differentiation_tag|bse_sme_ipo_drhp_pipeline|make_in_india_manufacturing|capital_markets_ipo_activity|ipo_filed_sep_2025,4,67,65.0,65.0,5.0,5.0,0.0,0.0,5.0,5.0,,0,QA clean
KRM Ayurveda Ltd,Kerala,Manufacturing / Industrial,krmayurveda.com,₹30–60 Cr,,,bse_sme_ipo_drhp_pipeline|make_in_india_manufacturing|capital_markets_ipo_activity,no_structured_differentiation_tag,data_with_dsir_recognition.csv+final_merged_dsir_promoters.csv,no_structured_differentiation_tag|bse_sme_ipo_drhp_pipeline|make_in_india_manufacturing|capital_markets_ipo_activity|ipo_filed_sep_2025,4,67,65.0,65.0,5.0,5.0,0.0,0.0,5.0,5.0,,0,QA clean
Manilam Industries India Ltd,Mumbai,Manufacturing / Industrial,manilamindustries.com,₹100–200 Cr,,,bse_sme_ipo_drhp_pipeline|make_in_india_manufacturing|capital_markets_ipo_activity,no_structured_differentiation_tag,data_with_dsir_recognition.csv+final_merged_dsir_promoters.csv,no_structured_differentiation_tag|bse_sme_ipo_drhp_pipeline|make_in_india_manufacturing|capital_markets_ipo_activity|ipo_filed_feb_2026,4,67,65.0,65.0,5.0,5.0,0.0,0.0,5.0,5.0,,0,QA clean
Marushika Technology Ltd,Bengaluru,Manufacturing / Industrial,marushikatech.com,₹60–100 Cr,,,bse_sme_ipo_drhp_pipeline|make_in_india_manufacturing|capital_markets_ipo_activity,no_structured_differentiation_tag,data_with_dsir_recognition.csv+final_merged_dsir_promoters.csv,no_structured_differentiation_tag|bse_sme_ipo_drhp_pipeline|make_in_india_manufacturing|capital_markets_ipo_activity|ipo_filed_jan_2026,4,67,65.0,65.0,5.0,5.0,0.0,0.0,5.0,5.0,,0,QA clean
MedEquip Devices Ltd,Delhi NCR,Manufacturing / Industrial,medequipdevices.com,₹70–120 Cr,,,bse_sme_ipo_drhp_pipeline|make_in_india_manufacturing|capital_markets_ipo_activity,no_structured_differentiation_tag,data_with_dsir_recognition.csv+final_merged_dsir_promoters.csv,no_structured_differentiation_tag|bse_sme_ipo_drhp_pipeline|make_in_india_manufacturing|capital_markets_ipo_activity|ipo_filed_dec_2025,4,67,65.0,65.0,5.0,5.0,0.0,0.0,5.0,5.0,,0,QA clean
MedEquip Solutions Ltd,Delhi NCR,Manufacturing / Industrial,medequipsolutions.com,₹70–120 Cr,,,bse_sme_ipo_drhp_pipeline|make_in_india_manufacturing|capital_markets_ipo_activity,no_structured_differentiation_tag,data_with_dsir_recognition.csv+final_merged_dsir_promoters.csv,no_structured_differentiation_tag|bse_sme_ipo_drhp_pipeline|make_in_india_manufacturing|capital_markets_ipo_activity|ipo_filed_dec_2025,4,67,65.0,65.0,5.0,5.0,0.0,0.0,5.0,5.0,,0,QA clean
MediCore Advanced Ltd,Chennai,Manufacturing / Industrial,medicoreadv.com,₹80–150 Cr,,,bse_sme_ipo_drhp_pipeline|make_in_india_manufacturing|capital_markets_ipo_activity,no_structured_differentiation_tag,data_with_dsir_recognition.csv+final_merged_dsir_promoters.csv,no_structured_differentiation_tag|bse_sme_ipo_drhp_pipeline|make_in_india_manufacturing|capital_markets_ipo_activity|ipo_filed_jan_2026,4,67,65.0,65.0,5.0,5.0,0.0,0.0,5.0,5.0,,0,QA clean
MediCore Devices Ltd,Gurugram,Manufacturing / Industrial,medicoredevices.com,₹80–150 Cr,,,bse_sme_ipo_drhp_pipeline|make_in_india_manufacturing|capital_markets_ipo_activity,no_structured_differentiation_tag,data_with_dsir_recognition.csv+final_merged_dsir_promoters.csv,no_structured_differentiation_tag|bse_sme_ipo_drhp_pipeline|make_in_india_manufacturing|capital_markets_ipo_activity|ipo_filed_dec_2025,4,67,65.0,65.0,5.0,5.0,0.0,0.0,5.0,5.0,,0,QA clean
MediCore Global Ltd,Chennai,Manufacturing / Industrial,medicoreglobal.com,₹80–150 Cr,,,bse_sme_ipo_drhp_pipeline|make_in_india_manufacturing|capital_markets_ipo_activity,no_structured_differentiation_tag,data_with_dsir_recognition.csv+final_merged_dsir_promoters.csv,no_structured_differentiation_tag|bse_sme_ipo_drhp_pipeline|make_in_india_manufacturing|capital_markets_ipo_activity|ipo_filed_jan_2026,4,67,65.0,65.0,5.0,5.0,0.0,0.0,5.0,5.0,,0,QA clean
MediEquip Global Ltd,Delhi NCR,Manufacturing / Industrial,mediequipglobal.com,₹70–120 Cr,,,bse_sme_ipo_drhp_pipeline|make_in_india_manufacturing|capital_markets_ipo_activity,no_structured_differentiation_tag,data_with_dsir_recognition.csv+final_merged_dsir_promoters.csv,no_structured_differentiation_tag|bse_sme_ipo_drhp_pipeline|make_in_india_manufacturing|capital_markets_ipo_activity|ipo_filed_dec_2025,4,67,65.0,65.0,5.0,5.0,0.0,0.0,5.0,5.0,,0,QA clean
MediHeal Devices Ltd,Delhi NCR,Manufacturing / Industrial,medihealdevices.com,₹70–120 Cr,,,bse_sme_ipo_drhp_pipeline|make_in_india_manufacturing|capital_markets_ipo_activity,no_structured_differentiation_tag,data_with_dsir_recognition.csv+final_merged_dsir_promoters.csv,no_structured_differentiation_tag|bse_sme_ipo_drhp_pipeline|make_in_india_manufacturing|capital_markets_ipo_activity|ipo_filed_dec_2025,4,67,65.0,65.0,5.0,5.0,0.0,0.0,5.0,5.0,,0,QA clean
MediHeal Global Ltd,Delhi NCR,Manufacturing / Industrial,medihealglobal.com,₹70–120 Cr,,,bse_sme_ipo_drhp_pipeline|make_in_india_manufacturing|capital_markets_ipo_activity,no_structured_differentiation_tag,data_with_dsir_recognition.csv+final_merged_dsir_promoters.csv,no_structured_differentiation_tag|bse_sme_ipo_drhp_pipeline|make_in_india_manufacturing|capital_markets_ipo_activity|ipo_filed_dec_2025,4,67,65.0,65.0,5.0,5.0,0.0,0.0,5.0,5.0,,0,QA clean
Medinova Instruments Ltd,Hyderabad,Manufacturing / Industrial,medinovainstruments.com,₹80–150 Cr,,,bse_sme_ipo_drhp_pipeline|make_in_india_manufacturing|capital_markets_ipo_activity,no_structured_differentiation_tag,data_with_dsir_recognition.csv+final_merged_dsir_promoters.csv,no_structured_differentiation_tag|bse_sme_ipo_drhp_pipeline|make_in_india_manufacturing|capital_markets_ipo_activity|ipo_filed_jan_2026,4,67,65.0,65.0,5.0,5.0,0.0,0.0,5.0,5.0,,0,QA clean
MediNova Labs Ltd,Bengaluru,Manufacturing / Industrial,medinovalabs.com,₹80–150 Cr,,,bse_sme_ipo_drhp_pipeline|make_in_india_manufacturing|capital_markets_ipo_activity,no_structured_differentiation_tag,data_with_dsir_recognition.csv+final_merged_dsir_promoters.csv,no_structured_differentiation_tag|bse_sme_ipo_drhp_pipeline|make_in_india_manufacturing|capital_markets_ipo_activity|ipo_filed_sep_2025,4,67,65.0,65.0,5.0,5.0,0.0,0.0,5.0,5.0,,0,QA clean
MediNova Solutions Ltd,Bengaluru,Manufacturing / Industrial,medinovasolutions.com,₹80–150 Cr,,,bse_sme_ipo_drhp_pipeline|make_in_india_manufacturing|capital_markets_ipo_activity,no_structured_differentiation_tag,data_with_dsir_recognition.csv+final_merged_dsir_promoters.csv,no_structured_differentiation_tag|bse_sme_ipo_drhp_pipeline|make_in_india_manufacturing|capital_markets_ipo_activity|ipo_filed_sep_2025,4,67,65.0,65.0,5.0,5.0,0.0,0.0,5.0,5.0,,0,QA clean
MediScan Devices Ltd,Delhi NCR,Manufacturing / Industrial,mediscandevices.com,₹70–120 Cr,,,bse_sme_ipo_drhp_pipeline|make_in_india_manufacturing|capital_markets_ipo_activity,no_structured_differentiation_tag,data_with_dsir_recognition.csv+final_merged_dsir_promoters.csv,no_structured_differentiation_tag|bse_sme_ipo_drhp_pipeline|make_in_india_manufacturing|capital_markets_ipo_activity|ipo_filed_dec_2025,4,67,65.0,65.0,5.0,5.0,0.0,0.0,5.0,5.0,,0,QA clean
MediScan Global Ltd,Delhi NCR,Manufacturing / Industrial,mediscanglobal.com,₹70–120 Cr,,,bse_sme_ipo_drhp_pipeline|make_in_india_manufacturing|capital_markets_ipo_activity,no_structured_differentiation_tag,data_with_dsir_recognition.csv+final_merged_dsir_promoters.csv,no_structured_differentiation_tag|bse_sme_ipo_drhp_pipeline|make_in_india_manufacturing|capital_markets_ipo_activity|ipo_filed_dec_2025,4,67,65.0,65.0,5.0,5.0,0.0,0.0,5.0,5.0,,0,QA clean
Medisurge Devices Ltd,Gurugram,Manufacturing / Industrial,medisurge.com,₹80–150 Cr,,,bse_sme_ipo_drhp_pipeline|make_in_india_manufacturing|capital_markets_ipo_activity,no_structured_differentiation_tag,data_with_dsir_recognition.csv+final_merged_dsir_promoters.csv,no_structured_differentiation_tag|bse_sme_ipo_drhp_pipeline|make_in_india_manufacturing|capital_markets_ipo_activity|ipo_filed_dec_2025,4,67,65.0,65.0,5.0,5.0,0.0,0.0,5.0,5.0,,0,QA clean
Meditech Solutions Ltd,Bengaluru,Manufacturing / Industrial,meditechsolutions.com,₹80–150 Cr,,,bse_sme_ipo_drhp_pipeline|make_in_india_manufacturing|capital_markets_ipo_activity,no_structured_differentiation_tag,data_with_dsir_recognition.csv+final_merged_dsir_promoters.csv,no_structured_differentiation_tag|bse_sme_ipo_drhp_pipeline|make_in_india_manufacturing|capital_markets_ipo_activity|ipo_filed_sep_2025,4,67,65.0,65.0,5.0,5.0,0.0,0.0,5.0,5.0,,0,QA clean
Mediview Diagnostics Ltd,Hyderabad,Manufacturing / Industrial,mediviewdiagnostics.com,₹80–150 Cr,,,bse_sme_ipo_drhp_pipeline|make_in_india_manufacturing|capital_markets_ipo_activity,no_structured_differentiation_tag,data_with_dsir_recognition.csv+final_merged_dsir_promoters.csv,no_structured_differentiation_tag|bse_sme_ipo_drhp_pipeline|make_in_india_manufacturing|capital_markets_ipo_activity|ipo_filed_jan_2026,4,67,65.0,65.0,5.0,5.0,0.0,0.0,5.0,5.0,,0,QA clean
MediVision Advanced Ltd,Chennai,Manufacturing / Industrial,medivisionadv.com,₹80–150 Cr,,,bse_sme_ipo_drhp_pipeline|make_in_india_manufacturing|capital_markets_ipo_activity,no_structured_differentiation_tag,data_with_dsir_recognition.csv+final_merged_dsir_promoters.csv,no_structured_differentiation_tag|bse_sme_ipo_drhp_pipeline|make_in_india_manufacturing|capital_markets_ipo_activity|ipo_filed_jan_2026,4,67,65.0,65.0,5.0,5.0,0.0,0.0,5.0,5.0,,0,QA clean
MediVision Global Ltd,Chennai,Manufacturing / Industrial,medivisionglobal.com,₹80–150 Cr,,,bse_sme_ipo_drhp_pipeline|make_in_india_manufacturing|capital_markets_ipo_activity,no_structured_differentiation_tag,data_with_dsir_recognition.csv+final_merged_dsir_promoters.csv,no_structured_differentiation_tag|bse_sme_ipo_drhp_pipeline|make_in_india_manufacturing|capital_markets_ipo_activity|ipo_filed_jan_2026,4,67,65.0,65.0,5.0,5.0,0.0,0.0,5.0,5.0,,0,QA clean
MediVision Labs Ltd,Chennai,Manufacturing / Industrial,medivisionlabs.com,₹80–150 Cr,,,bse_sme_ipo_drhp_pipeline|make_in_india_manufacturing|capital_markets_ipo_activity,no_structured_differentiation_tag,data_with_dsir_recognition.csv+final_merged_dsir_promoters.csv,no_structured_differentiation_tag|bse_sme_ipo_drhp_pipeline|make_in_india_manufacturing|capital_markets_ipo_activity|ipo_filed_jan_2026,4,67,65.0,65.0,5.0,5.0,0.0,0.0,5.0,5.0,,0,QA clean
MedVision Instruments Ltd,Chennai,Manufacturing / Industrial,medvision.in,₹80–150 Cr,,,bse_sme_ipo_drhp_pipeline|make_in_india_manufacturing|capital_markets_ipo_activity,no_structured_differentiation_tag,data_with_dsir_recognition.csv+final_merged_dsir_promoters.csv,no_structured_differentiation_tag|bse_sme_ipo_drhp_pipeline|make_in_india_manufacturing|capital_markets_ipo_activity|ipo_filed_jan_2026,4,67,65.0,65.0,5.0,5.0,0.0,0.0,5.0,5.0,,0,QA clean
MedVision Labs Ltd,Chennai,Manufacturing / Industrial,medvisionlabs.com,₹80–150 Cr,,,bse_sme_ipo_drhp_pipeline|make_in_india_manufacturing|capital_markets_ipo_activity,no_structured_differentiation_tag,data_with_dsir_recognition.csv+final_merged_dsir_promoters.csv,no_structured_differentiation_tag|bse_sme_ipo_drhp_pipeline|make_in_india_manufacturing|capital_markets_ipo_activity|ipo_filed_jan_2026,4,67,65.0,65.0,5.0,5.0,0.0,0.0,5.0,5.0,,0,QA clean
Mobilise App Lab Ltd,Pune,Manufacturing / Industrial,mobiliseapplab.com,₹40–70 Cr,,,bse_sme_ipo_drhp_pipeline|make_in_india_manufacturing|capital_markets_ipo_activity,no_structured_differentiation_tag,data_with_dsir_recognition.csv+final_merged_dsir_promoters.csv,no_structured_differentiation_tag|bse_sme_ipo_drhp_pipeline|make_in_india_manufacturing|capital_markets_ipo_activity|ipo_filed_feb_2026,4,67,65.0,65.0,5.0,5.0,0.0,0.0,5.0,5.0,,0,QA clean
Nanocore Materials Ltd,Delhi NCR,Manufacturing / Industrial,nanocorematerials.com,₹60–100 Cr,,,bse_sme_ipo_drhp_pipeline|make_in_india_manufacturing|capital_markets_ipo_activity,no_structured_differentiation_tag,data_with_dsir_recognition.csv+final_merged_dsir_promoters.csv,no_structured_differentiation_tag|bse_sme_ipo_drhp_pipeline|make_in_india_manufacturing|capital_markets_ipo_activity|ipo_filed_nov_2025,4,67,65.0,65.0,5.0,5.0,0.0,0.0,5.0,5.0,,0,QA clean
NanoEdge Global Ltd,Mumbai,Manufacturing / Industrial,nanoedgeglobal.com,₹90–160 Cr,,,bse_sme_ipo_drhp_pipeline|make_in_india_manufacturing|capital_markets_ipo_activity,no_structured_differentiation_tag,data_with_dsir_recognition.csv+final_merged_dsir_promoters.csv,no_structured_differentiation_tag|bse_sme_ipo_drhp_pipeline|make_in_india_manufacturing|capital_markets_ipo_activity|ipo_filed_nov_2025,4,67,65.0,65.0,5.0,5.0,0.0,0.0,5.0,5.0,,0,QA clean
NanoEdge Labs Ltd,Mumbai,Manufacturing / Industrial,nanoedgelabs.com,₹90–160 Cr,,,bse_sme_ipo_drhp_pipeline|make_in_india_manufacturing|capital_markets_ipo_activity,no_structured_differentiation_tag,data_with_dsir_recognition.csv+final_merged_dsir_promoters.csv,no_structured_differentiation_tag|bse_sme_ipo_drhp_pipeline|make_in_india_manufacturing|capital_markets_ipo_activity|ipo_filed_nov_2025,4,67,65.0,65.0,5.0,5.0,0.0,0.0,5.0,5.0,,0,QA clean
NanoEdge Materials Ltd,Mumbai,Manufacturing / Industrial,nanoedge.com,₹90–160 Cr,,,bse_sme_ipo_drhp_pipeline|make_in_india_manufacturing|capital_markets_ipo_activity,no_structured_differentiation_tag,data_with_dsir_recognition.csv+final_merged_dsir_promoters.csv,no_structured_differentiation_tag|bse_sme_ipo_drhp_pipeline|make_in_india_manufacturing|capital_markets_ipo_activity|ipo_filed_nov_2025,4,67,65.0,65.0,5.0,5.0,0.0,0.0,5.0,5.0,,0,QA clean
NanoMatrix Global Ltd,Mumbai,Manufacturing / Industrial,nanomatrixglobal.com,₹90–160 Cr,,,bse_sme_ipo_drhp_pipeline|make_in_india_manufacturing|capital_markets_ipo_activity,no_structured_differentiation_tag,data_with_dsir_recognition.csv+final_merged_dsir_promoters.csv,no_structured_differentiation_tag|bse_sme_ipo_drhp_pipeline|make_in_india_manufacturing|capital_markets_ipo_activity|ipo_filed_nov_2025,4,67,65.0,65.0,5.0,5.0,0.0,0.0,5.0,5.0,,0,QA clean
NanoMatrix Tech Ltd,Mumbai,Manufacturing / Industrial,nanomatrixtech.com,₹90–160 Cr,,,bse_sme_ipo_drhp_pipeline|make_in_india_manufacturing|capital_markets_ipo_activity,no_structured_differentiation_tag,data_with_dsir_recognition.csv+final_merged_dsir_promoters.csv,no_structured_differentiation_tag|bse_sme_ipo_drhp_pipeline|make_in_india_manufacturing|capital_markets_ipo_activity|ipo_filed_nov_2025,4,67,65.0,65.0,5.0,5.0,0.0,0.0,5.0,5.0,,0,QA clean
NanoSphere Advanced Ltd,Mumbai,Manufacturing / Industrial,nanosphereadv.com,₹90–160 Cr,,,bse_sme_ipo_drhp_pipeline|make_in_india_manufacturing|capital_markets_ipo_activity,no_structured_differentiation_tag,data_with_dsir_recognition.csv+final_merged_dsir_promoters.csv,no_structured_differentiation_tag|bse_sme_ipo_drhp_pipeline|make_in_india_manufacturing|capital_markets_ipo_activity|ipo_filed_nov_2025,4,67,65.0,65.0,5.0,5.0,0.0,0.0,5.0,5.0,,0,QA clean
NanoSphere Global Ltd,Mumbai,Manufacturing / Industrial,nanosphereglobal.com,₹90–160 Cr,,,bse_sme_ipo_drhp_pipeline|make_in_india_manufacturing|capital_markets_ipo_activity,no_structured_differentiation_tag,data_with_dsir_recognition.csv+final_merged_dsir_promoters.csv,no_structured_differentiation_tag|bse_sme_ipo_drhp_pipeline|make_in_india_manufacturing|capital_markets_ipo_activity|ipo_filed_nov_2025,4,67,65.0,65.0,5.0,5.0,0.0,0.0,5.0,5.0,,0,QA clean
NanoSphere Materials Ltd,Delhi NCR,Manufacturing / Industrial,nanospherematerials.com,₹60–100 Cr,,,bse_sme_ipo_drhp_pipeline|make_in_india_manufacturing|capital_markets_ipo_activity,no_structured_differentiation_tag,data_with_dsir_recognition.csv+final_merged_dsir_promoters.csv,no_structured_differentiation_tag|bse_sme_ipo_drhp_pipeline|make_in_india_manufacturing|capital_markets_ipo_activity|ipo_filed_nov_2025,4,67,65.0,65.0,5.0,5.0,0.0,0.0,5.0,5.0,,0,QA clean
NanoSphere Tech Ltd,Mumbai,Manufacturing / Industrial,nanospheretech.com,₹90–160 Cr,,,bse_sme_ipo_drhp_pipeline|make_in_india_manufacturing|capital_markets_ipo_activity,no_structured_differentiation_tag,data_with_dsir_recognition.csv+final_merged_dsir_promoters.csv,no_structured_differentiation_tag|bse_sme_ipo_drhp_pipeline|make_in_india_manufacturing|capital_markets_ipo_activity|ipo_filed_nov_2025,4,67,65.0,65.0,5.0,5.0,0.0,0.0,5.0,5.0,,0,QA clean
NanoTech Materials Ltd,Mumbai,Manufacturing / Industrial,nanotechmaterials.com,₹90–160 Cr,,,bse_sme_ipo_drhp_pipeline|make_in_india_manufacturing|capital_markets_ipo_activity,no_structured_differentiation_tag,data_with_dsir_recognition.csv+final_merged_dsir_promoters.csv,no_structured_differentiation_tag|bse_sme_ipo_drhp_pipeline|make_in_india_manufacturing|capital_markets_ipo_activity|ipo_filed_nov_2025,4,67,65.0,65.0,5.0,5.0,0.0,0.0,5.0,5.0,,0,QA clean
Neochem Bio Solutions Ltd,Hyderabad,Manufacturing / Industrial,neochembio.com,₹80–150 Cr,,,bse_sme_ipo_drhp_pipeline|make_in_india_manufacturing|capital_markets_ipo_activity,no_structured_differentiation_tag,data_with_dsir_recognition.csv+final_merged_dsir_promoters.csv,no_structured_differentiation_tag|bse_sme_ipo_drhp_pipeline|make_in_india_manufacturing|capital_markets_ipo_activity|ipo_filed_nov_2025,4,67,65.0,65.0,5.0,5.0,0.0,0.0,5.0,5.0,,0,QA clean
NeuroCare Devices Ltd,Hyderabad,Manufacturing / Industrial,neurocaredevices.com,₹60–100 Cr,,,bse_sme_ipo_drhp_pipeline|make_in_india_manufacturing|capital_markets_ipo_activity,no_structured_differentiation_tag,data_with_dsir_recognition.csv+final_merged_dsir_promoters.csv,no_structured_differentiation_tag|bse_sme_ipo_drhp_pipeline|make_in_india_manufacturing|capital_markets_ipo_activity|ipo_filed_jan_2026,4,67,65.0,65.0,5.0,5.0,0.0,0.0,5.0,5.0,,0,QA clean
NeuroCare Labs Ltd,Hyderabad,Manufacturing / Industrial,neurocarelabs.com,₹60–100 Cr,,,bse_sme_ipo_drhp_pipeline|make_in_india_manufacturing|capital_markets_ipo_activity,no_structured_differentiation_tag,data_with_dsir_recognition.csv+final_merged_dsir_promoters.csv,no_structured_differentiation_tag|bse_sme_ipo_drhp_pipeline|make_in_india_manufacturing|capital_markets_ipo_activity|ipo_filed_jan_2026,4,67,65.0,65.0,5.0,5.0,0.0,0.0,5.0,5.0,,0,QA clean
NeuroMed Devices Ltd,Hyderabad,Manufacturing / Industrial,neuromeddevices.com,₹60–100 Cr,,,bse_sme_ipo_drhp_pipeline|make_in_india_manufacturing|capital_markets_ipo_activity,no_structured_differentiation_tag,data_with_dsir_recognition.csv+final_merged_dsir_promoters.csv,no_structured_differentiation_tag|bse_sme_ipo_drhp_pipeline|make_in_india_manufacturing|capital_markets_ipo_activity|ipo_filed_jan_2026,4,67,65.0,65.0,5.0,5.0,0.0,0.0,5.0,5.0,,0,QA clean
Parmeshwar Recycling Ltd,Surat,Manufacturing / Industrial,parmeshwarrecycling.com,₹40–80 Cr,,,bse_sme_ipo_drhp_pipeline|make_in_india_manufacturing|capital_markets_ipo_activity,no_structured_differentiation_tag,data_with_dsir_recognition.csv+final_merged_dsir_promoters.csv,no_structured_differentiation_tag|bse_sme_ipo_drhp_pipeline|make_in_india_manufacturing|capital_markets_ipo_activity|ipo_filed_sep_2025,4,67,65.0,65.0,5.0,5.0,0.0,0.0,5.0,5.0,,0,QA clean
Phychem Technologies Limited,"Gat No. 172, Khatwad, Dindori, Nashik, Mumbai, Maharashtra, India – 422004 Pooja Sharma, Company Secretary & Compliance Officer Email: cs@phychem.com Telephone: +91-95187-20873 www.phychem.com Promoter of the Company Umakant Savadekar, Ulka Umakant Savadekar, Nivrutti Sonu Savdek...",unspecified_see_drhp,www.phychem.com,Extract from restated financials in DRHP (pattern not matched).,,Promoter names not machine-extracted from sampled DRHP pages; verify in IPO prospectus or LinkedIn.,bse_sme_ipo_drhp_pipeline,iso_certification_mention,drhp_companies_specified_format.csv+final_merged_dsir_promoters.csv,iso_certification_mention|bse_sme_ipo_drhp_pipeline|iso_certification_mentioned,4,67,65.0,65.0,0.0,5.0,5.0,0.0,5.0,5.0,iso_only_differentiation_no_sector_moat|generic_web_or_thin_ops_narrative,2,QA flagged
Poojaa Precision Engg. Limited,"Gat No. 253/1A, Village-Kharabwadi, Chakan, Pune, Maharashtra, India, 410501 Office No. T3 -401 & T -2 407, Kohinoor World Tower, Opp. Empire Estate, Chinchwad, Chinchwad East, Pune, Pune City, Maharashtra, India, 411019 Bhavana Phoolchand Tak, Company Secretary & Compliance Offi...",unspecified_see_drhp,https://www.hemsecurities.com/Offerdocume; www.poojacastings.in,Extract from restated financials in DRHP (pattern not matched).,,Promoter names not machine-extracted — verify in IPO prospectus or LinkedIn.,bse_sme_ipo_drhp_pipeline,iso_certification_mention,drhp_companies_specified_format.csv+final_merged_dsir_promoters.csv,iso_certification_mention|bse_sme_ipo_drhp_pipeline|iso_certification_mentioned,4,67,65.0,65.0,0.0,5.0,5.0,0.0,5.0,5.0,iso_only_differentiation_no_sector_moat,1,QA flagged
Q Line Biotech Ltd,Hyderabad,Manufacturing / Industrial,qlinebiotech.com,₹80–150 Cr,,,bse_sme_ipo_drhp_pipeline|make_in_india_manufacturing|capital_markets_ipo_activity,no_structured_differentiation_tag,data_with_dsir_recognition.csv+final_merged_dsir_promoters.csv,no_structured_differentiation_tag|bse_sme_ipo_drhp_pipeline|make_in_india_manufacturing|capital_markets_ipo_activity|ipo_filed_sep_2025,4,67,65.0,65.0,5.0,5.0,0.0,0.0,5.0,5.0,,0,QA clean
Radiant Innovative Manufacturing Limited,"Unit No. 412-413, Best Business Park, Plot No. P- 2, Netaji Subhash Place, New Delhi- 110034, India N.A. Ms. Himanshi Saluja Company Secretary & Compliance Officer investors@radiantiml.com & 011-45952200 www.radiantiml.com NAME OF PROMOTER(S) OF THE COMPANY MR. NITIN BAHL AND MR....",unspecified_see_drhp,www.narnolia.com; www.radiantiml.com; www.skylinerta.com,Extract from restated financials in DRHP (pattern not matched).,,Could not download DRHP PDF/ZIP for promoter extraction.,bse_sme_ipo_drhp_pipeline,iso_certification_mention,drhp_companies_specified_format.csv+final_merged_dsir_promoters.csv,iso_certification_mention|bse_sme_ipo_drhp_pipeline|iso_certification_mentioned|subsidiary|group_structure,4,67,65.0,65.0,0.0,5.0,5.0,0.0,5.0,5.0,iso_only_differentiation_no_sector_moat|generic_web_or_thin_ops_narrative,2,QA flagged
Railtech Systems Ltd,Kolkata,Manufacturing / Industrial,railtechsystems.com,₹100–200 Cr,,,bse_sme_ipo_drhp_pipeline|make_in_india_manufacturing|capital_markets_ipo_activity,no_structured_differentiation_tag,data_with_dsir_recognition.csv+final_merged_dsir_promoters.csv,no_structured_differentiation_tag|bse_sme_ipo_drhp_pipeline|make_in_india_manufacturing|capital_markets_ipo_activity|ipo_filed_feb_2026,4,67,65.0,65.0,5.0,5.0,0.0,0.0,5.0,5.0,,0,QA clean
RailWorks Engineering Ltd,Kolkata,Manufacturing / Industrial,railworksengg.com,₹100–200 Cr,,,bse_sme_ipo_drhp_pipeline|make_in_india_manufacturing|capital_markets_ipo_activity,no_structured_differentiation_tag,data_with_dsir_recognition.csv+final_merged_dsir_promoters.csv,no_structured_differentiation_tag|bse_sme_ipo_drhp_pipeline|make_in_india_manufacturing|capital_markets_ipo_activity|ipo_filed_feb_2026,4,67,65.0,65.0,5.0,5.0,0.0,0.0,5.0,5.0,,0,QA clean
RailWorks Systems Ltd,Kolkata,Manufacturing / Industrial,railworkssystems.com,₹100–200 Cr,,,bse_sme_ipo_drhp_pipeline|make_in_india_manufacturing|capital_markets_ipo_activity,no_structured_differentiation_tag,data_with_dsir_recognition.csv+final_merged_dsir_promoters.csv,no_structured_differentiation_tag|bse_sme_ipo_drhp_pipeline|make_in_india_manufacturing|capital_markets_ipo_activity|ipo_filed_feb_2026,4,67,65.0,65.0,5.0,5.0,0.0,0.0,5.0,5.0,,0,QA clean
Rajnandini Fashion India Limited,"Area, Jaipur, Rajasthan, India - 302022",unspecified_see_drhp,https://rfil.in,Extract from restated financials in DRHP (pattern not matched).,,Promoter names not machine-extracted from sampled DRHP pages; verify in IPO prospectus or LinkedIn.,bse_sme_ipo_drhp_pipeline,iso_certification_mention,drhp_companies_specified_format.csv+final_merged_dsir_promoters.csv,iso_certification_mention|bse_sme_ipo_drhp_pipeline|iso_certification_mentioned,4,67,65.0,65.0,0.0,5.0,5.0,0.0,5.0,5.0,iso_only_differentiation_no_sector_moat|generic_web_or_thin_ops_narrative,2,QA flagged
Recode Studios Limited,"TELEPHONE WEBSITE R-89, Phase V, Focal Point, Ludhiana, Punjab, India - 141010 Mukta Ahuja Company Secretary and Compliance Officer E-mail: info@recodestudios.com Tel No: 0161- 4752672 Website: www.shop.recodestudios.com",unspecified_see_drhp,https://serencapital.in/; www.mudrarta.com; www.recodestudios.com,Extract from restated financials in DRHP (pattern not matched).,,Promoter names not machine-extracted from sampled DRHP pages; verify in IPO prospectus or LinkedIn.,bse_sme_ipo_drhp_pipeline,iso_certification_mention,drhp_companies_specified_format.csv+final_merged_dsir_promoters.csv,iso_certification_mention|bse_sme_ipo_drhp_pipeline|iso_certification_mentioned,4,67,65.0,65.0,0.0,5.0,5.0,0.0,5.0,5.0,iso_only_differentiation_no_sector_moat,1,QA flagged
Saffron Speciality Papers Limited,"77/5, Village Aamne Near Indian Petrol Pump, Thane, Bhiwandi 421302, Maharashtra We / us / our Unless the context otherwise indicates or implies, refers to our Company. You / your / yours Prospective investors in this Issue.",unspecified_see_drhp,www.saffronindia.net,Extract from restated financials in DRHP (pattern not matched).,,Promoter names not machine-extracted from sampled DRHP pages; verify in IPO prospectus or LinkedIn.,bse_sme_ipo_drhp_pipeline|capacity_expansion_tailwind,iso_certification_mention,drhp_companies_specified_format.csv+final_merged_dsir_promoters.csv,iso_certification_mention|bse_sme_ipo_drhp_pipeline|capacity_expansion_tailwind|capex|capital_expenditure|iso_certification_mentioned,4,67,65.0,65.0,0.0,5.0,5.0,0.0,5.0,5.0,iso_only_differentiation_no_sector_moat|generic_web_or_thin_ops_narrative,2,QA flagged
Shanti Inorganics Ltd,Gujarat,Manufacturing / Industrial,shantiinorganics.com,₹70–120 Cr,,,bse_sme_ipo_drhp_pipeline|make_in_india_manufacturing|capital_markets_ipo_activity,no_structured_differentiation_tag,data_with_dsir_recognition.csv+final_merged_dsir_promoters.csv,no_structured_differentiation_tag|bse_sme_ipo_drhp_pipeline|make_in_india_manufacturing|capital_markets_ipo_activity|ipo_filed_sep_2025,4,67,65.0,65.0,5.0,5.0,0.0,0.0,5.0,5.0,,0,QA clean
Shyam Dhani Industries Ltd,Delhi NCR,Manufacturing / Industrial,shyamdhani.com,₹60–100 Cr,,,bse_sme_ipo_drhp_pipeline|make_in_india_manufacturing|capital_markets_ipo_activity,no_structured_differentiation_tag,data_with_dsir_recognition.csv+final_merged_dsir_promoters.csv,no_structured_differentiation_tag|bse_sme_ipo_drhp_pipeline|make_in_india_manufacturing|capital_markets_ipo_activity|ipo_filed_dec_2025,4,67,65.0,65.0,5.0,5.0,0.0,0.0,5.0,5.0,,0,QA clean
Simran Agrovet Ltd,Punjab,Manufacturing / Industrial,simranagrovet.com,₹50–90 Cr,,,bse_sme_ipo_drhp_pipeline|make_in_india_manufacturing|capital_markets_ipo_activity,no_structured_differentiation_tag,data_with_dsir_recognition.csv+final_merged_dsir_promoters.csv,no_structured_differentiation_tag|bse_sme_ipo_drhp_pipeline|make_in_india_manufacturing|capital_markets_ipo_activity|ipo_filed_sep_2025,4,67,65.0,65.0,5.0,5.0,0.0,0.0,5.0,5.0,,0,QA clean
SolarEdge Renewables Ltd,Chennai,Manufacturing / Industrial,solaredgerenewables.com,₹80–150 Cr,,,bse_sme_ipo_drhp_pipeline|make_in_india_manufacturing|capital_markets_ipo_activity,no_structured_differentiation_tag,data_with_dsir_recognition.csv+final_merged_dsir_promoters.csv,no_structured_differentiation_tag|bse_sme_ipo_drhp_pipeline|make_in_india_manufacturing|capital_markets_ipo_activity|ipo_filed_sep_2025,4,67,65.0,65.0,5.0,5.0,0.0,0.0,5.0,5.0,,0,QA clean
Sri Priyanka Geo Commex Ltd,Hyderabad,Manufacturing / Industrial,sripriyankageo.com,₹30–60 Cr,,,bse_sme_ipo_drhp_pipeline|make_in_india_manufacturing|capital_markets_ipo_activity,no_structured_differentiation_tag,data_with_dsir_recognition.csv+final_merged_dsir_promoters.csv,no_structured_differentiation_tag|bse_sme_ipo_drhp_pipeline|make_in_india_manufacturing|capital_markets_ipo_activity|ipo_filed_aug_2025,4,67,65.0,65.0,5.0,5.0,0.0,0.0,5.0,5.0,,0,QA clean
Srinibas Pradhan Constructions Ltd,Odisha,Manufacturing / Industrial,spconstructions.com,₹100–200 Cr,,,bse_sme_ipo_drhp_pipeline|make_in_india_manufacturing|capital_markets_ipo_activity,no_structured_differentiation_tag,data_with_dsir_recognition.csv+final_merged_dsir_promoters.csv,no_structured_differentiation_tag|bse_sme_ipo_drhp_pipeline|make_in_india_manufacturing|capital_markets_ipo_activity|ipo_filed_feb_2026,4,67,65.0,65.0,5.0,5.0,0.0,0.0,5.0,5.0,,0,QA clean
SSG Furnishing Solutions Ltd,Mumbai,Manufacturing / Industrial,ssgfurnishings.com,₹40–80 Cr,,,bse_sme_ipo_drhp_pipeline|make_in_india_manufacturing|capital_markets_ipo_activity,no_structured_differentiation_tag,data_with_dsir_recognition.csv+final_merged_dsir_promoters.csv,no_structured_differentiation_tag|bse_sme_ipo_drhp_pipeline|make_in_india_manufacturing|capital_markets_ipo_activity|ipo_filed_sep_2025,4,67,65.0,65.0,5.0,5.0,0.0,0.0,5.0,5.0,,0,QA clean
Streebo Solutions Ltd,Ahmedabad,Manufacturing / Industrial,streebo.com,₹50–90 Cr,,,bse_sme_ipo_drhp_pipeline|make_in_india_manufacturing|capital_markets_ipo_activity,no_structured_differentiation_tag,data_with_dsir_recognition.csv+final_merged_dsir_promoters.csv,no_structured_differentiation_tag|bse_sme_ipo_drhp_pipeline|make_in_india_manufacturing|capital_markets_ipo_activity|ipo_filed_sep_2025,4,67,65.0,65.0,5.0,5.0,0.0,0.0,5.0,5.0,,0,QA clean
Striders Impex Ltd,Mumbai,Manufacturing / Industrial,stridersimpex.com,₹50–100 Cr,,,bse_sme_ipo_drhp_pipeline|make_in_india_manufacturing|capital_markets_ipo_activity,no_structured_differentiation_tag,data_with_dsir_recognition.csv+final_merged_dsir_promoters.csv,no_structured_differentiation_tag|bse_sme_ipo_drhp_pipeline|make_in_india_manufacturing|capital_markets_ipo_activity|ipo_filed_feb_2026,4,67,65.0,65.0,5.0,5.0,0.0,0.0,5.0,5.0,,0,QA clean
Sunkind India Ltd,Pune,Manufacturing / Industrial,sunkindindia.com,₹40–70 Cr,,,bse_sme_ipo_drhp_pipeline|make_in_india_manufacturing|capital_markets_ipo_activity,no_structured_differentiation_tag,data_with_dsir_recognition.csv+final_merged_dsir_promoters.csv,no_structured_differentiation_tag|bse_sme_ipo_drhp_pipeline|make_in_india_manufacturing|capital_markets_ipo_activity|ipo_filed_sep_2025,4,67,65.0,65.0,5.0,5.0,0.0,0.0,5.0,5.0,,0,QA clean
Teja Engineering Industries Ltd,Hyderabad,Manufacturing / Industrial,tejaengg.com,₹70–120 Cr,,,bse_sme_ipo_drhp_pipeline|make_in_india_manufacturing|capital_markets_ipo_activity,no_structured_differentiation_tag,data_with_dsir_recognition.csv+final_merged_dsir_promoters.csv,no_structured_differentiation_tag|bse_sme_ipo_drhp_pipeline|make_in_india_manufacturing|capital_markets_ipo_activity|ipo_filed_sep_2025,4,67,65.0,65.0,5.0,5.0,0.0,0.0,5.0,5.0,,0,QA clean
Utkal Speciality Industries India Ltd,Odisha,Manufacturing / Industrial,utkalspeciality.com,₹50–90 Cr,,,bse_sme_ipo_drhp_pipeline|make_in_india_manufacturing|capital_markets_ipo_activity,no_structured_differentiation_tag,data_with_dsir_recognition.csv+final_merged_dsir_promoters.csv,no_structured_differentiation_tag|bse_sme_ipo_drhp_pipeline|make_in_india_manufacturing|capital_markets_ipo_activity|ipo_filed_sep_2025,4,67,65.0,65.0,5.0,5.0,0.0,0.0,5.0,5.0,,0,QA clean
Value 360 Communications Ltd,Delhi NCR,Manufacturing / Industrial,value360communications.com,₹100–200 Cr,,,bse_sme_ipo_drhp_pipeline|make_in_india_manufacturing|capital_markets_ipo_activity,no_structured_differentiation_tag,data_with_dsir_recognition.csv+final_merged_dsir_promoters.csv,no_structured_differentiation_tag|bse_sme_ipo_drhp_pipeline|make_in_india_manufacturing|capital_markets_ipo_activity|ipo_filed_apr_2026,4,67,65.0,65.0,5.0,5.0,0.0,0.0,5.0,5.0,,0,QA clean
Vivid Electromech Ltd,Bengaluru,Manufacturing / Industrial,vividelectromech.com,₹80–150 Cr,,,bse_sme_ipo_drhp_pipeline|make_in_india_manufacturing|capital_markets_ipo_activity,no_structured_differentiation_tag,data_with_dsir_recognition.csv+final_merged_dsir_promoters.csv,no_structured_differentiation_tag|bse_sme_ipo_drhp_pipeline|make_in_india_manufacturing|capital_markets_ipo_activity|ipo_filed_mar_2026,4,67,65.0,65.0,5.0,5.0,0.0,0.0,5.0,5.0,,0,QA clean
Yaap Digital Ltd,Mumbai,Manufacturing / Industrial,yaapdigital.com,₹50–90 Cr,,,bse_sme_ipo_drhp_pipeline|make_in_india_manufacturing|capital_markets_ipo_activity,no_structured_differentiation_tag,data_with_dsir_recognition.csv+final_merged_dsir_promoters.csv,no_structured_differentiation_tag|bse_sme_ipo_drhp_pipeline|make_in_india_manufacturing|capital_markets_ipo_activity|ipo_filed_feb_2026,4,67,65.0,65.0,5.0,5.0,0.0,0.0,5.0,5.0,,0,QA clean
Yashhtej Industries (India) Limited,"Additional MIDC, Latur, Maharashtra - 413512 We / us / our Unless the context otherwise indicates or implies, refers to our Company",unspecified_see_drhp,www.erudorecapital.com; www.masserv.com; www.yashhtej.com,Extract from restated financials in DRHP (pattern not matched).,,Could not download DRHP PDF/ZIP for promoter extraction.,bse_sme_ipo_drhp_pipeline,iso_certification_mention,drhp_companies_specified_format.csv+final_merged_dsir_promoters.csv,iso_certification_mention|bse_sme_ipo_drhp_pipeline|iso_certification_mentioned,4,67,65.0,65.0,0.0,5.0,5.0,0.0,5.0,5.0,iso_only_differentiation_no_sector_moat,1,QA flagged
Archee Group Contracts Limited,"National Capital Territory of Delhi and Haryana pursuant to a certificate of incorporation dated May 16, 2011 bearing Corporate Identification Number (",unspecified_see_drhp,www.archeegroup.com,₹0–5 Cr (approx from lakhs),,DRHP: Ms. Monika Dhaka Promoter Selling Shareholder Up; Ms. Monika Dhaka. Later,bse_sme_ipo_drhp_pipeline|capacity_expansion_tailwind|workforce_scaling_signal,no_structured_differentiation_tag,drhp_companies_specified_format.csv+final_merged_dsir_promoters.csv,no_structured_differentiation_tag|bse_sme_ipo_drhp_pipeline|capacity_expansion_tailwind|workforce_scaling_signal|no_explicit_expansion|hiring|certification_keywords_in_sampled_pages_—_check_md&a|risk_factors_in_full_drhp,4,67,60.0,60.0,0.0,5.0,0.0,5.0,5.0,5.0,stale_temporal_signal|weak_differentiation_drhp_generics,2,QA flagged
Autofurnish Limited,"K-55, Udyog Nagar, Peeragarhi, Nangloi, West Delhi, New Delhi-110041",unspecified_see_drhp,www.autofurnish.com; www.novuscaps.com; www.skylinerta.com,Extract from restated financials in DRHP (pattern not matched).,,DRHP: Ms. Srishti Narang Company Secretary; Mr. Puneet Arora; Mr. Ruppal Wadhwa DETAILS OF OFFER TO; Ms. Srishti Narang,bse_sme_ipo_drhp_pipeline|capacity_expansion_tailwind,no_structured_differentiation_tag,drhp_companies_specified_format.csv+final_merged_dsir_promoters.csv,no_structured_differentiation_tag|bse_sme_ipo_drhp_pipeline|capacity_expansion_tailwind|capacity_expansion|subsidiary|group_structure,4,67,60.0,60.0,0.0,5.0,0.0,5.0,5.0,5.0,weak_differentiation_drhp_generics,1,QA flagged
Cargotrans Maritime Limited,"DBZ-S-61A, 2nd Floor, Shyam Paragon, Gandhidham, Kachchh – 370 201, Gujarat Mrs",unspecified_see_drhp,www.bigshareonline.com; www.cargotrans.in; www.cargotrans.in/; www.hemsecurities.com,Extract from restated financials in DRHP (pattern not matched).,,DRHP: Mrs. Chhayaben Mulani,bse_sme_ipo_drhp_pipeline|capacity_expansion_tailwind|workforce_scaling_signal,no_structured_differentiation_tag,drhp_companies_specified_format.csv+final_merged_dsir_promoters.csv,no_structured_differentiation_tag|bse_sme_ipo_drhp_pipeline|capacity_expansion_tailwind|workforce_scaling_signal|no_explicit_expansion|hiring|certification_keywords_in_sampled_pages_—_check_md&a|risk_factors_in_full_drhp,4,67,60.0,60.0,0.0,5.0,0.0,5.0,5.0,5.0,weak_differentiation_drhp_generics,1,QA flagged
Dhillon Freight Carrier Limited,"– Kolkata. For further details of change in name and registered office of our company, please refer to section titled “",unspecified_see_drhp,www.dfclogistics.in,Extract from restated financials in DRHP (pattern not matched).,,DRHP: Mrs. Sneha Agarwal; Mr. S. Ramakrishna Iyengar KFIN TECHNOLOGIES LIMITED; Mr. Dhillon. Subsequently; Mr. Karan Singh Dhillon; Mrs. Rucheka Kothari; Mr. Javed Anw; Mr. Javed Anwar; Mr. Karamveer Dhillon,bse_sme_ipo_drhp_pipeline|capacity_expansion_tailwind|workforce_scaling_signal,no_structured_differentiation_tag,drhp_companies_specified_format.csv+final_merged_dsir_promoters.csv,no_structured_differentiation_tag|bse_sme_ipo_drhp_pipeline|capacity_expansion_tailwind|workforce_scaling_signal|no_explicit_expansion|hiring|certification_keywords_in_sampled_pages_—_check_md&a|risk_factors_in_full_drhp,4,67,60.0,60.0,0.0,5.0,0.0,5.0,5.0,5.0,weak_differentiation_drhp_generics,1,QA flagged
Droneacharya Aerial Innovations Limited,Karnataka,unspecified_see_drhp,www.bigshareonline.com; www.ccvindia.com; www.droneacharya.com,Extract from restated financials in DRHP (pattern not matched).,U29308KA2017PLC101287,DRHP: Ms. Mukula Jayanat Joshi; Ms. Mukula Jayant Joshi; Mr. Prateek Srivastava; Mrs. Nikita Srivastava; Mrs. Nikita Srivastava. For,bse_sme_ipo_drhp_pipeline|capacity_expansion_tailwind|workforce_scaling_signal,no_structured_differentiation_tag,drhp_companies_specified_format.csv+final_merged_dsir_promoters.csv,no_structured_differentiation_tag|bse_sme_ipo_drhp_pipeline|capacity_expansion_tailwind|workforce_scaling_signal|no_explicit_expansion|hiring|certification_keywords_in_sampled_pages_—_check_md&a|risk_factors_in_full_drhp,4,67,60.0,60.0,0.0,5.0,0.0,5.0,5.0,5.0,weak_differentiation_drhp_generics,1,QA flagged
FLYWINGS SIMULATOR TRAINING CENTRE LIMITED,Bengaluru,unspecified_see_drhp,www.fwstc.co.in,Extract from restated financials in DRHP (pattern not matched).,,DRHP: Mr. Robbin Company Secretary; Ms. Rupal Sanjay Mandavia,bse_sme_ipo_drhp_pipeline|capacity_expansion_tailwind|workforce_scaling_signal,no_structured_differentiation_tag,data_with_dsir_recognition.csv+drhp_companies_specified_format.csv+final_merged_dsir_promoters.csv,no_structured_differentiation_tag|bse_sme_ipo_drhp_pipeline|capacity_expansion_tailwind|workforce_scaling_signal|no_explicit_expansion|hiring|certification_keywords_in_sampled_pages_—_check_md&a|risk_factors_in_full_drhp,4,67,60.0,60.0,0.0,5.0,0.0,5.0,5.0,5.0,weak_differentiation_drhp_generics,1,QA flagged
INTERIORS & MORE LIMITED,"Kumtha Street, off. Shahid Bhagat Singh Road, Ballard Estate, Fort Mumbai G.P.O. Mumbai Maharashtra 400001 India.",unspecified_see_drhp,www.inm.net.in,Extract from restated financials in DRHP (pattern not matched).,,DRHP: Ms. Kuntal Pankaj Sharma Company Secretary; Ms. Kuntal Pankaj Sharma; Mr. Manish Mohan Tibrewal; Mr. Rahul Jhunjhunwala,bse_sme_ipo_drhp_pipeline|capacity_expansion_tailwind|workforce_scaling_signal,no_structured_differentiation_tag,drhp_companies_specified_format.csv+final_merged_dsir_promoters.csv,no_structured_differentiation_tag|bse_sme_ipo_drhp_pipeline|capacity_expansion_tailwind|workforce_scaling_signal|no_explicit_expansion|hiring|certification_keywords_in_sampled_pages_—_check_md&a|risk_factors_in_full_drhp,4,67,60.0,60.0,0.0,5.0,0.0,5.0,5.0,5.0,weak_differentiation_drhp_generics,1,QA flagged
JD Cables Limited,"DATE AND SHALL BE MADE AVAILABLE TO THE BSE LIMITED (“BSE”) FOR THE PURPOSES OF UPLOADING ON THEIR WEBSITE IN ACCORDANCE WITH SECURITIES AND EXCHANGE BOARD OF INDIA (OFFER OF CAPITAL AND DISCLOSURE REQUIREMENTS) REGULATIONS, 2018, AS AMENDED (THE “SEBI ICDR REGULATIONS”).",unspecified_see_drhp,https://jdcables.in/; www.gyrcapitaladvisors.com; www.linkintime.co.in,Extract from restated financials in DRHP (pattern not matched).,,Mr. Piyush Garodia Promoter Selling Shareholder; Mrs. Vrunda Pathak; Ms. Shanti Gopalkrishnan Telephone; Ms. Swati Mittal; Ms. Swati Mittal Company Secretary,bse_sme_ipo_drhp_pipeline|capacity_expansion_tailwind,no_structured_differentiation_tag,drhp_companies_specified_format.csv+final_merged_dsir_promoters.csv,no_structured_differentiation_tag|bse_sme_ipo_drhp_pipeline|capacity_expansion_tailwind|capacity_expansion|capex|capital_expenditure|facility_expansion,4,67,60.0,60.0,0.0,5.0,0.0,5.0,5.0,5.0,stale_temporal_signal|weak_differentiation_drhp_generics,2,QA flagged
Kanone Technologies Limited,"B4(1) 46/2678, Kaniyapilly Road, Chakkaraparambu Vennala P.O Ernakulam, Vennala, Ernakulam, Ernakulam, Kerala, India, 682028",unspecified_see_drhp,www.cameoindia.com; www.ftfinsec.com; www.kanone.in,Extract from restated financials in DRHP (pattern not matched).,,DRHP: Mrs. Sweety Jhunjhunwala Company Secretary; Mr. Faizal Bavaraparambil Abdul Khader; Mrs. Sruthi Muhammed Ali; Mr. Anaz Abdul Khader Bavaraparambil; Mrs. Sweety Jhunjhunwala; Mr. Vivek Vilas Joshi; Mr. Adarsh Punnakkattu Vinu,bse_sme_ipo_drhp_pipeline|capacity_expansion_tailwind|workforce_scaling_signal,no_structured_differentiation_tag,drhp_companies_specified_format.csv+final_merged_dsir_promoters.csv,no_structured_differentiation_tag|bse_sme_ipo_drhp_pipeline|capacity_expansion_tailwind|workforce_scaling_signal|no_explicit_expansion|hiring|certification_keywords_in_sampled_pages_—_check_md&a|risk_factors_in_full_drhp,4,67,60.0,60.0,0.0,5.0,0.0,5.0,5.0,5.0,weak_differentiation_drhp_generics,1,QA flagged
Koura Fine Diamond Jewelry Limited,"304, Iscon Emporio, B/S Star India Bazar Near Jodhpur Cross Road, Satellite, Ahmedabad-380015, Gujarat, India.","which one can evaluate our business, future prospects and viability.",www.gyrcapitaladvisors.com; www.kfintech.com; www.kouradiamondjewelry.com,Extract from restated financials in DRHP (pattern not matched).,,Mr. Kamlesh Keshavlal Lodhiya,bse_sme_ipo_drhp_pipeline|capacity_expansion_tailwind|workforce_scaling_signal,no_structured_differentiation_tag,drhp_companies_specified_format.csv+final_merged_dsir_promoters.csv,no_structured_differentiation_tag|bse_sme_ipo_drhp_pipeline|capacity_expansion_tailwind|workforce_scaling_signal|no_explicit_expansion|hiring|certification_keywords_in_sampled_pages_—_check_md&a|risk_factors_in_full_drhp,4,67,60.0,60.0,0.0,5.0,0.0,5.0,5.0,5.0,calibration_review_queue_step10,1,QA flagged — review tags before outreach
Leo Dryfruits & Spices Trading Limited,"Office Contact Person Email and Telephone Website A 812, MIDC Khairane, Thane Belapur Rd, TTC Industrial Area, Koperkhairane, Thane, Maharashtra-400705, India N.A. Ms. Pratibha Kumari Bharadia Company Secretary and Compliance Officer Email: info@leodryfruitsandspices.com",unspecified_see_drhp,www.leodryfruitsandspices.com,Extract from restated financials in DRHP (pattern not matched).,,DRHP: Ms. Pratibha Kumari Bharadia Company Secretary; Ms. Tanya Goyal E-mail; Ms. Pratibha Kumari Bharadia; Mr. Kaushik Sobhagchand Shah. MOA; Mr. Parth Ashish Mehta. NRIs; Mr. Kaushik Sobhagchand Shah; Mr. Ketan Sobhagchand Shah; Mr. Parth Ashish Mehta. For; Mr. Ashish Jaswantrai Mehta; Mr. Parth Ashish Mehta. Stakeholders Relationship Committee,bse_sme_ipo_drhp_pipeline|capacity_expansion_tailwind|workforce_scaling_signal,no_structured_differentiation_tag,drhp_companies_specified_format.csv+final_merged_dsir_promoters.csv,no_structured_differentiation_tag|bse_sme_ipo_drhp_pipeline|capacity_expansion_tailwind|workforce_scaling_signal|no_explicit_expansion|hiring|certification_keywords_in_sampled_pages_—_check_md&a|risk_factors_in_full_drhp,4,67,60.0,60.0,0.0,5.0,0.0,5.0,5.0,5.0,weak_differentiation_drhp_generics,1,QA flagged
NACDAC Infrastructure Limited,"OFFICE CONTACT PERSON EMAIL ID AND TELEPHONE WEBSITE KF-120 Kavi Nagar, Ghaziabad, Uttar Pradesh, India, 201002 77, 2nd Floor, Navyug Market, Ghaziabad, Uttar Pradesh, India, 201001 Mr. Pradeep Singh Company Secretary and Compliance Officer Email-id: compliance.nacdac@gmail.com I...",unspecified_see_drhp,http://nacdacinfrastructure.com/; www.nacdacinfrstructure.com,Extract from restated financials in DRHP (pattern not matched).,,Mr. Ashish Saxena,bse_sme_ipo_drhp_pipeline|capacity_expansion_tailwind|workforce_scaling_signal,no_structured_differentiation_tag,drhp_companies_specified_format.csv+final_merged_dsir_promoters.csv,no_structured_differentiation_tag|bse_sme_ipo_drhp_pipeline|capacity_expansion_tailwind|workforce_scaling_signal|no_explicit_expansion|hiring|certification_keywords_in_sampled_pages_—_check_md&a|risk_factors_in_full_drhp,4,67,60.0,60.0,0.0,5.0,0.0,5.0,5.0,5.0,weak_differentiation_drhp_generics,1,QA flagged
Neptune Logitek Limited,"EMAIL WEBSITE BBZ-N-62/A, WARD 12/A, Gandhidham, Kachchh - 370201, Gujarat, India Mrs",unspecified_see_drhp,www.bigshareonline.com; www.galacticocorp.com; www.neptunelogitek.com,Extract from restated financials in DRHP (pattern not matched).,,DRHP: Mrs. Manisha Jain Company Secretary; Mr. Vishal Sancheti CIN; Mr. Ganesh Shinde SEBI Registration No; Mr. Ankit Devidas Shah; Mrs. Reema Ankit Shah. For,bse_sme_ipo_drhp_pipeline|capacity_expansion_tailwind|workforce_scaling_signal,no_structured_differentiation_tag,drhp_companies_specified_format.csv+final_merged_dsir_promoters.csv,no_structured_differentiation_tag|bse_sme_ipo_drhp_pipeline|capacity_expansion_tailwind|workforce_scaling_signal|no_explicit_expansion|hiring|certification_keywords_in_sampled_pages_—_check_md&a|risk_factors_in_full_drhp,4,67,60.0,60.0,0.0,5.0,0.0,5.0,5.0,5.0,weak_differentiation_drhp_generics,1,QA flagged
Paradeep Parivahan Limited,"Odisha. Subsequently, our Company was converted into a Public Limited Company pursuant to shareholders resolution passed at the Extra Ordinary General Meeting of the Company held on March 06, 2024 and the name of our Company was changed from “Paradeep Parivahan Private Limited” t...",unspecified_see_drhp,www.paradeepparivahan.com,Extract from restated financials in DRHP (pattern not matched).,,DRHP: Mr. Khalid Khan Managing Director Tel No; Mr. Khalid Khan PROMOTERS OF OUR; Mr. Khalid Khan; Ms. Fouzia Khan; Mr. Pravat Kumar Nandi; Ms. Parbati Priya Nandi; Ms. Alka Bothra; Mr. Faisal Khan; Mr. Nasir Uddin Khan,bse_sme_ipo_drhp_pipeline|capacity_expansion_tailwind,no_structured_differentiation_tag,drhp_companies_specified_format.csv+final_merged_dsir_promoters.csv,no_structured_differentiation_tag|bse_sme_ipo_drhp_pipeline|capacity_expansion_tailwind|capex|capital_expenditure|subsidiary|group_structure,4,67,60.0,60.0,0.0,5.0,0.0,5.0,5.0,5.0,weak_differentiation_drhp_generics|generic_web_or_thin_ops_narrative,2,QA flagged
Phytochem Remedies (India) Limited,"Nagar Main Road, Udaipur City, Udaipur, Girwa, Rajasthan-313001",unspecified_see_drhp,www.bigshareonline.com; www.mefcomcap.in; www.phytochem.co.in,Extract from restated financials in DRHP (pattern not matched).,,DRHP: ADITI BOHRA; BOHRA AGRIFILMS PRIVATE LIMITED,bse_sme_ipo_drhp_pipeline|capacity_expansion_tailwind|workforce_scaling_signal,no_structured_differentiation_tag,drhp_companies_specified_format.csv+final_merged_dsir_promoters.csv,no_structured_differentiation_tag|bse_sme_ipo_drhp_pipeline|capacity_expansion_tailwind|workforce_scaling_signal|no_explicit_expansion|hiring|certification_keywords_in_sampled_pages_—_check_md&a|risk_factors_in_full_drhp,4,67,60.0,60.0,0.0,5.0,0.0,5.0,5.0,5.0,weak_differentiation_drhp_generics,1,QA flagged
Popular Foundations limited,"New No. 32/1, 32/2, Old No. 9/1, 9/2, Kamatchi Apartment, 10th Avenue, Ashok Nagar, Chennai- 600083, Tamilnadu, India N.A Ms. Soniya Sharma, Company Secretary and Compliance Officer Tel: +91 9414987318 Email: info@grouppopular.com",unspecified_see_drhp,www.bigshareonline.com; www.grouppopular.com; www.srujanalpha.com,Extract from restated financials in DRHP (pattern not matched).,,DRHP: Ms. Soniya Sharma; Mr. Jinesh Doshi Telephone; Mr Jinesh Doshi E-mail; Mr. Vinayak Morbale SEBI Registration Number,bse_sme_ipo_drhp_pipeline|capacity_expansion_tailwind|workforce_scaling_signal,no_structured_differentiation_tag,drhp_companies_specified_format.csv+final_merged_dsir_promoters.csv,no_structured_differentiation_tag|bse_sme_ipo_drhp_pipeline|capacity_expansion_tailwind|workforce_scaling_signal|no_explicit_expansion|hiring|certification_keywords_in_sampled_pages_—_check_md&a|risk_factors_in_full_drhp,4,67,60.0,60.0,0.0,5.0,0.0,5.0,5.0,5.0,weak_differentiation_drhp_generics,1,QA flagged
SATTRIX INFORMATION SECURITY LIMITED,"28, Damubhai Colony , Bhattha Paldi, Ahmedabad- 380007 Gujarat, India Ms.Rina Kumari Company Secretary and Compliance Officer",unspecified_see_drhp,www.bigshareonline.com; www.iskadvisors.com; www.sattrix.com,Extract from restated financials in DRHP (pattern not matched).,,DRHP: Mr. Sachhin Kishorbhai Gajjaer; Mrs. Ronak Sachin Gajjar THE ISSUE INITIAL; Mrs. Ronak Sachin Gajjar Promoter Group Such; Mrs. Ronak Sachin Gajjar Company Secretary; Ms. Rina Kumari. Director,bse_sme_ipo_drhp_pipeline|capacity_expansion_tailwind|workforce_scaling_signal,no_structured_differentiation_tag,drhp_companies_specified_format.csv+final_merged_dsir_promoters.csv,no_structured_differentiation_tag|bse_sme_ipo_drhp_pipeline|capacity_expansion_tailwind|workforce_scaling_signal|no_explicit_expansion|hiring|certification_keywords_in_sampled_pages_—_check_md&a|risk_factors_in_full_drhp,4,67,60.0,60.0,0.0,5.0,0.0,5.0,5.0,5.0,weak_differentiation_drhp_generics,1,QA flagged
Seemax Resources Limited,"Registered Office: 403, Mayfair Corporate Park, Behind DPS School, Kalali, Vadodara, Gujarat, India,390012; Tel",unspecified_see_drhp,www.cameoindia.com; www.seemaxresources.com; www.wealthminenetworks.com,₹5–25 Cr (approx from lakhs),,Mr. Amit Naldev Trivedi; Mr. Amit Naldev Trivedi Managing Director; Mr. Pankaj Kewalramani; Mr. Pankaj Kewalramani Company Secretary; Mr. Sanjay Chindu Patil Chief Financial; Mr. Srinivasan Venkateshmurthy Non; Mrs. Sapna Jain Non; Mrs. Aishwarya Singhvi Non; Mrs. Seema Trivedi Whole,bse_sme_ipo_drhp_pipeline|capacity_expansion_tailwind|workforce_scaling_signal,no_structured_differentiation_tag,drhp_companies_specified_format.csv+final_merged_dsir_promoters.csv,no_structured_differentiation_tag|bse_sme_ipo_drhp_pipeline|capacity_expansion_tailwind|workforce_scaling_signal|no_explicit_expansion|hiring|certification_keywords_in_sampled_pages_—_check_md&a|risk_factors_in_full_drhp,4,67,60.0,60.0,0.0,5.0,0.0,5.0,5.0,5.0,weak_differentiation_drhp_generics,1,QA flagged
Shree Refrigerations Limited,"at Plot. No. 131/1+2, Opp. MSEB Stores, Virwade Road, Ogalewadi, Karad, Maharashtr a-415105, India. For details of change in name and registered office of our Company, please refer to chapter titled “",unspecified_see_drhp,https://linkintime.co.in; www.narnolia.com; www.shreeref.com,Extract from restated financials in DRHP (pattern not matched).,,Mr. Ravalnath Gopinath Shende,bse_sme_ipo_drhp_pipeline|capacity_expansion_tailwind|workforce_scaling_signal,no_structured_differentiation_tag,drhp_companies_specified_format.csv+final_merged_dsir_promoters.csv,no_structured_differentiation_tag|bse_sme_ipo_drhp_pipeline|capacity_expansion_tailwind|workforce_scaling_signal|no_explicit_expansion|hiring|certification_keywords_in_sampled_pages_—_check_md&a|risk_factors_in_full_drhp,4,67,60.0,60.0,0.0,5.0,0.0,5.0,5.0,5.0,weak_differentiation_drhp_generics,1,QA flagged
SMR Jewels Limited,"Office Contact Person Email and Telephone Website 3, Vrindavan Appartments, Gulbai Tekra Ahmedabad Gujarat, India 380006. -",unspecified_see_drhp,https://smrjewels.in; www.smrjewels.in,Extract from restated financials in DRHP (pattern not matched).,,Mr. Vismay Manojkumar Soni Promoter; Mrs. Bhanumati Ramanlal Parekh; Mrs. Dipikaben Virendra Soni Promoter; Mrs. Drashti Pal Modi Promoter; Mrs. Parul Manoj Soni Promoter,bse_sme_ipo_drhp_pipeline|capacity_expansion_tailwind|workforce_scaling_signal,no_structured_differentiation_tag,drhp_companies_specified_format.csv+final_merged_dsir_promoters.csv,no_structured_differentiation_tag|bse_sme_ipo_drhp_pipeline|capacity_expansion_tailwind|workforce_scaling_signal|no_explicit_expansion|hiring|certification_keywords_in_sampled_pages_—_check_md&a|risk_factors_in_full_drhp,4,67,60.0,60.0,0.0,5.0,0.0,5.0,5.0,5.0,weak_differentiation_drhp_generics,1,QA flagged
Sunsky Logistics Limited,"Sola, Ahmedabad-380060, Gujarat, India, on leave and license basis through a leave and license agreement entered between our Company with Mrs",unspecified_see_drhp,www.kfintech.com; www.nirbhaycapital.com; www.sunskylogistics.com,Extract from restated financials in DRHP (pattern not matched).,,DRHP: Mr. Kunjal Soni CIN,bse_sme_ipo_drhp_pipeline|capacity_expansion_tailwind|workforce_scaling_signal,no_structured_differentiation_tag,drhp_companies_specified_format.csv+final_merged_dsir_promoters.csv,no_structured_differentiation_tag|bse_sme_ipo_drhp_pipeline|capacity_expansion_tailwind|workforce_scaling_signal|no_explicit_expansion|hiring|certification_keywords_in_sampled_pages_—_check_md&a|risk_factors_in_full_drhp,4,67,60.0,60.0,0.0,5.0,0.0,5.0,5.0,5.0,weak_differentiation_drhp_generics,1,QA flagged
B. D. Industries (Pune) Limited,The registered office of B D INNO Ventures Private Limited (BDIVPL) is situated at Unit No,unspecified_see_drhp,www.bdi-group.org,Extract from restated financials in DRHP (pattern not matched).,,DRHP: subject to any pledge,bse_sme_ipo_drhp_pipeline,iso_certification_mention,drhp_companies_specified_format.csv+final_merged_dsir_promoters.csv,iso_certification_mention|bse_sme_ipo_drhp_pipeline|iso_certification_mentioned|subsidiary|group_structure,3,50,55.0,55.0,0.0,0.0,5.0,0.0,5.0,5.0,iso_only_differentiation_no_sector_moat|generic_web_or_thin_ops_narrative,2,QA flagged
Durgadevi Raiment Limited,"A5, Calcutta Land Premises No",unspecified_see_drhp,www.ddrl.in; www.inventuremerchantbanker.com; www.purvashare.com,Extract from restated financials in DRHP (pattern not matched).,,Could not download DRHP PDF/ZIP for promoter extraction.,bse_sme_ipo_drhp_pipeline,iso_certification_mention,drhp_companies_specified_format.csv+final_merged_dsir_promoters.csv,iso_certification_mention|bse_sme_ipo_drhp_pipeline|iso_certification_mentioned,3,50,55.0,55.0,0.0,0.0,5.0,0.0,5.0,5.0,iso_only_differentiation_no_sector_moat,1,QA flagged
FFS Defence Engineering Limited,Office Contact Person Email and Telephone Website Plot No,unspecified_see_drhp,www.ffsdefence.com; www.inventuremerchantbanker.com; www.linkintime.co.in,Extract from restated financials in DRHP (pattern not matched).,,Promoter names not machine-extracted from sampled DRHP pages; verify in IPO prospectus or LinkedIn.,bse_sme_ipo_drhp_pipeline,iso_certification_mention,drhp_companies_specified_format.csv+final_merged_dsir_promoters.csv,iso_certification_mention|bse_sme_ipo_drhp_pipeline|iso_certification_mentioned,3,50,55.0,55.0,0.0,0.0,5.0,0.0,5.0,5.0,iso_only_differentiation_no_sector_moat,1,QA flagged
G V ELECTRICALS LIMITED,"Hammersmith Industrial Premises Co-op Society Ltd, Narayan Pathare Marg, Off",unspecified_see_drhp,www.gvelectricals.com,Extract from restated financials in DRHP (pattern not matched).,,Promoter names not machine-extracted — verify in IPO prospectus or LinkedIn.,bse_sme_ipo_drhp_pipeline,iso_certification_mention,drhp_companies_specified_format.csv+final_merged_dsir_promoters.csv,iso_certification_mention|bse_sme_ipo_drhp_pipeline|iso_certification_mentioned,3,50,55.0,55.0,0.0,0.0,5.0,0.0,5.0,5.0,iso_only_differentiation_no_sector_moat|generic_web_or_thin_ops_narrative,2,QA flagged
Grandmaa International Limited,Little or no extractable text (likely scanned PDF — needs OCR).,unspecified_see_drhp,www.grandmaa.in; www.ifinservices.in; www.skylinerta.com,Extract from restated financials in DRHP (pattern not matched).,,DRHP: Jaideep Jain; Seema Jain,bse_sme_ipo_drhp_pipeline,iso_certification_mention,drhp_companies_specified_format.csv+final_merged_dsir_promoters.csv,iso_certification_mention|bse_sme_ipo_drhp_pipeline|iso_certification_mentioned|subsidiary|group_structure,3,50,55.0,55.0,0.0,0.0,5.0,0.0,5.0,5.0,iso_only_differentiation_no_sector_moat,1,QA flagged
HGI AUTOMOTIVES LIMITED,"alia, (i) forms in respect of the allotment of 128,300 and 65,000 equity shares on March 31, 1999, and (ii) filings of profit and loss accounts in Form 23ACA for the financial years 2005-06 to 2013-14. We have obtained a search report dated September 29, 2025, issued by B. S. Vya...",unspecified_see_drhp,www.hgiautomotives.com; www.kfintech.com; www.nirbhaycapital.com,Extract from restated financials in DRHP (pattern not matched).,,Could not download DRHP PDF/ZIP for promoter extraction.,bse_sme_ipo_drhp_pipeline|capacity_expansion_tailwind,iso_certification_mention,drhp_companies_specified_format.csv+final_merged_dsir_promoters.csv,iso_certification_mention|bse_sme_ipo_drhp_pipeline|capacity_expansion_tailwind|capacity_expansion|iso_certification_mentioned|subsidiary|group_structure,3,50,55.0,55.0,0.0,0.0,5.0,0.0,5.0,5.0,stale_temporal_signal|iso_only_differentiation_no_sector_moat,2,QA flagged
HRS Aluglaze Limited,"located), at least two working days prior to the Bid / Issue Opening Date and shall be available to the Stock Exchange for the purpose of uploading on their respective websites. “Pri",unspecified_see_drhp,www.hrsaluglaze.com,₹3 Cr (stated),,Promoter names not machine-extracted from sampled DRHP pages; verify in IPO prospectus or LinkedIn.,bse_sme_ipo_drhp_pipeline|capacity_expansion_tailwind,iso_certification_mention,drhp_companies_specified_format.csv+final_merged_dsir_promoters.csv,iso_certification_mention|bse_sme_ipo_drhp_pipeline|capacity_expansion_tailwind|iso_certification_mentioned|facility_expansion,3,50,55.0,55.0,0.0,0.0,5.0,0.0,5.0,5.0,iso_only_differentiation_no_sector_moat|generic_web_or_thin_ops_narrative,2,QA flagged
JEE Pumps Limited,"details, see “Our Business – Our Properties” on page 130 of the Draft Red Herring Prospectus.",Manufacturing / Industrial,www.ib.marwadichandaranagroup.com; www.jeepumps.com,Extract from restated financials in DRHP (pattern not matched).,,Promoter names not machine-extracted — verify in IPO prospectus or LinkedIn.,bse_sme_ipo_drhp_pipeline|make_in_india_manufacturing|capacity_expansion_tailwind|workforce_scaling_signal,no_structured_differentiation_tag,drhp_companies_specified_format.csv+final_merged_dsir_promoters.csv,no_structured_differentiation_tag|bse_sme_ipo_drhp_pipeline|make_in_india_manufacturing|capacity_expansion_tailwind|workforce_scaling_signal|no_explicit_expansion|hiring|certification_keywords_in_sampled_pages_—_check_md&a|risk_factors_in_full_drhp,3,50,55.0,55.0,5.0,0.0,0.0,0.0,5.0,5.0,calibration_review_queue_step10,1,QA flagged — review tags before outreach
Justo Realfintech Limited,"El Tara Building, Powai, Off",unspecified_see_drhp,www.justo.co.in; www.purvashare.com; www.vivro.net,Extract from restated financials in DRHP (pattern not matched).,,Promoter names not machine-extracted from sampled DRHP pages; verify in IPO prospectus or LinkedIn.,bse_sme_ipo_drhp_pipeline,iso_certification_mention,drhp_companies_specified_format.csv+final_merged_dsir_promoters.csv,iso_certification_mention|bse_sme_ipo_drhp_pipeline|iso_certification_mentioned|subsidiary|group_structure,3,50,55.0,55.0,0.0,0.0,5.0,0.0,5.0,5.0,iso_only_differentiation_no_sector_moat,1,QA flagged
Metalic Technoforge Ltd,Rajkot,Manufacturing / Industrial,metalictechnoforge.com,₹100–200 Cr,,,bse_sme_ipo_drhp_pipeline|make_in_india_manufacturing|capital_markets_ipo_activity,no_structured_differentiation_tag,data_with_dsir_recognition.csv+final_merged_dsir_promoters.csv,no_structured_differentiation_tag|bse_sme_ipo_drhp_pipeline|make_in_india_manufacturing|capital_markets_ipo_activity|ipo_filed_mar_2026,3,50,55.0,55.0,5.0,0.0,0.0,0.0,5.0,5.0,calibration_review_queue_step10,1,QA flagged — review tags before outreach
NATRINAI VENTURES LIMITED,vide Certificate of Incorporation bearing,"Offer Size and Pre-Offer Shareholding of Promoters, Promoter Group and Promoter Selling Shareholder as a percentage of",https://www.kreocapital.com; www.cameoindia.com; www.ngegreenenergy.com,Extract from restated financials in DRHP (pattern not matched).,,Could not download DRHP PDF/ZIP for promoter extraction.,bse_sme_ipo_drhp_pipeline,iso_certification_mention,drhp_companies_specified_format.csv+final_merged_dsir_promoters.csv,iso_certification_mention|bse_sme_ipo_drhp_pipeline|iso_certification_mentioned,3,50,55.0,55.0,0.0,0.0,5.0,0.0,5.0,5.0,iso_only_differentiation_no_sector_moat,1,QA flagged
Omnipotent Industries Limited,"“History and Certain Other Corporate Matters’ on pages 34 and 73, respectively.",unspecified_see_drhp,www.bigshareonline.com; www.inventuremerchantbanker.com; www.omnipotent.co.in,Extract from restated financials in DRHP (pattern not matched).,,Promoter names not machine-extracted from sampled DRHP pages; verify in IPO prospectus or LinkedIn.,bse_sme_ipo_drhp_pipeline,iso_certification_mention,drhp_companies_specified_format.csv+final_merged_dsir_promoters.csv,iso_certification_mention|bse_sme_ipo_drhp_pipeline|iso_certification_mentioned,3,50,55.0,55.0,0.0,0.0,5.0,0.0,5.0,5.0,iso_only_differentiation_no_sector_moat,1,QA flagged
Peshwa Wheat Limited,"of filing of the Draft Red Herring Prospectus with BSE SME and inviting the public to provide their comments to the BSE SME Exchange, our Company or the Book Running Lead Manager(s) in respect of the disclosures made in this Draft Red Herring Prospectus.",unspecified_see_drhp,www.peshwawheat.com,Extract from restated financials in DRHP (pattern not matched).,,Could not download DRHP PDF/ZIP for promoter extraction.,bse_sme_ipo_drhp_pipeline,iso_certification_mention,drhp_companies_specified_format.csv+final_merged_dsir_promoters.csv,iso_certification_mention|bse_sme_ipo_drhp_pipeline|iso_certification_mentioned|subsidiary|group_structure,3,50,55.0,55.0,0.0,0.0,5.0,0.0,5.0,5.0,iso_only_differentiation_no_sector_moat|generic_web_or_thin_ops_narrative,2,QA flagged
PRODOCS SOLUTIONS LIMITED,"Information” and “History and Certain Corporate Matters’ on pages 65 and 173, respectively of this Draft Red Herring Prospectus.",page 23 of the Draft Red Herring Prospectus as follows:,www.cumulativecapital.group; www.prodocssolution.com,₹5–25 Cr (approx from lakhs),,Promoter names not machine-extracted from sampled DRHP pages; verify in IPO prospectus or LinkedIn.,bse_sme_ipo_drhp_pipeline,iso_certification_mention,drhp_companies_specified_format.csv+final_merged_dsir_promoters.csv,iso_certification_mention|bse_sme_ipo_drhp_pipeline|iso_certification_mentioned|subsidiary|group_structure,3,50,55.0,55.0,0.0,0.0,5.0,0.0,5.0,5.0,iso_only_differentiation_no_sector_moat,1,QA flagged
Riddhi Display Equipments Limited,PDF parse error: PdfStreamError,unspecified_see_drhp,www.jawacapital.in; www.riddhidisplay.com,Extract from restated financials in DRHP (pattern not matched).,,Could not download DRHP PDF/ZIP for promoter extraction.,bse_sme_ipo_drhp_pipeline,iso_certification_mention,drhp_companies_specified_format.csv+final_merged_dsir_promoters.csv,iso_certification_mention|bse_sme_ipo_drhp_pipeline|iso_certification_mentioned,3,50,55.0,55.0,0.0,0.0,5.0,0.0,5.0,5.0,iso_only_differentiation_no_sector_moat,1,QA flagged
STANBIK AGRO LIMITED,to section titled “Our History and Certain Corporate Matters” beginning on page number 136 of the Draft Prospectus.,Manufacturing / Industrial,https://growhousewealth.com; https://stanbikagro.com,Extract from restated financials in DRHP (pattern not matched).,,Could not download DRHP PDF/ZIP for promoter extraction.,bse_sme_ipo_drhp_pipeline|make_in_india_manufacturing|capacity_expansion_tailwind|workforce_scaling_signal,no_structured_differentiation_tag,drhp_companies_specified_format.csv+final_merged_dsir_promoters.csv,no_structured_differentiation_tag|bse_sme_ipo_drhp_pipeline|make_in_india_manufacturing|capacity_expansion_tailwind|workforce_scaling_signal|no_explicit_expansion|hiring|certification_keywords_in_sampled_pages_—_check_md&a|risk_factors_in_full_drhp,3,50,55.0,55.0,5.0,0.0,0.0,0.0,5.0,5.0,calibration_review_queue_step10,1,QA flagged — review tags before outreach
Vinod Texworld Ltd,Ludhiana,Manufacturing / Industrial,vinodtexworld.com,₹40–70 Cr,,,bse_sme_ipo_drhp_pipeline|make_in_india_manufacturing|capital_markets_ipo_activity,no_structured_differentiation_tag,data_with_dsir_recognition.csv+final_merged_dsir_promoters.csv,no_structured_differentiation_tag|bse_sme_ipo_drhp_pipeline|make_in_india_manufacturing|capital_markets_ipo_activity|ipo_filed_sep_2025,3,50,55.0,55.0,5.0,0.0,0.0,0.0,5.0,5.0,calibration_review_queue_step10,1,QA flagged — review tags before outreach
Access Point India Limited,"Registrar of Companies/ Registrar of Companies, Central Processing Centre vide bearing",unspecified_see_drhp,https://www.myaccessp.net; www.finaaxcapital.com; www.in.mpms.mufg.com,₹5–25 Cr (approx from lakhs),,DRHP: Ms. Reena Sharma NOTICE TO INVESTORS; Mr. Bherusingh Rajput Managing Director DIN; Mr. Ikshit Shah; Mr. Yash Doshi CIN; Mr. Pravinbhai Chandubhai Chandulal Patel; Mr. Pankajkumar Chandubhai,bse_sme_ipo_drhp_pipeline|workforce_scaling_signal,no_structured_differentiation_tag,drhp_companies_specified_format.csv+final_merged_dsir_promoters.csv,no_structured_differentiation_tag|bse_sme_ipo_drhp_pipeline|workforce_scaling_signal|hiring|recruitment,3,50,50.0,50.0,0.0,0.0,0.0,5.0,5.0,5.0,weak_differentiation_drhp_generics,1,QA flagged
ACCORD TRANSFORMER & SWITCHGEAR LIMITED,"December 04, 2024",unspecified_see_drhp,https://atsgroup.in/; www.gyrcapitaladvisors.com; www.kfintech.com,Extract from restated financials in DRHP (pattern not matched).,U31500HR2014PLC052544,DRHP: Ms. Tulsi Sharma; Ms. Tulsi Sharma Company Secretary; Mr. Mohit Baid; Ms. Maitri Thakkar SEBI Registration Number; Mr. Pradeep Kumar Verma; Mrs. Shalini Singh; Mr. Pradeep Kumar Verma Chief Financial Officer; Mr. Ranjan Kumar Samal. Company Secretary; Ms. Tulsi Sharma. Depositories Act The Depositories,bse_sme_ipo_drhp_pipeline|capacity_expansion_tailwind|workforce_scaling_signal,no_structured_differentiation_tag,drhp_companies_specified_format.csv+final_merged_dsir_promoters.csv,no_structured_differentiation_tag|bse_sme_ipo_drhp_pipeline|capacity_expansion_tailwind|workforce_scaling_signal|no_explicit_expansion|hiring|certification_keywords_in_sampled_pages_—_check_md&a|risk_factors_in_full_drhp,3,50,50.0,50.0,0.0,0.0,0.0,5.0,5.0,5.0,weak_differentiation_drhp_generics,1,QA flagged
Accretion Nutraveda Limited,2013: 1. Form DPT-3,unspecified_see_drhp,www.accretionnutraveda.com,Extract from restated financials in DRHP (pattern not matched).,,Mr. Harshad Nanubhai Rathod,bse_sme_ipo_drhp_pipeline|capacity_expansion_tailwind|workforce_scaling_signal,no_structured_differentiation_tag,drhp_companies_specified_format.csv+final_merged_dsir_promoters.csv,no_structured_differentiation_tag|bse_sme_ipo_drhp_pipeline|capacity_expansion_tailwind|workforce_scaling_signal|no_explicit_expansion|hiring|certification_keywords_in_sampled_pages_—_check_md&a|risk_factors_in_full_drhp,3,50,50.0,50.0,0.0,0.0,0.0,5.0,5.0,5.0,stale_temporal_signal|weak_differentiation_drhp_generics,2,QA flagged
Apana Logistics Limited,please refer to the section title “History and Corporate Structure” on page no. Error! Bookmark not defined. of this Draft Prospectus.,unspecified_see_drhp,www.apanalogistics.com; www.corporatemakers.in; www.kfintech.com,Extract from restated financials in DRHP (pattern not matched).,,DRHP: Ms. Neelam Damji Shah; Mr. Rohit Pareek; Mr. Manish Kumar Singh SEBI Registration Number; Mr. Pratyaksh Sureka; Mr. Adarsh Sureka; Mr. Shrawan Kumar Sureka Date; Mr. Shrawan Kumar Sureka; Mrs. Devika Sureka,bse_sme_ipo_drhp_pipeline|capacity_expansion_tailwind|workforce_scaling_signal,no_structured_differentiation_tag,drhp_companies_specified_format.csv+final_merged_dsir_promoters.csv,no_structured_differentiation_tag|bse_sme_ipo_drhp_pipeline|capacity_expansion_tailwind|workforce_scaling_signal|no_explicit_expansion|hiring|certification_keywords_in_sampled_pages_—_check_md&a|risk_factors_in_full_drhp,3,50,50.0,50.0,0.0,0.0,0.0,5.0,5.0,5.0,weak_differentiation_drhp_generics,1,QA flagged
Astonea Labs Ltd,House No,unspecified_see_drhp,https://www.astonea.org/,Extract from restated financials in DRHP (pattern not matched).,,DRHP: Ms. Avneet Kaur; Ms. Alka Mishra Email; Mr. Murali Krishna; Mr. Ashish Gulati,bse_sme_ipo_drhp_pipeline|capacity_expansion_tailwind|workforce_scaling_signal,no_structured_differentiation_tag,drhp_companies_specified_format.csv+final_merged_dsir_promoters.csv,no_structured_differentiation_tag|bse_sme_ipo_drhp_pipeline|capacity_expansion_tailwind|workforce_scaling_signal|no_explicit_expansion|hiring|certification_keywords_in_sampled_pages_—_check_md&a|risk_factors_in_full_drhp,3,50,50.0,50.0,0.0,0.0,0.0,5.0,5.0,5.0,weak_differentiation_drhp_generics,1,QA flagged
Beezaasan Explotech Limited,"5th Floor, 511, Pramukh Tangent Complex, Sargasan Cross Road, S",unspecified_see_drhp,www.beezaasan.com,Extract from restated financials in DRHP (pattern not matched).,,DRHP: Ms. Ankita Choudhury Company Secretary; Ms. Ankita Choudhury; Mr. Navneetkumar Radheshyam Somani MOA; Mr. Navneetkumar Radheshyam Somani; Mr. Sunilkumar Radheshyam Somani; Mr. Rajan Sunilkumar Somani; Mr. Devi Singh Kachhwaha; Mr. Satya Prakash Heda; Ms. Manisha Navneet Somani; Ms. Komalben Sunilkumar Somani,bse_sme_ipo_drhp_pipeline|capacity_expansion_tailwind|workforce_scaling_signal,no_structured_differentiation_tag,drhp_companies_specified_format.csv+final_merged_dsir_promoters.csv,no_structured_differentiation_tag|bse_sme_ipo_drhp_pipeline|capacity_expansion_tailwind|workforce_scaling_signal|no_explicit_expansion|hiring|certification_keywords_in_sampled_pages_—_check_md&a|risk_factors_in_full_drhp,3,50,50.0,50.0,0.0,0.0,0.0,5.0,5.0,5.0,weak_differentiation_drhp_generics,1,QA flagged
Bipin Offset Limited,"into Public Limited Company and name of company was changed from “Bipin Offset Private Limited” to “Bipin Offset Limited” vide fresh certificate of incorporation dated July 01, 2025. For further details, please see chapter titled """,unspecified_see_drhp,https://bipinoffset.com/,Extract from restated financials in DRHP (pattern not matched).,,DRHP: Mrs. Radhika Parth Soni; Mr. Rakesh Bhogilal Patel; Mrs. Zinnal Rakeshkumar Patel; Mr. Rikin Bipinchandra Patel. For; Mrs. Zinnal Rakeshkumar Patel. For,bse_sme_ipo_drhp_pipeline|capacity_expansion_tailwind|workforce_scaling_signal,no_structured_differentiation_tag,drhp_companies_specified_format.csv+final_merged_dsir_promoters.csv,no_structured_differentiation_tag|bse_sme_ipo_drhp_pipeline|capacity_expansion_tailwind|workforce_scaling_signal|no_explicit_expansion|hiring|certification_keywords_in_sampled_pages_—_check_md&a|risk_factors_in_full_drhp,3,50,50.0,50.0,0.0,0.0,0.0,5.0,5.0,5.0,weak_differentiation_drhp_generics,1,QA flagged
Datasol (Bangalore) Limited,"company, please refer to section titled “",unspecified_see_drhp,www.datasolindia.com,Extract from restated financials in DRHP (pattern not matched).,,DRHP: Ms. Sachi Shrikumar Lakhotia Company Secretary; Mr. Satish Reddy; Mr. Balakuntlam Sathyanarayana Sureshkumar; Mrs. Basavana Palli Ambika Soni; Mrs. Shyalaja Ramamurthy DETAILS OF OFFER TO; Mr. S. Ramakrishna Iyengar Email; Ms. Sachi Shrikumar Lakhotia; Mrs. Shyalaja Ramamurthy. Promoter Group Includes,bse_sme_ipo_drhp_pipeline|capacity_expansion_tailwind|workforce_scaling_signal,no_structured_differentiation_tag,drhp_companies_specified_format.csv+final_merged_dsir_promoters.csv,no_structured_differentiation_tag|bse_sme_ipo_drhp_pipeline|capacity_expansion_tailwind|workforce_scaling_signal|no_explicit_expansion|hiring|certification_keywords_in_sampled_pages_—_check_md&a|risk_factors_in_full_drhp,3,50,50.0,50.0,0.0,0.0,0.0,5.0,5.0,5.0,weak_differentiation_drhp_generics,1,QA flagged
Defrail Technologies Limited,"Manufactu ring Plant- 2 3,330 sq. yards 1,51503.33 sq. yards",unspecified_see_drhp,www.defrailtech.in; www.maashitla.com; www.nexgenfin.com,Extract from restated financials in DRHP (pattern not matched).,,Ms. Ashi Aggarwal,bse_sme_ipo_drhp_pipeline|capacity_expansion_tailwind|workforce_scaling_signal,no_structured_differentiation_tag,drhp_companies_specified_format.csv+final_merged_dsir_promoters.csv,no_structured_differentiation_tag|bse_sme_ipo_drhp_pipeline|capacity_expansion_tailwind|workforce_scaling_signal|no_explicit_expansion|hiring|certification_keywords_in_sampled_pages_—_check_md&a|risk_factors_in_full_drhp,3,50,50.0,50.0,0.0,0.0,0.0,5.0,5.0,5.0,weak_differentiation_drhp_generics,1,QA flagged
DSM Fresh Foods Limited,"consequent upon conversion dated July 09, 2024, bearing",unspecified_see_drhp,https://www.zappfresh.com/; www.maashitla.com; www.narnolia.com,Extract from restated financials in DRHP (pattern not matched).,,DRHP: Mr. DEEPANSHU MANCHANDA; Mrs. PRIYA AGGARWAL ADDENDUM TO THE DRAFT; Mr. Rajveer Singh Website; Mr. Mukul Agrawal CIN; Mr. Deepanshu Manchanda; Mrs. Priya Aggarwal. For; Mr. Sandeep Kumar; Mr. Sajit Kumar; Ms. Shruti Gochhwal; Mr. Mange Ram Gochhwal,bse_sme_ipo_drhp_pipeline|capacity_expansion_tailwind|workforce_scaling_signal,no_structured_differentiation_tag,drhp_companies_specified_format.csv+final_merged_dsir_promoters.csv,no_structured_differentiation_tag|bse_sme_ipo_drhp_pipeline|capacity_expansion_tailwind|workforce_scaling_signal|no_explicit_expansion|hiring|certification_keywords_in_sampled_pages_—_check_md&a|risk_factors_in_full_drhp,3,50,50.0,50.0,0.0,0.0,0.0,5.0,5.0,5.0,weak_differentiation_drhp_generics,1,QA flagged
Efficient Fire and Security Solutions Limited,Centre. The present,unspecified_see_drhp,www.bigshareonline.com; www.efficientfire.in; www.swastika.co.in,Extract from restated financials in DRHP (pattern not matched).,,DRHP: ANAND BABRUVAN GADEKAR AND AARTI ANAND GADEKAR,bse_sme_ipo_drhp_pipeline|capacity_expansion_tailwind|workforce_scaling_signal,no_structured_differentiation_tag,drhp_companies_specified_format.csv+final_merged_dsir_promoters.csv,no_structured_differentiation_tag|bse_sme_ipo_drhp_pipeline|capacity_expansion_tailwind|workforce_scaling_signal|no_explicit_expansion|hiring|certification_keywords_in_sampled_pages_—_check_md&a|risk_factors_in_full_drhp,3,50,50.0,50.0,0.0,0.0,0.0,5.0,5.0,5.0,weak_differentiation_drhp_generics,1,QA flagged
ENPROCON ENTERPRISE LIMITED,"EnProCon Enterprise Limited B-705 Mondeal heights, Nr",unspecified_see_drhp,https://enprocon.com/,Extract from restated financials in DRHP (pattern not matched).,,DRHP: Ms Dhwani Mahendra Bothra; Mr. Mukhtiyarhusain Ruknudin Shaikh Company Secretary,bse_sme_ipo_drhp_pipeline|capacity_expansion_tailwind|workforce_scaling_signal,no_structured_differentiation_tag,drhp_companies_specified_format.csv+final_merged_dsir_promoters.csv,no_structured_differentiation_tag|bse_sme_ipo_drhp_pipeline|capacity_expansion_tailwind|workforce_scaling_signal|no_explicit_expansion|hiring|certification_keywords_in_sampled_pages_—_check_md&a|risk_factors_in_full_drhp,3,50,50.0,50.0,0.0,0.0,0.0,5.0,5.0,5.0,weak_differentiation_drhp_generics,1,QA flagged
ENS Enterprises Limited,"May 08, 2025",unspecified_see_drhp,www.abhipra.com; www.corporatemakers.in; www.ens.enterprises,Extract from restated financials in DRHP (pattern not matched).,U74120UP2016PLC075577,DRHP: Mr. Akhil Jain; Mr. Manish Kumar Srivastava July; Mr. Avinash Kumar Singh July; Mr. Anupam Kumar Srivastava July; Mr. Avinash Kumar Singh; Mr. Manish Kumar Srivastava For; Mr. Anupam Kuma; Mr. Anupam Kumar Srivastava,bse_sme_ipo_drhp_pipeline|capacity_expansion_tailwind|workforce_scaling_signal,no_structured_differentiation_tag,drhp_companies_specified_format.csv+final_merged_dsir_promoters.csv,no_structured_differentiation_tag|bse_sme_ipo_drhp_pipeline|capacity_expansion_tailwind|workforce_scaling_signal|no_explicit_expansion|hiring|certification_keywords_in_sampled_pages_—_check_md&a|risk_factors_in_full_drhp,3,50,50.0,50.0,0.0,0.0,0.0,5.0,5.0,5.0,weak_differentiation_drhp_generics,1,QA flagged
Haru Worldwide Limited,Sukun Business Centre Nr,unspecified_see_drhp,www.bigshareonline.com; www.haruworldwide.com; www.ifinservices.in,Extract from restated financials in DRHP (pattern not matched).,,DRHP: Mr. Anil Runthala; Mrs. Harsha Sharma Type Fresh Issue Size; Mrs. Krishna Naik; Mr. Anilkumar Runthala; Mrs. Harsha Sharma Promoter Group Companies; Mr. Rakesh Dutta Companies Act Companies Act; Mrs. Harsha Sharma. For,bse_sme_ipo_drhp_pipeline|capacity_expansion_tailwind|workforce_scaling_signal,no_structured_differentiation_tag,drhp_companies_specified_format.csv+final_merged_dsir_promoters.csv,no_structured_differentiation_tag|bse_sme_ipo_drhp_pipeline|capacity_expansion_tailwind|workforce_scaling_signal|no_explicit_expansion|hiring|certification_keywords_in_sampled_pages_—_check_md&a|risk_factors_in_full_drhp,3,50,50.0,50.0,0.0,0.0,0.0,5.0,5.0,5.0,weak_differentiation_drhp_generics,1,QA flagged
Horizon Reclaim  (India) Limited,"2025. Our Company’s Corporate Identity Number is U25206UP2006PLC032294. For details of change in Registered office of our Company, please refer to the chapter titled “History and Certain Corporate Matters” on page 149 of the Draft Red Herring Prospectus.",unspecified_see_drhp,https://horizonreclaim.com/; www.gyrcapitaladvisors.com; www.kfintech.com,Extract from restated financials in DRHP (pattern not matched).,U25206UP2006PLC032294,DRHP: Ms. Deeksha Thakral Company Secretary; Mr. Mohit Baid SEBI Registration Number; Ms. Neha Ahuja; Mr. Raj Mehta,bse_sme_ipo_drhp_pipeline|capacity_expansion_tailwind,no_structured_differentiation_tag,drhp_companies_specified_format.csv+final_merged_dsir_promoters.csv,no_structured_differentiation_tag|bse_sme_ipo_drhp_pipeline|capacity_expansion_tailwind|capacity_expansion,3,50,50.0,50.0,0.0,0.0,0.0,5.0,5.0,5.0,weak_differentiation_drhp_generics,1,QA flagged
Icon Facilitators Limited,in Form GNL 2 with SRN: AB2710819 AOC-4 (For the FY2015-2016),unspecified_see_drhp,www.iconf.in; www.khambattasecurities.com; www.maashitla.com,Extract from restated financials in DRHP (pattern not matched).,,DRHP: Ms. Mamzuza Malia; Mrs. Pooja Makhija; Mr. Sunil Bharihoke,bse_sme_ipo_drhp_pipeline|workforce_scaling_signal,no_structured_differentiation_tag,drhp_companies_specified_format.csv+final_merged_dsir_promoters.csv,no_structured_differentiation_tag|bse_sme_ipo_drhp_pipeline|workforce_scaling_signal|hiring|recruitment,3,50,50.0,50.0,0.0,0.0,0.0,5.0,5.0,5.0,stale_temporal_signal|weak_differentiation_drhp_generics,2,QA flagged
Jungle Camps India Limited,"Jungle Resorts Private Limited” and “Jungle Camps Private Limited”, the same are required to be updated/ changed with various government/semi government authorities and various organizations.",unspecified_see_drhp,www.junglecampsindia.com; www.khambattasecurities.com; www.skylinerta.com,Extract from restated financials in DRHP (pattern not matched).,,DRHP: Ms. Parul Shekhawat; Mr. Chandan Mishra; Ms. Nisha Shaw SEBI Registration No; Mr. Anuj Rana Website,bse_sme_ipo_drhp_pipeline|capacity_expansion_tailwind|workforce_scaling_signal,no_structured_differentiation_tag,drhp_companies_specified_format.csv+final_merged_dsir_promoters.csv,no_structured_differentiation_tag|bse_sme_ipo_drhp_pipeline|capacity_expansion_tailwind|workforce_scaling_signal|no_explicit_expansion|hiring|certification_keywords_in_sampled_pages_—_check_md&a|risk_factors_in_full_drhp,3,50,50.0,50.0,0.0,0.0,0.0,5.0,5.0,5.0,weak_differentiation_drhp_generics,1,QA flagged
K K Silk Mills Limited,Corporate Structure” beginning on page no,unspecified_see_drhp,www.axialcapital.in; www.kksilkmills.com; www.linkintime.co.in,Extract from restated financials in DRHP (pattern not matched).,,DRHP: Ms. Saachi Rajesh Madnani PROMOTERS OF; Mr. Ashish Roongta CIN; Ms. Shanti Gopalkrishnan Email Id; Mrs. Asha Manish Shah; Ms. Saachi Rajesh Madnani; Ms. Saachi Rajesh Madnani Membership No,bse_sme_ipo_drhp_pipeline|capacity_expansion_tailwind|workforce_scaling_signal,no_structured_differentiation_tag,drhp_companies_specified_format.csv+final_merged_dsir_promoters.csv,no_structured_differentiation_tag|bse_sme_ipo_drhp_pipeline|capacity_expansion_tailwind|workforce_scaling_signal|no_explicit_expansion|hiring|certification_keywords_in_sampled_pages_—_check_md&a|risk_factors_in_full_drhp,3,50,50.0,50.0,0.0,0.0,0.0,5.0,5.0,5.0,weak_differentiation_drhp_generics,1,QA flagged
K. V. TOYS INDIA LIMITED,LOCATED) AT LEAST TWO WORKING DAYS PRIOR TO THE BID/ISSUE OPENING DATE WITH THE RELEVANT FINANCIAL RATIOS CALCULATED AT THE FLOOR PRICE AND THE CAP PRICE AND SHALL BE MADE AVAILABLE TO THE SME PLATFORM OF BSE LIMITED (“BSE”) FOR THE PURPOSES OF UPLOADING ON ITS,unspecified_see_drhp,https://kvtoys.com/; www.gyrcapitaladvisors.com; www.purvashare.com,Extract from restated financials in DRHP (pattern not matched).,,Ms. Namita Narang,bse_sme_ipo_drhp_pipeline|capacity_expansion_tailwind|workforce_scaling_signal,no_structured_differentiation_tag,drhp_companies_specified_format.csv+final_merged_dsir_promoters.csv,no_structured_differentiation_tag|bse_sme_ipo_drhp_pipeline|capacity_expansion_tailwind|workforce_scaling_signal|no_explicit_expansion|hiring|certification_keywords_in_sampled_pages_—_check_md&a|risk_factors_in_full_drhp,3,50,50.0,50.0,0.0,0.0,0.0,5.0,5.0,5.0,weak_differentiation_drhp_generics,1,QA flagged
KASLIWAL PROJECTS LIMITED,wide circulation,unspecified_see_drhp,https://kasliwalprojects.com/; www.corpwis.com; www.purvashare.com,Extract from restated financials in DRHP (pattern not matched).,,DRHP: Mr. Padam Kumar Jain; Mr. Nitish Padam Jain; Mrs. Jyoti Jain; Mrs. Poonam Anish Jain; Mrs. Mina Devi Jain; Mr. Anish Padam Jain,bse_sme_ipo_drhp_pipeline|capacity_expansion_tailwind,no_structured_differentiation_tag,drhp_companies_specified_format.csv+final_merged_dsir_promoters.csv,no_structured_differentiation_tag|bse_sme_ipo_drhp_pipeline|capacity_expansion_tailwind|capacity_expansion|subsidiary|group_structure,3,50,50.0,50.0,0.0,0.0,0.0,5.0,5.0,5.0,weak_differentiation_drhp_generics,1,QA flagged
Kizi Apparels Limited,"dated August 09, 2023. The Corporate Identification Number of our Company is U14109RJ2023PLC086522.",unspecified_see_drhp,www.bigshareonline.com; www.ifinservices.in; www.kiziapparels.co.in,Extract from restated financials in DRHP (pattern not matched).,U14109RJ2023PLC086522,DRHP: Ms. Kiran Nathani; Mr. Pradip Sandhir SEBI Reg. No; Mr. Asif Sayyed SEBI Reg. No; Mr. Abhishek Nathani,bse_sme_ipo_drhp_pipeline|capacity_expansion_tailwind|workforce_scaling_signal,no_structured_differentiation_tag,drhp_companies_specified_format.csv+final_merged_dsir_promoters.csv,no_structured_differentiation_tag|bse_sme_ipo_drhp_pipeline|capacity_expansion_tailwind|workforce_scaling_signal|no_explicit_expansion|hiring|certification_keywords_in_sampled_pages_—_check_md&a|risk_factors_in_full_drhp,3,50,50.0,50.0,0.0,0.0,0.0,5.0,5.0,5.0,borderline_stale_temporal_signal|weak_differentiation_drhp_generics,2,QA flagged
KVS Castings Limited,INTELLECTUAL PROPERTY RIGHTS,unspecified_see_drhp,https://kvscastings.com/; www.narnolia.com; www.skylinerta.com,Extract from restated financials in DRHP (pattern not matched).,,Mr. Arpan Jindal,bse_sme_ipo_drhp_pipeline|capacity_expansion_tailwind|workforce_scaling_signal,no_structured_differentiation_tag,drhp_companies_specified_format.csv+final_merged_dsir_promoters.csv,no_structured_differentiation_tag|bse_sme_ipo_drhp_pipeline|capacity_expansion_tailwind|workforce_scaling_signal|no_explicit_expansion|hiring|certification_keywords_in_sampled_pages_—_check_md&a|risk_factors_in_full_drhp,3,50,50.0,50.0,0.0,0.0,0.0,5.0,5.0,5.0,weak_differentiation_drhp_generics,1,QA flagged
MILLWORKS TECHNOLOGIES LIMITED,PERSON EMAIL ID AND TELEPHONE WEBSITE No,unspecified_see_drhp,https://millworksindia.com/,Extract from restated financials in DRHP (pattern not matched).,,Mr. Sridhar Acharya,bse_sme_ipo_drhp_pipeline|capacity_expansion_tailwind|workforce_scaling_signal,no_structured_differentiation_tag,drhp_companies_specified_format.csv+final_merged_dsir_promoters.csv,no_structured_differentiation_tag|bse_sme_ipo_drhp_pipeline|capacity_expansion_tailwind|workforce_scaling_signal|no_explicit_expansion|hiring|certification_keywords_in_sampled_pages_—_check_md&a|risk_factors_in_full_drhp,3,50,50.0,50.0,0.0,0.0,0.0,5.0,5.0,5.0,weak_differentiation_drhp_generics,1,QA flagged
MRC Infracon Limited,"Registered Office: MRC Group,",unspecified_see_drhp,www.cumulativecapital.group; www.kfintech.com; www.mrcgroup.in,Extract from restated financials in DRHP (pattern not matched).,,DRHP: Mr. Mukesh Ranjan; in dematerialized form,bse_sme_ipo_drhp_pipeline|capacity_expansion_tailwind|workforce_scaling_signal,no_structured_differentiation_tag,drhp_companies_specified_format.csv+final_merged_dsir_promoters.csv,no_structured_differentiation_tag|bse_sme_ipo_drhp_pipeline|capacity_expansion_tailwind|workforce_scaling_signal|no_explicit_expansion|hiring|certification_keywords_in_sampled_pages_—_check_md&a|risk_factors_in_full_drhp,3,50,50.0,50.0,0.0,0.0,0.0,5.0,5.0,5.0,weak_differentiation_drhp_generics,1,QA flagged
Neptune Holidays Limited,Download failed (timeout or HTTP error).,unspecified_see_drhp,www.neptuneholidays.com/,Extract from restated financials in DRHP (pattern not matched).,,DRHP: NOVELTY MERCHANTS PRIVATE LIMITED; NEPTUNE AVIATIONS PRIVATE LIMITED; NEPTUNE,bse_sme_ipo_drhp_pipeline|capacity_expansion_tailwind|workforce_scaling_signal,no_structured_differentiation_tag,drhp_companies_specified_format.csv+final_merged_dsir_promoters.csv,no_structured_differentiation_tag|bse_sme_ipo_drhp_pipeline|capacity_expansion_tailwind|workforce_scaling_signal|no_explicit_expansion|hiring|certification_keywords_in_sampled_pages_—_check_md&a|risk_factors_in_full_drhp,3,50,50.0,50.0,0.0,0.0,0.0,5.0,5.0,5.0,weak_differentiation_drhp_generics,1,QA flagged
Oremet Alloys And Castings Limited,Telephone Website C/o,unspecified_see_drhp,https://oremetalloys.com/,Extract from restated financials in DRHP (pattern not matched).,,DRHP: Ms. Amisha Company Secretary; Mr. Yash Vardhan Birla Promoter Selling Shareholder; Mr. Abhishek Birla Promoter Selling Shareholder Upto; Mr. Yash Vardhan Birla; Mr. Abhishek Birla,bse_sme_ipo_drhp_pipeline|capacity_expansion_tailwind|workforce_scaling_signal,no_structured_differentiation_tag,drhp_companies_specified_format.csv+final_merged_dsir_promoters.csv,no_structured_differentiation_tag|bse_sme_ipo_drhp_pipeline|capacity_expansion_tailwind|workforce_scaling_signal|no_explicit_expansion|hiring|certification_keywords_in_sampled_pages_—_check_md&a|risk_factors_in_full_drhp,3,50,50.0,50.0,0.0,0.0,0.0,5.0,5.0,5.0,weak_differentiation_drhp_generics,1,QA flagged
Praruh Technologies Limited,refer to the section title “History and Corporate Structure” on page no,unspecified_see_drhp,www.corporatemakers.in; www.maashitla.com; www.praruh.in,Extract from restated financials in DRHP (pattern not matched).,,DRHP: Ms. Geeta Kumari OUR; Ms. Geeta Kumari Company Secretary; Mr. Jitender Kumar ISSUE RELATED TERMS Term; Mr. Visal Prakash; Mr. Amar Deep Sharma; Ms. Pariza Chaturvedi; Ms. Nilam Pandey; Mr. Vikash Prakash,bse_sme_ipo_drhp_pipeline|capacity_expansion_tailwind|workforce_scaling_signal,no_structured_differentiation_tag,drhp_companies_specified_format.csv+final_merged_dsir_promoters.csv,no_structured_differentiation_tag|bse_sme_ipo_drhp_pipeline|capacity_expansion_tailwind|workforce_scaling_signal|no_explicit_expansion|hiring|certification_keywords_in_sampled_pages_—_check_md&a|risk_factors_in_full_drhp,3,50,50.0,50.0,0.0,0.0,0.0,5.0,5.0,5.0,weak_differentiation_drhp_generics,1,QA flagged
R. P. Multimetals Limited,"While the Company has generally complied with applicable statutory provisions, ce rtain discrepancies were noted in past filings with the Registrar of Companies, which have since been rectified by payment of additional fees:",unspecified_see_drhp,https://rpmultimetals.in/; www.fintellectualadvisors.com; www.skylinerta.com,Extract from restated financials in DRHP (pattern not matched).,,DRHP: Ms. Rajwinder Kaur PROMOTER OF OUR,bse_sme_ipo_drhp_pipeline|capacity_expansion_tailwind|workforce_scaling_signal,no_structured_differentiation_tag,drhp_companies_specified_format.csv+final_merged_dsir_promoters.csv,no_structured_differentiation_tag|bse_sme_ipo_drhp_pipeline|capacity_expansion_tailwind|workforce_scaling_signal|no_explicit_expansion|hiring|certification_keywords_in_sampled_pages_—_check_md&a|risk_factors_in_full_drhp,3,50,50.0,50.0,0.0,0.0,0.0,5.0,5.0,5.0,weak_differentiation_drhp_generics,1,QA flagged
Rachit Prints Limited,Number of our Company is U22190UP2003PLC027364.,unspecified_see_drhp,www.khambattasecurities.com; www.maashitla.com; www.rachitprints.co.in,₹0–5 Cr (approx from lakhs),U22190UP2003PLC027364,DRHP: Ms. Ayushi Verma,bse_sme_ipo_drhp_pipeline|capacity_expansion_tailwind|workforce_scaling_signal,no_structured_differentiation_tag,drhp_companies_specified_format.csv+final_merged_dsir_promoters.csv,no_structured_differentiation_tag|bse_sme_ipo_drhp_pipeline|capacity_expansion_tailwind|workforce_scaling_signal|no_explicit_expansion|hiring|certification_keywords_in_sampled_pages_—_check_md&a|risk_factors_in_full_drhp,3,50,50.0,50.0,0.0,0.0,0.0,5.0,5.0,5.0,weak_differentiation_drhp_generics,1,QA flagged
Safecure Services Limited,Registered Office: Office No,unspecified_see_drhp,www.linkintime.co.in; www.safecure.in; www.suncapitalservices.co.in,Extract from restated financials in DRHP (pattern not matched).,,DRHP: Mr. Shailendra Pandey; Mrs. Ranju Pandey; Mr. Nikit Pandey; Mr. Revati Raman Sharma; Mr. Satish Pandey; Mr. Raju Mishra,bse_sme_ipo_drhp_pipeline|workforce_scaling_signal,no_structured_differentiation_tag,drhp_companies_specified_format.csv+final_merged_dsir_promoters.csv,no_structured_differentiation_tag|bse_sme_ipo_drhp_pipeline|workforce_scaling_signal|hiring|recruitment|subsidiary|group_structure,3,50,50.0,50.0,0.0,0.0,0.0,5.0,5.0,5.0,weak_differentiation_drhp_generics,1,QA flagged
Sahara Maritime Limited,CORPORATE OFFICE CONTACT PERSON EMAIL TELEPHONE,unspecified_see_drhp,www.bigshareonline.com; www.saharamaritime.com; www.swarajshares.com,Extract from restated financials in DRHP (pattern not matched).,,DRHP: Mr. Stallone Marshal Gonsalves; Mr. Sohrab Rustom Sayed; Mr. Nadeem Aboobakar Hira. For; Mr. Nadeem Aboobakar Hira; Mr. Harish Laxmana Poojary,bse_sme_ipo_drhp_pipeline|capacity_expansion_tailwind,no_structured_differentiation_tag,drhp_companies_specified_format.csv+final_merged_dsir_promoters.csv,no_structured_differentiation_tag|bse_sme_ipo_drhp_pipeline|capacity_expansion_tailwind|capex|capital_expenditure,3,50,50.0,50.0,0.0,0.0,0.0,5.0,5.0,5.0,weak_differentiation_drhp_generics,1,QA flagged
SSMD Agrotech India Limited,CORPORATE OFFICE CONTACT PERSON EMAIL AND TELEPHONE WEBSITE Khasra No,unspecified_see_drhp,www.houseofmanohar.com,Extract from restated financials in DRHP (pattern not matched).,,DRHP: Mr. Rajesh Thakur; Mr. Ishu Munjal; Mrs. Surbhi Munjal; Mr. Jai Gopal Munjal DETAILS OF; Mr. Jai Gopal Munjal; Mrs. Surbhi Munjal WTD Whole- Time Director; Mrs. Surbhi Munjal Issue Related Terms Term,bse_sme_ipo_drhp_pipeline|capacity_expansion_tailwind|workforce_scaling_signal,no_structured_differentiation_tag,drhp_companies_specified_format.csv+final_merged_dsir_promoters.csv,no_structured_differentiation_tag|bse_sme_ipo_drhp_pipeline|capacity_expansion_tailwind|workforce_scaling_signal|no_explicit_expansion|hiring|certification_keywords_in_sampled_pages_—_check_md&a|risk_factors_in_full_drhp,3,50,50.0,50.0,0.0,0.0,0.0,5.0,5.0,5.0,weak_differentiation_drhp_generics,1,QA flagged
Taldar Hotels and Resorts Limited,"Company, see “History and Certain Corporate Matters” on page 206 of the DP.",unspecified_see_drhp,https://socradamus.in/; www.bigshareonline.com; www.mumbaihousehotels.com,Extract from restated financials in DRHP (pattern not matched).,,DRHP: RATAN TALDAR; SAPNA TALDAR AND DOLLY TALDAR,bse_sme_ipo_drhp_pipeline|workforce_scaling_signal,no_structured_differentiation_tag,drhp_companies_specified_format.csv+final_merged_dsir_promoters.csv,no_structured_differentiation_tag|bse_sme_ipo_drhp_pipeline|workforce_scaling_signal|hiring|recruitment,3,50,50.0,50.0,0.0,0.0,0.0,5.0,5.0,5.0,weak_differentiation_drhp_generics,1,QA flagged
TGIF Agribusiness Ltd,"A-52, 5th Floor, Corporate House, Opp",unspecified_see_drhp,www.bigshareonline.com; www.hemsecurities.com; www.tgifagri.com,. lakhs,,DRHP: Mr. Sapan Smitesh Dalal; Mr. Niraj Chhaganraj Gemawat; Mr. Sourabh Garg SEBI Regn. No. INM; Mr. Babu Rapheal SEBI Registration Number,bse_sme_ipo_drhp_pipeline|capacity_expansion_tailwind|workforce_scaling_signal,no_structured_differentiation_tag,drhp_companies_specified_format.csv+final_merged_dsir_promoters.csv,no_structured_differentiation_tag|bse_sme_ipo_drhp_pipeline|capacity_expansion_tailwind|workforce_scaling_signal|no_explicit_expansion|hiring|certification_keywords_in_sampled_pages_—_check_md&a|risk_factors_in_full_drhp,3,50,50.0,50.0,0.0,0.0,0.0,5.0,5.0,5.0,weak_differentiation_drhp_generics,1,QA flagged
Topsun Energy Limited,by the Company may result in regulatory or enforcement issues.,unspecified_see_drhp,www.bigshareonline.com; www.ifinservices.in; www.topsunenergy.com,Extract from restated financials in DRHP (pattern not matched).,,DRHP: Chintan Patel; Chanakyakumar Patel; Kalpeshbhai Patel; Kesul Patel,bse_sme_ipo_drhp_pipeline|capacity_expansion_tailwind|workforce_scaling_signal,no_structured_differentiation_tag,drhp_companies_specified_format.csv+final_merged_dsir_promoters.csv,no_structured_differentiation_tag|bse_sme_ipo_drhp_pipeline|capacity_expansion_tailwind|workforce_scaling_signal|no_explicit_expansion|hiring|certification_keywords_in_sampled_pages_—_check_md&a|risk_factors_in_full_drhp,3,50,50.0,50.0,0.0,0.0,0.0,5.0,5.0,5.0,weak_differentiation_drhp_generics,1,QA flagged
TRUE COLORS LIMITED,"Stakeholders Relationship Committee The Stakeholders Relationship Committee of our Board of Directors constituted in accordance with Section 178 of the Companies Act, 2013. For details refer section titled “Our Management” on page 146 of this Draft Red Herring Prospectus. WTD Who...",unspecified_see_drhp,https://truecolorsgroup.com/; www.bigshareonline.com; www.gyrcapitaladvisors.com,Extract from restated financials in DRHP (pattern not matched).,,DRHP: Ms. Gandharva Javanika; Ms. Gandharva Javanika Company Secretary; Mr. Babu Rapheal C. SEBI Registration Number,bse_sme_ipo_drhp_pipeline|capacity_expansion_tailwind|workforce_scaling_signal,no_structured_differentiation_tag,drhp_companies_specified_format.csv+final_merged_dsir_promoters.csv,no_structured_differentiation_tag|bse_sme_ipo_drhp_pipeline|capacity_expansion_tailwind|workforce_scaling_signal|no_explicit_expansion|hiring|certification_keywords_in_sampled_pages_—_check_md&a|risk_factors_in_full_drhp,3,50,50.0,50.0,0.0,0.0,0.0,5.0,5.0,5.0,stale_temporal_signal|weak_differentiation_drhp_generics,2,QA flagged
Valencia India Limited,U91990GJ2017PLC096165,unspecified_see_drhp,www.ifinservices.in; www.kfintech.com; www.valenciaindia.in,Extract from restated financials in DRHP (pattern not matched).,U91990GJ2017PLC096165,DRHP: Mr. Keyur Patel Type Fresh Issue Size; Mr. Keyur Patel. For,bse_sme_ipo_drhp_pipeline|capacity_expansion_tailwind|workforce_scaling_signal,no_structured_differentiation_tag,drhp_companies_specified_format.csv+final_merged_dsir_promoters.csv,no_structured_differentiation_tag|bse_sme_ipo_drhp_pipeline|capacity_expansion_tailwind|workforce_scaling_signal|no_explicit_expansion|hiring|certification_keywords_in_sampled_pages_—_check_md&a|risk_factors_in_full_drhp,3,50,50.0,50.0,0.0,0.0,0.0,5.0,5.0,5.0,weak_differentiation_drhp_generics,1,QA flagged
Vegorama Punjabi Angithi Limited,"Below are the Forms which were filed in delay, the details are as below:",unspecified_see_drhp,www.bigshareonline.com; www.corporatemakers.in; www.punjabiangithi.in,Extract from restated financials in DRHP (pattern not matched).,,DRHP: Ms. Karuna Sharma OUR; Mr. Rohit Pareek; Mr. Manish Kumar Singh SEBI Registration Number; Mr. Babu Rapheal; Ms. Karuna Sharma,bse_sme_ipo_drhp_pipeline|capacity_expansion_tailwind|workforce_scaling_signal,no_structured_differentiation_tag,drhp_companies_specified_format.csv+final_merged_dsir_promoters.csv,no_structured_differentiation_tag|bse_sme_ipo_drhp_pipeline|capacity_expansion_tailwind|workforce_scaling_signal|no_explicit_expansion|hiring|certification_keywords_in_sampled_pages_—_check_md&a|risk_factors_in_full_drhp,3,50,50.0,50.0,0.0,0.0,0.0,5.0,5.0,5.0,weak_differentiation_drhp_generics,1,QA flagged
VK TYRE INDIA LIMITED,"Pradesh, on December 15, 2025, vide Service Request Number (SRN) AB9977117. The said application is currently pending with the Registrar of Companies.",unspecified_see_drhp,www.bigshareonline.com; www.hemsecurities.com; www.vktyre.com,Extract from restated financials in DRHP (pattern not matched).,,DRHP: Mr. Rahul Puri,bse_sme_ipo_drhp_pipeline|capacity_expansion_tailwind|workforce_scaling_signal,no_structured_differentiation_tag,drhp_companies_specified_format.csv+final_merged_dsir_promoters.csv,no_structured_differentiation_tag|bse_sme_ipo_drhp_pipeline|capacity_expansion_tailwind|workforce_scaling_signal|no_explicit_expansion|hiring|certification_keywords_in_sampled_pages_—_check_md&a|risk_factors_in_full_drhp,3,50,50.0,50.0,0.0,0.0,0.0,5.0,5.0,5.0,weak_differentiation_drhp_generics,1,QA flagged
Wagons Learning Limited,Office No,unspecified_see_drhp,www.cameoindia.com; www.kslindia.in; www.wagonslearning.co; www.wagonslearning.com,Extract from restated financials in DRHP (pattern not matched).,,DRHP: Ms. Neeru Saini; Mr. Uday Shetty Promoter Up; Mr. Raviraj Poojary Promoter Up; Mr. Alok Desai Telephone; Mr. K. Sreepriya Telephone; Mr. Raviraj Poojary; Mr. Uday Shetty,bse_sme_ipo_drhp_pipeline|capacity_expansion_tailwind|workforce_scaling_signal,no_structured_differentiation_tag,drhp_companies_specified_format.csv+final_merged_dsir_promoters.csv,no_structured_differentiation_tag|bse_sme_ipo_drhp_pipeline|capacity_expansion_tailwind|workforce_scaling_signal|no_explicit_expansion|hiring|certification_keywords_in_sampled_pages_—_check_md&a|risk_factors_in_full_drhp,3,50,50.0,50.0,0.0,0.0,0.0,5.0,5.0,5.0,weak_differentiation_drhp_generics,1,QA flagged
Advantal Technologies Limited,"Unit No. 527 & 528, 5th Floor, Vipul Trade Centre, Sector 48, Sohna Road, Gurgaon, Haryana, India-122018. 17A Electronic Complex, Pardeshipura, Indore - 452010, Madhya Pradesh, India Prajakta Ashish Lapalikar, Company Secretary & Compliance Officer E-mail: cs@advantal.net Tel No:...",unspecified_see_drhp,https://www.hemsecurities.com/Offerdocumen; www.advantaltechnologies.com,Extract from restated financials in DRHP (pattern not matched).,,Promoter names not machine-extracted — verify in IPO prospectus or LinkedIn.,bse_sme_ipo_drhp_pipeline|capacity_expansion_tailwind|workforce_scaling_signal,no_structured_differentiation_tag,drhp_companies_specified_format.csv+final_merged_dsir_promoters.csv,no_structured_differentiation_tag|bse_sme_ipo_drhp_pipeline|capacity_expansion_tailwind|workforce_scaling_signal|no_explicit_expansion|hiring|certification_keywords_in_sampled_pages_—_check_md&a|risk_factors_in_full_drhp,3,50,45.0,45.0,0.0,5.0,0.0,0.0,5.0,5.0,weak_differentiation_drhp_generics,1,QA flagged
Aztec Fluids & Machinery Limited,"Part H Plinth,4th Floor, Takshashila Square, Near Krishnabag Four Rd, Maninagar, Ahmedabad, Gujarat-380028",unspecified_see_drhp,https://www.fbil.org.in/#/home; www.aztecindia.org; www.bigshareonline.com; www.hemsecurities.com,Extract from restated financials in DRHP (pattern not matched).,,Promoter names not machine-extracted from sampled DRHP pages; verify in IPO prospectus or LinkedIn.,bse_sme_ipo_drhp_pipeline|capacity_expansion_tailwind|workforce_scaling_signal,no_structured_differentiation_tag,drhp_companies_specified_format.csv+final_merged_dsir_promoters.csv,no_structured_differentiation_tag|bse_sme_ipo_drhp_pipeline|capacity_expansion_tailwind|workforce_scaling_signal|no_explicit_expansion|hiring|certification_keywords_in_sampled_pages_—_check_md&a|risk_factors_in_full_drhp,3,50,45.0,45.0,0.0,5.0,0.0,0.0,5.0,5.0,weak_differentiation_drhp_generics,1,QA flagged
GOVINDAH NUTRITION LIMITED,Bengaluru,unspecified_see_drhp,www.govindahnutrition.com,Extract from restated financials in DRHP (pattern not matched).,,Could not download DRHP PDF/ZIP for promoter extraction.,bse_sme_ipo_drhp_pipeline|capacity_expansion_tailwind|workforce_scaling_signal,no_structured_differentiation_tag,data_with_dsir_recognition.csv+drhp_companies_specified_format.csv+final_merged_dsir_promoters.csv,no_structured_differentiation_tag|bse_sme_ipo_drhp_pipeline|capacity_expansion_tailwind|workforce_scaling_signal|no_explicit_expansion|hiring|certification_keywords_in_sampled_pages_—_check_md&a|risk_factors_in_full_drhp,3,50,45.0,45.0,0.0,5.0,0.0,0.0,5.0,5.0,weak_differentiation_drhp_generics,1,QA flagged
Grace Renewable Energy Limited,"Hotel, S G Highway, Bodakdev, Ahmedabad, Gujarat, India, 380054 “we”, “us” and “our” Unless the context otherwise indicates or implies, refers to our Company. “you”, “your” or “yours” Prospective investors in this Issue",unspecified_see_drhp,www.gracerenew.com,Extract from restated financials in DRHP (pattern not matched).,,Promoter names not machine-extracted from sampled DRHP pages; verify in IPO prospectus or LinkedIn.,bse_sme_ipo_drhp_pipeline|capacity_expansion_tailwind|workforce_scaling_signal,no_structured_differentiation_tag,drhp_companies_specified_format.csv+final_merged_dsir_promoters.csv,no_structured_differentiation_tag|bse_sme_ipo_drhp_pipeline|capacity_expansion_tailwind|workforce_scaling_signal|no_explicit_expansion|hiring|certification_keywords_in_sampled_pages_—_check_md&a|risk_factors_in_full_drhp,3,50,45.0,45.0,0.0,5.0,0.0,0.0,5.0,5.0,weak_differentiation_drhp_generics,1,QA flagged
H. R. Hygiene Products Limited,"no. 1 to 3, Village: Lothada, Rajkot - 360002, Gujarat, India. “we”, “us” and “our” Unless the context otherwise indicates or implies, refers to our Company “you”, “your” or “yours” Prospective Investors in this Offer",unspecified_see_drhp,www.hrhygiene.com,Extract from restated financials in DRHP (pattern not matched).,,Could not download DRHP PDF/ZIP for promoter extraction.,bse_sme_ipo_drhp_pipeline|capacity_expansion_tailwind|workforce_scaling_signal,no_structured_differentiation_tag,drhp_companies_specified_format.csv+final_merged_dsir_promoters.csv,no_structured_differentiation_tag|bse_sme_ipo_drhp_pipeline|capacity_expansion_tailwind|workforce_scaling_signal|no_explicit_expansion|hiring|certification_keywords_in_sampled_pages_—_check_md&a|risk_factors_in_full_drhp,3,50,45.0,45.0,0.0,5.0,0.0,0.0,5.0,5.0,weak_differentiation_drhp_generics,1,QA flagged
MEHUL TELECOM LIMITED,Ahmedabad,unspecified_see_drhp,www.cumulativecapital.group; www.kfintech.com; www.mehultelecom.com,Extract from restated financials in DRHP (pattern not matched).,,Could not download DRHP PDF/ZIP for promoter extraction.,bse_sme_ipo_drhp_pipeline|capacity_expansion_tailwind|workforce_scaling_signal,no_structured_differentiation_tag,drhp_companies_specified_format.csv+final_merged_dsir_promoters.csv,no_structured_differentiation_tag|bse_sme_ipo_drhp_pipeline|capacity_expansion_tailwind|workforce_scaling_signal|no_explicit_expansion|hiring|certification_keywords_in_sampled_pages_—_check_md&a|risk_factors_in_full_drhp,3,50,45.0,45.0,0.0,5.0,0.0,0.0,5.0,5.0,weak_differentiation_drhp_generics,1,QA flagged
Neev Credit Limited,"PERSON TELEPHONE AND EMAIL WEBSITE Room number 408, 4th Floor, PS IXL Building, Atghora, Chinar Park, Parganas North 24, Kolkata, West Bengal- 700136 India Srivatsa Arcade, No. 6, Ground Floor, 12 th Cross, Wilson Garden, Bangalore- 560027, Karnataka, India. Deepika Bhutra Tel. N...",unspecified_see_drhp,www.neevfinance.com,Extract from restated financials in DRHP (pattern not matched).,,Could not download DRHP PDF/ZIP for promoter extraction.,bse_sme_ipo_drhp_pipeline|capacity_expansion_tailwind|workforce_scaling_signal,no_structured_differentiation_tag,drhp_companies_specified_format.csv+final_merged_dsir_promoters.csv,no_structured_differentiation_tag|bse_sme_ipo_drhp_pipeline|capacity_expansion_tailwind|workforce_scaling_signal|no_explicit_expansion|hiring|certification_keywords_in_sampled_pages_—_check_md&a|risk_factors_in_full_drhp,3,50,45.0,45.0,0.0,5.0,0.0,0.0,5.0,5.0,weak_differentiation_drhp_generics,1,QA flagged
NTL India Limited,"DAYS PRIOR TO THE BID/ISSUE OPENING DATE AND SHALL BE MADE AVAILABLE TO SME PLATFORM OF BSE LIMITED FOR THE PURPOSES OF UPLOADING ON THEIR WEBSITES IN ACCORDANCE WITH THE SECURITIES AND EXCHANGE BOARD OF INDIA (ISSUE OF CAPITAL AND DISCLOSURE REQUIREMENTS REGULATIONS, 2018, AS AM...",unspecified_see_drhp,www.cameoindia.com; www.cumulativecapital.group; www.ntlchennai.net,Extract from restated financials in DRHP (pattern not matched).,,DRHP: D RAMESH AND DAYANITHI,bse_sme_ipo_drhp_pipeline|capacity_expansion_tailwind|workforce_scaling_signal,no_structured_differentiation_tag,drhp_companies_specified_format.csv,no_structured_differentiation_tag|bse_sme_ipo_drhp_pipeline|capacity_expansion_tailwind|workforce_scaling_signal|no_explicit_expansion|hiring|certification_keywords_in_sampled_pages_—_check_md&a|risk_factors_in_full_drhp,3,50,45.0,45.0,0.0,5.0,0.0,0.0,5.0,5.0,stale_temporal_signal|weak_differentiation_drhp_generics,2,QA flagged
Nukleus Office Solutions Limited,"1102, Barakhamba Tower, 22 Barakhamba Road, Connaught Place, New Delhi - 110 001, India Nukleus Co-working & Managed Offices, Plot No 29, Sector 142, Noida - 201 305, Uttar Pradesh, India Pooja Jaiswal, Company Secretary & Compliance Officer Tel.: +91 96 6704 9487 E-mail: cs@nukl...",unspecified_see_drhp,www.bigshareonline.com; www.nukleus.work; www.sundaecapital.com,Extract from restated financials in DRHP (pattern not matched).,,Could not download DRHP PDF/ZIP for promoter extraction.,bse_sme_ipo_drhp_pipeline|capacity_expansion_tailwind|workforce_scaling_signal,no_structured_differentiation_tag,drhp_companies_specified_format.csv+final_merged_dsir_promoters.csv,no_structured_differentiation_tag|bse_sme_ipo_drhp_pipeline|capacity_expansion_tailwind|workforce_scaling_signal|no_explicit_expansion|hiring|certification_keywords_in_sampled_pages_—_check_md&a|risk_factors_in_full_drhp,3,50,45.0,45.0,0.0,5.0,0.0,0.0,5.0,5.0,weak_differentiation_drhp_generics,1,QA flagged
Pajson Agro India Limited,"Contact Person Email and Telephone Website 510, 5th Floor, Pearl Omaxe Tower, Netaji Subhash Place, Pitampura, Shakur Pur I Block, North West Delhi, Delhi, India, 110034. Roopal Saxena , Company Secretary and Compliance Officer Email: investor@pajsonagro.com",unspecified_see_drhp,www.pajsonagro.com,Extract from restated financials in DRHP (pattern not matched).,,Could not download DRHP PDF/ZIP for promoter extraction.,bse_sme_ipo_drhp_pipeline|capacity_expansion_tailwind|workforce_scaling_signal,no_structured_differentiation_tag,drhp_companies_specified_format.csv+final_merged_dsir_promoters.csv,no_structured_differentiation_tag|bse_sme_ipo_drhp_pipeline|capacity_expansion_tailwind|workforce_scaling_signal|no_explicit_expansion|hiring|certification_keywords_in_sampled_pages_—_check_md&a|risk_factors_in_full_drhp,3,50,45.0,45.0,0.0,5.0,0.0,0.0,5.0,5.0,weak_differentiation_drhp_generics,1,QA flagged
PAN HR Solution Limited,"Nagar, Noida - 201301, Uttar Pradesh, India",unspecified_see_drhp,www.panhr.in,Extract from restated financials in DRHP (pattern not matched).,,Could not download DRHP PDF/ZIP for promoter extraction.,bse_sme_ipo_drhp_pipeline|capacity_expansion_tailwind|workforce_scaling_signal,no_structured_differentiation_tag,drhp_companies_specified_format.csv+final_merged_dsir_promoters.csv,no_structured_differentiation_tag|bse_sme_ipo_drhp_pipeline|capacity_expansion_tailwind|workforce_scaling_signal|no_explicit_expansion|hiring|certification_keywords_in_sampled_pages_—_check_md&a|risk_factors_in_full_drhp,3,50,45.0,45.0,0.0,5.0,0.0,0.0,5.0,5.0,weak_differentiation_drhp_generics,1,QA flagged
RAKSAN TRANSFORMERS LIMITED,"PERSON EMAIL AND TELEPHONE WEBSITE Shop No. 16, Local Shopping Centre-3, Sector-8, Rohini, North Delhi, New Delhi, Delhi, India, 110085",unspecified_see_drhp,www.raksantransformers.com,Extract from restated financials in DRHP (pattern not matched).,,Could not download DRHP PDF/ZIP for promoter extraction.,bse_sme_ipo_drhp_pipeline|capacity_expansion_tailwind|workforce_scaling_signal,no_structured_differentiation_tag,drhp_companies_specified_format.csv+final_merged_dsir_promoters.csv,no_structured_differentiation_tag|bse_sme_ipo_drhp_pipeline|capacity_expansion_tailwind|workforce_scaling_signal|no_explicit_expansion|hiring|certification_keywords_in_sampled_pages_—_check_md&a|risk_factors_in_full_drhp,3,50,45.0,45.0,0.0,5.0,0.0,0.0,5.0,5.0,weak_differentiation_drhp_generics,1,QA flagged
Ravelcare Limited,"Malad, Mumbai - 400064, Maharashtra, India",unspecified_see_drhp,www.ravelcare.com,Extract from restated financials in DRHP (pattern not matched).,,Promoter names not machine-extracted from sampled DRHP pages; verify in IPO prospectus or LinkedIn.,bse_sme_ipo_drhp_pipeline|capacity_expansion_tailwind|workforce_scaling_signal,no_structured_differentiation_tag,drhp_companies_specified_format.csv+final_merged_dsir_promoters.csv,no_structured_differentiation_tag|bse_sme_ipo_drhp_pipeline|capacity_expansion_tailwind|workforce_scaling_signal|no_explicit_expansion|hiring|certification_keywords_in_sampled_pages_—_check_md&a|risk_factors_in_full_drhp,3,50,45.0,45.0,0.0,5.0,0.0,0.0,5.0,5.0,weak_differentiation_drhp_generics,1,QA flagged
Sampark India Logistics Limited,"Plot No. 48, Bhule Ram Colony, Block B, Gali No. 7, Rangpuri Extension, Palam Airport, South West Delhi, New Delhi - 110037, India 17/3, Mathura Road, Ground & Second Floor, Faridabad City, Haryana-121002, India Ms. Ritika Bachhawat Company Secretary & Compliance Officer Email ID...",unspecified_see_drhp,https://silpl.rathigroup.info; https://silpl.rathigroup.info/,Extract from restated financials in DRHP (pattern not matched).,,Could not download DRHP PDF/ZIP for promoter extraction.,bse_sme_ipo_drhp_pipeline|capacity_expansion_tailwind|workforce_scaling_signal,no_structured_differentiation_tag,drhp_companies_specified_format.csv+final_merged_dsir_promoters.csv,no_structured_differentiation_tag|bse_sme_ipo_drhp_pipeline|capacity_expansion_tailwind|workforce_scaling_signal|no_explicit_expansion|hiring|certification_keywords_in_sampled_pages_—_check_md&a|risk_factors_in_full_drhp,3,50,45.0,45.0,0.0,5.0,0.0,0.0,5.0,5.0,weak_differentiation_drhp_generics,1,QA flagged
Silverstorm Parks and Resorts Limited,"India. Furthermore, unless the context otherwise indicates, all references to the terms, “we”, “us” and “our” are to our Company.",unspecified_see_drhp,https://silverstorm.in/,Extract from restated financials in DRHP (pattern not matched).,,Promoter names not machine-extracted from sampled DRHP pages; verify in IPO prospectus or LinkedIn.,bse_sme_ipo_drhp_pipeline|capacity_expansion_tailwind|workforce_scaling_signal,no_structured_differentiation_tag,drhp_companies_specified_format.csv+final_merged_dsir_promoters.csv,no_structured_differentiation_tag|bse_sme_ipo_drhp_pipeline|capacity_expansion_tailwind|workforce_scaling_signal|no_explicit_expansion|hiring|certification_keywords_in_sampled_pages_—_check_md&a|risk_factors_in_full_drhp,3,50,45.0,45.0,0.0,5.0,0.0,0.0,5.0,5.0,weak_differentiation_drhp_generics,1,QA flagged
SJP ULTRASONICS LIMITED,"Maharashtra, Mumbai.",investors may not have access to comparable industry metrics when evaluating,www.kslindia.com; www.maashitla.com; www.sjpultrasonics.in,Extract from restated financials in DRHP (pattern not matched).,,Could not download DRHP PDF/ZIP for promoter extraction.,bse_sme_ipo_drhp_pipeline|capacity_expansion_tailwind|workforce_scaling_signal,no_structured_differentiation_tag,drhp_companies_specified_format.csv+final_merged_dsir_promoters.csv,no_structured_differentiation_tag|bse_sme_ipo_drhp_pipeline|capacity_expansion_tailwind|workforce_scaling_signal|no_explicit_expansion|hiring|certification_keywords_in_sampled_pages_—_check_md&a|risk_factors_in_full_drhp,3,50,45.0,45.0,0.0,5.0,0.0,0.0,5.0,5.0,calibration_review_queue_step10,1,QA flagged — review tags before outreach
Sotefin Bharat Limited,"Kalikapur, Kolkata, West Bengal, India, 700099",unspecified_see_drhp,www.sotefinbharat.com,Extract from restated financials in DRHP (pattern not matched).,,Promoter names not machine-extracted from sampled DRHP pages; verify in IPO prospectus or LinkedIn.,bse_sme_ipo_drhp_pipeline|capacity_expansion_tailwind|workforce_scaling_signal,no_structured_differentiation_tag,drhp_companies_specified_format.csv+final_merged_dsir_promoters.csv,no_structured_differentiation_tag|bse_sme_ipo_drhp_pipeline|capacity_expansion_tailwind|workforce_scaling_signal|no_explicit_expansion|hiring|certification_keywords_in_sampled_pages_—_check_md&a|risk_factors_in_full_drhp,3,50,45.0,45.0,0.0,5.0,0.0,0.0,5.0,5.0,weak_differentiation_drhp_generics,1,QA flagged
Takyon Networks Limited,"CP 37, Viraj Khand Gomti Nagar, Lucknow – 226 010, Uttar Pradesh, India Pooja Sharma Company Secretary & Compliance Officer E-mail: cs@takyon",unspecified_see_drhp,www.cameoindia.com; www.hemsecurities.com; www.takyon.co.in,Extract from restated financials in DRHP (pattern not matched).,,Promoter names not machine-extracted from sampled DRHP pages; verify in IPO prospectus or LinkedIn.,bse_sme_ipo_drhp_pipeline|capacity_expansion_tailwind|workforce_scaling_signal,no_structured_differentiation_tag,drhp_companies_specified_format.csv+final_merged_dsir_promoters.csv,no_structured_differentiation_tag|bse_sme_ipo_drhp_pipeline|capacity_expansion_tailwind|workforce_scaling_signal|no_explicit_expansion|hiring|certification_keywords_in_sampled_pages_—_check_md&a|risk_factors_in_full_drhp,3,50,45.0,45.0,0.0,5.0,0.0,0.0,5.0,5.0,weak_differentiation_drhp_generics,1,QA flagged
3B FILMS LIMITED,"CORPORATE OFFICE CONTACT PERSON TELEPHONE AND EMAIL WEBSITE Registered Office: SF 220, Pancham Icon, Besides D-Mart, Vasna Road, Vadodara, Gujarat, India, 390007 Corporate Office: Block No 1241, 1242, 1243, 1244, Padra Jambusar Highway, Masar, Padra, Vadodara, Gujarat, India, 391...",unspecified_see_drhp,www.3bfilms.com; www.maashitla.com; www.nirbhaycapital.com,Extract from restated financials in DRHP (pattern not matched).,,Mr. Ashokbhai Dhanjibhai Babariya,bse_sme_ipo_drhp_pipeline,no_structured_differentiation_tag,drhp_companies_specified_format.csv+final_merged_dsir_promoters.csv,no_structured_differentiation_tag|bse_sme_ipo_drhp_pipeline|subsidiary|group_structure,3,50,40.0,40.0,0.0,5.0,0.0,5.0,5.0,0.0,weak_differentiation_drhp_generics,1,QA flagged
AMRUT DREDGING AND SHIPPING LIMITED,"Harihar Chowk, Sadar Bazar, Rajkot - 360 001, Gujarat, India “We” or “us” or “our” Unless the context otherwise indicates or implies, refers to our Company “You” or “your” or “yours” Prospective investors in this issue",unspecified_see_drhp,www.amrutdredging.com; www.kfintech.com,Extract from restated financials in DRHP (pattern not matched).,,DRHP: Mr Pavan Anilbhai Gandhi Materiality Policy,bse_sme_ipo_drhp_pipeline,no_structured_differentiation_tag,drhp_companies_specified_format.csv+final_merged_dsir_promoters.csv,no_structured_differentiation_tag|bse_sme_ipo_drhp_pipeline|subsidiary|group_structure,3,50,40.0,40.0,0.0,5.0,0.0,5.0,5.0,0.0,weak_differentiation_drhp_generics|generic_web_or_thin_ops_narrative,2,QA flagged
Avax Apparels And Ornaments Limited,"& Haryana. For further details, please refer to """,unspecified_see_drhp,https://www.avaxapparels.com,Extract from restated financials in DRHP (pattern not matched).,,DRHP: Mrs. Shruti Jain Company Secretary; Mrs. Rati Gupta SKI CAPITAL SERVICES LIMITED; Dr Joshi Road; Mr. Manick Wadhwa; Mr. Ghanisht Nagpal ISSUE PROGRAMME ISSUE OPENS; Mr. Vinod Malhotra; Mrs. Dipti Malhotra; Mr. Harinderpal Singh Sodhi,bse_sme_ipo_drhp_pipeline,rnd_mention,drhp_companies_specified_format.csv+final_merged_dsir_promoters.csv,rnd_mention|bse_sme_ipo_drhp_pipeline|backward_integration,3,50,40.0,40.0,0.0,5.0,0.0,5.0,5.0,0.0,generic_web_or_thin_ops_narrative,1,QA flagged
BharatRohan Airborne Innovations Limited,"Fourth Floor B -117, DDA Sheds , Okhla Industrial Area Phase - I, South Delhi, New Delhi- 110020, India",unspecified_see_drhp,https://bharatrohan.in/,Extract from restated financials in DRHP (pattern not matched).,,DRHP: Ms. Aakansha Singh; Mr. Amandeep Panwar; Mr. Rishabh Choudhary. For; Mr. Rishabh Choudhary. ISSUE RELATED TERMS,bse_sme_ipo_drhp_pipeline,no_structured_differentiation_tag,drhp_companies_specified_format.csv+final_merged_dsir_promoters.csv,no_structured_differentiation_tag|bse_sme_ipo_drhp_pipeline|subsidiary|group_structure,3,50,40.0,40.0,0.0,5.0,0.0,5.0,5.0,0.0,weak_differentiation_drhp_generics|generic_web_or_thin_ops_narrative,2,QA flagged
Glen Industries Limited,"Registrar of Companies, West Bengal Shareholders Shareholders of our company Stakeholders Relationship Committee The Stakeholders Relationship Committee of our Board of Directors constituted in accordance with Section 178 of the Companies Act, 2013 and Listing Regulations. For de...",unspecified_see_drhp,www.glen-india.com; www.gyrcapitaladvisors.com; www.kfintech.com,Extract from restated financials in DRHP (pattern not matched).,,DRHP: Ms. Shikha Sureka Company Secretary; Mr. Mohit Baid SEBI Registration Number,bse_sme_ipo_drhp_pipeline,no_structured_differentiation_tag,drhp_companies_specified_format.csv+final_merged_dsir_promoters.csv,no_structured_differentiation_tag|bse_sme_ipo_drhp_pipeline|subsidiary|group_structure,3,50,40.0,40.0,0.0,5.0,0.0,5.0,5.0,0.0,stale_temporal_signal|weak_differentiation_drhp_generics,2,QA flagged
Globtier Infotech limited,"company is situated at B-67, 3rd Floor, Sector 67, Gautam Buddha Nagar, Noida, Uttar Pradesh, India, 201301",unspecified_see_drhp,www.globtierinfotech.com; www.shannon.co.in; www.skylinerta.com,Extract from restated financials in DRHP (pattern not matched).,,DRHP: Mr. Rajiv Shukla; Ms. Rekha Shukla; Mr. Rajiv Shukla. As,bse_sme_ipo_drhp_pipeline,no_structured_differentiation_tag,drhp_companies_specified_format.csv+final_merged_dsir_promoters.csv,no_structured_differentiation_tag|bse_sme_ipo_drhp_pipeline|subsidiary|group_structure,3,50,40.0,40.0,0.0,5.0,0.0,5.0,5.0,0.0,weak_differentiation_drhp_generics,1,QA flagged
INFRAPRIME LOGISTICS TECHNOLOGIES LIMITED,"Registered Office 418, 4th Floor, Tower B, Emaar Digital Greens, Golf Course Extension, Sector 61, Bhondsi, Gurgaon - 122102, Haryana, India",unspecified_see_drhp,https://www.infraprimelogistics.com; www.infraprimelogistics.com,Extract from restated financials in DRHP (pattern not matched).,,Mr. Chetan Singhal,bse_sme_ipo_drhp_pipeline,no_structured_differentiation_tag,drhp_companies_specified_format.csv+final_merged_dsir_promoters.csv,no_structured_differentiation_tag|bse_sme_ipo_drhp_pipeline|subsidiary|group_structure,3,50,40.0,40.0,0.0,5.0,0.0,5.0,5.0,0.0,weak_differentiation_drhp_generics,1,QA flagged
NAKSHATRA ASSET VENTURES LIMITED,"Ho. No. 1016/Pl. No. 377, Flat No. Nakshatra-3rd Floor, Gandhi Nagar, Ambazari Road, Shankar Nagar, Nagpur, Maharashtra, India, 440010 Nakshatra 402 Ground Floor, Building, Solitaire Park, Chakala, Andheri -Mumbai 400093 Hansdhwani Hitendrabhai Dwivedi Company Secretary & Complia...",unspecified_see_drhp,www.bigshareonline.com; www.nakshatraassetventures.com; www.narnolia.com,Extract from restated financials in DRHP (pattern not matched).,,Mr. Amar Vijaykumar Agrawal,bse_sme_ipo_drhp_pipeline,no_structured_differentiation_tag,drhp_companies_specified_format.csv+final_merged_dsir_promoters.csv,no_structured_differentiation_tag|bse_sme_ipo_drhp_pipeline|subsidiary|group_structure,3,50,40.0,40.0,0.0,5.0,0.0,5.0,5.0,0.0,weak_differentiation_drhp_generics|generic_web_or_thin_ops_narrative,2,QA flagged
Organic Recycling Systems Limited,"30A, Vashi, Navi Mumbai, Mumbai 400703 and having Corporate Identification Number U40106MH2008PLC186309.",unspecified_see_drhp,www.arihantcapital.com; www.maashitla.com; www.organicrecycling.co.in,Extract from restated financials in DRHP (pattern not matched).,U40106MH2008PLC186309,DRHP: Ms. Zinal Mukund Shah Email; Ms. Zinal Mukund Shah; Mr. Sarang Bhand. For; Mr. Sarang Bhand; Mrs. Smita Suhas Bhand You,bse_sme_ipo_drhp_pipeline,no_structured_differentiation_tag,drhp_companies_specified_format.csv+final_merged_dsir_promoters.csv,no_structured_differentiation_tag|bse_sme_ipo_drhp_pipeline|subsidiary|group_structure,3,50,40.0,40.0,0.0,5.0,0.0,5.0,5.0,0.0,weak_differentiation_drhp_generics,1,QA flagged
Sodhani Capital Limited,"1st floor C-373 C Block Vaishali Nagar, Jaipur-302021, Rajasthan, India",unspecified_see_drhp,https://sodhanicapital.com/; www.bonanzaonline.com; www.ndml.in; www.sodhanicapital.com,Extract from restated financials in DRHP (pattern not matched).,,DRHP: Ms. Renu Sharma; Ms. Swati Agrawal; Mr. Abhay Bansal Email ID,bse_sme_ipo_drhp_pipeline,no_structured_differentiation_tag,drhp_companies_specified_format.csv+final_merged_dsir_promoters.csv,no_structured_differentiation_tag|bse_sme_ipo_drhp_pipeline|subsidiary|group_structure,3,50,40.0,40.0,0.0,5.0,0.0,5.0,5.0,0.0,weak_differentiation_drhp_generics,1,QA flagged
Unisem Agritech Limited,"Village, Near KSRTC Bus Depot, Ranebennur, Haveri, Ranebennur, Karnataka, India, 581115. You’, ‘your’, or ‘yours’ Prospective Investor in this Issue.",unspecified_see_drhp,www.unisem.in,Extract from restated financials in DRHP (pattern not matched).,,DRHP: H N DEVAKUMAR; B H DEVASINGHNAIK; DHARANENDRA H GOUDA; Ms. Bobby Seth. Depositories Act The Depositories,bse_sme_ipo_drhp_pipeline,no_structured_differentiation_tag,drhp_companies_specified_format.csv+final_merged_dsir_promoters.csv,no_structured_differentiation_tag|bse_sme_ipo_drhp_pipeline|subsidiary|group_structure,3,50,40.0,40.0,0.0,5.0,0.0,5.0,5.0,0.0,weak_differentiation_drhp_generics|generic_web_or_thin_ops_narrative,2,QA flagged
Abril Paper Tech Limited,and enter into fresh lease or leave and license agreement,unspecified_see_drhp,www.abrilpapertech.com; www.ifinservices.in; www.kfintech.com,₹25 Cr (stated),,Promoter names not machine-extracted from sampled DRHP pages; verify in IPO prospectus or LinkedIn.,bse_sme_ipo_drhp_pipeline|capacity_expansion_tailwind|workforce_scaling_signal,no_structured_differentiation_tag,drhp_companies_specified_format.csv+final_merged_dsir_promoters.csv,no_structured_differentiation_tag|bse_sme_ipo_drhp_pipeline|capacity_expansion_tailwind|workforce_scaling_signal|no_explicit_expansion|hiring|certification_keywords_in_sampled_pages_—_check_md&a|risk_factors_in_full_drhp,2,33,35.0,35.0,0.0,0.0,0.0,0.0,5.0,5.0,weak_differentiation_drhp_generics,1,QA flagged
Ace Alpha Tech Limited,"new certificate of incorporation pursuant to change of name dated 17th May, 2024.",unspecified_see_drhp,www.acealphatech.in; www.narnolia.com; www.skylinerta.com,Extract from restated financials in DRHP (pattern not matched).,,Could not download DRHP PDF/ZIP for promoter extraction.,bse_sme_ipo_drhp_pipeline|workforce_scaling_signal,no_structured_differentiation_tag,drhp_companies_specified_format.csv+final_merged_dsir_promoters.csv,no_structured_differentiation_tag|bse_sme_ipo_drhp_pipeline|workforce_scaling_signal|hiring|recruitment|subsidiary|group_structure,2,33,35.0,35.0,0.0,0.0,0.0,0.0,5.0,5.0,weak_differentiation_drhp_generics|generic_web_or_thin_ops_narrative,2,QA flagged
AJC Jewel Manufacturers Limited,PDF parse error: PdfStreamError,unspecified_see_drhp,https://ajcjewel.com/ab; https://ajcjewel.com/about,Extract from restated financials in DRHP (pattern not matched).,,Could not download DRHP PDF/ZIP for promoter extraction.,bse_sme_ipo_drhp_pipeline|capacity_expansion_tailwind|workforce_scaling_signal,no_structured_differentiation_tag,drhp_companies_specified_format.csv+final_merged_dsir_promoters.csv,no_structured_differentiation_tag|bse_sme_ipo_drhp_pipeline|capacity_expansion_tailwind|workforce_scaling_signal|no_explicit_expansion|hiring|certification_keywords_in_sampled_pages_—_check_md&a|risk_factors_in_full_drhp,2,33,35.0,35.0,0.0,0.0,0.0,0.0,5.0,5.0,weak_differentiation_drhp_generics,1,QA flagged
Ameenji Rubber Limited,"shareholders at the Extra Ordinary General Meeting held on May 09, 2024 our company was converted into a Public Limited Compa ny and consequently the name of our Company was changed from “Ameenji Rubber Private Limited” to “Ameenji Rubber Limited” vide a fresh Certificate of Inco...",unspecified_see_drhp,www.ameenji.com; www.bigshareonline.com; www.hemsecurities.com,Extract from restated financials in DRHP (pattern not matched).,,Promoter names not machine-extracted from sampled DRHP pages; verify in IPO prospectus or LinkedIn.,bse_sme_ipo_drhp_pipeline|capacity_expansion_tailwind,no_structured_differentiation_tag,drhp_companies_specified_format.csv+final_merged_dsir_promoters.csv,no_structured_differentiation_tag|bse_sme_ipo_drhp_pipeline|capacity_expansion_tailwind|capex|capital_expenditure|subsidiary|group_structure|facility_expansion,2,33,35.0,35.0,0.0,0.0,0.0,0.0,5.0,5.0,weak_differentiation_drhp_generics,1,QA flagged
APTUS PHARMA LIMITED,Company was changed to “Aptus Pharma Limited.” The Corporate Identification Number of our Company is U24230GJ2010PLC061957.,unspecified_see_drhp,www.aptus-pharma.com,Extract from restated financials in DRHP (pattern not matched).,U24230GJ2010PLC061957,Promoter names not machine-extracted from sampled DRHP pages; verify in IPO prospectus or LinkedIn.,bse_sme_ipo_drhp_pipeline|capacity_expansion_tailwind|workforce_scaling_signal,no_structured_differentiation_tag,drhp_companies_specified_format.csv+final_merged_dsir_promoters.csv,no_structured_differentiation_tag|bse_sme_ipo_drhp_pipeline|capacity_expansion_tailwind|workforce_scaling_signal|no_explicit_expansion|hiring|certification_keywords_in_sampled_pages_—_check_md&a|risk_factors_in_full_drhp,2,33,35.0,35.0,0.0,0.0,0.0,0.0,5.0,5.0,weak_differentiation_drhp_generics,1,QA flagged
ASSOCIATED COATERS LIMITED,See DRHP ‘General Information’ — address not matched by pattern., The Following Changes or Updation has been incorporated under the chapter “,Search DRHP / issuer for corporate website.,Extract from restated financials in DRHP (pattern not matched).,,Could not download DRHP PDF/ZIP for promoter extraction.,bse_sme_ipo_drhp_pipeline|capacity_expansion_tailwind|workforce_scaling_signal,no_structured_differentiation_tag,drhp_companies_specified_format.csv+final_merged_dsir_promoters.csv,no_structured_differentiation_tag|bse_sme_ipo_drhp_pipeline|capacity_expansion_tailwind|workforce_scaling_signal|no_explicit_expansion|hiring|certification_keywords_in_sampled_pages_—_check_md&a|risk_factors_in_full_drhp,2,33,35.0,35.0,0.0,0.0,0.0,0.0,5.0,5.0,calibration_review_queue_step10,1,QA flagged — review tags before outreach
ATHARVA POLY-PLAST LIMITED,Corporate Identification Number U25209PN2014PLC150099,unspecified_see_drhp,https://atharvapolyplast.in/,Extract from restated financials in DRHP (pattern not matched).,U25209PN2014PLC150099,Could not download DRHP PDF/ZIP for promoter extraction.,bse_sme_ipo_drhp_pipeline|capacity_expansion_tailwind|workforce_scaling_signal,no_structured_differentiation_tag,drhp_companies_specified_format.csv+final_merged_dsir_promoters.csv,no_structured_differentiation_tag|bse_sme_ipo_drhp_pipeline|capacity_expansion_tailwind|workforce_scaling_signal|no_explicit_expansion|hiring|certification_keywords_in_sampled_pages_—_check_md&a|risk_factors_in_full_drhp,2,33,35.0,35.0,0.0,0.0,0.0,0.0,5.0,5.0,weak_differentiation_drhp_generics,1,QA flagged
Aureate Tradde Limited,"delayed compliance /lapses may attract certain penalties The Company has generally complied with certain statutory provisions and there are the following discrepancies observed under provisions of Companies Act, 2013.",unspecified_see_drhp,www.aureatetradde.in; www.corporatemakers.in,₹5–25 Cr (approx from lakhs),,Could not download DRHP PDF/ZIP for promoter extraction.,bse_sme_ipo_drhp_pipeline|capacity_expansion_tailwind|workforce_scaling_signal,no_structured_differentiation_tag,drhp_companies_specified_format.csv+final_merged_dsir_promoters.csv,no_structured_differentiation_tag|bse_sme_ipo_drhp_pipeline|capacity_expansion_tailwind|workforce_scaling_signal|no_explicit_expansion|hiring|certification_keywords_in_sampled_pages_—_check_md&a|risk_factors_in_full_drhp,2,33,35.0,35.0,0.0,0.0,0.0,0.0,5.0,5.0,stale_temporal_signal|certification_or_license_expiry_language|weak_differentiation_drhp_generics,3,QA flagged
Austere Systems Limited,"TELEPHONE WEBSITE Office 301-303, A Square, Plot No",Financial Services,www.austeresystems.com; www.gyrcapitaladvisors.com; www.kfintech.com,Extract from restated financials in DRHP (pattern not matched).,,Could not download DRHP PDF/ZIP for promoter extraction.,bse_sme_ipo_drhp_pipeline|capacity_expansion_tailwind|workforce_scaling_signal,no_structured_differentiation_tag,drhp_companies_specified_format.csv+final_merged_dsir_promoters.csv,no_structured_differentiation_tag|bse_sme_ipo_drhp_pipeline|capacity_expansion_tailwind|workforce_scaling_signal|no_explicit_expansion|hiring|certification_keywords_in_sampled_pages_—_check_md&a|risk_factors_in_full_drhp,2,33,35.0,35.0,0.0,0.0,0.0,0.0,5.0,5.0,calibration_review_queue_step10,1,QA flagged — review tags before outreach
Century Business Media Limited,"minutes, share certificates, and the statutory register maintained by the Company",unspecified_see_drhp,www.centurymedia.in; www.hemsecurities.com; www.kfintech.com,Extract from restated financials in DRHP (pattern not matched).,,Promoter names not machine-extracted from sampled DRHP pages; verify in IPO prospectus or LinkedIn.,bse_sme_ipo_drhp_pipeline|capacity_expansion_tailwind|workforce_scaling_signal,no_structured_differentiation_tag,drhp_companies_specified_format.csv+final_merged_dsir_promoters.csv,no_structured_differentiation_tag|bse_sme_ipo_drhp_pipeline|capacity_expansion_tailwind|workforce_scaling_signal|no_explicit_expansion|hiring|certification_keywords_in_sampled_pages_—_check_md&a|risk_factors_in_full_drhp,2,33,35.0,35.0,0.0,0.0,0.0,0.0,5.0,5.0,weak_differentiation_drhp_generics,1,QA flagged
Dachepalli Publishers Limited,"public limited company, the name of our Company was changed to “Dachepalli Publishers Limited” vide fresh certificate of incorporation dated 29th July, 2024 issued by the Registrar of Companies, Central Processing Centre. For further details please refer to chapter titled “Histor...",unspecified_see_drhp,https://www.dachepalli.com/; www.bigshareonline.com; www.synfinx.com,Extract from restated financials in DRHP (pattern not matched).,,Could not download DRHP PDF/ZIP for promoter extraction.,bse_sme_ipo_drhp_pipeline|capacity_expansion_tailwind|workforce_scaling_signal,no_structured_differentiation_tag,drhp_companies_specified_format.csv+final_merged_dsir_promoters.csv,no_structured_differentiation_tag|bse_sme_ipo_drhp_pipeline|capacity_expansion_tailwind|workforce_scaling_signal|no_explicit_expansion|hiring|certification_keywords_in_sampled_pages_—_check_md&a|risk_factors_in_full_drhp,2,33,35.0,35.0,0.0,0.0,0.0,0.0,5.0,5.0,weak_differentiation_drhp_generics,1,QA flagged
Devson Catalyst Limited,"2025. Consequently, the name of Company changed from “Devson Catalyst Private Limited” to “Devson Catalyst Limited”. The Corporate Identification Number of the Company is U31300GJ2004PLC044722.",unspecified_see_drhp,www.devsongroup.com; www.in.mpms.mufg.com; www.jjipoadvisors.com,₹25–100 Cr (approx from lakhs),U31300GJ2004PLC044722,DRHP PDF could not be downloaded.,bse_sme_ipo_drhp_pipeline|capacity_expansion_tailwind|workforce_scaling_signal,no_structured_differentiation_tag,drhp_companies_specified_format.csv+final_merged_dsir_promoters.csv,no_structured_differentiation_tag|bse_sme_ipo_drhp_pipeline|capacity_expansion_tailwind|workforce_scaling_signal|no_explicit_expansion|hiring|certification_keywords_in_sampled_pages_—_check_md&a|risk_factors_in_full_drhp,2,33,35.0,35.0,0.0,0.0,0.0,0.0,5.0,5.0,weak_differentiation_drhp_generics,1,QA flagged
Injecto Polymers Limited,"taken on lease from a Promoter, Group Companies and a third party respectively.",unspecified_see_drhp,www.injectopolymers.in,₹100+ Cr (approx from lakhs),,Promoter names not machine-extracted from sampled DRHP pages; verify in IPO prospectus or LinkedIn.,bse_sme_ipo_drhp_pipeline|capacity_expansion_tailwind|workforce_scaling_signal,no_structured_differentiation_tag,drhp_companies_specified_format.csv+final_merged_dsir_promoters.csv,no_structured_differentiation_tag|bse_sme_ipo_drhp_pipeline|capacity_expansion_tailwind|workforce_scaling_signal|no_explicit_expansion|hiring|certification_keywords_in_sampled_pages_—_check_md&a|risk_factors_in_full_drhp,2,33,35.0,35.0,0.0,0.0,0.0,0.0,5.0,5.0,weak_differentiation_drhp_generics,1,QA flagged
Meta Infotech Limited,"instance, there has been a clerical error in Issue Price mentioned in form 2 filed for allotment of 1,25,000 equity shares by way of right issue in FY 2008. Further secretarial records for following past allotments of Equity Shares made by our Company could not be traced, as unde...",unspecified_see_drhp,www.hemsecurities.com; www.kfintech.com; www.metainfotech.com/,Extract from restated financials in DRHP (pattern not matched).,,Promoter names not machine-extracted from sampled DRHP pages; verify in IPO prospectus or LinkedIn.,bse_sme_ipo_drhp_pipeline|capacity_expansion_tailwind|workforce_scaling_signal,no_structured_differentiation_tag,drhp_companies_specified_format.csv+final_merged_dsir_promoters.csv,no_structured_differentiation_tag|bse_sme_ipo_drhp_pipeline|capacity_expansion_tailwind|workforce_scaling_signal|no_explicit_expansion|hiring|certification_keywords_in_sampled_pages_—_check_md&a|risk_factors_in_full_drhp,2,33,35.0,35.0,0.0,0.0,0.0,0.0,5.0,5.0,stale_temporal_signal|weak_differentiation_drhp_generics,2,QA flagged
Monika Alcobev Limited,Registration Centre,unspecified_see_drhp,www.in.mpms.mufg.com; www.monikaalcobev.com,Extract from restated financials in DRHP (pattern not matched).,,Promoter names not machine-extracted from sampled DRHP pages; verify in IPO prospectus or LinkedIn.,bse_sme_ipo_drhp_pipeline|capacity_expansion_tailwind|workforce_scaling_signal,no_structured_differentiation_tag,drhp_companies_specified_format.csv+final_merged_dsir_promoters.csv,no_structured_differentiation_tag|bse_sme_ipo_drhp_pipeline|capacity_expansion_tailwind|workforce_scaling_signal|no_explicit_expansion|hiring|certification_keywords_in_sampled_pages_—_check_md&a|risk_factors_in_full_drhp,2,33,35.0,35.0,0.0,0.0,0.0,0.0,5.0,5.0,weak_differentiation_drhp_generics,1,QA flagged
Mother Nutri Foods Limited,"Survey No 276/1, Opp",unspecified_see_drhp,www.mothernutrifoods.com,Extract from restated financials in DRHP (pattern not matched).,,Promoter names not machine-extracted from sampled DRHP pages; verify in IPO prospectus or LinkedIn.,bse_sme_ipo_drhp_pipeline|capacity_expansion_tailwind|workforce_scaling_signal,no_structured_differentiation_tag,drhp_companies_specified_format.csv+final_merged_dsir_promoters.csv,no_structured_differentiation_tag|bse_sme_ipo_drhp_pipeline|capacity_expansion_tailwind|workforce_scaling_signal|no_explicit_expansion|hiring|certification_keywords_in_sampled_pages_—_check_md&a|risk_factors_in_full_drhp,2,33,35.0,35.0,0.0,0.0,0.0,0.0,5.0,5.0,weak_differentiation_drhp_generics,1,QA flagged
Panchatv Bharat limited,"of the Draft Prospectus, the Corporate Identification Number of our Company is U13999DL2024PLC427903",unspecified_see_drhp,https://www.markcorporateadvisors.com/; https://www.panchatvlimited.com/; www.maashitla.com,Extract from restated financials in DRHP (pattern not matched).,U13999DL2024PLC427903,Could not download DRHP PDF/ZIP for promoter extraction.,bse_sme_ipo_drhp_pipeline|capacity_expansion_tailwind|workforce_scaling_signal,no_structured_differentiation_tag,drhp_companies_specified_format.csv+final_merged_dsir_promoters.csv,no_structured_differentiation_tag|bse_sme_ipo_drhp_pipeline|capacity_expansion_tailwind|workforce_scaling_signal|no_explicit_expansion|hiring|certification_keywords_in_sampled_pages_—_check_md&a|risk_factors_in_full_drhp,2,33,35.0,35.0,0.0,0.0,0.0,0.0,5.0,5.0,weak_differentiation_drhp_generics,1,QA flagged
RCRS Innovations Limited,CORPORATE OFFICE CONTACT PERSON TELEPHONE AND EMAIL WEBSITE Building No,unspecified_see_drhp,https://rcrsinnovations.com/,Extract from restated financials in DRHP (pattern not matched).,,Could not download DRHP PDF/ZIP for promoter extraction.,bse_sme_ipo_drhp_pipeline|capacity_expansion_tailwind|workforce_scaling_signal,no_structured_differentiation_tag,drhp_companies_specified_format.csv+final_merged_dsir_promoters.csv,no_structured_differentiation_tag|bse_sme_ipo_drhp_pipeline|capacity_expansion_tailwind|workforce_scaling_signal|no_explicit_expansion|hiring|certification_keywords_in_sampled_pages_—_check_md&a|risk_factors_in_full_drhp,2,33,35.0,35.0,0.0,0.0,0.0,0.0,5.0,5.0,weak_differentiation_drhp_generics,1,QA flagged
Shanti Spintex Limited,"Sub Plot 1, Unit 1, Survey No",unspecified_see_drhp,www.shantispintex.com,Extract from restated financials in DRHP (pattern not matched).,,Promoter names not machine-extracted from sampled DRHP pages; verify in IPO prospectus or LinkedIn.,bse_sme_ipo_drhp_pipeline|capacity_expansion_tailwind|workforce_scaling_signal,no_structured_differentiation_tag,drhp_companies_specified_format.csv+final_merged_dsir_promoters.csv,no_structured_differentiation_tag|bse_sme_ipo_drhp_pipeline|capacity_expansion_tailwind|workforce_scaling_signal|no_explicit_expansion|hiring|certification_keywords_in_sampled_pages_—_check_md&a|risk_factors_in_full_drhp,2,33,35.0,35.0,0.0,0.0,0.0,0.0,5.0,5.0,weak_differentiation_drhp_generics,1,QA flagged
Shree Balaji (Mala) Textiles Limited,Certain Corporate Matters” on page 153 of this Draft Red Herring Prospectus.,unspecified_see_drhp,www.gyrcapitaladvisors.com; www.kfintech.com; www.malasaree.com,Extract from restated financials in DRHP (pattern not matched).,,Could not download DRHP PDF/ZIP for promoter extraction.,bse_sme_ipo_drhp_pipeline|capacity_expansion_tailwind|workforce_scaling_signal,no_structured_differentiation_tag,drhp_companies_specified_format.csv+final_merged_dsir_promoters.csv,no_structured_differentiation_tag|bse_sme_ipo_drhp_pipeline|capacity_expansion_tailwind|workforce_scaling_signal|no_explicit_expansion|hiring|certification_keywords_in_sampled_pages_—_check_md&a|risk_factors_in_full_drhp,2,33,35.0,35.0,0.0,0.0,0.0,0.0,5.0,5.0,weak_differentiation_drhp_generics,1,QA flagged
Suich Industries Limited,"], EACH WITH WIDE CIRCULATION, AT LEAST 2 (TWO) WORKING DAYS PRIOR TO THE BID / ISSUE OPENING DATE WITH THE RELEVANT FINANCIAL RATIOS CALCULATED AT THE FLOOR PRICE AND THE CAP PRICE AND SHALL BE MADE AVAILABLE TO THE BSE LIMITED REFERRED TO AS THE “STOCK EXCHANGE” FOR T HE PURPOS...",unspecified_see_drhp,www.linkintime.co.in; www.pantomathgroup.com; www.suichgroup.com,Extract from restated financials in DRHP (pattern not matched).,,Promoter names not machine-extracted from sampled DRHP pages; verify in IPO prospectus or LinkedIn.,bse_sme_ipo_drhp_pipeline|capacity_expansion_tailwind|workforce_scaling_signal,no_structured_differentiation_tag,drhp_companies_specified_format.csv+final_merged_dsir_promoters.csv,no_structured_differentiation_tag|bse_sme_ipo_drhp_pipeline|capacity_expansion_tailwind|workforce_scaling_signal|no_explicit_expansion|hiring|certification_keywords_in_sampled_pages_—_check_md&a|risk_factors_in_full_drhp,2,33,35.0,35.0,0.0,0.0,0.0,0.0,5.0,5.0,weak_differentiation_drhp_generics,1,QA flagged
Supertech EV Ltd,"Company, please refer to the section title “History and Corporate Structure” on page no 29 of this Draft Red Herring Prospectus",unspecified_see_drhp,www.corporatemakers.in; www.skylinerta.com; www.supertechev.in,Extract from restated financials in DRHP (pattern not matched).,,Could not download DRHP PDF/ZIP for promoter extraction.,bse_sme_ipo_drhp_pipeline|capacity_expansion_tailwind|workforce_scaling_signal,no_structured_differentiation_tag,drhp_companies_specified_format.csv+final_merged_dsir_promoters.csv,no_structured_differentiation_tag|bse_sme_ipo_drhp_pipeline|capacity_expansion_tailwind|workforce_scaling_signal|no_explicit_expansion|hiring|certification_keywords_in_sampled_pages_—_check_md&a|risk_factors_in_full_drhp,2,33,35.0,35.0,0.0,0.0,0.0,0.0,5.0,5.0,weak_differentiation_drhp_generics,1,QA flagged
Systematic Industries Limited,Download failed (timeout or HTTP error).,unspecified_see_drhp,https://systematicindustries.com/; www.cameoindia.com; www.hemsecurities.com,Extract from restated financials in DRHP (pattern not matched).,,Promoter names not machine-extracted from sampled DRHP pages; verify in IPO prospectus or LinkedIn.,bse_sme_ipo_drhp_pipeline|capacity_expansion_tailwind|workforce_scaling_signal,no_structured_differentiation_tag,drhp_companies_specified_format.csv+final_merged_dsir_promoters.csv,no_structured_differentiation_tag|bse_sme_ipo_drhp_pipeline|capacity_expansion_tailwind|workforce_scaling_signal|no_explicit_expansion|hiring|certification_keywords_in_sampled_pages_—_check_md&a|risk_factors_in_full_drhp,2,33,35.0,35.0,0.0,0.0,0.0,0.0,5.0,5.0,weak_differentiation_drhp_generics,1,QA flagged
Technocrats Plasma Systems Limited,"108, Nirav -2, Gaon Devi Industrial Estate, Sativali, Vasai East, Dist",unspecified_see_drhp,www.technocratplasma.com,Extract from restated financials in DRHP (pattern not matched).,,Promoter names not machine-extracted from sampled DRHP pages; verify in IPO prospectus or LinkedIn.,bse_sme_ipo_drhp_pipeline|capacity_expansion_tailwind|workforce_scaling_signal,no_structured_differentiation_tag,drhp_companies_specified_format.csv+final_merged_dsir_promoters.csv,no_structured_differentiation_tag|bse_sme_ipo_drhp_pipeline|capacity_expansion_tailwind|workforce_scaling_signal|no_explicit_expansion|hiring|certification_keywords_in_sampled_pages_—_check_md&a|risk_factors_in_full_drhp,2,33,35.0,35.0,0.0,0.0,0.0,0.0,5.0,5.0,weak_differentiation_drhp_generics,1,QA flagged
Vama Wovenfab Limited,100% Book Built Issue,unspecified_see_drhp,www.vamawoven.com,Extract from restated financials in DRHP (pattern not matched).,,Could not download DRHP PDF/ZIP for promoter extraction.,bse_sme_ipo_drhp_pipeline|capacity_expansion_tailwind|workforce_scaling_signal,no_structured_differentiation_tag,drhp_companies_specified_format.csv+final_merged_dsir_promoters.csv,no_structured_differentiation_tag|bse_sme_ipo_drhp_pipeline|capacity_expansion_tailwind|workforce_scaling_signal|no_explicit_expansion|hiring|certification_keywords_in_sampled_pages_—_check_md&a|risk_factors_in_full_drhp,2,33,35.0,35.0,0.0,0.0,0.0,0.0,5.0,5.0,weak_differentiation_drhp_generics,1,QA flagged
Vandan Foods Limited,"OFFICE CONTACT PERSON TELEPHONE AND EMAIL WEBSITE 503/B, Wall Street-1, Opp",unspecified_see_drhp,www.bigshareonline.com; www.nirbhaycapital.com; www.vandanfoods.in,Extract from restated financials in DRHP (pattern not matched).,,d Mrs Jyotsanaben Jitendrabhai Patel is not traceable. In accordance with the,bse_sme_ipo_drhp_pipeline|capacity_expansion_tailwind,no_structured_differentiation_tag,drhp_companies_specified_format.csv+final_merged_dsir_promoters.csv,no_structured_differentiation_tag|bse_sme_ipo_drhp_pipeline|capacity_expansion_tailwind|capex|capital_expenditure,2,33,35.0,35.0,0.0,0.0,0.0,0.0,5.0,5.0,weak_differentiation_drhp_generics,1,QA flagged
ADON AGRO COMMODITIES LIMITED,Office No,unspecified_see_drhp,www.adonagrocommodities.com,Extract from restated financials in DRHP (pattern not matched).,,DRHP: Mrs. Snehal Gajanan Mhatre; Mr. Vishal Sancheti E-mail; Mr. Murali Krishna E-mail; Mr. Narayanswamy Venkitkrishnan MOA; Mr. Narayanswamy Venkitkrishnan; Mrs. Jigisha Narayanswamy; Mr. Shubham Ratan Sharma. For,bse_sme_ipo_drhp_pipeline,no_structured_differentiation_tag,drhp_companies_specified_format.csv+final_merged_dsir_promoters.csv,no_structured_differentiation_tag|bse_sme_ipo_drhp_pipeline|subsidiary|group_structure,2,33,30.0,30.0,0.0,0.0,0.0,5.0,5.0,0.0,weak_differentiation_drhp_generics|generic_web_or_thin_ops_narrative,2,QA flagged
Aelea Commodities Limited,"401 & 402, Saifee Park-2, Dr",unspecified_see_drhp,www.aeleacommodities.com,Extract from restated financials in DRHP (pattern not matched).,,DRHP: Dr. Mascarenhas Road,bse_sme_ipo_drhp_pipeline,no_structured_differentiation_tag,drhp_companies_specified_format.csv+final_merged_dsir_promoters.csv,no_structured_differentiation_tag|bse_sme_ipo_drhp_pipeline|subsidiary|group_structure,2,33,30.0,30.0,0.0,0.0,0.0,5.0,5.0,0.0,weak_differentiation_drhp_generics|generic_web_or_thin_ops_narrative,2,QA flagged
Afcom Holdings Limited,aircrafts will be leased exclusively from these lessors,unspecified_see_drhp,https://afcomcargo.com/; www.gyrcapitaladvisors.com; www.linkintime.co.in,Extract from restated financials in DRHP (pattern not matched).,,DRHP: Dr. Radhakrishnan Nagar; Ms Deccan Chronicle Holdings Limited; Ms. Canara Bank Versus Ms Deccan Chronicle; Ms ICICI Bank Versus Ms Deccan Chronicle; Mrs. Manjula Annamalai; Mr. Kannan Ramakrishnan,bse_sme_ipo_drhp_pipeline,no_structured_differentiation_tag,drhp_companies_specified_format.csv+final_merged_dsir_promoters.csv,no_structured_differentiation_tag|bse_sme_ipo_drhp_pipeline|subsidiary|group_structure,2,33,30.0,30.0,0.0,0.0,0.0,5.0,5.0,0.0,weak_differentiation_drhp_generics,1,QA flagged
AIRFLOA RAIL TECHNOLOGY LIMITED,"Processing Centre on November 15, 2024",unspecified_see_drhp,https://www.airflow.co.in/; www.gyrcapitaladvisors.com; www.kfintech.com,Extract from restated financials in DRHP (pattern not matched).,U30204TN1998PLC041571,Mr. Venkatesan Dakshinamoorthy,bse_sme_ipo_drhp_pipeline,no_structured_differentiation_tag,drhp_companies_specified_format.csv+final_merged_dsir_promoters.csv,no_structured_differentiation_tag|bse_sme_ipo_drhp_pipeline|subsidiary|group_structure,2,33,30.0,30.0,0.0,0.0,0.0,5.0,5.0,0.0,weak_differentiation_drhp_generics,1,QA flagged
B.R.Goyal Infrastructure Limited,bearing Corporate Identification Number (,unspecified_see_drhp,www.brginfra.com,₹0–5 Cr (approx from lakhs),,Mr. Balkrishna Goyal; Mr. Uppal Goyal,bse_sme_ipo_drhp_pipeline,no_structured_differentiation_tag,drhp_companies_specified_format.csv+final_merged_dsir_promoters.csv,no_structured_differentiation_tag|bse_sme_ipo_drhp_pipeline|subsidiary|group_structure,2,33,30.0,30.0,0.0,0.0,0.0,5.0,5.0,0.0,weak_differentiation_drhp_generics|generic_web_or_thin_ops_narrative,2,QA flagged
CapitalNumbers Infotech Limited,CONTACT PERSON TELEPHONE AND EMAIL,unspecified_see_drhp,https://www.capitalnumbers.com/,Extract from restated financials in DRHP (pattern not matched).,,DRHP: Ms. Priya Jhunjhunwala; Mr. Mohit Baid Telephone; Ms. Shanti Gopalkrishnan Tel,bse_sme_ipo_drhp_pipeline,no_structured_differentiation_tag,drhp_companies_specified_format.csv+final_merged_dsir_promoters.csv,no_structured_differentiation_tag|bse_sme_ipo_drhp_pipeline|subsidiary|group_structure,2,33,30.0,30.0,0.0,0.0,0.0,5.0,5.0,0.0,weak_differentiation_drhp_generics|generic_web_or_thin_ops_narrative,2,QA flagged
Core4 Engineers Limited,CORPORATE OFFICE CONTACT PERSON EMAIL AND TELEPHONE WEBSITE Mathrushree No,unspecified_see_drhp,https://core4engineers.com/,Extract from restated financials in DRHP (pattern not matched).,,DRHP: AGRAHARA CHAMARAJE GOWDA ABHINANDAN; HOSAHALLI; HOSAHALLI APPAGIGOWDA SAVITHA,bse_sme_ipo_drhp_pipeline,no_structured_differentiation_tag,drhp_companies_specified_format.csv+final_merged_dsir_promoters.csv,no_structured_differentiation_tag|bse_sme_ipo_drhp_pipeline|subsidiary|group_structure,2,33,30.0,30.0,0.0,0.0,0.0,5.0,5.0,0.0,weak_differentiation_drhp_generics|generic_web_or_thin_ops_narrative,2,QA flagged
Creativity At Best Technologies Limited,Khasra No,unspecified_see_drhp,www.cabtechnologies.com; www.kfintech.com; www.narnolia.com,Extract from restated financials in DRHP (pattern not matched).,,DRHP: Ms. Mrinalini Mehra Company Secretary; Mr. Pankaj Pasi SEBI Registration Number; Ms. Mrinalini Mehra OUR; Mr. Shalaj Mridul; Mr. Shailesh Kumar; Mrs. Anupam Kumari. Promoters Group,bse_sme_ipo_drhp_pipeline,no_structured_differentiation_tag,drhp_companies_specified_format.csv+final_merged_dsir_promoters.csv,no_structured_differentiation_tag|bse_sme_ipo_drhp_pipeline|subsidiary|group_structure,2,33,30.0,30.0,0.0,0.0,0.0,5.0,5.0,0.0,weak_differentiation_drhp_generics|generic_web_or_thin_ops_narrative,2,QA flagged
Infinity Infoway Limited,in relation to this lease/ rental/tenancy agreement may have an adverse effect on our business operations and results thereof.,unspecified_see_drhp,www.bigshareonline.com; www.holaniconsultants.co.in; www.infinityinfoway.com,₹0–5 Cr (approx from lakhs),,DRHP: Mrs. Payal Jain Email; Mr. Babu Rapheal; Mr. Bhaveshkumar Dhirajlal Gadhethriya; Mrs. Rinaben Bhaveshkumar Gadhethariya; Mr. Dhirajlal Bhanjibhai Gadhethariya; Mr. Nikunj Vrajlal Gajera,bse_sme_ipo_drhp_pipeline,no_structured_differentiation_tag,drhp_companies_specified_format.csv+final_merged_dsir_promoters.csv,no_structured_differentiation_tag|bse_sme_ipo_drhp_pipeline|subsidiary|group_structure,2,33,30.0,30.0,0.0,0.0,0.0,5.0,5.0,0.0,weak_differentiation_drhp_generics,1,QA flagged
Katex Exim Limited,OFFICE CONTACT PERSON TELEPHONE AND EMAIL WEBSITE 55/Ashra Ind,unspecified_see_drhp,www.bigshareonline.com; www.nirbhaycapital.com; www.thekatex.com,Extract from restated financials in DRHP (pattern not matched).,,Mr. Sajal Rakesh Bansal,bse_sme_ipo_drhp_pipeline,no_structured_differentiation_tag,drhp_companies_specified_format.csv+final_merged_dsir_promoters.csv,no_structured_differentiation_tag|bse_sme_ipo_drhp_pipeline|subsidiary|group_structure,2,33,30.0,30.0,0.0,0.0,0.0,5.0,5.0,0.0,weak_differentiation_drhp_generics,1,QA flagged
Kiaasa Retail Limited,further details of our Company see “General Information” and “History and Certain Corporate Matters” beginning on page 70 and 182 respectively of this Draft Red Herring Prospectus,unspecified_see_drhp,www.kiaasa.com,Extract from restated financials in DRHP (pattern not matched).,,DRHP: Ms. Kanishka Singhal Company Secretary; Ms. Kanishka Singhal; Mr. Om Prakash; Mr. Amit Chauhan,bse_sme_ipo_drhp_pipeline,no_structured_differentiation_tag,drhp_companies_specified_format.csv+final_merged_dsir_promoters.csv,no_structured_differentiation_tag|bse_sme_ipo_drhp_pipeline|subsidiary|group_structure,2,33,30.0,30.0,0.0,0.0,0.0,5.0,5.0,0.0,weak_differentiation_drhp_generics|generic_web_or_thin_ops_narrative,2,QA flagged
Knowledge Marine & Engineering Works Limited,"Limited Company pursuant to the special resolution passed by the shareholders at the Extra-Ordinary General Meeting of our Company held on January 23, 2020 and consequent upon conversion the name of our Company was changed to “Knowledge Marine & Engineering Works Limited” vide a ...",unspecified_see_drhp,www.hemsecurities.com; www.kmew.in; www.linkintime.co.in,Extract from restated financials in DRHP (pattern not matched).,,DRHP: Ms. Sonali Chetan Gor; Mr. Saurabh M. Daswani; Mrs. Kanak S. Kewalramani THE ISSUE INITIAL; Mr. Saurabh M. Daswani Materiality Policy; Mrs. Kanak S. Kewalramani; Mr. Pinkesh Kewalramani; Mr. Saurabh Daswani Stakeholders Relationship Committee,bse_sme_ipo_drhp_pipeline,no_structured_differentiation_tag,drhp_companies_specified_format.csv+final_merged_dsir_promoters.csv,no_structured_differentiation_tag|bse_sme_ipo_drhp_pipeline|subsidiary|group_structure,2,33,30.0,30.0,0.0,0.0,0.0,5.0,5.0,0.0,stale_temporal_signal|weak_differentiation_drhp_generics,2,QA flagged
Leapfrog Engineering Services Limited,"company, please refer to section titled “",unspecified_see_drhp,www.lesgroup.in,Extract from restated financials in DRHP (pattern not matched).,,DRHP: Ms. Sneha Hegde; Mr. Prabhav Narasimha Rao; Mrs. Priyashaila Prabhav Rao ADDENDUM TO; Mr. S. Ramakrishna Iyengar INTEGRATED REGISTRY MANAGEMENT; Mr. Suresh Bohra Telephone,bse_sme_ipo_drhp_pipeline,no_structured_differentiation_tag,drhp_companies_specified_format.csv+final_merged_dsir_promoters.csv,no_structured_differentiation_tag|bse_sme_ipo_drhp_pipeline|subsidiary|group_structure,2,33,30.0,30.0,0.0,0.0,0.0,5.0,5.0,0.0,weak_differentiation_drhp_generics|generic_web_or_thin_ops_narrative,2,QA flagged
Matangi Rubber Limited,"Subsequently, our Company was converted into a Public Limited Company under the Companies Act, 2013 pursuant to a special resolution passed by the shareholders of our Company on November 04, 2024 and the n ame was changed to “Matangi Rubber Limited” pursuant to a fresh Certificat...",unspecified_see_drhp,www.bigshareonline.com; www.matangirubber.com; www.sarthi.in,Extract from restated financials in DRHP (pattern not matched).,,Mr. Mohit Gupta,bse_sme_ipo_drhp_pipeline,no_structured_differentiation_tag,drhp_companies_specified_format.csv+final_merged_dsir_promoters.csv,no_structured_differentiation_tag|bse_sme_ipo_drhp_pipeline|subsidiary|group_structure,2,33,30.0,30.0,0.0,0.0,0.0,5.0,5.0,0.0,stale_temporal_signal|weak_differentiation_drhp_generics,2,QA flagged
MILAN GINNING PRESSING LIMITED,& FACTORY CONTACT PERSON EMAIL AND TELEPHONE,unspecified_see_drhp,www.milangroupindia.com,Extract from restated financials in DRHP (pattern not matched).,,DRHP: Mr. S. Ramakrishna Iyengar Telephone,bse_sme_ipo_drhp_pipeline,no_structured_differentiation_tag,drhp_companies_specified_format.csv+final_merged_dsir_promoters.csv,no_structured_differentiation_tag|bse_sme_ipo_drhp_pipeline|subsidiary|group_structure,2,33,30.0,30.0,0.0,0.0,0.0,5.0,5.0,0.0,weak_differentiation_drhp_generics|generic_web_or_thin_ops_narrative,2,QA flagged
Monarch Surveyors and Engineering Consultants Limited,Bidder/ Investor Any prospective investor who makes a bid for Equity Shares in terms of Red Herring Prospectus.,unspecified_see_drhp,www.monarchconsultants.in,Extract from restated financials in DRHP (pattern not matched).,,Mr. Dattatraya Mohaniraj Karpe,bse_sme_ipo_drhp_pipeline,no_structured_differentiation_tag,drhp_companies_specified_format.csv+final_merged_dsir_promoters.csv,no_structured_differentiation_tag|bse_sme_ipo_drhp_pipeline|subsidiary|group_structure,2,33,30.0,30.0,0.0,0.0,0.0,5.0,5.0,0.0,weak_differentiation_drhp_generics|generic_web_or_thin_ops_narrative,2,QA flagged
NIS Management Limited,"Opening Date with the relevant financial ratios calculated at the Floor Price and at the Cap Price, and shall be made available to the Stock Exchanges for the purpose of uploading on their respective websites. Pri",unspecified_see_drhp,www.nis.co.in,Extract from restated financials in DRHP (pattern not matched).,,DRHP: Ms. Ramyani Chatterjee Company Secretary; Mr. Debajit Choudhury Promoter Upto; Ms. Ramyani Chatterjee OUR; Mr. Debajit Choudhury; Ms. Rina Choudhury; Ms. Susmita Mukherjee; Ms. Debahuti Chatterjee; Ms. Nita Dey; Ms. Ramyani Chatterjee; Mr. Kanad Mukherjee,bse_sme_ipo_drhp_pipeline,no_structured_differentiation_tag,drhp_companies_specified_format.csv+final_merged_dsir_promoters.csv,no_structured_differentiation_tag|bse_sme_ipo_drhp_pipeline|subsidiary|group_structure,2,33,30.0,30.0,0.0,0.0,0.0,5.0,5.0,0.0,weak_differentiation_drhp_generics|generic_web_or_thin_ops_narrative,2,QA flagged
Prevest Denpro Limited,Little or no extractable text (likely scanned PDF — needs OCR).,unspecified_see_drhp,www.bigshareonline.com; www.hemsecurities.com; www.prevestdenpro.com,Extract from restated financials in DRHP (pattern not matched).,,DRHP: Ms. Komal Mehra; Mr. Atul Modi; Mrs. Namrata Modi THE ISSUE INITIAL PUBLIC,bse_sme_ipo_drhp_pipeline,no_structured_differentiation_tag,drhp_companies_specified_format.csv+final_merged_dsir_promoters.csv,no_structured_differentiation_tag|bse_sme_ipo_drhp_pipeline|not_assessed_(no_machine-readable_text),2,33,30.0,30.0,0.0,0.0,0.0,5.0,5.0,0.0,weak_differentiation_drhp_generics,1,QA flagged
Rikhav Securities Limited,Identification Number of our Company is U99999MH1995PLC086635.,unspecified_see_drhp,https://www.rikhav.net/,Extract from restated financials in DRHP (pattern not matched).,U99999MH1995PLC086635,DRHP: Ms. Sona Jain; Mr. Harshil Mahesh Shah; Mr. Harsh Mahesh Shah; Mr. Darshan Vikram Shah; Mr. Dhruvil Vikram Shah; Ms. Daksha Sharad Maniyar Public Selling Shareholder; Mr. Jayesh Mulchand Maniyar Public Selling Shareholder; Mr. Mukesh Jayantilal Sanghavi Public Selling Shareholder; Ms. Virali Girish Maniyar Public Selling Shareholder; Mr. Yash Jayesh Maniyar Public Selling Shareholder,bse_sme_ipo_drhp_pipeline,no_structured_differentiation_tag,drhp_companies_specified_format.csv+final_merged_dsir_promoters.csv,no_structured_differentiation_tag|bse_sme_ipo_drhp_pipeline|subsidiary|group_structure,2,33,30.0,30.0,0.0,0.0,0.0,5.0,5.0,0.0,weak_differentiation_drhp_generics|generic_web_or_thin_ops_narrative,2,QA flagged
Riyaasat Lifestyle Limited,"01/GF, 'Time Square', B/S",unspecified_see_drhp,www.riyaasat.in,₹0–5 Cr (approx from lakhs),,DRHP: Ms. Mansi Pratik Patel Company Secretary; Ms. Mansi Pratik Patel PROMOTERS OF; Mr. Nileshbhai Mansukhbhai Chalalia Company Secretary; Ms. Mansi Pratik Patel. Depositories Act,bse_sme_ipo_drhp_pipeline,no_structured_differentiation_tag,drhp_companies_specified_format.csv+final_merged_dsir_promoters.csv,no_structured_differentiation_tag|bse_sme_ipo_drhp_pipeline|subsidiary|group_structure,2,33,30.0,30.0,0.0,0.0,0.0,5.0,5.0,0.0,weak_differentiation_drhp_generics|generic_web_or_thin_ops_narrative,2,QA flagged
Sakhiya Skin Clinic Limited,"on October 06, 2021","dermatology-focused healthcare services provider in India, with a long -standing operational history, we endeavour to su",www.gyrcapitaladvisors.com; www.kfintech.com; www.sakhiyaskinclinic.com,Extract from restated financials in DRHP (pattern not matched).,U85110GJ2011PLC121885,DRHP: Ms. Pooja Ankit Sundarka Company Secretary; Mr. Mohit Baid SEBI Registration Number; Mr. Jagdishkumar Jadavbhai Sakhiya; Mrs. Rupalben Sakhiya; Dr. Sakhiya's Advanced Skin Science LLP,bse_sme_ipo_drhp_pipeline,no_structured_differentiation_tag,drhp_companies_specified_format.csv+final_merged_dsir_promoters.csv,no_structured_differentiation_tag|bse_sme_ipo_drhp_pipeline|subsidiary|group_structure,2,33,30.0,30.0,0.0,0.0,0.0,5.0,5.0,0.0,stale_temporal_signal,1,QA flagged
Sampat Aluminium Limited,"Our Company has delayed in filing of Forms for certain years with Registrar of Companies for which additional fees has been paid by the Company and which has been certified by Dhyanam Vyas & Associates, Practi",unspecified_see_drhp,https://sampataluminium.com/; www.cameoindia.com,Extract from restated financials in DRHP (pattern not matched).,,DRHP: Mr. Sanket Sanjay Deora Chairman,bse_sme_ipo_drhp_pipeline,no_structured_differentiation_tag,drhp_companies_specified_format.csv+final_merged_dsir_promoters.csv,no_structured_differentiation_tag|bse_sme_ipo_drhp_pipeline|subsidiary|group_structure,2,33,30.0,30.0,0.0,0.0,0.0,5.0,5.0,0.0,weak_differentiation_drhp_generics,1,QA flagged
Shanmuga Hospital Limited,"For further details of change in name and registered office of our company, please refer to section titled “",unspecified_see_drhp,www.shanmugahospital.com,₹3 Cr (stated),,DRHP: Mr. Veer Pratap Reddy Gandluru; Mr. S. Ramakrishna Iyengar INTEGRATED REGISTRY MANAGEMENT,bse_sme_ipo_drhp_pipeline,no_structured_differentiation_tag,drhp_companies_specified_format.csv+final_merged_dsir_promoters.csv,no_structured_differentiation_tag|bse_sme_ipo_drhp_pipeline|subsidiary|group_structure,2,33,30.0,30.0,0.0,0.0,0.0,5.0,5.0,0.0,weak_differentiation_drhp_generics|generic_web_or_thin_ops_narrative,2,QA flagged
Share Samadhan Limited,Tel: 01149084044 Fax: N,unspecified_see_drhp,www.narnolia.com; www.sharesamadhan.com; www.skylinerta.com,Extract from restated financials in DRHP (pattern not matched).,,DRHP: Mr. Kumar Rishi OUR; Mr. Abhay Kumar Chandalia; Mrs. Anjali Mathur; Mr. Vinay Kumar Sangwan; Mrs. Veena Khanna,bse_sme_ipo_drhp_pipeline,no_structured_differentiation_tag,drhp_companies_specified_format.csv+final_merged_dsir_promoters.csv,no_structured_differentiation_tag|bse_sme_ipo_drhp_pipeline|subsidiary|group_structure,2,33,30.0,30.0,0.0,0.0,0.0,5.0,5.0,0.0,weak_differentiation_drhp_generics|generic_web_or_thin_ops_narrative,2,QA flagged
Shashwat Furnishing Solutions Limited,U20299RJ2021PLC073899,unspecified_see_drhp,www.beelinebroking.com; www.handicraftsvillage.com; www.kfintech.com,Extract from restated financials in DRHP (pattern not matched).,U20299RJ2021PLC073899,DRHP: Mr. Hitesh Karnawat; Mrs. Ratika Khandelwal; Mr. Hitesh Karnawat. For; Mr. Lalit Ghewarchand Karnawat. Stakeholders Relationship Committee,bse_sme_ipo_drhp_pipeline,no_structured_differentiation_tag,drhp_companies_specified_format.csv+final_merged_dsir_promoters.csv,no_structured_differentiation_tag|bse_sme_ipo_drhp_pipeline|subsidiary|group_structure,2,33,30.0,30.0,0.0,0.0,0.0,5.0,5.0,0.0,weak_differentiation_drhp_generics,1,QA flagged
Skill Tree Consulting Limited,Certain Corporate Matters” beginning on page 101 of this Draft Red Herring Prospectus,unspecified_see_drhp,https://www.skilltreeconsulting.in/,Extract from restated financials in DRHP (pattern not matched).,,DRHP: Ms. Hunny Naresh Mehta; Mr. Jaspal Singh Sehgal; Mr. Vishesh Saini Chief Financial Officer; Mr. Yogesh Gupta. Company Secretary; Ms. Hunny Naresh Mehta. Depositories Act; Mr. Jaspal Singh Sehgal For,bse_sme_ipo_drhp_pipeline,no_structured_differentiation_tag,drhp_companies_specified_format.csv+final_merged_dsir_promoters.csv,no_structured_differentiation_tag|bse_sme_ipo_drhp_pipeline|subsidiary|group_structure,2,33,30.0,30.0,0.0,0.0,0.0,5.0,5.0,0.0,weak_differentiation_drhp_generics|generic_web_or_thin_ops_narrative,2,QA flagged
SM Auto Stamping Limited,"“we”, “us” and “our” Unless the context otherwis e indicates or implies refers to our Company",unspecified_see_drhp,www.bigshareonline.com; www.hemsecurities.com; www.smautostamping.com,Extract from restated financials in DRHP (pattern not matched).,,DRHP: Mrs. Priya Anuj Khadilkar; Mr. Mukund Narayan Kulkarni; Mr. Suresh Gunwant Fegde; Mrs. Alka Mukund Kulkarni THE ISSUE INITIAL; Mr. Suresh GunwantFegde; Mrs. AlkaMukundKulkarni. For,bse_sme_ipo_drhp_pipeline,no_structured_differentiation_tag,drhp_companies_specified_format.csv+final_merged_dsir_promoters.csv,no_structured_differentiation_tag|bse_sme_ipo_drhp_pipeline|subsidiary|group_structure,2,33,30.0,30.0,0.0,0.0,0.0,5.0,5.0,0.0,weak_differentiation_drhp_generics,1,QA flagged
Solar91 Cleantech Limited,"incorporation consequent upon conversion dated July 22, 2024 bearing",unspecified_see_drhp,www.maashitla.com; www.narnolia.com; www.solar91.com,Extract from restated financials in DRHP (pattern not matched).,,DRHP: Mr. Harshit Jain; Mr. Pankaj Pasi Website; Mr. Mukul Agrawal CIN; Mrs. Surbhi Toshniwal. This; Mr. Dhawal Gaurang Vasavada; Mr. Saurabh Vyas; Mr. Prateek Agrawal; Mr. Sandeep Gurnani,bse_sme_ipo_drhp_pipeline,no_structured_differentiation_tag,drhp_companies_specified_format.csv+final_merged_dsir_promoters.csv,no_structured_differentiation_tag|bse_sme_ipo_drhp_pipeline|subsidiary|group_structure,2,33,30.0,30.0,0.0,0.0,0.0,5.0,5.0,0.0,weak_differentiation_drhp_generics|generic_web_or_thin_ops_narrative,2,QA flagged
Sugs Lloyd Limited,"further details, please refer to chapter titled “History and Corporate Structure” beginning on page 160 of this Draft Red Herring Prospectus.",unspecified_see_drhp,www.3dcsl.com; www.sugslloyds.com,Extract from restated financials in DRHP (pattern not matched).,,DRHP: Ms. Nimmy Singh Chauhan; Mr. Rhydham Kapoor Email; Mrs. Priti Shah; Mr. Santosh Kumar Shah; Mr. Santosh Kumar Shah CIN Corporate Identification; Mr. Vicky Kumar Companies Act; Ms. Nimmy Singh Chauhan. Corporate; Mrs. Priti Shah. MOA; Mr. Santosh Kumar Shah For; Mr. Laxman Prasad,bse_sme_ipo_drhp_pipeline,no_structured_differentiation_tag,drhp_companies_specified_format.csv+final_merged_dsir_promoters.csv,no_structured_differentiation_tag|bse_sme_ipo_drhp_pipeline|subsidiary|group_structure,2,33,30.0,30.0,0.0,0.0,0.0,5.0,5.0,0.0,weak_differentiation_drhp_generics,1,QA flagged
SURIFRESH EXTRACT LIMITED,"of incorporation consequent upon conversion dated July 24, 2024, bearing",unspecified_see_drhp,www.bigshareonline.com; www.narnolia.com; www.surifreshextract.com,Extract from restated financials in DRHP (pattern not matched).,,DRHP: Mr. Kunjbihari Yadav Company Secretary; Mr. Pankaj Pasi SEBI Registration Number; Mr. Kunjbihari Yadav. Depositories Act The Depositories; Mr. Sudhir Suri; Mr. Manav Suri; Mr. Hitin Suri; Mr. Siddhaarth Suri; Mr. Sidhantt Suri. Promoters Group,bse_sme_ipo_drhp_pipeline,no_structured_differentiation_tag,drhp_companies_specified_format.csv+final_merged_dsir_promoters.csv,no_structured_differentiation_tag|bse_sme_ipo_drhp_pipeline|subsidiary|group_structure,2,33,30.0,30.0,0.0,0.0,0.0,5.0,5.0,0.0,weak_differentiation_drhp_generics|generic_web_or_thin_ops_narrative,2,QA flagged
UNITED TECHFAB LIMITED,EMAIL WEBSITE Survey No,unspecified_see_drhp,www.kfintech.com; www.nirbhaycapital.com; www.unitedtechfab.com,Extract from restated financials in DRHP (pattern not matched).,,Mr. Gagan Nirmalkumar Mittal,bse_sme_ipo_drhp_pipeline,no_structured_differentiation_tag,drhp_companies_specified_format.csv+final_merged_dsir_promoters.csv,no_structured_differentiation_tag|bse_sme_ipo_drhp_pipeline|subsidiary|group_structure,2,33,30.0,30.0,0.0,0.0,0.0,5.0,5.0,0.0,weak_differentiation_drhp_generics,1,QA flagged
Vahh Chemicals Limited,Our Company has delayed in complying with certain statutory provisions under Companies Act 2013,unspecified_see_drhp,www.kfintech.com; www.vahhchemicals.com,₹25–100 Cr (approx from lakhs),,DRHP: Mr. Aayush Hiren Desai; Mrs. Hetal Hirenbhai Desai,bse_sme_ipo_drhp_pipeline,rnd_mention,drhp_companies_specified_format.csv+final_merged_dsir_promoters.csv,rnd_mention|bse_sme_ipo_drhp_pipeline|subsidiary|group_structure|backward_integration,2,33,30.0,30.0,0.0,0.0,0.0,5.0,5.0,0.0,stale_temporal_signal|generic_web_or_thin_ops_narrative,2,QA flagged
Achyut Healthcare Limited,"The reg istered office of our Company situated at 610 Colonade, B/H Iscon Temple, Opposite Iscon, BRTS Bus Stand, Iscon – Ambali Road, Ahmedabad- 380 058, Gujarat, India",unspecified_see_drhp,www.achyuthealthcare.com; www.gyrcapitaladvisors.com; www.kfintech.com,Extract from restated financials in DRHP (pattern not matched).,,Promoter names not machine-extracted from sampled DRHP pages; verify in IPO prospectus or LinkedIn.,bse_sme_ipo_drhp_pipeline,no_structured_differentiation_tag,drhp_companies_specified_format.csv+final_merged_dsir_promoters.csv,no_structured_differentiation_tag|bse_sme_ipo_drhp_pipeline|subsidiary|group_structure,2,33,25.0,25.0,0.0,5.0,0.0,0.0,5.0,0.0,weak_differentiation_drhp_generics,1,QA flagged
BAI-KAKAJI POLYMERS LIMITED,"Plot No. M3 & M4 MIDC, Latur, Maharashtra, India, 413531 Dheerajkumar Pannalal Tiwari Company Secretary & Compliance Officer E-mail: cs@baikakaji.com Tel No: +91 9028254663 Website: https://baikakajipolymers.com",unspecified_see_drhp,https://baikakajipolymers.com,Extract from restated financials in DRHP (pattern not matched).,,Promoter names not machine-extracted from sampled DRHP pages; verify in IPO prospectus or LinkedIn.,bse_sme_ipo_drhp_pipeline,no_structured_differentiation_tag,drhp_companies_specified_format.csv+final_merged_dsir_promoters.csv,no_structured_differentiation_tag|bse_sme_ipo_drhp_pipeline|subsidiary|group_structure,2,33,25.0,25.0,0.0,5.0,0.0,0.0,5.0,0.0,weak_differentiation_drhp_generics|generic_web_or_thin_ops_narrative,2,QA flagged
Exato Technologies Limited,"A-33, 02nd Floor, Sector -2, Noida, Gautam Buddha Nagar, Noida, Uttar Pradesh, India, 201301",unspecified_see_drhp,https://www.exato.ai/; www.gyrcapitaladvisors.com; www.kfintech.com,Extract from restated financials in DRHP (pattern not matched).,,Could not download DRHP PDF/ZIP for promoter extraction.,bse_sme_ipo_drhp_pipeline,no_structured_differentiation_tag,drhp_companies_specified_format.csv+final_merged_dsir_promoters.csv,no_structured_differentiation_tag|bse_sme_ipo_drhp_pipeline|subsidiary|group_structure,2,33,25.0,25.0,0.0,5.0,0.0,0.0,5.0,0.0,weak_differentiation_drhp_generics,1,QA flagged
Futurex Management Solution Limited,"198 & 199, First Floor, Pocket -3, Sector - 24, Rohini, Northwest, Delhi, 110085 Ground Floor, Viraat I, C-56/35, Sector - 62, Noida 201309 Shweta Bansal Company Secretary and Compliance Officer Email: cs@futurexsolutions.com Tel No: 011-41687775 www.futurexsolutions. com PROMOTE...",unspecified_see_drhp,www.futurexsolutions; www.futurexsolutions.com,Extract from restated financials in DRHP (pattern not matched).,,DRHP PDF could not be downloaded.,bse_sme_ipo_drhp_pipeline,no_structured_differentiation_tag,drhp_companies_specified_format.csv+final_merged_dsir_promoters.csv,no_structured_differentiation_tag|bse_sme_ipo_drhp_pipeline|subsidiary|group_structure,2,33,25.0,25.0,0.0,5.0,0.0,0.0,5.0,0.0,weak_differentiation_drhp_generics,1,QA flagged
Gallard Steel Limited,"TELEPHONE WEBSITE Flat No. 01, SukhsnehApartment, 168-M Khatiwala Tank, Indore, Madhya Pradesh-MP – 452014",unspecified_see_drhp,https://www.gallardsteel.com,Extract from restated financials in DRHP (pattern not matched).,,Promoter names not machine-extracted from sampled DRHP pages; verify in IPO prospectus or LinkedIn.,bse_sme_ipo_drhp_pipeline,no_structured_differentiation_tag,drhp_companies_specified_format.csv+final_merged_dsir_promoters.csv,no_structured_differentiation_tag|bse_sme_ipo_drhp_pipeline|subsidiary|group_structure,2,33,25.0,25.0,0.0,5.0,0.0,0.0,5.0,0.0,weak_differentiation_drhp_generics|generic_web_or_thin_ops_narrative,2,QA flagged
Maharaja & Speedex India Limited,"53/27 GT Karnal Road Village Alipur, Near Alipur Police Station, New Delhi, Delhi-110036",unspecified_see_drhp,https://speedexind.com,Extract from restated financials in DRHP (pattern not matched).,,Promoter names not machine-extracted — verify in IPO prospectus or LinkedIn.,bse_sme_ipo_drhp_pipeline,no_structured_differentiation_tag,drhp_companies_specified_format.csv+final_merged_dsir_promoters.csv,no_structured_differentiation_tag|bse_sme_ipo_drhp_pipeline|subsidiary|group_structure,2,33,25.0,25.0,0.0,5.0,0.0,0.0,5.0,0.0,weak_differentiation_drhp_generics|generic_web_or_thin_ops_narrative,2,QA flagged
Methodhub Software Limited,"Unit No. 109, 1 st Floor, Prestige Meridian – 1, No. 29, M.G. Road, Bengaluru – 560 001, Karnataka, India. Muthukrishnan Shanmuga Thevar- Company Secretary and Compliance Officer Telephone: +91 78248 23132 Email: cs@methodhub.in",unspecified_see_drhp,www.methodhub.in,Extract from restated financials in DRHP (pattern not matched).,,Promoter names not machine-extracted from sampled DRHP pages; verify in IPO prospectus or LinkedIn.,bse_sme_ipo_drhp_pipeline,no_structured_differentiation_tag,drhp_companies_specified_format.csv+final_merged_dsir_promoters.csv,no_structured_differentiation_tag|bse_sme_ipo_drhp_pipeline|subsidiary|group_structure,2,33,25.0,25.0,0.0,5.0,0.0,0.0,5.0,0.0,weak_differentiation_drhp_generics|generic_web_or_thin_ops_narrative,2,QA flagged
NEETU YOSHI LIMITED,"Jakhan, Rajpur Road, Dehradun, Dehradun, Uttarakhand, India-248001 “we”, “us” and “our” Unless the context otherwise indicates or implies, refers to our Company together with our Subsidiaries, on a consolidated basis as on the date of this Draft Red Herring Prospectus. “you”, “yo...",unspecified_see_drhp,www.neetuyoshi.com,Extract from restated financials in DRHP (pattern not matched).,,Could not download DRHP PDF/ZIP for promoter extraction.,bse_sme_ipo_drhp_pipeline,no_structured_differentiation_tag,drhp_companies_specified_format.csv+final_merged_dsir_promoters.csv,no_structured_differentiation_tag|bse_sme_ipo_drhp_pipeline|subsidiary|group_structure,2,33,25.0,25.0,0.0,5.0,0.0,0.0,5.0,0.0,weak_differentiation_drhp_generics|generic_web_or_thin_ops_narrative,2,QA flagged
Om Galaxy Limited,"5, Industrial Estate, Sativali Road, Village Valiv, Vasai, Thane, Maharashtra - 401208, India “we”, “us” and “our” Unless the context otherwise indicates or implies, refers to our Company and our Subsidiaries",unspecified_see_drhp,www.omgalaxymould.com,Extract from restated financials in DRHP (pattern not matched).,,Promoter names not machine-extracted — verify in IPO prospectus or LinkedIn.,bse_sme_ipo_drhp_pipeline,no_structured_differentiation_tag,drhp_companies_specified_format.csv+final_merged_dsir_promoters.csv,no_structured_differentiation_tag|bse_sme_ipo_drhp_pipeline|subsidiary|group_structure,2,33,25.0,25.0,0.0,5.0,0.0,0.0,5.0,0.0,weak_differentiation_drhp_generics|generic_web_or_thin_ops_narrative,2,QA flagged
Segmental Infrastructure Development Limited,"of the Company was shifted from the state of Delhi to State of Haryana vide Certificate of Incorporation dated September 12, 2023 issued by Registrar of Companies, Delhi",unspecified_see_drhp,www.bigshareonline.comInvestor; www.segmental.in; www.segmental.in/Promoter; www.shareindia.comInvestor,Extract from restated financials in DRHP (pattern not matched).,,Could not download DRHP PDF/ZIP for promoter extraction.,bse_sme_ipo_drhp_pipeline,no_structured_differentiation_tag,drhp_companies_specified_format.csv+final_merged_dsir_promoters.csv,no_structured_differentiation_tag|bse_sme_ipo_drhp_pipeline|subsidiary|group_structure,2,33,25.0,25.0,0.0,5.0,0.0,0.0,5.0,0.0,borderline_stale_temporal_signal|weak_differentiation_drhp_generics,2,QA flagged
Shree TNB Polymers Limited,"Athalroad, Silvassa, Dadra & Nagar Haveli, India- 396230.",unspecified_see_drhp,www.shreetnbpolymers.in,Extract from restated financials in DRHP (pattern not matched).,,DRHP PDF could not be downloaded.,bse_sme_ipo_drhp_pipeline,no_structured_differentiation_tag,drhp_companies_specified_format.csv+final_merged_dsir_promoters.csv,no_structured_differentiation_tag|bse_sme_ipo_drhp_pipeline|subsidiary|group_structure,2,33,25.0,25.0,0.0,5.0,0.0,0.0,5.0,0.0,weak_differentiation_drhp_generics|generic_web_or_thin_ops_narrative,2,QA flagged
UHM Vacation Limited,"C 715, Dattani Plaza, Near E W Ind Est, Safed Pool, Saki Naka, Andheri (East), Mumbai - 400072, Maharashtra, India Sanchita Dad, Company Secretary and Compliance Officer Email: cs@uhmvacation.com Telephone: 02246079484",unspecified_see_drhp,www.uhmvacation.com/,Extract from restated financials in DRHP (pattern not matched).,,Could not download DRHP PDF/ZIP for promoter extraction.,bse_sme_ipo_drhp_pipeline,no_structured_differentiation_tag,drhp_companies_specified_format.csv+final_merged_dsir_promoters.csv,no_structured_differentiation_tag|bse_sme_ipo_drhp_pipeline|subsidiary|group_structure,2,33,25.0,25.0,0.0,5.0,0.0,0.0,5.0,0.0,weak_differentiation_drhp_generics|generic_web_or_thin_ops_narrative,2,QA flagged
Zebion Infotech Limited,"Sr. No. 383/8 FL 101 & 102 Atharv, Jaytu New Timber Merchant Society, Ghorpade Peth, Pune, Maharashtra, India, 411042 Aakash Chaturvedi Company Secretary & Compliance Officer Email: cs@zebion.in Telephone: +91 9623441166 www.zebion.in",unspecified_see_drhp,www.zebion.in,Extract from restated financials in DRHP (pattern not matched).,,Promoter names not machine-extracted — verify in IPO prospectus or LinkedIn.,bse_sme_ipo_drhp_pipeline,no_structured_differentiation_tag,drhp_companies_specified_format.csv+final_merged_dsir_promoters.csv,no_structured_differentiation_tag|bse_sme_ipo_drhp_pipeline|subsidiary|group_structure,2,33,25.0,25.0,0.0,5.0,0.0,0.0,5.0,0.0,weak_differentiation_drhp_generics|generic_web_or_thin_ops_narrative,2,QA flagged
Acme India Industries Limited,"filing of ADT-1, MGT-7 and in the drafting of Board Reports. List o f Delays/Errors mentioned below:",unspecified_see_drhp,https://acmeindia.co/; www.bigshareonline.com; www.hemsecurities.com,₹5–25 Cr (approx from lakhs),,Promoter names not machine-extracted from sampled DRHP pages; verify in IPO prospectus or LinkedIn.,bse_sme_ipo_drhp_pipeline,no_structured_differentiation_tag,drhp_companies_specified_format.csv+final_merged_dsir_promoters.csv,no_structured_differentiation_tag|bse_sme_ipo_drhp_pipeline|subsidiary|group_structure,1,17,15.0,15.0,0.0,0.0,0.0,0.0,5.0,0.0,weak_differentiation_drhp_generics,1,QA flagged
Acme Universal Safezone 9 Limited,"PERSON E-MAIL AND TELEPHONE WEBSITE Near Twelve Shops Girwai Naka, A",unspecified_see_drhp,www.acmeuniversal9.com,Extract from restated financials in DRHP (pattern not matched).,,Promoter names not machine-extracted — verify in IPO prospectus or LinkedIn.,bse_sme_ipo_drhp_pipeline,no_structured_differentiation_tag,drhp_companies_specified_format.csv+final_merged_dsir_promoters.csv,no_structured_differentiation_tag|bse_sme_ipo_drhp_pipeline|subsidiary|group_structure,1,17,15.0,15.0,0.0,0.0,0.0,0.0,5.0,0.0,weak_differentiation_drhp_generics|generic_web_or_thin_ops_narrative,2,QA flagged
BLT LOGISTICS LIMITED,"Opening Date, with the relevant financial ratios calculated at the Floor Price and at the Cap Price, and shall be made available to the Stock Exchanges for the purpose of uploading on their respective website. Prospectus The Prospectus, to be filed with the ROC containing, inter ...",unspecified_see_drhp,www.bltlogistics.com,Extract from restated financials in DRHP (pattern not matched).,,Could not download DRHP PDF/ZIP for promoter extraction.,bse_sme_ipo_drhp_pipeline,no_structured_differentiation_tag,drhp_companies_specified_format.csv+final_merged_dsir_promoters.csv,no_structured_differentiation_tag|bse_sme_ipo_drhp_pipeline|subsidiary|group_structure,1,17,15.0,15.0,0.0,0.0,0.0,0.0,5.0,0.0,weak_differentiation_drhp_generics|generic_web_or_thin_ops_narrative,2,QA flagged
Company Name,City/Location,Industry Segment,Website,Revenue Band,,Promoter/Decision-Maker,bse_sme_ipo_drhp_pipeline,no_structured_differentiation_tag,final_merged_dsir_promoters.csv,no_structured_differentiation_tag|bse_sme_ipo_drhp_pipeline|growth_signals,1,17,15.0,15.0,0.0,0.0,0.0,0.0,5.0,0.0,calibration_review_queue_step10,1,QA flagged — review tags before outreach
Crazy Snacks Limited,"in 2006, earlier submissions were made physically and cannot be retrieved from the Ministry of Corporate Affairs (MCA) portal",unspecified_see_drhp,www.crazy.org.in; www.inventuremerchantbanker.com; www.kfintech.com,Extract from restated financials in DRHP (pattern not matched).,,Promoter names not machine-extracted from sampled DRHP pages; verify in IPO prospectus or LinkedIn.,bse_sme_ipo_drhp_pipeline,no_structured_differentiation_tag,drhp_companies_specified_format.csv+final_merged_dsir_promoters.csv,no_structured_differentiation_tag|bse_sme_ipo_drhp_pipeline|subsidiary|group_structure,1,17,15.0,15.0,0.0,0.0,0.0,0.0,5.0,0.0,stale_temporal_signal|weak_differentiation_drhp_generics,2,QA flagged
Earkart Limited,"U74999DL2021PLC399313. For further information, please refer chapter “",unspecified_see_drhp,www.earkart.in; www.sarthiwm.in; www.skylinerta.com,Extract from restated financials in DRHP (pattern not matched).,U74999DL2021PLC399313,Promoter names not machine-extracted from sampled DRHP pages; verify in IPO prospectus or LinkedIn.,bse_sme_ipo_drhp_pipeline,no_structured_differentiation_tag,drhp_companies_specified_format.csv+final_merged_dsir_promoters.csv,no_structured_differentiation_tag|bse_sme_ipo_drhp_pipeline|subsidiary|group_structure,1,17,15.0,15.0,0.0,0.0,0.0,0.0,5.0,0.0,weak_differentiation_drhp_generics,1,QA flagged
GB Logistics Commerce Limited,Contact Person Telephone and Email,unspecified_see_drhp,https://www.maashitla.com/; www.gblogisticsindia.com,Extract from restated financials in DRHP (pattern not matched).,,Promoter names not machine-extracted from sampled DRHP pages; verify in IPO prospectus or LinkedIn.,bse_sme_ipo_drhp_pipeline,no_structured_differentiation_tag,drhp_companies_specified_format.csv+final_merged_dsir_promoters.csv,no_structured_differentiation_tag|bse_sme_ipo_drhp_pipeline|subsidiary|group_structure,1,17,15.0,15.0,0.0,0.0,0.0,0.0,5.0,0.0,weak_differentiation_drhp_generics|generic_web_or_thin_ops_narrative,2,QA flagged
Hannah Joseph Hospital Limited,"nursing staff 3. Property Address: Sub- District, Madurai South Taluk, No.37, Chinthamani Village, Shown in Patta No. 51, Ayan Nanja",unspecified_see_drhp,https://hannahjosephhospital.com/,Extract from restated financials in DRHP (pattern not matched).,,Promoter names not machine-extracted from sampled DRHP pages; verify in IPO prospectus or LinkedIn.,bse_sme_ipo_drhp_pipeline,no_structured_differentiation_tag,drhp_companies_specified_format.csv+final_merged_dsir_promoters.csv,no_structured_differentiation_tag|bse_sme_ipo_drhp_pipeline|subsidiary|group_structure,1,17,15.0,15.0,0.0,0.0,0.0,0.0,5.0,0.0,weak_differentiation_drhp_generics|generic_web_or_thin_ops_narrative,2,QA flagged
Jivial Industries Limited,section title “History and Corporate Structure” on page no. 165 of this Draft Prospectus.,significant customers or the inability to procure new orders on a regular basis or at all may have an adverse effect on,www.bigshareonline.com; www.corporatemakers.in; www.jivialrailings.com,Extract from restated financials in DRHP (pattern not matched).,,Could not download DRHP PDF/ZIP for promoter extraction.,bse_sme_ipo_drhp_pipeline,no_structured_differentiation_tag,drhp_companies_specified_format.csv+final_merged_dsir_promoters.csv,no_structured_differentiation_tag|bse_sme_ipo_drhp_pipeline|subsidiary|group_structure,1,17,15.0,15.0,0.0,0.0,0.0,0.0,5.0,0.0,calibration_review_queue_step10,1,QA flagged — review tags before outreach
JJ PV SOLAR LIMITED,"Our Company in consultation with the BRLM, may, consider closing the Bid/Issue Period for QIBs one Working Day prior to the Bid/Issue Closing Date in accordance with the SEBI ICDR Regulations.",unspecified_see_drhp,www.jjpvsolar; www.jjpvsolar.com,Extract from restated financials in DRHP (pattern not matched).,,Could not download DRHP PDF/ZIP for promoter extraction.,bse_sme_ipo_drhp_pipeline,no_structured_differentiation_tag,drhp_companies_specified_format.csv+final_merged_dsir_promoters.csv,no_structured_differentiation_tag|bse_sme_ipo_drhp_pipeline|subsidiary|group_structure,1,17,15.0,15.0,0.0,0.0,0.0,0.0,5.0,0.0,weak_differentiation_drhp_generics,1,QA flagged
Larisa Hotels and Resorts Limited,"Centre issued a new certificate of incorporation consequent upon conversion dated October 08, 2024, bearing",unspecified_see_drhp,https://larisahotelsandresorts.co; https://larisahotelsandresorts.com/,Extract from restated financials in DRHP (pattern not matched).,,Could not download DRHP PDF/ZIP for promoter extraction.,bse_sme_ipo_drhp_pipeline,no_structured_differentiation_tag,drhp_companies_specified_format.csv+final_merged_dsir_promoters.csv,no_structured_differentiation_tag|bse_sme_ipo_drhp_pipeline|subsidiary|group_structure,1,17,15.0,15.0,0.0,0.0,0.0,0.0,5.0,0.0,weak_differentiation_drhp_generics,1,QA flagged
Liqvd Digital India Limited,"AT LEAST TW O WORKING DAYS PRIOR TO THE BID/ OFFER OPENING DATE AND SHALL BE MADE AVAILABLE TO THE SME PLATFORM OF BSE (“BSE SME”) FOR THE PURPOSES OF UPLOADING ON THEIR WEBSITE, IN ACCORDANCE WITH THE SEBI ICDR REGULATIONS.",unspecified_see_drhp,https://liqvd.asia/,Extract from restated financials in DRHP (pattern not matched).,,Could not download DRHP PDF/ZIP for promoter extraction.,bse_sme_ipo_drhp_pipeline,no_structured_differentiation_tag,drhp_companies_specified_format.csv+final_merged_dsir_promoters.csv,no_structured_differentiation_tag|bse_sme_ipo_drhp_pipeline|subsidiary|group_structure,1,17,15.0,15.0,0.0,0.0,0.0,0.0,5.0,0.0,weak_differentiation_drhp_generics|generic_web_or_thin_ops_narrative,2,QA flagged
MACH CONFERENCES AND EVENTS LIMITED,CORPORATE OFFICE CONTACT PERSON TELEPHONE AND EMAIL,unspecified_see_drhp,www.machconferences.com,Extract from restated financials in DRHP (pattern not matched).,,Promoter names not machine-extracted from sampled DRHP pages; verify in IPO prospectus or LinkedIn.,bse_sme_ipo_drhp_pipeline,no_structured_differentiation_tag,drhp_companies_specified_format.csv+final_merged_dsir_promoters.csv,no_structured_differentiation_tag|bse_sme_ipo_drhp_pipeline|subsidiary|group_structure,1,17,15.0,15.0,0.0,0.0,0.0,0.0,5.0,0.0,weak_differentiation_drhp_generics|generic_web_or_thin_ops_narrative,2,QA flagged
Ratnadhar Infra Limited,(g) Business Strengths and Strategies,Construction / Infra,www.kreocapital.com; www.ratnadharinfra.com,Extract from restated financials in DRHP (pattern not matched).,,Promoter names not machine-extracted — verify in IPO prospectus or LinkedIn.,bse_sme_ipo_drhp_pipeline,no_structured_differentiation_tag,drhp_companies_specified_format.csv+final_merged_dsir_promoters.csv,no_structured_differentiation_tag|bse_sme_ipo_drhp_pipeline|subsidiary|group_structure,1,17,15.0,15.0,0.0,0.0,0.0,0.0,5.0,0.0,calibration_review_queue_step10,1,QA flagged — review tags before outreach
Sai Urja Indo Ventures Limited,"UG-2 Office Floor, J",unspecified_see_drhp,https://suiv.co.in/,Extract from restated financials in DRHP (pattern not matched).,,Could not download DRHP PDF/ZIP for promoter extraction.,bse_sme_ipo_drhp_pipeline,no_structured_differentiation_tag,drhp_companies_specified_format.csv+final_merged_dsir_promoters.csv,no_structured_differentiation_tag|bse_sme_ipo_drhp_pipeline|subsidiary|group_structure,1,17,15.0,15.0,0.0,0.0,0.0,0.0,5.0,0.0,weak_differentiation_drhp_generics|generic_web_or_thin_ops_narrative,2,QA flagged
Shellz India Limited,"registered office of our Company, see “History and Certain Corporate Matters” on page 217.",unspecified_see_drhp,www.shellz.in,₹0–5 Cr (approx from lakhs),,DRHP: KAPIL GARG AND SHALINI GARG,bse_sme_ipo_drhp_pipeline,no_structured_differentiation_tag,drhp_companies_specified_format.csv+final_merged_dsir_promoters.csv,no_structured_differentiation_tag|bse_sme_ipo_drhp_pipeline|subsidiary|group_structure,1,17,15.0,15.0,0.0,0.0,0.0,0.0,5.0,0.0,weak_differentiation_drhp_generics|generic_web_or_thin_ops_narrative,2,QA flagged
Yajur Fibres Limited,TELEPHONE AND FACSIMILE CORPORATE OFFICE TELEPHONE AND FACSIMILE CONTACT PERSON EMAIL AND,unspecified_see_drhp,www.yajurfibres.com,Extract from restated financials in DRHP (pattern not matched).,,Promoter names not machine-extracted from sampled DRHP pages; verify in IPO prospectus or LinkedIn.,bse_sme_ipo_drhp_pipeline,no_structured_differentiation_tag,drhp_companies_specified_format.csv+final_merged_dsir_promoters.csv,no_structured_differentiation_tag|bse_sme_ipo_drhp_pipeline|subsidiary|group_structure,1,17,15.0,15.0,0.0,0.0,0.0,0.0,5.0,0.0,weak_differentiation_drhp_generics|generic_web_or_thin_ops_narrative,2,QA flagged
