Company Name,City,Industry Segment,Website,Revenue Band,Differentiation Evidence,Promoter/Decision-Maker,Growth Signals,Tailwinds,Source,CIN,Industry Segment (raw),Evidence Tags Normalized,C1_Manufacturer,C1_Notes,C2_India_Based,C2_Notes,C3_Differentiation,C3_Notes,C4_Technical_DM,C4_Notes,C5_Tailwinds,C5_Notes,C6_Growth_Signals,C6_Notes,ICP_Criteria_Met_Count,ICP_Coverage_Score,ICP_Weighted_Score,_dedupe_group_size,LLM_C1,LLM_C2,LLM_C3,LLM_C4,LLM_C5,LLM_C6,LLM_Note,Blended_C1,Blended_C2,Blended_C3,Blended_C4,Blended_C5,Blended_C6,ICP_Blended_Weighted_Score,LLM_Blend_Alpha,LLM_Model,Step9_QA_Tags,Step9_QA_Flag_Count
3B FILMS LIMITED,"CORPORATE OFFICE CONTACT PERSON TELEPHONE AND EMAIL WEBSITE Registered Office: SF 220, Pancham Icon, Besides D-Mart, Vasna Road, Vadodara, Gujarat, India, 390007 Corporate Office: Block No 1241, 1242, 1243, 1244, Padra Jambusar Highway, Masar, Padra, Vadodara, Gujarat, India, 391...",unspecified_see_drhp,www.3bfilms.com; www.maashitla.com; www.nirbhaycapital.com,Extract from restated financials in DRHP (pattern not matched).,no_structured_differentiation_tag,Mr. Ashokbhai Dhanjibhai Babariya,subsidiary / group structure,bse_sme_ipo_drhp_pipeline,drhp_companies_specified_format.csv+final_merged_dsir_promoters.csv,,See DRHP ‘Industry / Business overview’ section.,no_structured_differentiation_tag|bse_sme_ipo_drhp_pipeline|subsidiary|group_structure,0,not_classified_manufacturer,1,india_location_signal,0,no_differentiation_evidence,1,named_individuals_in_promoter_field,1,sector_or_macro_tailwind_tags,0,weak_growth_signal,3,50,40.0,2,0,0,0,0,0,0,rules_only_no_llm_balance,0.0,5.0,0.0,5.0,5.0,0.0,40.0,0.0,rules_only,weak_differentiation_drhp_generics,1
3C IT Solutions and Telecoms (India) Limited,Office Contact Person Email and Telephone Website,unspecified_see_drhp,http://3citsolutions.com/; https://www.kreocapital.com/; https://www.skylinerta.com/,Extract from restated financials in DRHP (pattern not matched).,iso_certification_mention,DRHP: Ms. Laxmi Tiwari Company Secretary; Ms. Laxmi Tiwari; Ms. Laxmi Tiwari Corporate Identification Number; Mr. Ranjit Kulladhaja Mayengbam MOA; Dr. Ambedkar Chowk; Mr. Ranjit Kulladhaja Mayengbam; Mrs. Gangarani Devi Mayengbam. Promoter Group Such,ISO certification mentioned,bse_sme_ipo_drhp_pipeline,drhp_companies_specified_format.csv+final_merged_dsir_promoters.csv,,See DRHP ‘Industry / Business overview’ section.,iso_certification_mention|bse_sme_ipo_drhp_pipeline|iso_certification_mentioned,0,not_classified_manufacturer,0,weak_location_signal,1,cert_or_patent_evidence,1,named_individuals_in_promoter_field,1,sector_or_macro_tailwind_tags,1,growth_or_ipo_signal_in_text,4,67,70.0,2,0,0,0,0,0,0,rules_only_no_llm_balance,0.0,0.0,5.0,5.0,5.0,5.0,70.0,0.0,rules_only,iso_only_differentiation_no_sector_moat,1
AA Plus Tradelink Limited,"Near Jain Temple, Jambli Gali, Borivali (West), Mumbai - 400092, Maharashtra, India",unspecified_see_drhp,www.aaplustradelink.com; www.inventuremerchantbanker.com; www.purvashare.com,Extract from restated financials in DRHP (pattern not matched).,iso_certification_mention,Promoter names not machine-extracted from sampled DRHP pages; verify in IPO prospectus or LinkedIn.,ISO certification mentioned,bse_sme_ipo_drhp_pipeline,drhp_companies_specified_format.csv+final_merged_dsir_promoters.csv,,See DRHP ‘Industry / Business overview’ section.,iso_certification_mention|bse_sme_ipo_drhp_pipeline|iso_certification_mentioned,0,not_classified_manufacturer,1,india_location_signal,1,cert_or_patent_evidence,0,no_promoter_extract,1,sector_or_macro_tailwind_tags,1,growth_or_ipo_signal_in_text,4,67,65.0,2,0,0,0,0,0,0,rules_only_no_llm_balance,0.0,5.0,5.0,0.0,5.0,5.0,65.0,0.0,rules_only,iso_only_differentiation_no_sector_moat,1
Aarav Defence Systems Ltd,Pune,Manufacturing / Industrial,aaravdefence.com,₹120–200 Cr,no_structured_differentiation_tag,,IPO filed Feb 2026,bse_sme_ipo_drhp_pipeline|make_in_india_manufacturing|capital_markets_ipo_activity,data_with_dsir_recognition.csv+final_merged_dsir_promoters.csv,,Specialty Manufacturing (Defence/Aerospace),no_structured_differentiation_tag|bse_sme_ipo_drhp_pipeline|make_in_india_manufacturing|capital_markets_ipo_activity|ipo_filed_feb_2026,1,manufacturer_or_industrial_segment,1,india_location_signal,0,no_differentiation_evidence,0,no_promoter_extract,1,sector_or_macro_tailwind_tags,1,growth_or_ipo_signal_in_text,4,67,65.0,2,0,0,0,0,0,0,rules_only_no_llm_balance,5.0,5.0,0.0,0.0,5.0,5.0,65.0,0.0,rules_only,calibration_review_queue_step10,1
Abril Paper Tech Limited,and enter into fresh lease or leave and license agreement,unspecified_see_drhp,www.abrilpapertech.com; www.ifinservices.in; www.kfintech.com,₹25 Cr (stated),no_structured_differentiation_tag,Promoter names not machine-extracted from sampled DRHP pages; verify in IPO prospectus or LinkedIn.,No explicit expansion/hiring/certification keywords in sampled pages — check MD&A / risk factors in full DRHP.,bse_sme_ipo_drhp_pipeline|capacity_expansion_tailwind|workforce_scaling_signal,drhp_companies_specified_format.csv+final_merged_dsir_promoters.csv,,See DRHP ‘Industry / Business overview’ section.,no_structured_differentiation_tag|bse_sme_ipo_drhp_pipeline|capacity_expansion_tailwind|workforce_scaling_signal|no_explicit_expansion|hiring|certification_keywords_in_sampled_pages_—_check_md&a|risk_factors_in_full_drhp,0,not_classified_manufacturer,0,weak_location_signal,0,no_differentiation_evidence,0,no_promoter_extract,1,sector_or_macro_tailwind_tags,1,growth_or_ipo_signal_in_text,2,33,35.0,2,0,0,0,0,0,0,rules_only_no_llm_balance,0.0,0.0,0.0,0.0,5.0,5.0,35.0,0.0,rules_only,weak_differentiation_drhp_generics,1
Access Point India Limited,"Registrar of Companies/ Registrar of Companies, Central Processing Centre vide bearing",unspecified_see_drhp,https://www.myaccessp.net; www.finaaxcapital.com; www.in.mpms.mufg.com,₹5–25 Cr (approx from lakhs),no_structured_differentiation_tag,DRHP: Ms. Reena Sharma NOTICE TO INVESTORS; Mr. Bherusingh Rajput Managing Director DIN; Mr. Ikshit Shah; Mr. Yash Doshi CIN; Mr. Pravinbhai Chandubhai Chandulal Patel; Mr. Pankajkumar Chandubhai,hiring / recruitment,bse_sme_ipo_drhp_pipeline|workforce_scaling_signal,drhp_companies_specified_format.csv+final_merged_dsir_promoters.csv,,See DRHP ‘Industry / Business overview’ section.,no_structured_differentiation_tag|bse_sme_ipo_drhp_pipeline|workforce_scaling_signal|hiring|recruitment,0,not_classified_manufacturer,0,weak_location_signal,0,no_differentiation_evidence,1,named_individuals_in_promoter_field,1,sector_or_macro_tailwind_tags,1,growth_or_ipo_signal_in_text,3,50,50.0,2,0,0,0,0,0,0,rules_only_no_llm_balance,0.0,0.0,0.0,5.0,5.0,5.0,50.0,0.0,rules_only,weak_differentiation_drhp_generics,1
ACCORD TRANSFORMER & SWITCHGEAR LIMITED,"December 04, 2024",unspecified_see_drhp,https://atsgroup.in/; www.gyrcapitaladvisors.com; www.kfintech.com,Extract from restated financials in DRHP (pattern not matched).,no_structured_differentiation_tag,DRHP: Ms. Tulsi Sharma; Ms. Tulsi Sharma Company Secretary; Mr. Mohit Baid; Ms. Maitri Thakkar SEBI Registration Number; Mr. Pradeep Kumar Verma; Mrs. Shalini Singh; Mr. Pradeep Kumar Verma Chief Financial Officer; Mr. Ranjan Kumar Samal. Company Secretary; Ms. Tulsi Sharma. Depositories Act The Depositories,No explicit expansion/hiring/certification keywords in sampled pages — check MD&A / risk factors in full DRHP.,bse_sme_ipo_drhp_pipeline|capacity_expansion_tailwind|workforce_scaling_signal,drhp_companies_specified_format.csv+final_merged_dsir_promoters.csv,U31500HR2014PLC052544,See DRHP ‘Industry / Business overview’ section.,no_structured_differentiation_tag|bse_sme_ipo_drhp_pipeline|capacity_expansion_tailwind|workforce_scaling_signal|no_explicit_expansion|hiring|certification_keywords_in_sampled_pages_—_check_md&a|risk_factors_in_full_drhp,0,not_classified_manufacturer,0,weak_location_signal,0,no_differentiation_evidence,1,named_individuals_in_promoter_field,1,sector_or_macro_tailwind_tags,1,growth_or_ipo_signal_in_text,3,50,50.0,2,0,0,0,0,0,0,rules_only_no_llm_balance,0.0,0.0,0.0,5.0,5.0,5.0,50.0,0.0,rules_only,weak_differentiation_drhp_generics,1
Accretion Nutraveda Limited,2013: 1. Form DPT-3,unspecified_see_drhp,www.accretionnutraveda.com,Extract from restated financials in DRHP (pattern not matched).,no_structured_differentiation_tag,Mr. Harshad Nanubhai Rathod,No explicit expansion/hiring/certification keywords in sampled pages — check MD&A / risk factors in full DRHP.,bse_sme_ipo_drhp_pipeline|capacity_expansion_tailwind|workforce_scaling_signal,drhp_companies_specified_format.csv+final_merged_dsir_promoters.csv,,See DRHP ‘Industry / Business overview’ section.,no_structured_differentiation_tag|bse_sme_ipo_drhp_pipeline|capacity_expansion_tailwind|workforce_scaling_signal|no_explicit_expansion|hiring|certification_keywords_in_sampled_pages_—_check_md&a|risk_factors_in_full_drhp,0,not_classified_manufacturer,0,weak_location_signal,0,no_differentiation_evidence,1,named_individuals_in_promoter_field,1,sector_or_macro_tailwind_tags,1,growth_or_ipo_signal_in_text,3,50,50.0,2,0,0,0,0,0,0,rules_only_no_llm_balance,0.0,0.0,0.0,5.0,5.0,5.0,50.0,0.0,rules_only,stale_temporal_signal|weak_differentiation_drhp_generics,2
Ace Alpha Tech Limited,"new certificate of incorporation pursuant to change of name dated 17th May, 2024.",unspecified_see_drhp,www.acealphatech.in; www.narnolia.com; www.skylinerta.com,Extract from restated financials in DRHP (pattern not matched).,no_structured_differentiation_tag,Could not download DRHP PDF/ZIP for promoter extraction.,hiring / recruitment; subsidiary / group structure,bse_sme_ipo_drhp_pipeline|workforce_scaling_signal,drhp_companies_specified_format.csv+final_merged_dsir_promoters.csv,,See DRHP ‘Industry / Business overview’ section.,no_structured_differentiation_tag|bse_sme_ipo_drhp_pipeline|workforce_scaling_signal|hiring|recruitment|subsidiary|group_structure,0,not_classified_manufacturer,0,weak_location_signal,0,no_differentiation_evidence,0,no_promoter_extract,1,sector_or_macro_tailwind_tags,1,growth_or_ipo_signal_in_text,2,33,35.0,2,0,0,0,0,0,0,rules_only_no_llm_balance,0.0,0.0,0.0,0.0,5.0,5.0,35.0,0.0,rules_only,weak_differentiation_drhp_generics|generic_web_or_thin_ops_narrative,2
Acetech E-Commerce Ltd,Mumbai,Manufacturing / Industrial,acetechecommerce.com,₹70–120 Cr,no_structured_differentiation_tag,,IPO filed Feb 2026,bse_sme_ipo_drhp_pipeline|make_in_india_manufacturing|capital_markets_ipo_activity,data_with_dsir_recognition.csv+final_merged_dsir_promoters.csv,,Specialty Manufacturing (IT/E-Commerce Tech),no_structured_differentiation_tag|bse_sme_ipo_drhp_pipeline|make_in_india_manufacturing|capital_markets_ipo_activity|ipo_filed_feb_2026,1,manufacturer_or_industrial_segment,1,india_location_signal,0,no_differentiation_evidence,0,no_promoter_extract,1,sector_or_macro_tailwind_tags,1,growth_or_ipo_signal_in_text,4,67,65.0,2,0,0,0,0,0,0,rules_only_no_llm_balance,5.0,5.0,0.0,0.0,5.0,5.0,65.0,0.0,rules_only,calibration_review_queue_step10,1
Achyut Healthcare Limited,"The reg istered office of our Company situated at 610 Colonade, B/H Iscon Temple, Opposite Iscon, BRTS Bus Stand, Iscon – Ambali Road, Ahmedabad- 380 058, Gujarat, India",unspecified_see_drhp,www.achyuthealthcare.com; www.gyrcapitaladvisors.com; www.kfintech.com,Extract from restated financials in DRHP (pattern not matched).,no_structured_differentiation_tag,Promoter names not machine-extracted from sampled DRHP pages; verify in IPO prospectus or LinkedIn.,subsidiary / group structure,bse_sme_ipo_drhp_pipeline,drhp_companies_specified_format.csv+final_merged_dsir_promoters.csv,,See DRHP ‘Industry / Business overview’ section.,no_structured_differentiation_tag|bse_sme_ipo_drhp_pipeline|subsidiary|group_structure,0,not_classified_manufacturer,1,india_location_signal,0,no_differentiation_evidence,0,no_promoter_extract,1,sector_or_macro_tailwind_tags,0,weak_growth_signal,2,33,25.0,2,0,0,0,0,0,0,rules_only_no_llm_balance,0.0,5.0,0.0,0.0,5.0,0.0,25.0,0.0,rules_only,weak_differentiation_drhp_generics,1
Acme India Industries Limited,"filing of ADT-1, MGT-7 and in the drafting of Board Reports. List o f Delays/Errors mentioned below:",unspecified_see_drhp,https://acmeindia.co/; www.bigshareonline.com; www.hemsecurities.com,₹5–25 Cr (approx from lakhs),no_structured_differentiation_tag,Promoter names not machine-extracted from sampled DRHP pages; verify in IPO prospectus or LinkedIn.,subsidiary / group structure,bse_sme_ipo_drhp_pipeline,drhp_companies_specified_format.csv+final_merged_dsir_promoters.csv,,See DRHP ‘Industry / Business overview’ section.,no_structured_differentiation_tag|bse_sme_ipo_drhp_pipeline|subsidiary|group_structure,0,not_classified_manufacturer,0,weak_location_signal,0,no_differentiation_evidence,0,no_promoter_extract,1,sector_or_macro_tailwind_tags,0,weak_growth_signal,1,17,15.0,2,0,0,0,0,0,0,rules_only_no_llm_balance,0.0,0.0,0.0,0.0,5.0,0.0,15.0,0.0,rules_only,weak_differentiation_drhp_generics,1
Acme Universal Safezone 9 Limited,"PERSON E-MAIL AND TELEPHONE WEBSITE Near Twelve Shops Girwai Naka, A",unspecified_see_drhp,www.acmeuniversal9.com,Extract from restated financials in DRHP (pattern not matched).,no_structured_differentiation_tag,Promoter names not machine-extracted — verify in IPO prospectus or LinkedIn.,subsidiary / group structure,bse_sme_ipo_drhp_pipeline,drhp_companies_specified_format.csv+final_merged_dsir_promoters.csv,,See DRHP ‘Industry / Business overview’ section.,no_structured_differentiation_tag|bse_sme_ipo_drhp_pipeline|subsidiary|group_structure,0,not_classified_manufacturer,0,weak_location_signal,0,no_differentiation_evidence,0,weak_promoter_signal,1,sector_or_macro_tailwind_tags,0,weak_growth_signal,1,17,15.0,2,0,0,0,0,0,0,rules_only_no_llm_balance,0.0,0.0,0.0,0.0,5.0,0.0,15.0,0.0,rules_only,weak_differentiation_drhp_generics|generic_web_or_thin_ops_narrative,2
ADON AGRO COMMODITIES LIMITED,Office No,unspecified_see_drhp,www.adonagrocommodities.com,Extract from restated financials in DRHP (pattern not matched).,no_structured_differentiation_tag,DRHP: Mrs. Snehal Gajanan Mhatre; Mr. Vishal Sancheti E-mail; Mr. Murali Krishna E-mail; Mr. Narayanswamy Venkitkrishnan MOA; Mr. Narayanswamy Venkitkrishnan; Mrs. Jigisha Narayanswamy; Mr. Shubham Ratan Sharma. For,subsidiary / group structure,bse_sme_ipo_drhp_pipeline,drhp_companies_specified_format.csv+final_merged_dsir_promoters.csv,,See DRHP ‘Industry / Business overview’ section.,no_structured_differentiation_tag|bse_sme_ipo_drhp_pipeline|subsidiary|group_structure,0,not_classified_manufacturer,0,weak_location_signal,0,no_differentiation_evidence,1,named_individuals_in_promoter_field,1,sector_or_macro_tailwind_tags,0,weak_growth_signal,2,33,30.0,2,0,0,0,0,0,0,rules_only_no_llm_balance,0.0,0.0,0.0,5.0,5.0,0.0,30.0,0.0,rules_only,weak_differentiation_drhp_generics|generic_web_or_thin_ops_narrative,2
Advantal Technologies Limited,"Unit No. 527 & 528, 5th Floor, Vipul Trade Centre, Sector 48, Sohna Road, Gurgaon, Haryana, India-122018. 17A Electronic Complex, Pardeshipura, Indore - 452010, Madhya Pradesh, India Prajakta Ashish Lapalikar, Company Secretary & Compliance Officer E-mail: cs@advantal.net Tel No:...",unspecified_see_drhp,https://www.hemsecurities.com/Offerdocumen; www.advantaltechnologies.com,Extract from restated financials in DRHP (pattern not matched).,no_structured_differentiation_tag,Promoter names not machine-extracted — verify in IPO prospectus or LinkedIn.,No explicit expansion/hiring/certification keywords in sampled pages — check MD&A / risk factors in full DRHP.,bse_sme_ipo_drhp_pipeline|capacity_expansion_tailwind|workforce_scaling_signal,drhp_companies_specified_format.csv+final_merged_dsir_promoters.csv,,See DRHP ‘Industry / Business overview’ section.,no_structured_differentiation_tag|bse_sme_ipo_drhp_pipeline|capacity_expansion_tailwind|workforce_scaling_signal|no_explicit_expansion|hiring|certification_keywords_in_sampled_pages_—_check_md&a|risk_factors_in_full_drhp,0,not_classified_manufacturer,1,india_location_signal,0,no_differentiation_evidence,0,weak_promoter_signal,1,sector_or_macro_tailwind_tags,1,growth_or_ipo_signal_in_text,3,50,45.0,2,0,0,0,0,0,0,rules_only_no_llm_balance,0.0,5.0,0.0,0.0,5.0,5.0,45.0,0.0,rules_only,weak_differentiation_drhp_generics,1
Aelea Commodities Limited,"401 & 402, Saifee Park-2, Dr",unspecified_see_drhp,www.aeleacommodities.com,Extract from restated financials in DRHP (pattern not matched).,no_structured_differentiation_tag,DRHP: Dr. Mascarenhas Road,subsidiary / group structure,bse_sme_ipo_drhp_pipeline,drhp_companies_specified_format.csv+final_merged_dsir_promoters.csv,,See DRHP ‘Industry / Business overview’ section.,no_structured_differentiation_tag|bse_sme_ipo_drhp_pipeline|subsidiary|group_structure,0,not_classified_manufacturer,0,weak_location_signal,0,no_differentiation_evidence,1,named_individuals_in_promoter_field,1,sector_or_macro_tailwind_tags,0,weak_growth_signal,2,33,30.0,2,0,0,0,0,0,0,rules_only_no_llm_balance,0.0,0.0,0.0,5.0,5.0,0.0,30.0,0.0,rules_only,weak_differentiation_drhp_generics|generic_web_or_thin_ops_narrative,2
AeroDynamics Global Ltd,Bengaluru,Manufacturing / Industrial,aerodynamicsglobal.com,₹120–200 Cr,no_structured_differentiation_tag,,IPO filed Feb 2026,bse_sme_ipo_drhp_pipeline|make_in_india_manufacturing|capital_markets_ipo_activity,data_with_dsir_recognition.csv+final_merged_dsir_promoters.csv,,Specialty Manufacturing (Aerospace/Defence),no_structured_differentiation_tag|bse_sme_ipo_drhp_pipeline|make_in_india_manufacturing|capital_markets_ipo_activity|ipo_filed_feb_2026,1,manufacturer_or_industrial_segment,1,india_location_signal,0,no_differentiation_evidence,0,no_promoter_extract,1,sector_or_macro_tailwind_tags,1,growth_or_ipo_signal_in_text,4,67,65.0,3,0,0,0,0,0,0,rules_only_no_llm_balance,5.0,5.0,0.0,0.0,5.0,5.0,65.0,0.0,rules_only,calibration_review_queue_step10,1
AeroDynamics India Ltd,Bengaluru,Manufacturing / Industrial,aerodynamicsindia.com,₹120–200 Cr,no_structured_differentiation_tag,,IPO filed Feb 2026,bse_sme_ipo_drhp_pipeline|make_in_india_manufacturing|capital_markets_ipo_activity,data_with_dsir_recognition.csv+final_merged_dsir_promoters.csv,,Specialty Manufacturing (Aerospace/Defence),no_structured_differentiation_tag|bse_sme_ipo_drhp_pipeline|make_in_india_manufacturing|capital_markets_ipo_activity|ipo_filed_feb_2026,1,manufacturer_or_industrial_segment,1,india_location_signal,0,no_differentiation_evidence,0,no_promoter_extract,1,sector_or_macro_tailwind_tags,1,growth_or_ipo_signal_in_text,4,67,65.0,5,0,0,0,0,0,0,rules_only_no_llm_balance,5.0,5.0,0.0,0.0,5.0,5.0,65.0,0.0,rules_only,calibration_review_queue_step10,1
AeroDynamics Systems Ltd,Bengaluru,Manufacturing / Industrial,aerodynamicssystems.com,₹120–200 Cr,no_structured_differentiation_tag,,IPO filed Feb 2026,bse_sme_ipo_drhp_pipeline|make_in_india_manufacturing|capital_markets_ipo_activity,data_with_dsir_recognition.csv+final_merged_dsir_promoters.csv,,Specialty Manufacturing (Aerospace/Defence),no_structured_differentiation_tag|bse_sme_ipo_drhp_pipeline|make_in_india_manufacturing|capital_markets_ipo_activity|ipo_filed_feb_2026,1,manufacturer_or_industrial_segment,1,india_location_signal,0,no_differentiation_evidence,0,no_promoter_extract,1,sector_or_macro_tailwind_tags,1,growth_or_ipo_signal_in_text,4,67,65.0,11,0,0,0,0,0,0,rules_only_no_llm_balance,5.0,5.0,0.0,0.0,5.0,5.0,65.0,0.0,rules_only,calibration_review_queue_step10,1
AeroLink Advanced Ltd,Bengaluru,Manufacturing / Industrial,aerolinkadv.com,₹120–200 Cr,no_structured_differentiation_tag,,IPO filed Dec 2025,bse_sme_ipo_drhp_pipeline|make_in_india_manufacturing|capital_markets_ipo_activity,data_with_dsir_recognition.csv+final_merged_dsir_promoters.csv,,Specialty Manufacturing (Aerospace Systems),no_structured_differentiation_tag|bse_sme_ipo_drhp_pipeline|make_in_india_manufacturing|capital_markets_ipo_activity|ipo_filed_dec_2025,1,manufacturer_or_industrial_segment,1,india_location_signal,0,no_differentiation_evidence,0,no_promoter_extract,1,sector_or_macro_tailwind_tags,1,growth_or_ipo_signal_in_text,4,67,65.0,19,0,0,0,0,0,0,rules_only_no_llm_balance,5.0,5.0,0.0,0.0,5.0,5.0,65.0,0.0,rules_only,calibration_review_queue_step10,1
AeroLink Global Ltd,Bengaluru,Manufacturing / Industrial,aerolinkglobal.com,₹120–200 Cr,no_structured_differentiation_tag,,IPO filed Dec 2025,bse_sme_ipo_drhp_pipeline|make_in_india_manufacturing|capital_markets_ipo_activity,data_with_dsir_recognition.csv+final_merged_dsir_promoters.csv,,Specialty Manufacturing (Aerospace Systems),no_structured_differentiation_tag|bse_sme_ipo_drhp_pipeline|make_in_india_manufacturing|capital_markets_ipo_activity|ipo_filed_dec_2025,1,manufacturer_or_industrial_segment,1,india_location_signal,0,no_differentiation_evidence,0,no_promoter_extract,1,sector_or_macro_tailwind_tags,1,growth_or_ipo_signal_in_text,4,67,65.0,27,0,0,0,0,0,0,rules_only_no_llm_balance,5.0,5.0,0.0,0.0,5.0,5.0,65.0,0.0,rules_only,calibration_review_queue_step10,1
AeroLink India Ltd,Bengaluru,Manufacturing / Industrial,aerolinkindia.com,₹120–200 Cr,no_structured_differentiation_tag,,IPO filed Dec 2025,bse_sme_ipo_drhp_pipeline|make_in_india_manufacturing|capital_markets_ipo_activity,data_with_dsir_recognition.csv+final_merged_dsir_promoters.csv,,Specialty Manufacturing (Aerospace Systems),no_structured_differentiation_tag|bse_sme_ipo_drhp_pipeline|make_in_india_manufacturing|capital_markets_ipo_activity|ipo_filed_dec_2025,1,manufacturer_or_industrial_segment,1,india_location_signal,0,no_differentiation_evidence,0,no_promoter_extract,1,sector_or_macro_tailwind_tags,1,growth_or_ipo_signal_in_text,4,67,65.0,18,0,0,0,0,0,0,rules_only_no_llm_balance,5.0,5.0,0.0,0.0,5.0,5.0,65.0,0.0,rules_only,calibration_review_queue_step10,1
AeroLink Systems Ltd,Bengaluru,Manufacturing / Industrial,aerolinksystems.com,₹120–200 Cr,no_structured_differentiation_tag,,IPO filed Dec 2025,bse_sme_ipo_drhp_pipeline|make_in_india_manufacturing|capital_markets_ipo_activity,data_with_dsir_recognition.csv+final_merged_dsir_promoters.csv,,Specialty Manufacturing (Aerospace Systems),no_structured_differentiation_tag|bse_sme_ipo_drhp_pipeline|make_in_india_manufacturing|capital_markets_ipo_activity|ipo_filed_dec_2025,1,manufacturer_or_industrial_segment,1,india_location_signal,0,no_differentiation_evidence,0,no_promoter_extract,1,sector_or_macro_tailwind_tags,1,growth_or_ipo_signal_in_text,4,67,65.0,5,0,0,0,0,0,0,rules_only_no_llm_balance,5.0,5.0,0.0,0.0,5.0,5.0,65.0,0.0,rules_only,calibration_review_queue_step10,1
AeroParts Advanced Ltd,Bengaluru,Manufacturing / Industrial,aeropartsadv.com,₹120–200 Cr,no_structured_differentiation_tag,,IPO filed Dec 2025,bse_sme_ipo_drhp_pipeline|make_in_india_manufacturing|capital_markets_ipo_activity,data_with_dsir_recognition.csv+final_merged_dsir_promoters.csv,,Specialty Manufacturing (Aerospace Components),no_structured_differentiation_tag|bse_sme_ipo_drhp_pipeline|make_in_india_manufacturing|capital_markets_ipo_activity|ipo_filed_dec_2025,1,manufacturer_or_industrial_segment,1,india_location_signal,0,no_differentiation_evidence,0,no_promoter_extract,1,sector_or_macro_tailwind_tags,1,growth_or_ipo_signal_in_text,4,67,65.0,22,0,0,0,0,0,0,rules_only_no_llm_balance,5.0,5.0,0.0,0.0,5.0,5.0,65.0,0.0,rules_only,calibration_review_queue_step10,1
AeroParts Global Ltd,Bengaluru,Manufacturing / Industrial,aeropartsglobal.com,₹120–200 Cr,no_structured_differentiation_tag,,IPO filed Dec 2025,bse_sme_ipo_drhp_pipeline|make_in_india_manufacturing|capital_markets_ipo_activity,data_with_dsir_recognition.csv+final_merged_dsir_promoters.csv,,Specialty Manufacturing (Aerospace Components),no_structured_differentiation_tag|bse_sme_ipo_drhp_pipeline|make_in_india_manufacturing|capital_markets_ipo_activity|ipo_filed_dec_2025,1,manufacturer_or_industrial_segment,1,india_location_signal,0,no_differentiation_evidence,0,no_promoter_extract,1,sector_or_macro_tailwind_tags,1,growth_or_ipo_signal_in_text,4,67,65.0,22,0,0,0,0,0,0,rules_only_no_llm_balance,5.0,5.0,0.0,0.0,5.0,5.0,65.0,0.0,rules_only,calibration_review_queue_step10,1
AeroParts India Ltd,Mumbai,Manufacturing / Industrial,aeropartsindia.com,₹90–160 Cr,no_structured_differentiation_tag,,IPO filed Dec 2025,bse_sme_ipo_drhp_pipeline|make_in_india_manufacturing|capital_markets_ipo_activity,data_with_dsir_recognition.csv+final_merged_dsir_promoters.csv,,Specialty Manufacturing (Aerospace Components),no_structured_differentiation_tag|bse_sme_ipo_drhp_pipeline|make_in_india_manufacturing|capital_markets_ipo_activity|ipo_filed_dec_2025,1,manufacturer_or_industrial_segment,1,india_location_signal,0,no_differentiation_evidence,0,no_promoter_extract,1,sector_or_macro_tailwind_tags,1,growth_or_ipo_signal_in_text,4,67,65.0,2,0,0,0,0,0,0,rules_only_no_llm_balance,5.0,5.0,0.0,0.0,5.0,5.0,65.0,0.0,rules_only,calibration_review_queue_step10,1
Aeroquip Components Ltd,Mumbai,Manufacturing / Industrial,aeroquipcomponents.com,₹90–160 Cr,no_structured_differentiation_tag,,IPO filed Dec 2025,bse_sme_ipo_drhp_pipeline|make_in_india_manufacturing|capital_markets_ipo_activity,data_with_dsir_recognition.csv+final_merged_dsir_promoters.csv,,Specialty Manufacturing (Aerospace Components),no_structured_differentiation_tag|bse_sme_ipo_drhp_pipeline|make_in_india_manufacturing|capital_markets_ipo_activity|ipo_filed_dec_2025,1,manufacturer_or_industrial_segment,1,india_location_signal,0,no_differentiation_evidence,0,no_promoter_extract,1,sector_or_macro_tailwind_tags,1,growth_or_ipo_signal_in_text,4,67,65.0,4,0,0,0,0,0,0,rules_only_no_llm_balance,5.0,5.0,0.0,0.0,5.0,5.0,65.0,0.0,rules_only,calibration_review_queue_step10,1
AeroShield Defence Ltd,Pune,Manufacturing / Industrial,aeroshielddefence.com,₹120–200 Cr,no_structured_differentiation_tag,,IPO filed Feb 2026,bse_sme_ipo_drhp_pipeline|make_in_india_manufacturing|capital_markets_ipo_activity,data_with_dsir_recognition.csv+final_merged_dsir_promoters.csv,,Specialty Manufacturing (Defence Systems),no_structured_differentiation_tag|bse_sme_ipo_drhp_pipeline|make_in_india_manufacturing|capital_markets_ipo_activity|ipo_filed_feb_2026,1,manufacturer_or_industrial_segment,1,india_location_signal,0,no_differentiation_evidence,0,no_promoter_extract,1,sector_or_macro_tailwind_tags,1,growth_or_ipo_signal_in_text,4,67,65.0,2,0,0,0,0,0,0,rules_only_no_llm_balance,5.0,5.0,0.0,0.0,5.0,5.0,65.0,0.0,rules_only,calibration_review_queue_step10,1
AeroStruct Engineering Ltd,Hyderabad,Manufacturing / Industrial,aerostructengg.com,₹120–200 Cr,no_structured_differentiation_tag,,IPO filed Mar 2026,bse_sme_ipo_drhp_pipeline|make_in_india_manufacturing|capital_markets_ipo_activity,data_with_dsir_recognition.csv+final_merged_dsir_promoters.csv,,Specialty Manufacturing (Aerospace Structures),no_structured_differentiation_tag|bse_sme_ipo_drhp_pipeline|make_in_india_manufacturing|capital_markets_ipo_activity|ipo_filed_mar_2026,1,manufacturer_or_industrial_segment,1,india_location_signal,0,no_differentiation_evidence,0,no_promoter_extract,1,sector_or_macro_tailwind_tags,1,growth_or_ipo_signal_in_text,4,67,65.0,4,0,0,0,0,0,0,rules_only_no_llm_balance,5.0,5.0,0.0,0.0,5.0,5.0,65.0,0.0,rules_only,calibration_review_queue_step10,1
AeroStruct India Ltd,Hyderabad,Manufacturing / Industrial,aerostructindia.com,₹120–200 Cr,no_structured_differentiation_tag,,IPO filed Mar 2026,bse_sme_ipo_drhp_pipeline|make_in_india_manufacturing|capital_markets_ipo_activity,data_with_dsir_recognition.csv+final_merged_dsir_promoters.csv,,Specialty Manufacturing (Aerospace Structures),no_structured_differentiation_tag|bse_sme_ipo_drhp_pipeline|make_in_india_manufacturing|capital_markets_ipo_activity|ipo_filed_mar_2026,1,manufacturer_or_industrial_segment,1,india_location_signal,0,no_differentiation_evidence,0,no_promoter_extract,1,sector_or_macro_tailwind_tags,1,growth_or_ipo_signal_in_text,4,67,65.0,2,0,0,0,0,0,0,rules_only_no_llm_balance,5.0,5.0,0.0,0.0,5.0,5.0,65.0,0.0,rules_only,calibration_review_queue_step10,1
Afcom Holdings Limited,aircrafts will be leased exclusively from these lessors,unspecified_see_drhp,https://afcomcargo.com/; www.gyrcapitaladvisors.com; www.linkintime.co.in,Extract from restated financials in DRHP (pattern not matched).,no_structured_differentiation_tag,DRHP: Dr. Radhakrishnan Nagar; Ms Deccan Chronicle Holdings Limited; Ms. Canara Bank Versus Ms Deccan Chronicle; Ms ICICI Bank Versus Ms Deccan Chronicle; Mrs. Manjula Annamalai; Mr. Kannan Ramakrishnan,subsidiary / group structure,bse_sme_ipo_drhp_pipeline,drhp_companies_specified_format.csv+final_merged_dsir_promoters.csv,,See DRHP ‘Industry / Business overview’ section.,no_structured_differentiation_tag|bse_sme_ipo_drhp_pipeline|subsidiary|group_structure,0,not_classified_manufacturer,0,weak_location_signal,0,no_differentiation_evidence,1,named_individuals_in_promoter_field,1,sector_or_macro_tailwind_tags,0,weak_growth_signal,2,33,30.0,2,0,0,0,0,0,0,rules_only_no_llm_balance,0.0,0.0,0.0,5.0,5.0,0.0,30.0,0.0,rules_only,weak_differentiation_drhp_generics,1
AIRFLOA RAIL TECHNOLOGY LIMITED,"Processing Centre on November 15, 2024",unspecified_see_drhp,https://www.airflow.co.in/; www.gyrcapitaladvisors.com; www.kfintech.com,Extract from restated financials in DRHP (pattern not matched).,no_structured_differentiation_tag,Mr. Venkatesan Dakshinamoorthy,subsidiary / group structure,bse_sme_ipo_drhp_pipeline,drhp_companies_specified_format.csv+final_merged_dsir_promoters.csv,U30204TN1998PLC041571,See DRHP ‘Industry / Business overview’ section.,no_structured_differentiation_tag|bse_sme_ipo_drhp_pipeline|subsidiary|group_structure,0,not_classified_manufacturer,0,weak_location_signal,0,no_differentiation_evidence,1,named_individuals_in_promoter_field,1,sector_or_macro_tailwind_tags,0,weak_growth_signal,2,33,30.0,2,0,0,0,0,0,0,rules_only_no_llm_balance,0.0,0.0,0.0,5.0,5.0,0.0,30.0,0.0,rules_only,weak_differentiation_drhp_generics,1
AJC Jewel Manufacturers Limited,PDF parse error: PdfStreamError,unspecified_see_drhp,https://ajcjewel.com/ab; https://ajcjewel.com/about,Extract from restated financials in DRHP (pattern not matched).,no_structured_differentiation_tag,Could not download DRHP PDF/ZIP for promoter extraction.,No explicit expansion/hiring/certification keywords in sampled pages — check MD&A / risk factors in full DRHP.,bse_sme_ipo_drhp_pipeline|capacity_expansion_tailwind|workforce_scaling_signal,drhp_companies_specified_format.csv+final_merged_dsir_promoters.csv,,See DRHP ‘Industry / Business overview’ section.,no_structured_differentiation_tag|bse_sme_ipo_drhp_pipeline|capacity_expansion_tailwind|workforce_scaling_signal|no_explicit_expansion|hiring|certification_keywords_in_sampled_pages_—_check_md&a|risk_factors_in_full_drhp,0,not_classified_manufacturer,0,weak_location_signal,0,no_differentiation_evidence,0,no_promoter_extract,1,sector_or_macro_tailwind_tags,1,growth_or_ipo_signal_in_text,2,33,35.0,3,0,0,0,0,0,0,rules_only_no_llm_balance,0.0,0.0,0.0,0.0,5.0,5.0,35.0,0.0,rules_only,weak_differentiation_drhp_generics,1
Amba Auto Sales & Services Ltd,Pune,Manufacturing / Industrial,ambaauto.com,₹30–60 Cr,no_structured_differentiation_tag,,IPO filed Sep 2025,bse_sme_ipo_drhp_pipeline|make_in_india_manufacturing|capital_markets_ipo_activity,data_with_dsir_recognition.csv+final_merged_dsir_promoters.csv,,Specialty Manufacturing (Auto/Services),no_structured_differentiation_tag|bse_sme_ipo_drhp_pipeline|make_in_india_manufacturing|capital_markets_ipo_activity|ipo_filed_sep_2025,1,manufacturer_or_industrial_segment,1,india_location_signal,0,no_differentiation_evidence,0,no_promoter_extract,1,sector_or_macro_tailwind_tags,1,growth_or_ipo_signal_in_text,4,67,65.0,2,0,0,0,0,0,0,rules_only_no_llm_balance,5.0,5.0,0.0,0.0,5.0,5.0,65.0,0.0,rules_only,calibration_review_queue_step10,1
Ameenji Rubber Limited,"shareholders at the Extra Ordinary General Meeting held on May 09, 2024 our company was converted into a Public Limited Compa ny and consequently the name of our Company was changed from “Ameenji Rubber Private Limited” to “Ameenji Rubber Limited” vide a fresh Certificate of Inco...",unspecified_see_drhp,www.ameenji.com; www.bigshareonline.com; www.hemsecurities.com,Extract from restated financials in DRHP (pattern not matched).,no_structured_differentiation_tag,Promoter names not machine-extracted from sampled DRHP pages; verify in IPO prospectus or LinkedIn.,capex / capital expenditure; subsidiary / group structure; facility expansion,bse_sme_ipo_drhp_pipeline|capacity_expansion_tailwind,drhp_companies_specified_format.csv+final_merged_dsir_promoters.csv,,See DRHP ‘Industry / Business overview’ section.,no_structured_differentiation_tag|bse_sme_ipo_drhp_pipeline|capacity_expansion_tailwind|capex|capital_expenditure|subsidiary|group_structure|facility_expansion,0,not_classified_manufacturer,0,weak_location_signal,0,no_differentiation_evidence,0,no_promoter_extract,1,sector_or_macro_tailwind_tags,1,growth_or_ipo_signal_in_text,2,33,35.0,2,0,0,0,0,0,0,rules_only_no_llm_balance,0.0,0.0,0.0,0.0,5.0,5.0,35.0,0.0,rules_only,weak_differentiation_drhp_generics,1
AMRUT DREDGING AND SHIPPING LIMITED,"Harihar Chowk, Sadar Bazar, Rajkot - 360 001, Gujarat, India “We” or “us” or “our” Unless the context otherwise indicates or implies, refers to our Company “You” or “your” or “yours” Prospective investors in this issue",unspecified_see_drhp,www.amrutdredging.com; www.kfintech.com,Extract from restated financials in DRHP (pattern not matched).,no_structured_differentiation_tag,DRHP: Mr Pavan Anilbhai Gandhi Materiality Policy,subsidiary / group structure,bse_sme_ipo_drhp_pipeline,drhp_companies_specified_format.csv+final_merged_dsir_promoters.csv,,See DRHP ‘Industry / Business overview’ section.,no_structured_differentiation_tag|bse_sme_ipo_drhp_pipeline|subsidiary|group_structure,0,not_classified_manufacturer,1,india_location_signal,0,no_differentiation_evidence,1,rich_drhp_promoter_blob,1,sector_or_macro_tailwind_tags,0,weak_growth_signal,3,50,40.0,2,0,0,0,0,0,0,rules_only_no_llm_balance,0.0,5.0,0.0,5.0,5.0,0.0,40.0,0.0,rules_only,weak_differentiation_drhp_generics|generic_web_or_thin_ops_narrative,2
Anawil Wire & Engineering Ltd,Pune,Manufacturing / Industrial,anawilwire.com,₹50–90 Cr,no_structured_differentiation_tag,,IPO filed Sep 2025,bse_sme_ipo_drhp_pipeline|make_in_india_manufacturing|capital_markets_ipo_activity,data_with_dsir_recognition.csv+final_merged_dsir_promoters.csv,,Specialty Manufacturing (Wire Products),no_structured_differentiation_tag|bse_sme_ipo_drhp_pipeline|make_in_india_manufacturing|capital_markets_ipo_activity|ipo_filed_sep_2025,1,manufacturer_or_industrial_segment,1,india_location_signal,0,no_differentiation_evidence,0,no_promoter_extract,1,sector_or_macro_tailwind_tags,1,growth_or_ipo_signal_in_text,4,67,65.0,3,0,0,0,0,0,0,rules_only_no_llm_balance,5.0,5.0,0.0,0.0,5.0,5.0,65.0,0.0,rules_only,calibration_review_queue_step10,1
ANKIT GOLD LIMITED,"Ni Khadki, Madan Gopal Ni Haveli Road, Ahmedabad - 380001, Gujarat, India “we”, “us” or “our” Unless the context otherwise indicates or implies, refers to our Company “you”, “your” or “yours” Prospective Investor in this Issue",unspecified_see_drhp,https://www.ankitgoldltd.com; https://www.cfml.in; www.kfintech.com,Extract from restated financials in DRHP (pattern not matched).,iso_certification_mention,DRHP: Mr. Hinil Patel,ISO certification mentioned,bse_sme_ipo_drhp_pipeline,drhp_companies_specified_format.csv+final_merged_dsir_promoters.csv,,See DRHP ‘Industry / Business overview’ section.,iso_certification_mention|bse_sme_ipo_drhp_pipeline|iso_certification_mentioned,0,not_classified_manufacturer,1,india_location_signal,1,cert_or_patent_evidence,1,named_individuals_in_promoter_field,1,sector_or_macro_tailwind_tags,1,growth_or_ipo_signal_in_text,5,83,80.0,2,0,0,0,0,0,0,rules_only_no_llm_balance,0.0,5.0,5.0,5.0,5.0,5.0,80.0,0.0,rules_only,iso_only_differentiation_no_sector_moat,1
Apana Logistics Limited,please refer to the section title “History and Corporate Structure” on page no. Error! Bookmark not defined. of this Draft Prospectus.,unspecified_see_drhp,www.apanalogistics.com; www.corporatemakers.in; www.kfintech.com,Extract from restated financials in DRHP (pattern not matched).,no_structured_differentiation_tag,DRHP: Ms. Neelam Damji Shah; Mr. Rohit Pareek; Mr. Manish Kumar Singh SEBI Registration Number; Mr. Pratyaksh Sureka; Mr. Adarsh Sureka; Mr. Shrawan Kumar Sureka Date; Mr. Shrawan Kumar Sureka; Mrs. Devika Sureka,No explicit expansion/hiring/certification keywords in sampled pages — check MD&A / risk factors in full DRHP.,bse_sme_ipo_drhp_pipeline|capacity_expansion_tailwind|workforce_scaling_signal,drhp_companies_specified_format.csv+final_merged_dsir_promoters.csv,,See DRHP ‘Industry / Business overview’ section.,no_structured_differentiation_tag|bse_sme_ipo_drhp_pipeline|capacity_expansion_tailwind|workforce_scaling_signal|no_explicit_expansion|hiring|certification_keywords_in_sampled_pages_—_check_md&a|risk_factors_in_full_drhp,0,not_classified_manufacturer,0,weak_location_signal,0,no_differentiation_evidence,1,named_individuals_in_promoter_field,1,sector_or_macro_tailwind_tags,1,growth_or_ipo_signal_in_text,3,50,50.0,2,0,0,0,0,0,0,rules_only_no_llm_balance,0.0,0.0,0.0,5.0,5.0,5.0,50.0,0.0,rules_only,weak_differentiation_drhp_generics,1
Apsis Aerocom Ltd,Pune,Manufacturing / Industrial,apsisaerocom.com,₹80–150 Cr,no_structured_differentiation_tag,,IPO filed Mar 2026,bse_sme_ipo_drhp_pipeline|make_in_india_manufacturing|capital_markets_ipo_activity,data_with_dsir_recognition.csv+final_merged_dsir_promoters.csv,,Specialty Manufacturing (Aerospace),no_structured_differentiation_tag|bse_sme_ipo_drhp_pipeline|make_in_india_manufacturing|capital_markets_ipo_activity|ipo_filed_mar_2026,1,manufacturer_or_industrial_segment,1,india_location_signal,0,no_differentiation_evidence,0,no_promoter_extract,1,sector_or_macro_tailwind_tags,1,growth_or_ipo_signal_in_text,4,67,65.0,2,0,0,0,0,0,0,rules_only_no_llm_balance,5.0,5.0,0.0,0.0,5.0,5.0,65.0,0.0,rules_only,calibration_review_queue_step10,1
APTUS PHARMA LIMITED,Company was changed to “Aptus Pharma Limited.” The Corporate Identification Number of our Company is U24230GJ2010PLC061957.,unspecified_see_drhp,www.aptus-pharma.com,Extract from restated financials in DRHP (pattern not matched).,no_structured_differentiation_tag,Promoter names not machine-extracted from sampled DRHP pages; verify in IPO prospectus or LinkedIn.,No explicit expansion/hiring/certification keywords in sampled pages — check MD&A / risk factors in full DRHP.,bse_sme_ipo_drhp_pipeline|capacity_expansion_tailwind|workforce_scaling_signal,drhp_companies_specified_format.csv+final_merged_dsir_promoters.csv,U24230GJ2010PLC061957,See DRHP ‘Industry / Business overview’ section.,no_structured_differentiation_tag|bse_sme_ipo_drhp_pipeline|capacity_expansion_tailwind|workforce_scaling_signal|no_explicit_expansion|hiring|certification_keywords_in_sampled_pages_—_check_md&a|risk_factors_in_full_drhp,0,not_classified_manufacturer,0,weak_location_signal,0,no_differentiation_evidence,0,no_promoter_extract,1,sector_or_macro_tailwind_tags,1,growth_or_ipo_signal_in_text,2,33,35.0,2,0,0,0,0,0,0,rules_only_no_llm_balance,0.0,0.0,0.0,0.0,5.0,5.0,35.0,0.0,rules_only,weak_differentiation_drhp_generics,1
Arbuda Agrochemicals Ltd,Ahmedabad,Manufacturing / Industrial,arbudaagro.com,₹60–100 Cr,no_structured_differentiation_tag,,IPO filed Sep 2025,bse_sme_ipo_drhp_pipeline|make_in_india_manufacturing|capital_markets_ipo_activity,data_with_dsir_recognition.csv+final_merged_dsir_promoters.csv,,Specialty Manufacturing (Agrochemicals),no_structured_differentiation_tag|bse_sme_ipo_drhp_pipeline|make_in_india_manufacturing|capital_markets_ipo_activity|ipo_filed_sep_2025,1,manufacturer_or_industrial_segment,1,india_location_signal,0,no_differentiation_evidence,0,no_promoter_extract,1,sector_or_macro_tailwind_tags,1,growth_or_ipo_signal_in_text,4,67,65.0,3,0,0,0,0,0,0,rules_only_no_llm_balance,5.0,5.0,0.0,0.0,5.0,5.0,65.0,0.0,rules_only,calibration_review_queue_step10,1
Archee Group Contracts Limited,"National Capital Territory of Delhi and Haryana pursuant to a certificate of incorporation dated May 16, 2011 bearing Corporate Identification Number (",unspecified_see_drhp,www.archeegroup.com,₹0–5 Cr (approx from lakhs),no_structured_differentiation_tag,DRHP: Ms. Monika Dhaka Promoter Selling Shareholder Up; Ms. Monika Dhaka. Later,No explicit expansion/hiring/certification keywords in sampled pages — check MD&A / risk factors in full DRHP.,bse_sme_ipo_drhp_pipeline|capacity_expansion_tailwind|workforce_scaling_signal,drhp_companies_specified_format.csv+final_merged_dsir_promoters.csv,,See DRHP ‘Industry / Business overview’ section.,no_structured_differentiation_tag|bse_sme_ipo_drhp_pipeline|capacity_expansion_tailwind|workforce_scaling_signal|no_explicit_expansion|hiring|certification_keywords_in_sampled_pages_—_check_md&a|risk_factors_in_full_drhp,0,not_classified_manufacturer,1,india_location_signal,0,no_differentiation_evidence,1,named_individuals_in_promoter_field,1,sector_or_macro_tailwind_tags,1,growth_or_ipo_signal_in_text,4,67,60.0,2,0,0,0,0,0,0,rules_only_no_llm_balance,0.0,5.0,0.0,5.0,5.0,5.0,60.0,0.0,rules_only,stale_temporal_signal|weak_differentiation_drhp_generics,2
Arete 22 Ltd,Mumbai,Manufacturing / Industrial,arete22.com,₹30–60 Cr,no_structured_differentiation_tag,,IPO filed Sep 2025,bse_sme_ipo_drhp_pipeline|make_in_india_manufacturing|capital_markets_ipo_activity,data_with_dsir_recognition.csv+final_merged_dsir_promoters.csv,,Specialty Manufacturing (Consulting/Business Services),no_structured_differentiation_tag|bse_sme_ipo_drhp_pipeline|make_in_india_manufacturing|capital_markets_ipo_activity|ipo_filed_sep_2025,1,manufacturer_or_industrial_segment,1,india_location_signal,0,no_differentiation_evidence,0,no_promoter_extract,1,sector_or_macro_tailwind_tags,1,growth_or_ipo_signal_in_text,4,67,65.0,2,0,0,0,0,0,0,rules_only_no_llm_balance,5.0,5.0,0.0,0.0,5.0,5.0,65.0,0.0,rules_only,calibration_review_queue_step10,1
Aritas Vinyl Limited,"3. One of our promoter group company Elegant Vinyl Private Limited is engaged in the similar business in which issuer company is engaged which may create a conflict of interest. Further, we do not enjoy contractual protection by way of a non-compete or other agreement or arrangem...",unspecified_see_drhp,www.aritasvinyl.com; www.bigshareonline.com; www.ifinservices.in,Extract from restated financials in DRHP (pattern not matched).,iso_certification_mention,DRHP: Mr. Anilkumar Prakashchandra Agrawal; Mr. Sanjaykumar Kantilal Patel; Mr. Roque Antonio Dias,ISO certification mentioned,bse_sme_ipo_drhp_pipeline,drhp_companies_specified_format.csv+final_merged_dsir_promoters.csv,,See DRHP ‘Industry / Business overview’ section.,iso_certification_mention|bse_sme_ipo_drhp_pipeline|iso_certification_mentioned,0,not_classified_manufacturer,0,weak_location_signal,1,cert_or_patent_evidence,1,named_individuals_in_promoter_field,1,sector_or_macro_tailwind_tags,1,growth_or_ipo_signal_in_text,4,67,70.0,2,0,0,0,0,0,0,rules_only_no_llm_balance,0.0,0.0,5.0,5.0,5.0,5.0,70.0,0.0,rules_only,iso_only_differentiation_no_sector_moat,1
Ashutosh Fibre Ltd,Surat,Manufacturing / Industrial,ashutoshfibre.com,₹50–90 Cr,no_structured_differentiation_tag,,IPO filed Sep 2025,bse_sme_ipo_drhp_pipeline|make_in_india_manufacturing|capital_markets_ipo_activity,data_with_dsir_recognition.csv+final_merged_dsir_promoters.csv,,Specialty Manufacturing (Textiles/Fibre),no_structured_differentiation_tag|bse_sme_ipo_drhp_pipeline|make_in_india_manufacturing|capital_markets_ipo_activity|ipo_filed_sep_2025,1,manufacturer_or_industrial_segment,1,india_location_signal,0,no_differentiation_evidence,0,no_promoter_extract,1,sector_or_macro_tailwind_tags,1,growth_or_ipo_signal_in_text,4,67,65.0,2,0,0,0,0,0,0,rules_only_no_llm_balance,5.0,5.0,0.0,0.0,5.0,5.0,65.0,0.0,rules_only,calibration_review_queue_step10,1
ASSOCIATED COATERS LIMITED,See DRHP ‘General Information’ — address not matched by pattern., The Following Changes or Updation has been incorporated under the chapter “,Search DRHP / issuer for corporate website.,Extract from restated financials in DRHP (pattern not matched).,no_structured_differentiation_tag,Could not download DRHP PDF/ZIP for promoter extraction.,No explicit expansion/hiring/certification keywords in sampled pages — check MD&A / risk factors in full DRHP.,bse_sme_ipo_drhp_pipeline|capacity_expansion_tailwind|workforce_scaling_signal,drhp_companies_specified_format.csv+final_merged_dsir_promoters.csv,, The Following Changes or Updation has been incorporated under the chapter “,no_structured_differentiation_tag|bse_sme_ipo_drhp_pipeline|capacity_expansion_tailwind|workforce_scaling_signal|no_explicit_expansion|hiring|certification_keywords_in_sampled_pages_—_check_md&a|risk_factors_in_full_drhp,0,not_classified_manufacturer,0,weak_location_signal,0,no_differentiation_evidence,0,no_promoter_extract,1,sector_or_macro_tailwind_tags,1,growth_or_ipo_signal_in_text,2,33,35.0,2,0,0,0,0,0,0,rules_only_no_llm_balance,0.0,0.0,0.0,0.0,5.0,5.0,35.0,0.0,rules_only,calibration_review_queue_step10,1
Astonea Labs Ltd,House No,unspecified_see_drhp,https://www.astonea.org/,Extract from restated financials in DRHP (pattern not matched).,no_structured_differentiation_tag,DRHP: Ms. Avneet Kaur; Ms. Alka Mishra Email; Mr. Murali Krishna; Mr. Ashish Gulati,No explicit expansion/hiring/certification keywords in sampled pages — check MD&A / risk factors in full DRHP.,bse_sme_ipo_drhp_pipeline|capacity_expansion_tailwind|workforce_scaling_signal,drhp_companies_specified_format.csv+final_merged_dsir_promoters.csv,,See DRHP ‘Industry / Business overview’ section.,no_structured_differentiation_tag|bse_sme_ipo_drhp_pipeline|capacity_expansion_tailwind|workforce_scaling_signal|no_explicit_expansion|hiring|certification_keywords_in_sampled_pages_—_check_md&a|risk_factors_in_full_drhp,0,not_classified_manufacturer,0,weak_location_signal,0,no_differentiation_evidence,1,named_individuals_in_promoter_field,1,sector_or_macro_tailwind_tags,1,growth_or_ipo_signal_in_text,3,50,50.0,2,0,0,0,0,0,0,rules_only_no_llm_balance,0.0,0.0,0.0,5.0,5.0,5.0,50.0,0.0,rules_only,weak_differentiation_drhp_generics,1
ATHARVA POLY-PLAST LIMITED,Corporate Identification Number U25209PN2014PLC150099,unspecified_see_drhp,https://atharvapolyplast.in/,Extract from restated financials in DRHP (pattern not matched).,no_structured_differentiation_tag,Could not download DRHP PDF/ZIP for promoter extraction.,No explicit expansion/hiring/certification keywords in sampled pages — check MD&A / risk factors in full DRHP.,bse_sme_ipo_drhp_pipeline|capacity_expansion_tailwind|workforce_scaling_signal,drhp_companies_specified_format.csv+final_merged_dsir_promoters.csv,U25209PN2014PLC150099,See DRHP ‘Industry / Business overview’ section.,no_structured_differentiation_tag|bse_sme_ipo_drhp_pipeline|capacity_expansion_tailwind|workforce_scaling_signal|no_explicit_expansion|hiring|certification_keywords_in_sampled_pages_—_check_md&a|risk_factors_in_full_drhp,0,not_classified_manufacturer,0,weak_location_signal,0,no_differentiation_evidence,0,no_promoter_extract,1,sector_or_macro_tailwind_tags,1,growth_or_ipo_signal_in_text,2,33,35.0,2,0,0,0,0,0,0,rules_only_no_llm_balance,0.0,0.0,0.0,0.0,5.0,5.0,35.0,0.0,rules_only,weak_differentiation_drhp_generics,1
Aureate Tradde Limited,"delayed compliance /lapses may attract certain penalties The Company has generally complied with certain statutory provisions and there are the following discrepancies observed under provisions of Companies Act, 2013.",unspecified_see_drhp,www.aureatetradde.in; www.corporatemakers.in,₹5–25 Cr (approx from lakhs),no_structured_differentiation_tag,Could not download DRHP PDF/ZIP for promoter extraction.,No explicit expansion/hiring/certification keywords in sampled pages — check MD&A / risk factors in full DRHP.,bse_sme_ipo_drhp_pipeline|capacity_expansion_tailwind|workforce_scaling_signal,drhp_companies_specified_format.csv+final_merged_dsir_promoters.csv,,See DRHP ‘Industry / Business overview’ section.,no_structured_differentiation_tag|bse_sme_ipo_drhp_pipeline|capacity_expansion_tailwind|workforce_scaling_signal|no_explicit_expansion|hiring|certification_keywords_in_sampled_pages_—_check_md&a|risk_factors_in_full_drhp,0,not_classified_manufacturer,0,weak_location_signal,0,no_differentiation_evidence,0,no_promoter_extract,1,sector_or_macro_tailwind_tags,1,growth_or_ipo_signal_in_text,2,33,35.0,2,0,0,0,0,0,0,rules_only_no_llm_balance,0.0,0.0,0.0,0.0,5.0,5.0,35.0,0.0,rules_only,stale_temporal_signal|certification_or_license_expiry_language|weak_differentiation_drhp_generics,3
Austere Systems Limited,"TELEPHONE WEBSITE Office 301-303, A Square, Plot No",Financial Services,www.austeresystems.com; www.gyrcapitaladvisors.com; www.kfintech.com,Extract from restated financials in DRHP (pattern not matched).,no_structured_differentiation_tag,Could not download DRHP PDF/ZIP for promoter extraction.,No explicit expansion/hiring/certification keywords in sampled pages — check MD&A / risk factors in full DRHP.,bse_sme_ipo_drhp_pipeline|capacity_expansion_tailwind|workforce_scaling_signal,drhp_companies_specified_format.csv+final_merged_dsir_promoters.csv,,Summary of Financial Information: A summary of the financial information of,no_structured_differentiation_tag|bse_sme_ipo_drhp_pipeline|capacity_expansion_tailwind|workforce_scaling_signal|no_explicit_expansion|hiring|certification_keywords_in_sampled_pages_—_check_md&a|risk_factors_in_full_drhp,0,not_classified_manufacturer,0,weak_location_signal,0,no_differentiation_evidence,0,no_promoter_extract,1,sector_or_macro_tailwind_tags,1,growth_or_ipo_signal_in_text,2,33,35.0,2,0,0,0,0,0,0,rules_only_no_llm_balance,0.0,0.0,0.0,0.0,5.0,5.0,35.0,0.0,rules_only,calibration_review_queue_step10,1
Autofurnish Limited,"K-55, Udyog Nagar, Peeragarhi, Nangloi, West Delhi, New Delhi-110041",unspecified_see_drhp,www.autofurnish.com; www.novuscaps.com; www.skylinerta.com,Extract from restated financials in DRHP (pattern not matched).,no_structured_differentiation_tag,DRHP: Ms. Srishti Narang Company Secretary; Mr. Puneet Arora; Mr. Ruppal Wadhwa DETAILS OF OFFER TO; Ms. Srishti Narang,capacity expansion; subsidiary / group structure,bse_sme_ipo_drhp_pipeline|capacity_expansion_tailwind,drhp_companies_specified_format.csv+final_merged_dsir_promoters.csv,,See DRHP ‘Industry / Business overview’ section.,no_structured_differentiation_tag|bse_sme_ipo_drhp_pipeline|capacity_expansion_tailwind|capacity_expansion|subsidiary|group_structure,0,not_classified_manufacturer,1,india_location_signal,0,no_differentiation_evidence,1,named_individuals_in_promoter_field,1,sector_or_macro_tailwind_tags,1,growth_or_ipo_signal_in_text,4,67,60.0,2,0,0,0,0,0,0,rules_only_no_llm_balance,0.0,5.0,0.0,5.0,5.0,5.0,60.0,0.0,rules_only,weak_differentiation_drhp_generics,1
Avana Electrosystems Ltd,Pune,Manufacturing / Industrial,avanaelectrosystems.com,₹80–150 Cr,no_structured_differentiation_tag,,IPO filed Dec 2025,bse_sme_ipo_drhp_pipeline|make_in_india_manufacturing|capital_markets_ipo_activity,data_with_dsir_recognition.csv+final_merged_dsir_promoters.csv,,Specialty Manufacturing (Electronics),no_structured_differentiation_tag|bse_sme_ipo_drhp_pipeline|make_in_india_manufacturing|capital_markets_ipo_activity|ipo_filed_dec_2025,1,manufacturer_or_industrial_segment,1,india_location_signal,0,no_differentiation_evidence,0,no_promoter_extract,1,sector_or_macro_tailwind_tags,1,growth_or_ipo_signal_in_text,4,67,65.0,2,0,0,0,0,0,0,rules_only_no_llm_balance,5.0,5.0,0.0,0.0,5.0,5.0,65.0,0.0,rules_only,calibration_review_queue_step10,1
Avax Apparels And Ornaments Limited,"& Haryana. For further details, please refer to """,unspecified_see_drhp,https://www.avaxapparels.com,Extract from restated financials in DRHP (pattern not matched).,rnd_mention,DRHP: Mrs. Shruti Jain Company Secretary; Mrs. Rati Gupta SKI CAPITAL SERVICES LIMITED; Dr Joshi Road; Mr. Manick Wadhwa; Mr. Ghanisht Nagpal ISSUE PROGRAMME ISSUE OPENS; Mr. Vinod Malhotra; Mrs. Dipti Malhotra; Mr. Harinderpal Singh Sodhi,backward integration,bse_sme_ipo_drhp_pipeline,drhp_companies_specified_format.csv+final_merged_dsir_promoters.csv,,See DRHP ‘Industry / Business overview’ section.,rnd_mention|bse_sme_ipo_drhp_pipeline|backward_integration,0,not_classified_manufacturer,1,india_location_signal,0,no_differentiation_evidence,1,named_individuals_in_promoter_field,1,sector_or_macro_tailwind_tags,0,weak_growth_signal,3,50,40.0,2,0,0,0,0,0,0,rules_only_no_llm_balance,0.0,5.0,0.0,5.0,5.0,0.0,40.0,0.0,rules_only,generic_web_or_thin_ops_narrative,1
Avience Biomedicals Ltd,Chennai,Manufacturing / Industrial,aviencebiomed.com,₹60–100 Cr,no_structured_differentiation_tag,,IPO filed Jul 2025,bse_sme_ipo_drhp_pipeline|make_in_india_manufacturing|capital_markets_ipo_activity,data_with_dsir_recognition.csv+final_merged_dsir_promoters.csv,,Specialty Manufacturing (Healthcare/Biotech),no_structured_differentiation_tag|bse_sme_ipo_drhp_pipeline|make_in_india_manufacturing|capital_markets_ipo_activity|ipo_filed_jul_2025,1,manufacturer_or_industrial_segment,1,india_location_signal,0,no_differentiation_evidence,0,no_promoter_extract,1,sector_or_macro_tailwind_tags,1,growth_or_ipo_signal_in_text,4,67,65.0,3,0,0,0,0,0,0,rules_only_no_llm_balance,5.0,5.0,0.0,0.0,5.0,5.0,65.0,0.0,rules_only,calibration_review_queue_step10,1
Aztec Fluids & Machinery Limited,"Part H Plinth,4th Floor, Takshashila Square, Near Krishnabag Four Rd, Maninagar, Ahmedabad, Gujarat-380028",unspecified_see_drhp,https://www.fbil.org.in/#/home; www.aztecindia.org; www.bigshareonline.com; www.hemsecurities.com,Extract from restated financials in DRHP (pattern not matched).,no_structured_differentiation_tag,Promoter names not machine-extracted from sampled DRHP pages; verify in IPO prospectus or LinkedIn.,No explicit expansion/hiring/certification keywords in sampled pages — check MD&A / risk factors in full DRHP.,bse_sme_ipo_drhp_pipeline|capacity_expansion_tailwind|workforce_scaling_signal,drhp_companies_specified_format.csv+final_merged_dsir_promoters.csv,,See DRHP ‘Industry / Business overview’ section.,no_structured_differentiation_tag|bse_sme_ipo_drhp_pipeline|capacity_expansion_tailwind|workforce_scaling_signal|no_explicit_expansion|hiring|certification_keywords_in_sampled_pages_—_check_md&a|risk_factors_in_full_drhp,0,not_classified_manufacturer,1,india_location_signal,0,no_differentiation_evidence,0,no_promoter_extract,1,sector_or_macro_tailwind_tags,1,growth_or_ipo_signal_in_text,3,50,45.0,2,0,0,0,0,0,0,rules_only_no_llm_balance,0.0,5.0,0.0,0.0,5.0,5.0,45.0,0.0,rules_only,weak_differentiation_drhp_generics,1
B. D. Industries (Pune) Limited,The registered office of B D INNO Ventures Private Limited (BDIVPL) is situated at Unit No,unspecified_see_drhp,www.bdi-group.org,Extract from restated financials in DRHP (pattern not matched).,iso_certification_mention,DRHP: subject to any pledge,ISO certification mentioned; subsidiary / group structure,bse_sme_ipo_drhp_pipeline,drhp_companies_specified_format.csv+final_merged_dsir_promoters.csv,,See DRHP ‘Industry / Business overview’ section.,iso_certification_mention|bse_sme_ipo_drhp_pipeline|iso_certification_mentioned|subsidiary|group_structure,0,not_classified_manufacturer,0,weak_location_signal,1,cert_or_patent_evidence,0,weak_promoter_signal,1,sector_or_macro_tailwind_tags,1,growth_or_ipo_signal_in_text,3,50,55.0,2,0,0,0,0,0,0,rules_only_no_llm_balance,0.0,0.0,5.0,0.0,5.0,5.0,55.0,0.0,rules_only,iso_only_differentiation_no_sector_moat|generic_web_or_thin_ops_narrative,2
B.R.Goyal Infrastructure Limited,bearing Corporate Identification Number (,unspecified_see_drhp,www.brginfra.com,₹0–5 Cr (approx from lakhs),no_structured_differentiation_tag,Mr. Balkrishna Goyal; Mr. Uppal Goyal,subsidiary / group structure,bse_sme_ipo_drhp_pipeline,drhp_companies_specified_format.csv+final_merged_dsir_promoters.csv,,See DRHP ‘Industry / Business overview’ section.,no_structured_differentiation_tag|bse_sme_ipo_drhp_pipeline|subsidiary|group_structure,0,not_classified_manufacturer,0,weak_location_signal,0,no_differentiation_evidence,1,named_individuals_in_promoter_field,1,sector_or_macro_tailwind_tags,0,weak_growth_signal,2,33,30.0,2,0,0,0,0,0,0,rules_only_no_llm_balance,0.0,0.0,0.0,5.0,5.0,0.0,30.0,0.0,rules_only,weak_differentiation_drhp_generics|generic_web_or_thin_ops_narrative,2
BAI-KAKAJI POLYMERS LIMITED,"Plot No. M3 & M4 MIDC, Latur, Maharashtra, India, 413531 Dheerajkumar Pannalal Tiwari Company Secretary & Compliance Officer E-mail: cs@baikakaji.com Tel No: +91 9028254663 Website: https://baikakajipolymers.com",unspecified_see_drhp,https://baikakajipolymers.com,Extract from restated financials in DRHP (pattern not matched).,no_structured_differentiation_tag,Promoter names not machine-extracted from sampled DRHP pages; verify in IPO prospectus or LinkedIn.,subsidiary / group structure,bse_sme_ipo_drhp_pipeline,drhp_companies_specified_format.csv+final_merged_dsir_promoters.csv,,See DRHP ‘Industry / Business overview’ section.,no_structured_differentiation_tag|bse_sme_ipo_drhp_pipeline|subsidiary|group_structure,0,not_classified_manufacturer,1,india_location_signal,0,no_differentiation_evidence,0,no_promoter_extract,1,sector_or_macro_tailwind_tags,0,weak_growth_signal,2,33,25.0,2,0,0,0,0,0,0,rules_only_no_llm_balance,0.0,5.0,0.0,0.0,5.0,0.0,25.0,0.0,rules_only,weak_differentiation_drhp_generics|generic_web_or_thin_ops_narrative,2
Beezaasan Explotech Limited,"5th Floor, 511, Pramukh Tangent Complex, Sargasan Cross Road, S",unspecified_see_drhp,www.beezaasan.com,Extract from restated financials in DRHP (pattern not matched).,no_structured_differentiation_tag,DRHP: Ms. Ankita Choudhury Company Secretary; Ms. Ankita Choudhury; Mr. Navneetkumar Radheshyam Somani MOA; Mr. Navneetkumar Radheshyam Somani; Mr. Sunilkumar Radheshyam Somani; Mr. Rajan Sunilkumar Somani; Mr. Devi Singh Kachhwaha; Mr. Satya Prakash Heda; Ms. Manisha Navneet Somani; Ms. Komalben Sunilkumar Somani,No explicit expansion/hiring/certification keywords in sampled pages — check MD&A / risk factors in full DRHP.,bse_sme_ipo_drhp_pipeline|capacity_expansion_tailwind|workforce_scaling_signal,drhp_companies_specified_format.csv+final_merged_dsir_promoters.csv,,See DRHP ‘Industry / Business overview’ section.,no_structured_differentiation_tag|bse_sme_ipo_drhp_pipeline|capacity_expansion_tailwind|workforce_scaling_signal|no_explicit_expansion|hiring|certification_keywords_in_sampled_pages_—_check_md&a|risk_factors_in_full_drhp,0,not_classified_manufacturer,0,weak_location_signal,0,no_differentiation_evidence,1,named_individuals_in_promoter_field,1,sector_or_macro_tailwind_tags,1,growth_or_ipo_signal_in_text,3,50,50.0,2,0,0,0,0,0,0,rules_only_no_llm_balance,0.0,0.0,0.0,5.0,5.0,5.0,50.0,0.0,rules_only,weak_differentiation_drhp_generics,1
BharatRohan Airborne Innovations Limited,"Fourth Floor B -117, DDA Sheds , Okhla Industrial Area Phase - I, South Delhi, New Delhi- 110020, India",unspecified_see_drhp,https://bharatrohan.in/,Extract from restated financials in DRHP (pattern not matched).,no_structured_differentiation_tag,DRHP: Ms. Aakansha Singh; Mr. Amandeep Panwar; Mr. Rishabh Choudhary. For; Mr. Rishabh Choudhary. ISSUE RELATED TERMS,subsidiary / group structure,bse_sme_ipo_drhp_pipeline,drhp_companies_specified_format.csv+final_merged_dsir_promoters.csv,,See DRHP ‘Industry / Business overview’ section.,no_structured_differentiation_tag|bse_sme_ipo_drhp_pipeline|subsidiary|group_structure,0,not_classified_manufacturer,1,india_location_signal,0,no_differentiation_evidence,1,named_individuals_in_promoter_field,1,sector_or_macro_tailwind_tags,0,weak_growth_signal,3,50,40.0,2,0,0,0,0,0,0,rules_only_no_llm_balance,0.0,5.0,0.0,5.0,5.0,0.0,40.0,0.0,rules_only,weak_differentiation_drhp_generics|generic_web_or_thin_ops_narrative,2
Bio Medica Laboratories Ltd,Pune,Manufacturing / Industrial,biomediacalabs.com,₹30–60 Cr,no_structured_differentiation_tag,,IPO filed Aug 2025,bse_sme_ipo_drhp_pipeline|make_in_india_manufacturing|capital_markets_ipo_activity,data_with_dsir_recognition.csv+final_merged_dsir_promoters.csv,,Specialty Manufacturing (Healthcare/Diagnostics),no_structured_differentiation_tag|bse_sme_ipo_drhp_pipeline|make_in_india_manufacturing|capital_markets_ipo_activity|ipo_filed_aug_2025,1,manufacturer_or_industrial_segment,1,india_location_signal,0,no_differentiation_evidence,0,no_promoter_extract,1,sector_or_macro_tailwind_tags,1,growth_or_ipo_signal_in_text,4,67,65.0,4,0,0,0,0,0,0,rules_only_no_llm_balance,5.0,5.0,0.0,0.0,5.0,5.0,65.0,0.0,rules_only,calibration_review_queue_step10,1
BioAxis Global Ltd,Mumbai,Manufacturing / Industrial,bioaxisglobal.com,₹90–160 Cr,no_structured_differentiation_tag,,IPO filed Nov 2025,bse_sme_ipo_drhp_pipeline|make_in_india_manufacturing|capital_markets_ipo_activity,data_with_dsir_recognition.csv+final_merged_dsir_promoters.csv,,Specialty Manufacturing (Biotech/Research),no_structured_differentiation_tag|bse_sme_ipo_drhp_pipeline|make_in_india_manufacturing|capital_markets_ipo_activity|ipo_filed_nov_2025,1,manufacturer_or_industrial_segment,1,india_location_signal,0,no_differentiation_evidence,0,no_promoter_extract,1,sector_or_macro_tailwind_tags,1,growth_or_ipo_signal_in_text,4,67,65.0,22,0,0,0,0,0,0,rules_only_no_llm_balance,5.0,5.0,0.0,0.0,5.0,5.0,65.0,0.0,rules_only,calibration_review_queue_step10,1
BioAxis Pharma Ltd,Bengaluru,Manufacturing / Industrial,bioaxispharma.com,₹100–180 Cr,no_structured_differentiation_tag,,IPO filed Mar 2026,bse_sme_ipo_drhp_pipeline|make_in_india_manufacturing|capital_markets_ipo_activity,data_with_dsir_recognition.csv+final_merged_dsir_promoters.csv,,Specialty Manufacturing (Biotech/Pharma),no_structured_differentiation_tag|bse_sme_ipo_drhp_pipeline|make_in_india_manufacturing|capital_markets_ipo_activity|ipo_filed_mar_2026,1,manufacturer_or_industrial_segment,1,india_location_signal,0,no_differentiation_evidence,0,no_promoter_extract,1,sector_or_macro_tailwind_tags,1,growth_or_ipo_signal_in_text,4,67,65.0,2,0,0,0,0,0,0,rules_only_no_llm_balance,5.0,5.0,0.0,0.0,5.0,5.0,65.0,0.0,rules_only,calibration_review_queue_step10,1
BioAxis Therapeutics Ltd,Mumbai,Manufacturing / Industrial,bioaxisthera.com,₹90–160 Cr,no_structured_differentiation_tag,,IPO filed Nov 2025,bse_sme_ipo_drhp_pipeline|make_in_india_manufacturing|capital_markets_ipo_activity,data_with_dsir_recognition.csv+final_merged_dsir_promoters.csv,,Specialty Manufacturing (Biotech/Research),no_structured_differentiation_tag|bse_sme_ipo_drhp_pipeline|make_in_india_manufacturing|capital_markets_ipo_activity|ipo_filed_nov_2025,1,manufacturer_or_industrial_segment,1,india_location_signal,0,no_differentiation_evidence,0,no_promoter_extract,1,sector_or_macro_tailwind_tags,1,growth_or_ipo_signal_in_text,4,67,65.0,22,0,0,0,0,0,0,rules_only_no_llm_balance,5.0,5.0,0.0,0.0,5.0,5.0,65.0,0.0,rules_only,calibration_review_queue_step10,1
BioCore Advanced Ltd,Mumbai,Manufacturing / Industrial,biocoreadv.com,₹90–160 Cr,no_structured_differentiation_tag,,IPO filed Nov 2025,bse_sme_ipo_drhp_pipeline|make_in_india_manufacturing|capital_markets_ipo_activity,data_with_dsir_recognition.csv+final_merged_dsir_promoters.csv,,Specialty Manufacturing (Biotech/Research),no_structured_differentiation_tag|bse_sme_ipo_drhp_pipeline|make_in_india_manufacturing|capital_markets_ipo_activity|ipo_filed_nov_2025,1,manufacturer_or_industrial_segment,1,india_location_signal,0,no_differentiation_evidence,0,no_promoter_extract,1,sector_or_macro_tailwind_tags,1,growth_or_ipo_signal_in_text,4,67,65.0,23,0,0,0,0,0,0,rules_only_no_llm_balance,5.0,5.0,0.0,0.0,5.0,5.0,65.0,0.0,rules_only,calibration_review_queue_step10,1
BioCore Global Ltd,Mumbai,Manufacturing / Industrial,biocoreglobal.com,₹90–160 Cr,no_structured_differentiation_tag,,IPO filed Nov 2025,bse_sme_ipo_drhp_pipeline|make_in_india_manufacturing|capital_markets_ipo_activity,data_with_dsir_recognition.csv+final_merged_dsir_promoters.csv,,Specialty Manufacturing (Biotech/Research),no_structured_differentiation_tag|bse_sme_ipo_drhp_pipeline|make_in_india_manufacturing|capital_markets_ipo_activity|ipo_filed_nov_2025,1,manufacturer_or_industrial_segment,1,india_location_signal,0,no_differentiation_evidence,0,no_promoter_extract,1,sector_or_macro_tailwind_tags,1,growth_or_ipo_signal_in_text,4,67,65.0,23,0,0,0,0,0,0,rules_only_no_llm_balance,5.0,5.0,0.0,0.0,5.0,5.0,65.0,0.0,rules_only,calibration_review_queue_step10,1
BioCore Labs Ltd,Mumbai,Manufacturing / Industrial,biocorelabs.com,₹90–160 Cr,no_structured_differentiation_tag,,IPO filed Nov 2025,bse_sme_ipo_drhp_pipeline|make_in_india_manufacturing|capital_markets_ipo_activity,data_with_dsir_recognition.csv+final_merged_dsir_promoters.csv,,Specialty Manufacturing (Biotech/Research),no_structured_differentiation_tag|bse_sme_ipo_drhp_pipeline|make_in_india_manufacturing|capital_markets_ipo_activity|ipo_filed_nov_2025,1,manufacturer_or_industrial_segment,1,india_location_signal,0,no_differentiation_evidence,0,no_promoter_extract,1,sector_or_macro_tailwind_tags,1,growth_or_ipo_signal_in_text,4,67,65.0,5,0,0,0,0,0,0,rules_only_no_llm_balance,5.0,5.0,0.0,0.0,5.0,5.0,65.0,0.0,rules_only,calibration_review_queue_step10,1
BioCore Therapeutics Ltd,Mumbai,Manufacturing / Industrial,biocorethera.com,₹90–160 Cr,no_structured_differentiation_tag,,IPO filed Nov 2025,bse_sme_ipo_drhp_pipeline|make_in_india_manufacturing|capital_markets_ipo_activity,data_with_dsir_recognition.csv+final_merged_dsir_promoters.csv,,Specialty Manufacturing (Biotech/Research),no_structured_differentiation_tag|bse_sme_ipo_drhp_pipeline|make_in_india_manufacturing|capital_markets_ipo_activity|ipo_filed_nov_2025,1,manufacturer_or_industrial_segment,1,india_location_signal,0,no_differentiation_evidence,0,no_promoter_extract,1,sector_or_macro_tailwind_tags,1,growth_or_ipo_signal_in_text,4,67,65.0,18,0,0,0,0,0,0,rules_only_no_llm_balance,5.0,5.0,0.0,0.0,5.0,5.0,65.0,0.0,rules_only,calibration_review_queue_step10,1
BioGenix Global Ltd,Hyderabad,Manufacturing / Industrial,biogenixglobal.com,₹100–180 Cr,no_structured_differentiation_tag,,IPO filed Mar 2026,bse_sme_ipo_drhp_pipeline|make_in_india_manufacturing|capital_markets_ipo_activity,data_with_dsir_recognition.csv+final_merged_dsir_promoters.csv,,Specialty Manufacturing (Biotech/Pharma),no_structured_differentiation_tag|bse_sme_ipo_drhp_pipeline|make_in_india_manufacturing|capital_markets_ipo_activity|ipo_filed_mar_2026,1,manufacturer_or_industrial_segment,1,india_location_signal,0,no_differentiation_evidence,0,no_promoter_extract,1,sector_or_macro_tailwind_tags,1,growth_or_ipo_signal_in_text,4,67,65.0,24,0,0,0,0,0,0,rules_only_no_llm_balance,5.0,5.0,0.0,0.0,5.0,5.0,65.0,0.0,rules_only,calibration_review_queue_step10,1
BioGenix Therapeutics Ltd,Hyderabad,Manufacturing / Industrial,biogenixthera.com,₹100–180 Cr,no_structured_differentiation_tag,,IPO filed Mar 2026,bse_sme_ipo_drhp_pipeline|make_in_india_manufacturing|capital_markets_ipo_activity,data_with_dsir_recognition.csv+final_merged_dsir_promoters.csv,,Specialty Manufacturing (Biotech/Pharma),no_structured_differentiation_tag|bse_sme_ipo_drhp_pipeline|make_in_india_manufacturing|capital_markets_ipo_activity|ipo_filed_mar_2026,1,manufacturer_or_industrial_segment,1,india_location_signal,0,no_differentiation_evidence,0,no_promoter_extract,1,sector_or_macro_tailwind_tags,1,growth_or_ipo_signal_in_text,4,67,65.0,19,0,0,0,0,0,0,rules_only_no_llm_balance,5.0,5.0,0.0,0.0,5.0,5.0,65.0,0.0,rules_only,calibration_review_queue_step10,1
BioLife Global Ltd,Hyderabad,Manufacturing / Industrial,biolifeglobal.com,₹100–180 Cr,no_structured_differentiation_tag,,IPO filed Mar 2026,bse_sme_ipo_drhp_pipeline|make_in_india_manufacturing|capital_markets_ipo_activity,data_with_dsir_recognition.csv+final_merged_dsir_promoters.csv,,Specialty Manufacturing (Biotech/Pharma),no_structured_differentiation_tag|bse_sme_ipo_drhp_pipeline|make_in_india_manufacturing|capital_markets_ipo_activity|ipo_filed_mar_2026,1,manufacturer_or_industrial_segment,1,india_location_signal,0,no_differentiation_evidence,0,no_promoter_extract,1,sector_or_macro_tailwind_tags,1,growth_or_ipo_signal_in_text,4,67,65.0,2,0,0,0,0,0,0,rules_only_no_llm_balance,5.0,5.0,0.0,0.0,5.0,5.0,65.0,0.0,rules_only,calibration_review_queue_step10,1
BioLife Therapeutics Ltd,Hyderabad,Manufacturing / Industrial,biolifethera.com,₹100–180 Cr,no_structured_differentiation_tag,,IPO filed Mar 2026,bse_sme_ipo_drhp_pipeline|make_in_india_manufacturing|capital_markets_ipo_activity,data_with_dsir_recognition.csv+final_merged_dsir_promoters.csv,,Specialty Manufacturing (Biotech/Pharma),no_structured_differentiation_tag|bse_sme_ipo_drhp_pipeline|make_in_india_manufacturing|capital_markets_ipo_activity|ipo_filed_mar_2026,1,manufacturer_or_industrial_segment,1,india_location_signal,0,no_differentiation_evidence,0,no_promoter_extract,1,sector_or_macro_tailwind_tags,1,growth_or_ipo_signal_in_text,4,67,65.0,9,0,0,0,0,0,0,rules_only_no_llm_balance,5.0,5.0,0.0,0.0,5.0,5.0,65.0,0.0,rules_only,calibration_review_queue_step10,1
BioNutra Labs Ltd,Mumbai,Manufacturing / Industrial,bionutralabs.com,₹50–90 Cr,no_structured_differentiation_tag,,IPO filed Sep 2025,bse_sme_ipo_drhp_pipeline|make_in_india_manufacturing|capital_markets_ipo_activity,data_with_dsir_recognition.csv+final_merged_dsir_promoters.csv,,Specialty Manufacturing (Biotech/Nutrition),no_structured_differentiation_tag|bse_sme_ipo_drhp_pipeline|make_in_india_manufacturing|capital_markets_ipo_activity|ipo_filed_sep_2025,1,manufacturer_or_industrial_segment,1,india_location_signal,0,no_differentiation_evidence,0,no_promoter_extract,1,sector_or_macro_tailwind_tags,1,growth_or_ipo_signal_in_text,4,67,65.0,2,0,0,0,0,0,0,rules_only_no_llm_balance,5.0,5.0,0.0,0.0,5.0,5.0,65.0,0.0,rules_only,calibration_review_queue_step10,1
BioNutra Therapeutics Ltd,Mumbai,Manufacturing / Industrial,bionutrathera.com,₹50–90 Cr,no_structured_differentiation_tag,,IPO filed Sep 2025,bse_sme_ipo_drhp_pipeline|make_in_india_manufacturing|capital_markets_ipo_activity,data_with_dsir_recognition.csv+final_merged_dsir_promoters.csv,,Specialty Manufacturing (Biotech/Nutrition),no_structured_differentiation_tag|bse_sme_ipo_drhp_pipeline|make_in_india_manufacturing|capital_markets_ipo_activity|ipo_filed_sep_2025,1,manufacturer_or_industrial_segment,1,india_location_signal,0,no_differentiation_evidence,0,no_promoter_extract,1,sector_or_macro_tailwind_tags,1,growth_or_ipo_signal_in_text,4,67,65.0,2,0,0,0,0,0,0,rules_only_no_llm_balance,5.0,5.0,0.0,0.0,5.0,5.0,65.0,0.0,rules_only,calibration_review_queue_step10,1
Biopol Chemicals Ltd,Gujarat,Manufacturing / Industrial,biopolchemicals.com,₹80–150 Cr,no_structured_differentiation_tag,,IPO filed Sep 2025,bse_sme_ipo_drhp_pipeline|make_in_india_manufacturing|capital_markets_ipo_activity,data_with_dsir_recognition.csv+final_merged_dsir_promoters.csv,,Specialty Manufacturing (Chemicals),no_structured_differentiation_tag|bse_sme_ipo_drhp_pipeline|make_in_india_manufacturing|capital_markets_ipo_activity|ipo_filed_sep_2025,1,manufacturer_or_industrial_segment,1,india_location_signal,0,no_differentiation_evidence,0,no_promoter_extract,1,sector_or_macro_tailwind_tags,1,growth_or_ipo_signal_in_text,4,67,65.0,2,0,0,0,0,0,0,rules_only_no_llm_balance,5.0,5.0,0.0,0.0,5.0,5.0,65.0,0.0,rules_only,calibration_review_queue_step10,1
BioPure Chemicals Ltd,Gujarat,Manufacturing / Industrial,biopurechem.com,₹80–150 Cr,no_structured_differentiation_tag,,IPO filed Sep 2025,bse_sme_ipo_drhp_pipeline|make_in_india_manufacturing|capital_markets_ipo_activity,data_with_dsir_recognition.csv+final_merged_dsir_promoters.csv,,Specialty Manufacturing (Chemicals/Biotech),no_structured_differentiation_tag|bse_sme_ipo_drhp_pipeline|make_in_india_manufacturing|capital_markets_ipo_activity|ipo_filed_sep_2025,1,manufacturer_or_industrial_segment,1,india_location_signal,0,no_differentiation_evidence,0,no_promoter_extract,1,sector_or_macro_tailwind_tags,1,growth_or_ipo_signal_in_text,4,67,65.0,5,0,0,0,0,0,0,rules_only_no_llm_balance,5.0,5.0,0.0,0.0,5.0,5.0,65.0,0.0,rules_only,calibration_review_queue_step10,1
BioPure Labs Ltd,Gujarat,Manufacturing / Industrial,biopurelabs.com,₹80–150 Cr,no_structured_differentiation_tag,,IPO filed Sep 2025,bse_sme_ipo_drhp_pipeline|make_in_india_manufacturing|capital_markets_ipo_activity,data_with_dsir_recognition.csv+final_merged_dsir_promoters.csv,,Specialty Manufacturing (Chemicals/Biotech),no_structured_differentiation_tag|bse_sme_ipo_drhp_pipeline|make_in_india_manufacturing|capital_markets_ipo_activity|ipo_filed_sep_2025,1,manufacturer_or_industrial_segment,1,india_location_signal,0,no_differentiation_evidence,0,no_promoter_extract,1,sector_or_macro_tailwind_tags,1,growth_or_ipo_signal_in_text,4,67,65.0,11,0,0,0,0,0,0,rules_only_no_llm_balance,5.0,5.0,0.0,0.0,5.0,5.0,65.0,0.0,rules_only,calibration_review_queue_step10,1
BioPure Therapeutics Ltd,Gujarat,Manufacturing / Industrial,biopurethera.com,₹80–150 Cr,no_structured_differentiation_tag,,IPO filed Sep 2025,bse_sme_ipo_drhp_pipeline|make_in_india_manufacturing|capital_markets_ipo_activity,data_with_dsir_recognition.csv+final_merged_dsir_promoters.csv,,Specialty Manufacturing (Chemicals/Biotech),no_structured_differentiation_tag|bse_sme_ipo_drhp_pipeline|make_in_india_manufacturing|capital_markets_ipo_activity|ipo_filed_sep_2025,1,manufacturer_or_industrial_segment,1,india_location_signal,0,no_differentiation_evidence,0,no_promoter_extract,1,sector_or_macro_tailwind_tags,1,growth_or_ipo_signal_in_text,4,67,65.0,3,0,0,0,0,0,0,rules_only_no_llm_balance,5.0,5.0,0.0,0.0,5.0,5.0,65.0,0.0,rules_only,calibration_review_queue_step10,1
BioQuest Advanced Ltd,Hyderabad,Manufacturing / Industrial,bioquestadv.com,₹100–180 Cr,no_structured_differentiation_tag,,IPO filed Mar 2026,bse_sme_ipo_drhp_pipeline|make_in_india_manufacturing|capital_markets_ipo_activity,data_with_dsir_recognition.csv+final_merged_dsir_promoters.csv,,Specialty Manufacturing (Biotech/Pharma),no_structured_differentiation_tag|bse_sme_ipo_drhp_pipeline|make_in_india_manufacturing|capital_markets_ipo_activity|ipo_filed_mar_2026,1,manufacturer_or_industrial_segment,1,india_location_signal,0,no_differentiation_evidence,0,no_promoter_extract,1,sector_or_macro_tailwind_tags,1,growth_or_ipo_signal_in_text,4,67,65.0,25,0,0,0,0,0,0,rules_only_no_llm_balance,5.0,5.0,0.0,0.0,5.0,5.0,65.0,0.0,rules_only,calibration_review_queue_step10,1
BioQuest Global Ltd,Hyderabad,Manufacturing / Industrial,bioquestglobal.com,₹100–180 Cr,no_structured_differentiation_tag,,IPO filed Mar 2026,bse_sme_ipo_drhp_pipeline|make_in_india_manufacturing|capital_markets_ipo_activity,data_with_dsir_recognition.csv+final_merged_dsir_promoters.csv,,Specialty Manufacturing (Biotech/Pharma),no_structured_differentiation_tag|bse_sme_ipo_drhp_pipeline|make_in_india_manufacturing|capital_markets_ipo_activity|ipo_filed_mar_2026,1,manufacturer_or_industrial_segment,1,india_location_signal,0,no_differentiation_evidence,0,no_promoter_extract,1,sector_or_macro_tailwind_tags,1,growth_or_ipo_signal_in_text,4,67,65.0,18,0,0,0,0,0,0,rules_only_no_llm_balance,5.0,5.0,0.0,0.0,5.0,5.0,65.0,0.0,rules_only,calibration_review_queue_step10,1
BioQuest Labs Ltd,Hyderabad,Manufacturing / Industrial,bioquestlabs.com,₹90–160 Cr,no_structured_differentiation_tag,,IPO filed Dec 2025,bse_sme_ipo_drhp_pipeline|make_in_india_manufacturing|capital_markets_ipo_activity,data_with_dsir_recognition.csv+final_merged_dsir_promoters.csv,,Specialty Manufacturing (Biotech/Pharma),no_structured_differentiation_tag|bse_sme_ipo_drhp_pipeline|make_in_india_manufacturing|capital_markets_ipo_activity|ipo_filed_dec_2025,1,manufacturer_or_industrial_segment,1,india_location_signal,0,no_differentiation_evidence,0,no_promoter_extract,1,sector_or_macro_tailwind_tags,1,growth_or_ipo_signal_in_text,4,67,65.0,2,0,0,0,0,0,0,rules_only_no_llm_balance,5.0,5.0,0.0,0.0,5.0,5.0,65.0,0.0,rules_only,calibration_review_queue_step10,1
Bioquest Pharma Ltd,Hyderabad,Manufacturing / Industrial,bioquestpharma.com,₹90–160 Cr,no_structured_differentiation_tag,,IPO filed Dec 2025,bse_sme_ipo_drhp_pipeline|make_in_india_manufacturing|capital_markets_ipo_activity,data_with_dsir_recognition.csv+final_merged_dsir_promoters.csv,,Specialty Manufacturing (Biotech/Pharma),no_structured_differentiation_tag|bse_sme_ipo_drhp_pipeline|make_in_india_manufacturing|capital_markets_ipo_activity|ipo_filed_dec_2025,1,manufacturer_or_industrial_segment,1,india_location_signal,0,no_differentiation_evidence,0,no_promoter_extract,1,sector_or_macro_tailwind_tags,1,growth_or_ipo_signal_in_text,4,67,65.0,4,0,0,0,0,0,0,rules_only_no_llm_balance,5.0,5.0,0.0,0.0,5.0,5.0,65.0,0.0,rules_only,calibration_review_queue_step10,1
BioQuest Therapeutics Ltd,Hyderabad,Manufacturing / Industrial,bioquestthera.com,₹100–180 Cr,no_structured_differentiation_tag,,IPO filed Mar 2026,bse_sme_ipo_drhp_pipeline|make_in_india_manufacturing|capital_markets_ipo_activity,data_with_dsir_recognition.csv+final_merged_dsir_promoters.csv,,Specialty Manufacturing (Biotech/Pharma),no_structured_differentiation_tag|bse_sme_ipo_drhp_pipeline|make_in_india_manufacturing|capital_markets_ipo_activity|ipo_filed_mar_2026,1,manufacturer_or_industrial_segment,1,india_location_signal,0,no_differentiation_evidence,0,no_promoter_extract,1,sector_or_macro_tailwind_tags,1,growth_or_ipo_signal_in_text,4,67,65.0,11,0,0,0,0,0,0,rules_only_no_llm_balance,5.0,5.0,0.0,0.0,5.0,5.0,65.0,0.0,rules_only,calibration_review_queue_step10,1
Biovantage Labs Ltd,Bengaluru,Manufacturing / Industrial,biovantagelabs.com,₹100–180 Cr,no_structured_differentiation_tag,,IPO filed Mar 2026,bse_sme_ipo_drhp_pipeline|make_in_india_manufacturing|capital_markets_ipo_activity,data_with_dsir_recognition.csv+final_merged_dsir_promoters.csv,,Specialty Manufacturing (Biotech/Pharma),no_structured_differentiation_tag|bse_sme_ipo_drhp_pipeline|make_in_india_manufacturing|capital_markets_ipo_activity|ipo_filed_mar_2026,1,manufacturer_or_industrial_segment,1,india_location_signal,0,no_differentiation_evidence,0,no_promoter_extract,1,sector_or_macro_tailwind_tags,1,growth_or_ipo_signal_in_text,4,67,65.0,4,0,0,0,0,0,0,rules_only_no_llm_balance,5.0,5.0,0.0,0.0,5.0,5.0,65.0,0.0,rules_only,calibration_review_queue_step10,1
Biozyme Nutraceuticals Ltd,Mumbai,Manufacturing / Industrial,biozyme.in,₹50–90 Cr,no_structured_differentiation_tag,,IPO filed Sep 2025,bse_sme_ipo_drhp_pipeline|make_in_india_manufacturing|capital_markets_ipo_activity,data_with_dsir_recognition.csv+final_merged_dsir_promoters.csv,,Specialty Manufacturing (Biotech/Nutrition),no_structured_differentiation_tag|bse_sme_ipo_drhp_pipeline|make_in_india_manufacturing|capital_markets_ipo_activity|ipo_filed_sep_2025,1,manufacturer_or_industrial_segment,1,india_location_signal,0,no_differentiation_evidence,0,no_promoter_extract,1,sector_or_macro_tailwind_tags,1,growth_or_ipo_signal_in_text,4,67,65.0,4,0,0,0,0,0,0,rules_only_no_llm_balance,5.0,5.0,0.0,0.0,5.0,5.0,65.0,0.0,rules_only,calibration_review_queue_step10,1
Bipin Offset Limited,"into Public Limited Company and name of company was changed from “Bipin Offset Private Limited” to “Bipin Offset Limited” vide fresh certificate of incorporation dated July 01, 2025. For further details, please see chapter titled """,unspecified_see_drhp,https://bipinoffset.com/,Extract from restated financials in DRHP (pattern not matched).,no_structured_differentiation_tag,DRHP: Mrs. Radhika Parth Soni; Mr. Rakesh Bhogilal Patel; Mrs. Zinnal Rakeshkumar Patel; Mr. Rikin Bipinchandra Patel. For; Mrs. Zinnal Rakeshkumar Patel. For,No explicit expansion/hiring/certification keywords in sampled pages — check MD&A / risk factors in full DRHP.,bse_sme_ipo_drhp_pipeline|capacity_expansion_tailwind|workforce_scaling_signal,drhp_companies_specified_format.csv+final_merged_dsir_promoters.csv,,See DRHP ‘Industry / Business overview’ section.,no_structured_differentiation_tag|bse_sme_ipo_drhp_pipeline|capacity_expansion_tailwind|workforce_scaling_signal|no_explicit_expansion|hiring|certification_keywords_in_sampled_pages_—_check_md&a|risk_factors_in_full_drhp,0,not_classified_manufacturer,0,weak_location_signal,0,no_differentiation_evidence,1,named_individuals_in_promoter_field,1,sector_or_macro_tailwind_tags,1,growth_or_ipo_signal_in_text,3,50,50.0,2,0,0,0,0,0,0,rules_only_no_llm_balance,0.0,0.0,0.0,5.0,5.0,5.0,50.0,0.0,rules_only,weak_differentiation_drhp_generics,1
Black Opal Consultants Limited,Central Processing Centre. The Corporate Identification Number of our Company is U70109DL2020PLC369011.,unspecified_see_drhp,www.blackopalgroup.in,₹2 Cr (stated),dsir_drhp_substantive_citation,DRHP: Ms. Anju Company Secretary; Mr. Chandan Mishra Email; Mr. Anuj Rana Email; Mr. Gaurav Bhardwaj. Corporate Identification Number; Ms. Anju. Corporate Office; Mr. Prasoon Chauhan; Mr. Sheikh Arfeen Ahmed; Mr. Prasoon Chauhan. Promoter Group Individuals,capex / capital expenditure; subsidiary / group structure,bse_sme_ipo_drhp_pipeline|capacity_expansion_tailwind,drhp_companies_specified_format.csv+final_merged_dsir_promoters.csv,U70109DL2020PLC369011,See DRHP ‘Industry / Business overview’ section.,dsir_drhp_substantive_citation|bse_sme_ipo_drhp_pipeline|capacity_expansion_tailwind|capex|capital_expenditure|subsidiary|group_structure,0,not_classified_manufacturer,0,weak_location_signal,1,dsir_substantive_drhp_citation,1,named_individuals_in_promoter_field,1,sector_or_macro_tailwind_tags,1,growth_or_ipo_signal_in_text,4,67,70.0,2,0,0,0,0,0,0,rules_only_no_llm_balance,0.0,0.0,5.0,5.0,5.0,5.0,70.0,0.0,rules_only,generic_web_or_thin_ops_narrative,1
BLT LOGISTICS LIMITED,"Opening Date, with the relevant financial ratios calculated at the Floor Price and at the Cap Price, and shall be made available to the Stock Exchanges for the purpose of uploading on their respective website. Prospectus The Prospectus, to be filed with the ROC containing, inter ...",unspecified_see_drhp,www.bltlogistics.com,Extract from restated financials in DRHP (pattern not matched).,no_structured_differentiation_tag,Could not download DRHP PDF/ZIP for promoter extraction.,subsidiary / group structure,bse_sme_ipo_drhp_pipeline,drhp_companies_specified_format.csv+final_merged_dsir_promoters.csv,,See DRHP ‘Industry / Business overview’ section.,no_structured_differentiation_tag|bse_sme_ipo_drhp_pipeline|subsidiary|group_structure,0,not_classified_manufacturer,0,weak_location_signal,0,no_differentiation_evidence,0,no_promoter_extract,1,sector_or_macro_tailwind_tags,0,weak_growth_signal,1,17,15.0,2,0,0,0,0,0,0,rules_only_no_llm_balance,0.0,0.0,0.0,0.0,5.0,0.0,15.0,0.0,rules_only,weak_differentiation_drhp_generics|generic_web_or_thin_ops_narrative,2
Brandman Retail Ltd,Delhi NCR,Manufacturing / Industrial,brandmanretail.com,₹40–80 Cr,no_structured_differentiation_tag,,IPO filed Jan 2026,bse_sme_ipo_drhp_pipeline|make_in_india_manufacturing|capital_markets_ipo_activity,data_with_dsir_recognition.csv+final_merged_dsir_promoters.csv,,Specialty Manufacturing (Retail/FMCG),no_structured_differentiation_tag|bse_sme_ipo_drhp_pipeline|make_in_india_manufacturing|capital_markets_ipo_activity|ipo_filed_jan_2026,1,manufacturer_or_industrial_segment,1,india_location_signal,0,no_differentiation_evidence,0,no_promoter_extract,1,sector_or_macro_tailwind_tags,1,growth_or_ipo_signal_in_text,4,67,65.0,4,0,0,0,0,0,0,rules_only_no_llm_balance,5.0,5.0,0.0,0.0,5.0,5.0,65.0,0.0,rules_only,calibration_review_queue_step10,1
CapitalNumbers Infotech Limited,CONTACT PERSON TELEPHONE AND EMAIL,unspecified_see_drhp,https://www.capitalnumbers.com/,Extract from restated financials in DRHP (pattern not matched).,no_structured_differentiation_tag,DRHP: Ms. Priya Jhunjhunwala; Mr. Mohit Baid Telephone; Ms. Shanti Gopalkrishnan Tel,subsidiary / group structure,bse_sme_ipo_drhp_pipeline,drhp_companies_specified_format.csv+final_merged_dsir_promoters.csv,,See DRHP ‘Industry / Business overview’ section.,no_structured_differentiation_tag|bse_sme_ipo_drhp_pipeline|subsidiary|group_structure,0,not_classified_manufacturer,0,weak_location_signal,0,no_differentiation_evidence,1,named_individuals_in_promoter_field,1,sector_or_macro_tailwind_tags,0,weak_growth_signal,2,33,30.0,2,0,0,0,0,0,0,rules_only_no_llm_balance,0.0,0.0,0.0,5.0,5.0,0.0,30.0,0.0,rules_only,weak_differentiation_drhp_generics|generic_web_or_thin_ops_narrative,2
Cargotrans Maritime Limited,"DBZ-S-61A, 2nd Floor, Shyam Paragon, Gandhidham, Kachchh – 370 201, Gujarat Mrs",unspecified_see_drhp,www.bigshareonline.com; www.cargotrans.in; www.cargotrans.in/; www.hemsecurities.com,Extract from restated financials in DRHP (pattern not matched).,no_structured_differentiation_tag,DRHP: Mrs. Chhayaben Mulani,No explicit expansion/hiring/certification keywords in sampled pages — check MD&A / risk factors in full DRHP.,bse_sme_ipo_drhp_pipeline|capacity_expansion_tailwind|workforce_scaling_signal,drhp_companies_specified_format.csv+final_merged_dsir_promoters.csv,,See DRHP ‘Industry / Business overview’ section.,no_structured_differentiation_tag|bse_sme_ipo_drhp_pipeline|capacity_expansion_tailwind|workforce_scaling_signal|no_explicit_expansion|hiring|certification_keywords_in_sampled_pages_—_check_md&a|risk_factors_in_full_drhp,0,not_classified_manufacturer,1,india_location_signal,0,no_differentiation_evidence,1,named_individuals_in_promoter_field,1,sector_or_macro_tailwind_tags,1,growth_or_ipo_signal_in_text,4,67,60.0,2,0,0,0,0,0,0,rules_only_no_llm_balance,0.0,5.0,0.0,5.0,5.0,5.0,60.0,0.0,rules_only,weak_differentiation_drhp_generics,1
Century Business Media Limited,"minutes, share certificates, and the statutory register maintained by the Company",unspecified_see_drhp,www.centurymedia.in; www.hemsecurities.com; www.kfintech.com,Extract from restated financials in DRHP (pattern not matched).,no_structured_differentiation_tag,Promoter names not machine-extracted from sampled DRHP pages; verify in IPO prospectus or LinkedIn.,No explicit expansion/hiring/certification keywords in sampled pages — check MD&A / risk factors in full DRHP.,bse_sme_ipo_drhp_pipeline|capacity_expansion_tailwind|workforce_scaling_signal,drhp_companies_specified_format.csv+final_merged_dsir_promoters.csv,,See DRHP ‘Industry / Business overview’ section.,no_structured_differentiation_tag|bse_sme_ipo_drhp_pipeline|capacity_expansion_tailwind|workforce_scaling_signal|no_explicit_expansion|hiring|certification_keywords_in_sampled_pages_—_check_md&a|risk_factors_in_full_drhp,0,not_classified_manufacturer,0,weak_location_signal,0,no_differentiation_evidence,0,no_promoter_extract,1,sector_or_macro_tailwind_tags,1,growth_or_ipo_signal_in_text,2,33,35.0,2,0,0,0,0,0,0,rules_only_no_llm_balance,0.0,0.0,0.0,0.0,5.0,5.0,35.0,0.0,rules_only,weak_differentiation_drhp_generics,1
Ceramica Advanced Materials Ltd,Surat,Manufacturing / Industrial,ceramicaadv.com,₹80–150 Cr,no_structured_differentiation_tag,,IPO filed Nov 2025,bse_sme_ipo_drhp_pipeline|make_in_india_manufacturing|capital_markets_ipo_activity,data_with_dsir_recognition.csv+final_merged_dsir_promoters.csv,,Specialty Manufacturing (Ceramics/Materials),no_structured_differentiation_tag|bse_sme_ipo_drhp_pipeline|make_in_india_manufacturing|capital_markets_ipo_activity|ipo_filed_nov_2025,1,manufacturer_or_industrial_segment,1,india_location_signal,0,no_differentiation_evidence,0,no_promoter_extract,1,sector_or_macro_tailwind_tags,1,growth_or_ipo_signal_in_text,4,67,65.0,4,0,0,0,0,0,0,rules_only_no_llm_balance,5.0,5.0,0.0,0.0,5.0,5.0,65.0,0.0,rules_only,calibration_review_queue_step10,1
CeramTech Advanced Ltd,Surat,Manufacturing / Industrial,ceramtechadv.com,₹80–150 Cr,no_structured_differentiation_tag,,IPO filed Nov 2025,bse_sme_ipo_drhp_pipeline|make_in_india_manufacturing|capital_markets_ipo_activity,data_with_dsir_recognition.csv+final_merged_dsir_promoters.csv,,Specialty Manufacturing (Ceramics/Materials),no_structured_differentiation_tag|bse_sme_ipo_drhp_pipeline|make_in_india_manufacturing|capital_markets_ipo_activity|ipo_filed_nov_2025,1,manufacturer_or_industrial_segment,1,india_location_signal,0,no_differentiation_evidence,0,no_promoter_extract,1,sector_or_macro_tailwind_tags,1,growth_or_ipo_signal_in_text,4,67,65.0,2,0,0,0,0,0,0,rules_only_no_llm_balance,5.0,5.0,0.0,0.0,5.0,5.0,65.0,0.0,rules_only,calibration_review_queue_step10,1
CeramTech Global Ltd,Surat,Manufacturing / Industrial,ceramtechglobal.com,₹80–150 Cr,no_structured_differentiation_tag,,IPO filed Nov 2025,bse_sme_ipo_drhp_pipeline|make_in_india_manufacturing|capital_markets_ipo_activity,data_with_dsir_recognition.csv+final_merged_dsir_promoters.csv,,Specialty Manufacturing (Ceramics/Materials),no_structured_differentiation_tag|bse_sme_ipo_drhp_pipeline|make_in_india_manufacturing|capital_markets_ipo_activity|ipo_filed_nov_2025,1,manufacturer_or_industrial_segment,1,india_location_signal,0,no_differentiation_evidence,0,no_promoter_extract,1,sector_or_macro_tailwind_tags,1,growth_or_ipo_signal_in_text,4,67,65.0,2,0,0,0,0,0,0,rules_only_no_llm_balance,5.0,5.0,0.0,0.0,5.0,5.0,65.0,0.0,rules_only,calibration_review_queue_step10,1
ChemAxis Advanced Ltd,Gujarat,Manufacturing / Industrial,chemaxisadv.com,₹70–120 Cr,no_structured_differentiation_tag,,IPO filed Sep 2025,bse_sme_ipo_drhp_pipeline|make_in_india_manufacturing|capital_markets_ipo_activity,data_with_dsir_recognition.csv+final_merged_dsir_promoters.csv,,Specialty Manufacturing (Chemicals/Advanced),no_structured_differentiation_tag|bse_sme_ipo_drhp_pipeline|make_in_india_manufacturing|capital_markets_ipo_activity|ipo_filed_sep_2025,1,manufacturer_or_industrial_segment,1,india_location_signal,0,no_differentiation_evidence,0,no_promoter_extract,1,sector_or_macro_tailwind_tags,1,growth_or_ipo_signal_in_text,4,67,65.0,25,0,0,0,0,0,0,rules_only_no_llm_balance,5.0,5.0,0.0,0.0,5.0,5.0,65.0,0.0,rules_only,calibration_review_queue_step10,1
ChemAxis Global Ltd,Gujarat,Manufacturing / Industrial,chemaxisglobal.com,₹70–120 Cr,no_structured_differentiation_tag,,IPO filed Sep 2025,bse_sme_ipo_drhp_pipeline|make_in_india_manufacturing|capital_markets_ipo_activity,data_with_dsir_recognition.csv+final_merged_dsir_promoters.csv,,Specialty Manufacturing (Chemicals/Advanced),no_structured_differentiation_tag|bse_sme_ipo_drhp_pipeline|make_in_india_manufacturing|capital_markets_ipo_activity|ipo_filed_sep_2025,1,manufacturer_or_industrial_segment,1,india_location_signal,0,no_differentiation_evidence,0,no_promoter_extract,1,sector_or_macro_tailwind_tags,1,growth_or_ipo_signal_in_text,4,67,65.0,19,0,0,0,0,0,0,rules_only_no_llm_balance,5.0,5.0,0.0,0.0,5.0,5.0,65.0,0.0,rules_only,calibration_review_queue_step10,1
Company Name,City/Location,Industry Segment,Website,Revenue Band,no_structured_differentiation_tag,Promoter/Decision-Maker,Growth Signals,bse_sme_ipo_drhp_pipeline,final_merged_dsir_promoters.csv,,Industry Segment,no_structured_differentiation_tag|bse_sme_ipo_drhp_pipeline|growth_signals,0,not_classified_manufacturer,0,weak_location_signal,0,no_differentiation_evidence,0,weak_promoter_signal,1,sector_or_macro_tailwind_tags,0,weak_growth_signal,1,17,15.0,1,0,0,0,0,0,0,rules_only_no_llm_balance,0.0,0.0,0.0,0.0,5.0,0.0,15.0,0.0,rules_only,calibration_review_queue_step10,1
Core4 Engineers Limited,CORPORATE OFFICE CONTACT PERSON EMAIL AND TELEPHONE WEBSITE Mathrushree No,unspecified_see_drhp,https://core4engineers.com/,Extract from restated financials in DRHP (pattern not matched).,no_structured_differentiation_tag,DRHP: AGRAHARA CHAMARAJE GOWDA ABHINANDAN; HOSAHALLI; HOSAHALLI APPAGIGOWDA SAVITHA,subsidiary / group structure,bse_sme_ipo_drhp_pipeline,drhp_companies_specified_format.csv+final_merged_dsir_promoters.csv,,See DRHP ‘Industry / Business overview’ section.,no_structured_differentiation_tag|bse_sme_ipo_drhp_pipeline|subsidiary|group_structure,0,not_classified_manufacturer,0,weak_location_signal,0,no_differentiation_evidence,1,rich_drhp_promoter_blob,1,sector_or_macro_tailwind_tags,0,weak_growth_signal,2,33,30.0,2,0,0,0,0,0,0,rules_only_no_llm_balance,0.0,0.0,0.0,5.0,5.0,0.0,30.0,0.0,rules_only,weak_differentiation_drhp_generics|generic_web_or_thin_ops_narrative,2
Crazy Snacks Limited,"in 2006, earlier submissions were made physically and cannot be retrieved from the Ministry of Corporate Affairs (MCA) portal",unspecified_see_drhp,www.crazy.org.in; www.inventuremerchantbanker.com; www.kfintech.com,Extract from restated financials in DRHP (pattern not matched).,no_structured_differentiation_tag,Promoter names not machine-extracted from sampled DRHP pages; verify in IPO prospectus or LinkedIn.,subsidiary / group structure,bse_sme_ipo_drhp_pipeline,drhp_companies_specified_format.csv+final_merged_dsir_promoters.csv,,See DRHP ‘Industry / Business overview’ section.,no_structured_differentiation_tag|bse_sme_ipo_drhp_pipeline|subsidiary|group_structure,0,not_classified_manufacturer,0,weak_location_signal,0,no_differentiation_evidence,0,no_promoter_extract,1,sector_or_macro_tailwind_tags,0,weak_growth_signal,1,17,15.0,2,0,0,0,0,0,0,rules_only_no_llm_balance,0.0,0.0,0.0,0.0,5.0,0.0,15.0,0.0,rules_only,stale_temporal_signal|weak_differentiation_drhp_generics,2
CREATEROI FINANCIAL CONSULTANCY LIMITED,See DRHP ‘General Information’ — address not matched by pattern.,unspecified_see_drhp,www.createroiconsulting.com; www.inventuremerchantbanker.com; www.satellitecorporate.com,Extract from restated financials in DRHP (pattern not matched).,iso_certification_mention,DRHP: Ms. Sarita Chouhan,ISO certification mentioned,bse_sme_ipo_drhp_pipeline,drhp_companies_specified_format.csv+final_merged_dsir_promoters.csv,,See DRHP ‘Industry / Business overview’ section.,iso_certification_mention|bse_sme_ipo_drhp_pipeline|iso_certification_mentioned,0,not_classified_manufacturer,0,weak_location_signal,1,cert_or_patent_evidence,1,named_individuals_in_promoter_field,1,sector_or_macro_tailwind_tags,1,growth_or_ipo_signal_in_text,4,67,70.0,3,0,0,0,0,0,0,rules_only_no_llm_balance,0.0,0.0,5.0,5.0,5.0,5.0,70.0,0.0,rules_only,iso_only_differentiation_no_sector_moat,1
Creativity At Best Technologies Limited,Khasra No,unspecified_see_drhp,www.cabtechnologies.com; www.kfintech.com; www.narnolia.com,Extract from restated financials in DRHP (pattern not matched).,no_structured_differentiation_tag,DRHP: Ms. Mrinalini Mehra Company Secretary; Mr. Pankaj Pasi SEBI Registration Number; Ms. Mrinalini Mehra OUR; Mr. Shalaj Mridul; Mr. Shailesh Kumar; Mrs. Anupam Kumari. Promoters Group,subsidiary / group structure,bse_sme_ipo_drhp_pipeline,drhp_companies_specified_format.csv+final_merged_dsir_promoters.csv,,See DRHP ‘Industry / Business overview’ section.,no_structured_differentiation_tag|bse_sme_ipo_drhp_pipeline|subsidiary|group_structure,0,not_classified_manufacturer,0,weak_location_signal,0,no_differentiation_evidence,1,named_individuals_in_promoter_field,1,sector_or_macro_tailwind_tags,0,weak_growth_signal,2,33,30.0,2,0,0,0,0,0,0,rules_only_no_llm_balance,0.0,0.0,0.0,5.0,5.0,0.0,30.0,0.0,rules_only,weak_differentiation_drhp_generics|generic_web_or_thin_ops_narrative,2
Dachepalli Publishers Limited,"public limited company, the name of our Company was changed to “Dachepalli Publishers Limited” vide fresh certificate of incorporation dated 29th July, 2024 issued by the Registrar of Companies, Central Processing Centre. For further details please refer to chapter titled “Histor...",unspecified_see_drhp,https://www.dachepalli.com/; www.bigshareonline.com; www.synfinx.com,Extract from restated financials in DRHP (pattern not matched).,no_structured_differentiation_tag,Could not download DRHP PDF/ZIP for promoter extraction.,No explicit expansion/hiring/certification keywords in sampled pages — check MD&A / risk factors in full DRHP.,bse_sme_ipo_drhp_pipeline|capacity_expansion_tailwind|workforce_scaling_signal,drhp_companies_specified_format.csv+final_merged_dsir_promoters.csv,,See DRHP ‘Industry / Business overview’ section.,no_structured_differentiation_tag|bse_sme_ipo_drhp_pipeline|capacity_expansion_tailwind|workforce_scaling_signal|no_explicit_expansion|hiring|certification_keywords_in_sampled_pages_—_check_md&a|risk_factors_in_full_drhp,0,not_classified_manufacturer,0,weak_location_signal,0,no_differentiation_evidence,0,no_promoter_extract,1,sector_or_macro_tailwind_tags,1,growth_or_ipo_signal_in_text,2,33,35.0,2,0,0,0,0,0,0,rules_only_no_llm_balance,0.0,0.0,0.0,0.0,5.0,5.0,35.0,0.0,rules_only,weak_differentiation_drhp_generics,1
Datasol (Bangalore) Limited,"company, please refer to section titled “",unspecified_see_drhp,www.datasolindia.com,Extract from restated financials in DRHP (pattern not matched).,no_structured_differentiation_tag,DRHP: Ms. Sachi Shrikumar Lakhotia Company Secretary; Mr. Satish Reddy; Mr. Balakuntlam Sathyanarayana Sureshkumar; Mrs. Basavana Palli Ambika Soni; Mrs. Shyalaja Ramamurthy DETAILS OF OFFER TO; Mr. S. Ramakrishna Iyengar Email; Ms. Sachi Shrikumar Lakhotia; Mrs. Shyalaja Ramamurthy. Promoter Group Includes,No explicit expansion/hiring/certification keywords in sampled pages — check MD&A / risk factors in full DRHP.,bse_sme_ipo_drhp_pipeline|capacity_expansion_tailwind|workforce_scaling_signal,drhp_companies_specified_format.csv+final_merged_dsir_promoters.csv,,See DRHP ‘Industry / Business overview’ section.,no_structured_differentiation_tag|bse_sme_ipo_drhp_pipeline|capacity_expansion_tailwind|workforce_scaling_signal|no_explicit_expansion|hiring|certification_keywords_in_sampled_pages_—_check_md&a|risk_factors_in_full_drhp,0,not_classified_manufacturer,0,weak_location_signal,0,no_differentiation_evidence,1,named_individuals_in_promoter_field,1,sector_or_macro_tailwind_tags,1,growth_or_ipo_signal_in_text,3,50,50.0,2,0,0,0,0,0,0,rules_only_no_llm_balance,0.0,0.0,0.0,5.0,5.0,5.0,50.0,0.0,rules_only,weak_differentiation_drhp_generics,1
Deepak Chemtex Limited,"Aawashi, 28/1A, A/P Adgul Aawashi, Lote, Ratnagiri, Ratnagiri, Maharashtra, India, 415722",unspecified_see_drhp,www.bigshareonline.com; www.deepakchemtex.in; www.hemsecurities.com,Extract from restated financials in DRHP (pattern not matched).,iso_certification_mention,Promoter names not machine-extracted from sampled DRHP pages; verify in IPO prospectus or LinkedIn.,ISO certification mentioned,bse_sme_ipo_drhp_pipeline,drhp_companies_specified_format.csv+final_merged_dsir_promoters.csv,,See DRHP ‘Industry / Business overview’ section.,iso_certification_mention|bse_sme_ipo_drhp_pipeline|iso_certification_mentioned,0,not_classified_manufacturer,1,india_location_signal,1,cert_or_patent_evidence,0,no_promoter_extract,1,sector_or_macro_tailwind_tags,1,growth_or_ipo_signal_in_text,4,67,65.0,2,0,0,0,0,0,0,rules_only_no_llm_balance,0.0,5.0,5.0,0.0,5.0,5.0,65.0,0.0,rules_only,iso_only_differentiation_no_sector_moat,1
Defrail Technologies Limited,"Manufactu ring Plant- 2 3,330 sq. yards 1,51503.33 sq. yards",unspecified_see_drhp,www.defrailtech.in; www.maashitla.com; www.nexgenfin.com,Extract from restated financials in DRHP (pattern not matched).,no_structured_differentiation_tag,Ms. Ashi Aggarwal,No explicit expansion/hiring/certification keywords in sampled pages — check MD&A / risk factors in full DRHP.,bse_sme_ipo_drhp_pipeline|capacity_expansion_tailwind|workforce_scaling_signal,drhp_companies_specified_format.csv+final_merged_dsir_promoters.csv,,See DRHP ‘Industry / Business overview’ section.,no_structured_differentiation_tag|bse_sme_ipo_drhp_pipeline|capacity_expansion_tailwind|workforce_scaling_signal|no_explicit_expansion|hiring|certification_keywords_in_sampled_pages_—_check_md&a|risk_factors_in_full_drhp,0,not_classified_manufacturer,0,weak_location_signal,0,no_differentiation_evidence,1,named_individuals_in_promoter_field,1,sector_or_macro_tailwind_tags,1,growth_or_ipo_signal_in_text,3,50,50.0,2,0,0,0,0,0,0,rules_only_no_llm_balance,0.0,0.0,0.0,5.0,5.0,5.0,50.0,0.0,rules_only,weak_differentiation_drhp_generics,1
Devson Catalyst Limited,"2025. Consequently, the name of Company changed from “Devson Catalyst Private Limited” to “Devson Catalyst Limited”. The Corporate Identification Number of the Company is U31300GJ2004PLC044722.",unspecified_see_drhp,www.devsongroup.com; www.in.mpms.mufg.com; www.jjipoadvisors.com,₹25–100 Cr (approx from lakhs),no_structured_differentiation_tag,DRHP PDF could not be downloaded.,No explicit expansion/hiring/certification keywords in sampled pages — check MD&A / risk factors in full DRHP.,bse_sme_ipo_drhp_pipeline|capacity_expansion_tailwind|workforce_scaling_signal,drhp_companies_specified_format.csv+final_merged_dsir_promoters.csv,U31300GJ2004PLC044722,See DRHP ‘Industry / Business overview’ section.,no_structured_differentiation_tag|bse_sme_ipo_drhp_pipeline|capacity_expansion_tailwind|workforce_scaling_signal|no_explicit_expansion|hiring|certification_keywords_in_sampled_pages_—_check_md&a|risk_factors_in_full_drhp,0,not_classified_manufacturer,0,weak_location_signal,0,no_differentiation_evidence,0,no_promoter_extract,1,sector_or_macro_tailwind_tags,1,growth_or_ipo_signal_in_text,2,33,35.0,2,0,0,0,0,0,0,rules_only_no_llm_balance,0.0,0.0,0.0,0.0,5.0,5.0,35.0,0.0,rules_only,weak_differentiation_drhp_generics,1
Dhillon Freight Carrier Limited,"– Kolkata. For further details of change in name and registered office of our company, please refer to section titled “",unspecified_see_drhp,www.dfclogistics.in,Extract from restated financials in DRHP (pattern not matched).,no_structured_differentiation_tag,DRHP: Mrs. Sneha Agarwal; Mr. S. Ramakrishna Iyengar KFIN TECHNOLOGIES LIMITED; Mr. Dhillon. Subsequently; Mr. Karan Singh Dhillon; Mrs. Rucheka Kothari; Mr. Javed Anw; Mr. Javed Anwar; Mr. Karamveer Dhillon,No explicit expansion/hiring/certification keywords in sampled pages — check MD&A / risk factors in full DRHP.,bse_sme_ipo_drhp_pipeline|capacity_expansion_tailwind|workforce_scaling_signal,drhp_companies_specified_format.csv+final_merged_dsir_promoters.csv,,See DRHP ‘Industry / Business overview’ section.,no_structured_differentiation_tag|bse_sme_ipo_drhp_pipeline|capacity_expansion_tailwind|workforce_scaling_signal|no_explicit_expansion|hiring|certification_keywords_in_sampled_pages_—_check_md&a|risk_factors_in_full_drhp,0,not_classified_manufacturer,1,india_location_signal,0,no_differentiation_evidence,1,named_individuals_in_promoter_field,1,sector_or_macro_tailwind_tags,1,growth_or_ipo_signal_in_text,4,67,60.0,2,0,0,0,0,0,0,rules_only_no_llm_balance,0.0,5.0,0.0,5.0,5.0,5.0,60.0,0.0,rules_only,weak_differentiation_drhp_generics,1
Droneacharya Aerial Innovations Limited,Karnataka,unspecified_see_drhp,www.bigshareonline.com; www.ccvindia.com; www.droneacharya.com,Extract from restated financials in DRHP (pattern not matched).,no_structured_differentiation_tag,DRHP: Ms. Mukula Jayanat Joshi; Ms. Mukula Jayant Joshi; Mr. Prateek Srivastava; Mrs. Nikita Srivastava; Mrs. Nikita Srivastava. For,No explicit expansion/hiring/certification keywords in sampled pages — check MD&A / risk factors in full DRHP.,bse_sme_ipo_drhp_pipeline|capacity_expansion_tailwind|workforce_scaling_signal,drhp_companies_specified_format.csv+final_merged_dsir_promoters.csv,U29308KA2017PLC101287,See DRHP ‘Industry / Business overview’ section.,no_structured_differentiation_tag|bse_sme_ipo_drhp_pipeline|capacity_expansion_tailwind|workforce_scaling_signal|no_explicit_expansion|hiring|certification_keywords_in_sampled_pages_—_check_md&a|risk_factors_in_full_drhp,0,not_classified_manufacturer,1,india_location_signal,0,no_differentiation_evidence,1,named_individuals_in_promoter_field,1,sector_or_macro_tailwind_tags,1,growth_or_ipo_signal_in_text,4,67,60.0,2,0,0,0,0,0,0,rules_only_no_llm_balance,0.0,5.0,0.0,5.0,5.0,5.0,60.0,0.0,rules_only,weak_differentiation_drhp_generics,1
DSM Fresh Foods Limited,"consequent upon conversion dated July 09, 2024, bearing",unspecified_see_drhp,https://www.zappfresh.com/; www.maashitla.com; www.narnolia.com,Extract from restated financials in DRHP (pattern not matched).,no_structured_differentiation_tag,DRHP: Mr. DEEPANSHU MANCHANDA; Mrs. PRIYA AGGARWAL ADDENDUM TO THE DRAFT; Mr. Rajveer Singh Website; Mr. Mukul Agrawal CIN; Mr. Deepanshu Manchanda; Mrs. Priya Aggarwal. For; Mr. Sandeep Kumar; Mr. Sajit Kumar; Ms. Shruti Gochhwal; Mr. Mange Ram Gochhwal,No explicit expansion/hiring/certification keywords in sampled pages — check MD&A / risk factors in full DRHP.,bse_sme_ipo_drhp_pipeline|capacity_expansion_tailwind|workforce_scaling_signal,drhp_companies_specified_format.csv+final_merged_dsir_promoters.csv,,See DRHP ‘Industry / Business overview’ section.,no_structured_differentiation_tag|bse_sme_ipo_drhp_pipeline|capacity_expansion_tailwind|workforce_scaling_signal|no_explicit_expansion|hiring|certification_keywords_in_sampled_pages_—_check_md&a|risk_factors_in_full_drhp,0,not_classified_manufacturer,0,weak_location_signal,0,no_differentiation_evidence,1,named_individuals_in_promoter_field,1,sector_or_macro_tailwind_tags,1,growth_or_ipo_signal_in_text,3,50,50.0,2,0,0,0,0,0,0,rules_only_no_llm_balance,0.0,0.0,0.0,5.0,5.0,5.0,50.0,0.0,rules_only,weak_differentiation_drhp_generics,1
Durgadevi Raiment Limited,"A5, Calcutta Land Premises No",unspecified_see_drhp,www.ddrl.in; www.inventuremerchantbanker.com; www.purvashare.com,Extract from restated financials in DRHP (pattern not matched).,iso_certification_mention,Could not download DRHP PDF/ZIP for promoter extraction.,ISO certification mentioned,bse_sme_ipo_drhp_pipeline,drhp_companies_specified_format.csv+final_merged_dsir_promoters.csv,,See DRHP ‘Industry / Business overview’ section.,iso_certification_mention|bse_sme_ipo_drhp_pipeline|iso_certification_mentioned,0,not_classified_manufacturer,0,weak_location_signal,1,cert_or_patent_evidence,0,no_promoter_extract,1,sector_or_macro_tailwind_tags,1,growth_or_ipo_signal_in_text,3,50,55.0,2,0,0,0,0,0,0,rules_only_no_llm_balance,0.0,0.0,5.0,0.0,5.0,5.0,55.0,0.0,rules_only,iso_only_differentiation_no_sector_moat,1
Earkart Limited,"U74999DL2021PLC399313. For further information, please refer chapter “",unspecified_see_drhp,www.earkart.in; www.sarthiwm.in; www.skylinerta.com,Extract from restated financials in DRHP (pattern not matched).,no_structured_differentiation_tag,Promoter names not machine-extracted from sampled DRHP pages; verify in IPO prospectus or LinkedIn.,subsidiary / group structure,bse_sme_ipo_drhp_pipeline,drhp_companies_specified_format.csv+final_merged_dsir_promoters.csv,U74999DL2021PLC399313,See DRHP ‘Industry / Business overview’ section.,no_structured_differentiation_tag|bse_sme_ipo_drhp_pipeline|subsidiary|group_structure,0,not_classified_manufacturer,0,weak_location_signal,0,no_differentiation_evidence,0,no_promoter_extract,1,sector_or_macro_tailwind_tags,0,weak_growth_signal,1,17,15.0,2,0,0,0,0,0,0,rules_only_no_llm_balance,0.0,0.0,0.0,0.0,5.0,0.0,15.0,0.0,rules_only,weak_differentiation_drhp_generics,1
Efficient Fire and Security Solutions Limited,Centre. The present,unspecified_see_drhp,www.bigshareonline.com; www.efficientfire.in; www.swastika.co.in,Extract from restated financials in DRHP (pattern not matched).,no_structured_differentiation_tag,DRHP: ANAND BABRUVAN GADEKAR AND AARTI ANAND GADEKAR,No explicit expansion/hiring/certification keywords in sampled pages — check MD&A / risk factors in full DRHP.,bse_sme_ipo_drhp_pipeline|capacity_expansion_tailwind|workforce_scaling_signal,drhp_companies_specified_format.csv+final_merged_dsir_promoters.csv,,See DRHP ‘Industry / Business overview’ section.,no_structured_differentiation_tag|bse_sme_ipo_drhp_pipeline|capacity_expansion_tailwind|workforce_scaling_signal|no_explicit_expansion|hiring|certification_keywords_in_sampled_pages_—_check_md&a|risk_factors_in_full_drhp,0,not_classified_manufacturer,0,weak_location_signal,0,no_differentiation_evidence,1,rich_drhp_promoter_blob,1,sector_or_macro_tailwind_tags,1,growth_or_ipo_signal_in_text,3,50,50.0,2,0,0,0,0,0,0,rules_only_no_llm_balance,0.0,0.0,0.0,5.0,5.0,5.0,50.0,0.0,rules_only,weak_differentiation_drhp_generics,1
EKI Energy Services Limited,"LEAST 2(TWO) WORKING DAYS PRIOR TO THE BID/ ISSUE O PENING DATE AND SHALL BE MADE AVAILABLE TO BSE LIMI TED (“BSE”, REFERRED TO AS THE “STOCK EXCHANGE”) FOR THE PURPOSE OF UPLOADING ON THEIR WEBSITE IN ACCORDANCE WITH SECURITIES AND EXCHANGE BOARD OF INDIA (ISSUE OF CAPITALAND DI...",unspecified_see_drhp,www.bigshareonline.com; www.enkingint.org; www.hemsecurities.com,Extract from restated financials in DRHP (pattern not matched).,iso_certification_mention,DRHP: Ms. Itisha Sahu; Mr. Manish Kumar Dabkara THE ISSUE INITIAL; Mr. Manish Kumar Dabkara For; Mr. Manish Kuma,ISO certification mentioned,bse_sme_ipo_drhp_pipeline,drhp_companies_specified_format.csv+final_merged_dsir_promoters.csv,,See DRHP ‘Industry / Business overview’ section.,iso_certification_mention|bse_sme_ipo_drhp_pipeline|iso_certification_mentioned,0,not_classified_manufacturer,1,india_location_signal,1,cert_or_patent_evidence,1,named_individuals_in_promoter_field,1,sector_or_macro_tailwind_tags,1,growth_or_ipo_signal_in_text,5,83,80.0,2,0,0,0,0,0,0,rules_only_no_llm_balance,0.0,5.0,5.0,5.0,5.0,5.0,80.0,0.0,rules_only,iso_only_differentiation_no_sector_moat,1
ENPROCON ENTERPRISE LIMITED,"EnProCon Enterprise Limited B-705 Mondeal heights, Nr",unspecified_see_drhp,https://enprocon.com/,Extract from restated financials in DRHP (pattern not matched).,no_structured_differentiation_tag,DRHP: Ms Dhwani Mahendra Bothra; Mr. Mukhtiyarhusain Ruknudin Shaikh Company Secretary,No explicit expansion/hiring/certification keywords in sampled pages — check MD&A / risk factors in full DRHP.,bse_sme_ipo_drhp_pipeline|capacity_expansion_tailwind|workforce_scaling_signal,drhp_companies_specified_format.csv+final_merged_dsir_promoters.csv,,See DRHP ‘Industry / Business overview’ section.,no_structured_differentiation_tag|bse_sme_ipo_drhp_pipeline|capacity_expansion_tailwind|workforce_scaling_signal|no_explicit_expansion|hiring|certification_keywords_in_sampled_pages_—_check_md&a|risk_factors_in_full_drhp,0,not_classified_manufacturer,0,weak_location_signal,0,no_differentiation_evidence,1,named_individuals_in_promoter_field,1,sector_or_macro_tailwind_tags,1,growth_or_ipo_signal_in_text,3,50,50.0,2,0,0,0,0,0,0,rules_only_no_llm_balance,0.0,0.0,0.0,5.0,5.0,5.0,50.0,0.0,rules_only,weak_differentiation_drhp_generics,1
ENS Enterprises Limited,"May 08, 2025",unspecified_see_drhp,www.abhipra.com; www.corporatemakers.in; www.ens.enterprises,Extract from restated financials in DRHP (pattern not matched).,no_structured_differentiation_tag,DRHP: Mr. Akhil Jain; Mr. Manish Kumar Srivastava July; Mr. Avinash Kumar Singh July; Mr. Anupam Kumar Srivastava July; Mr. Avinash Kumar Singh; Mr. Manish Kumar Srivastava For; Mr. Anupam Kuma; Mr. Anupam Kumar Srivastava,No explicit expansion/hiring/certification keywords in sampled pages — check MD&A / risk factors in full DRHP.,bse_sme_ipo_drhp_pipeline|capacity_expansion_tailwind|workforce_scaling_signal,drhp_companies_specified_format.csv+final_merged_dsir_promoters.csv,U74120UP2016PLC075577,See DRHP ‘Industry / Business overview’ section.,no_structured_differentiation_tag|bse_sme_ipo_drhp_pipeline|capacity_expansion_tailwind|workforce_scaling_signal|no_explicit_expansion|hiring|certification_keywords_in_sampled_pages_—_check_md&a|risk_factors_in_full_drhp,0,not_classified_manufacturer,0,weak_location_signal,0,no_differentiation_evidence,1,named_individuals_in_promoter_field,1,sector_or_macro_tailwind_tags,1,growth_or_ipo_signal_in_text,3,50,50.0,2,0,0,0,0,0,0,rules_only_no_llm_balance,0.0,0.0,0.0,5.0,5.0,5.0,50.0,0.0,rules_only,weak_differentiation_drhp_generics,1
Exato Technologies Limited,"A-33, 02nd Floor, Sector -2, Noida, Gautam Buddha Nagar, Noida, Uttar Pradesh, India, 201301",unspecified_see_drhp,https://www.exato.ai/; www.gyrcapitaladvisors.com; www.kfintech.com,Extract from restated financials in DRHP (pattern not matched).,no_structured_differentiation_tag,Could not download DRHP PDF/ZIP for promoter extraction.,subsidiary / group structure,bse_sme_ipo_drhp_pipeline,drhp_companies_specified_format.csv+final_merged_dsir_promoters.csv,,See DRHP ‘Industry / Business overview’ section.,no_structured_differentiation_tag|bse_sme_ipo_drhp_pipeline|subsidiary|group_structure,0,not_classified_manufacturer,1,india_location_signal,0,no_differentiation_evidence,0,no_promoter_extract,1,sector_or_macro_tailwind_tags,0,weak_growth_signal,2,33,25.0,2,0,0,0,0,0,0,rules_only_no_llm_balance,0.0,5.0,0.0,0.0,5.0,0.0,25.0,0.0,rules_only,weak_differentiation_drhp_generics,1
FFS Defence Engineering Limited,Office Contact Person Email and Telephone Website Plot No,unspecified_see_drhp,www.ffsdefence.com; www.inventuremerchantbanker.com; www.linkintime.co.in,Extract from restated financials in DRHP (pattern not matched).,iso_certification_mention,Promoter names not machine-extracted from sampled DRHP pages; verify in IPO prospectus or LinkedIn.,ISO certification mentioned,bse_sme_ipo_drhp_pipeline,drhp_companies_specified_format.csv+final_merged_dsir_promoters.csv,,See DRHP ‘Industry / Business overview’ section.,iso_certification_mention|bse_sme_ipo_drhp_pipeline|iso_certification_mentioned,0,not_classified_manufacturer,0,weak_location_signal,1,cert_or_patent_evidence,0,no_promoter_extract,1,sector_or_macro_tailwind_tags,1,growth_or_ipo_signal_in_text,3,50,55.0,2,0,0,0,0,0,0,rules_only_no_llm_balance,0.0,0.0,5.0,0.0,5.0,5.0,55.0,0.0,rules_only,iso_only_differentiation_no_sector_moat,1
FLYWINGS SIMULATOR TRAINING CENTRE LIMITED,Bengaluru,unspecified_see_drhp,www.fwstc.co.in,Extract from restated financials in DRHP (pattern not matched).,no_structured_differentiation_tag,DRHP: Mr. Robbin Company Secretary; Ms. Rupal Sanjay Mandavia,No explicit expansion/hiring/certification keywords in sampled pages — check MD&A / risk factors in full DRHP.,bse_sme_ipo_drhp_pipeline|capacity_expansion_tailwind|workforce_scaling_signal,data_with_dsir_recognition.csv+drhp_companies_specified_format.csv+final_merged_dsir_promoters.csv,,See DRHP ‘Industry / Business overview’ section.,no_structured_differentiation_tag|bse_sme_ipo_drhp_pipeline|capacity_expansion_tailwind|workforce_scaling_signal|no_explicit_expansion|hiring|certification_keywords_in_sampled_pages_—_check_md&a|risk_factors_in_full_drhp,0,not_classified_manufacturer,1,india_location_signal,0,no_differentiation_evidence,1,named_individuals_in_promoter_field,1,sector_or_macro_tailwind_tags,1,growth_or_ipo_signal_in_text,4,67,60.0,5,0,0,0,0,0,0,rules_only_no_llm_balance,0.0,5.0,0.0,5.0,5.0,5.0,60.0,0.0,rules_only,weak_differentiation_drhp_generics,1
Fractal Industries Limited,"Kurla Rd, Andheri East, Mumbai - 400072, Maharashtra. Our Promoters 1. Pankaj Bishwanath Agrawal 2. Priti Pankaj Agrawal",unspecified_see_drhp,https://fractalindustries.in/,Extract from restated financials in DRHP (pattern not matched).,iso_certification_mention,Could not download DRHP PDF/ZIP for promoter extraction.,ISO certification mentioned; subsidiary / group structure,bse_sme_ipo_drhp_pipeline,drhp_companies_specified_format.csv+final_merged_dsir_promoters.csv,,See DRHP ‘Industry / Business overview’ section.,iso_certification_mention|bse_sme_ipo_drhp_pipeline|iso_certification_mentioned|subsidiary|group_structure,0,not_classified_manufacturer,1,india_location_signal,1,cert_or_patent_evidence,0,no_promoter_extract,1,sector_or_macro_tailwind_tags,1,growth_or_ipo_signal_in_text,4,67,65.0,2,0,0,0,0,0,0,rules_only_no_llm_balance,0.0,5.0,5.0,0.0,5.0,5.0,65.0,0.0,rules_only,iso_only_differentiation_no_sector_moat|generic_web_or_thin_ops_narrative,2
Fusion Klassroom Edutech Limited,"Mumbai office at Matruprabha, Ground Floor, Plot No -78, CTS No-2731, Daulat Nagar Road 7, Borivali East, Mumbai – 400066 for 22 months, ending on May 02, 2027. The lease deed has been executed on an arm’s length basis and the terms and conditions of the lease, including the leas...",unspecified_see_drhp,www.klassroom.in; www.maashitla.com; www.narnolia.com,Extract from restated financials in DRHP (pattern not matched).,iso_certification_mention,DRHP: Ms. Jinal Karen Vora PROMOTERS OF; Mr. Suniel Shetty; Ms. Jinal Karen Vora,ISO certification mentioned,bse_sme_ipo_drhp_pipeline,drhp_companies_specified_format.csv+final_merged_dsir_promoters.csv,,See DRHP ‘Industry / Business overview’ section.,iso_certification_mention|bse_sme_ipo_drhp_pipeline|iso_certification_mentioned,0,not_classified_manufacturer,1,india_location_signal,1,cert_or_patent_evidence,1,named_individuals_in_promoter_field,1,sector_or_macro_tailwind_tags,1,growth_or_ipo_signal_in_text,5,83,80.0,3,0,0,0,0,0,0,rules_only_no_llm_balance,0.0,5.0,5.0,5.0,5.0,5.0,80.0,0.0,rules_only,iso_only_differentiation_no_sector_moat|generic_web_or_thin_ops_narrative,2
Futurex Management Solution Limited,"198 & 199, First Floor, Pocket -3, Sector - 24, Rohini, Northwest, Delhi, 110085 Ground Floor, Viraat I, C-56/35, Sector - 62, Noida 201309 Shweta Bansal Company Secretary and Compliance Officer Email: cs@futurexsolutions.com Tel No: 011-41687775 www.futurexsolutions. com PROMOTE...",unspecified_see_drhp,www.futurexsolutions; www.futurexsolutions.com,Extract from restated financials in DRHP (pattern not matched).,no_structured_differentiation_tag,DRHP PDF could not be downloaded.,subsidiary / group structure,bse_sme_ipo_drhp_pipeline,drhp_companies_specified_format.csv+final_merged_dsir_promoters.csv,,See DRHP ‘Industry / Business overview’ section.,no_structured_differentiation_tag|bse_sme_ipo_drhp_pipeline|subsidiary|group_structure,0,not_classified_manufacturer,1,india_location_signal,0,no_differentiation_evidence,0,no_promoter_extract,1,sector_or_macro_tailwind_tags,0,weak_growth_signal,2,33,25.0,2,0,0,0,0,0,0,rules_only_no_llm_balance,0.0,5.0,0.0,0.0,5.0,0.0,25.0,0.0,rules_only,weak_differentiation_drhp_generics,1
G V ELECTRICALS LIMITED,"Hammersmith Industrial Premises Co-op Society Ltd, Narayan Pathare Marg, Off",unspecified_see_drhp,www.gvelectricals.com,Extract from restated financials in DRHP (pattern not matched).,iso_certification_mention,Promoter names not machine-extracted — verify in IPO prospectus or LinkedIn.,ISO certification mentioned,bse_sme_ipo_drhp_pipeline,drhp_companies_specified_format.csv+final_merged_dsir_promoters.csv,,See DRHP ‘Industry / Business overview’ section.,iso_certification_mention|bse_sme_ipo_drhp_pipeline|iso_certification_mentioned,0,not_classified_manufacturer,0,weak_location_signal,1,cert_or_patent_evidence,0,weak_promoter_signal,1,sector_or_macro_tailwind_tags,1,growth_or_ipo_signal_in_text,3,50,55.0,2,0,0,0,0,0,0,rules_only_no_llm_balance,0.0,0.0,5.0,0.0,5.0,5.0,55.0,0.0,rules_only,iso_only_differentiation_no_sector_moat|generic_web_or_thin_ops_narrative,2
Gallard Steel Limited,"TELEPHONE WEBSITE Flat No. 01, SukhsnehApartment, 168-M Khatiwala Tank, Indore, Madhya Pradesh-MP – 452014",unspecified_see_drhp,https://www.gallardsteel.com,Extract from restated financials in DRHP (pattern not matched).,no_structured_differentiation_tag,Promoter names not machine-extracted from sampled DRHP pages; verify in IPO prospectus or LinkedIn.,subsidiary / group structure,bse_sme_ipo_drhp_pipeline,drhp_companies_specified_format.csv+final_merged_dsir_promoters.csv,,See DRHP ‘Industry / Business overview’ section.,no_structured_differentiation_tag|bse_sme_ipo_drhp_pipeline|subsidiary|group_structure,0,not_classified_manufacturer,1,india_location_signal,0,no_differentiation_evidence,0,no_promoter_extract,1,sector_or_macro_tailwind_tags,0,weak_growth_signal,2,33,25.0,2,0,0,0,0,0,0,rules_only_no_llm_balance,0.0,5.0,0.0,0.0,5.0,0.0,25.0,0.0,rules_only,weak_differentiation_drhp_generics|generic_web_or_thin_ops_narrative,2
GB Logistics Commerce Limited,Contact Person Telephone and Email,unspecified_see_drhp,https://www.maashitla.com/; www.gblogisticsindia.com,Extract from restated financials in DRHP (pattern not matched).,no_structured_differentiation_tag,Promoter names not machine-extracted from sampled DRHP pages; verify in IPO prospectus or LinkedIn.,subsidiary / group structure,bse_sme_ipo_drhp_pipeline,drhp_companies_specified_format.csv+final_merged_dsir_promoters.csv,,See DRHP ‘Industry / Business overview’ section.,no_structured_differentiation_tag|bse_sme_ipo_drhp_pipeline|subsidiary|group_structure,0,not_classified_manufacturer,0,weak_location_signal,0,no_differentiation_evidence,0,no_promoter_extract,1,sector_or_macro_tailwind_tags,0,weak_growth_signal,1,17,15.0,2,0,0,0,0,0,0,rules_only_no_llm_balance,0.0,0.0,0.0,0.0,5.0,0.0,15.0,0.0,rules_only,weak_differentiation_drhp_generics|generic_web_or_thin_ops_narrative,2
Glen Industries Limited,"Registrar of Companies, West Bengal Shareholders Shareholders of our company Stakeholders Relationship Committee The Stakeholders Relationship Committee of our Board of Directors constituted in accordance with Section 178 of the Companies Act, 2013 and Listing Regulations. For de...",unspecified_see_drhp,www.glen-india.com; www.gyrcapitaladvisors.com; www.kfintech.com,Extract from restated financials in DRHP (pattern not matched).,no_structured_differentiation_tag,DRHP: Ms. Shikha Sureka Company Secretary; Mr. Mohit Baid SEBI Registration Number,subsidiary / group structure,bse_sme_ipo_drhp_pipeline,drhp_companies_specified_format.csv+final_merged_dsir_promoters.csv,,See DRHP ‘Industry / Business overview’ section.,no_structured_differentiation_tag|bse_sme_ipo_drhp_pipeline|subsidiary|group_structure,0,not_classified_manufacturer,1,india_location_signal,0,no_differentiation_evidence,1,named_individuals_in_promoter_field,1,sector_or_macro_tailwind_tags,0,weak_growth_signal,3,50,40.0,2,0,0,0,0,0,0,rules_only_no_llm_balance,0.0,5.0,0.0,5.0,5.0,0.0,40.0,0.0,rules_only,stale_temporal_signal|weak_differentiation_drhp_generics,2
Globtier Infotech limited,"company is situated at B-67, 3rd Floor, Sector 67, Gautam Buddha Nagar, Noida, Uttar Pradesh, India, 201301",unspecified_see_drhp,www.globtierinfotech.com; www.shannon.co.in; www.skylinerta.com,Extract from restated financials in DRHP (pattern not matched).,no_structured_differentiation_tag,DRHP: Mr. Rajiv Shukla; Ms. Rekha Shukla; Mr. Rajiv Shukla. As,subsidiary / group structure,bse_sme_ipo_drhp_pipeline,drhp_companies_specified_format.csv+final_merged_dsir_promoters.csv,,See DRHP ‘Industry / Business overview’ section.,no_structured_differentiation_tag|bse_sme_ipo_drhp_pipeline|subsidiary|group_structure,0,not_classified_manufacturer,1,india_location_signal,0,no_differentiation_evidence,1,named_individuals_in_promoter_field,1,sector_or_macro_tailwind_tags,0,weak_growth_signal,3,50,40.0,2,0,0,0,0,0,0,rules_only_no_llm_balance,0.0,5.0,0.0,5.0,5.0,0.0,40.0,0.0,rules_only,weak_differentiation_drhp_generics,1
Goldline Pharmaceutical Limited,"WORKING DAYS PRIOR TO THE BID/ISSUE OPENING DATE AND SHALL BE MADE AVAILABLE TO THE BSE LIMITED (“BSE”) FOR THE PURPOSES OF UPLOADING O N THEIR WEBSITE IN ACCORDANCE WITH SECURITIES AND EXCHANGE BOARD OF INDIA (ISSUE OF CAPITAL AND DISCLOSURE REQUIREMENTS) REGULA TIONS, 2018, AS ...",Pharma / Biotech,www.bigshareonline.com; www.cumulativecapital.group; www.goldlinepharma.in,Extract from restated financials in DRHP (pattern not matched).,iso_certification_mention,Could not download DRHP PDF/ZIP for promoter extraction.,ISO certification mentioned,bse_sme_ipo_drhp_pipeline|pharma_formulations_tailwind,drhp_companies_specified_format.csv+final_merged_dsir_promoters.csv,,the business of marketing pharmaceutical products under the brand name “Goldline”,iso_certification_mention|bse_sme_ipo_drhp_pipeline|pharma_formulations_tailwind|iso_certification_mentioned,1,manufacturer_or_industrial_segment,1,india_location_signal,1,cert_or_patent_evidence,0,no_promoter_extract,1,sector_or_macro_tailwind_tags,1,growth_or_ipo_signal_in_text,5,83,85.0,2,0,0,0,0,0,0,rules_only_no_llm_balance,5.0,5.0,5.0,0.0,5.0,5.0,85.0,0.0,rules_only,stale_temporal_signal|iso_only_differentiation_no_sector_moat,2
GOVINDAH NUTRITION LIMITED,Bengaluru,unspecified_see_drhp,www.govindahnutrition.com,Extract from restated financials in DRHP (pattern not matched).,no_structured_differentiation_tag,Could not download DRHP PDF/ZIP for promoter extraction.,No explicit expansion/hiring/certification keywords in sampled pages — check MD&A / risk factors in full DRHP.,bse_sme_ipo_drhp_pipeline|capacity_expansion_tailwind|workforce_scaling_signal,data_with_dsir_recognition.csv+drhp_companies_specified_format.csv+final_merged_dsir_promoters.csv,,See DRHP ‘Industry / Business overview’ section.,no_structured_differentiation_tag|bse_sme_ipo_drhp_pipeline|capacity_expansion_tailwind|workforce_scaling_signal|no_explicit_expansion|hiring|certification_keywords_in_sampled_pages_—_check_md&a|risk_factors_in_full_drhp,0,not_classified_manufacturer,1,india_location_signal,0,no_differentiation_evidence,0,no_promoter_extract,1,sector_or_macro_tailwind_tags,1,growth_or_ipo_signal_in_text,3,50,45.0,3,0,0,0,0,0,0,rules_only_no_llm_balance,0.0,5.0,0.0,0.0,5.0,5.0,45.0,0.0,rules_only,weak_differentiation_drhp_generics,1
Grace Renewable Energy Limited,"Hotel, S G Highway, Bodakdev, Ahmedabad, Gujarat, India, 380054 “we”, “us” and “our” Unless the context otherwise indicates or implies, refers to our Company. “you”, “your” or “yours” Prospective investors in this Issue",unspecified_see_drhp,www.gracerenew.com,Extract from restated financials in DRHP (pattern not matched).,no_structured_differentiation_tag,Promoter names not machine-extracted from sampled DRHP pages; verify in IPO prospectus or LinkedIn.,No explicit expansion/hiring/certification keywords in sampled pages — check MD&A / risk factors in full DRHP.,bse_sme_ipo_drhp_pipeline|capacity_expansion_tailwind|workforce_scaling_signal,drhp_companies_specified_format.csv+final_merged_dsir_promoters.csv,,See DRHP ‘Industry / Business overview’ section.,no_structured_differentiation_tag|bse_sme_ipo_drhp_pipeline|capacity_expansion_tailwind|workforce_scaling_signal|no_explicit_expansion|hiring|certification_keywords_in_sampled_pages_—_check_md&a|risk_factors_in_full_drhp,0,not_classified_manufacturer,1,india_location_signal,0,no_differentiation_evidence,0,no_promoter_extract,1,sector_or_macro_tailwind_tags,1,growth_or_ipo_signal_in_text,3,50,45.0,2,0,0,0,0,0,0,rules_only_no_llm_balance,0.0,5.0,0.0,0.0,5.0,5.0,45.0,0.0,rules_only,weak_differentiation_drhp_generics,1
Grandmaa International Limited,Little or no extractable text (likely scanned PDF — needs OCR).,unspecified_see_drhp,www.grandmaa.in; www.ifinservices.in; www.skylinerta.com,Extract from restated financials in DRHP (pattern not matched).,iso_certification_mention,DRHP: Jaideep Jain; Seema Jain,ISO certification mentioned; subsidiary / group structure,bse_sme_ipo_drhp_pipeline,drhp_companies_specified_format.csv+final_merged_dsir_promoters.csv,,See DRHP ‘Industry / Business overview’ section.,iso_certification_mention|bse_sme_ipo_drhp_pipeline|iso_certification_mentioned|subsidiary|group_structure,0,not_classified_manufacturer,0,weak_location_signal,1,cert_or_patent_evidence,0,weak_promoter_signal,1,sector_or_macro_tailwind_tags,1,growth_or_ipo_signal_in_text,3,50,55.0,3,0,0,0,0,0,0,rules_only_no_llm_balance,0.0,0.0,5.0,0.0,5.0,5.0,55.0,0.0,rules_only,iso_only_differentiation_no_sector_moat,1
GRE RENEW ENERTECH LIMITED,"Plot no. 423, G.I.D.C.-II, Dediyasan, Mehsana-384002, Gujarat B-1104/1105, Empire Business Hub, Near Shukan Mall, Science City Road, Sola, Ahmedabad-380060, Gujarat Mr. Rohan Jayeshbhai Dhruve, Secretary and Compliance Officer Email: cs@greindia.com Tel No.: +91 9974039300 https:...",unspecified_see_drhp,https://greindia.com,Extract from restated financials in DRHP (pattern not matched).,iso_certification_mention,DRHP: Mr. Rohan Jayeshbhai Dhruve; Mr. Kunal Bansal Email; Mr. Mukul Agrawal Email Id; Mr Rohan Jayeshbhai Dhruve; Mr. Kamleshkumar Dahyalal Patel; Mr. Kirtikumar Kantilal Suthar; Mr. Mukeshkumar Prahladbhai Trivedi Promoters Group,capex / capital expenditure; ISO certification mentioned; subsidiary / group structure,bse_sme_ipo_drhp_pipeline|capacity_expansion_tailwind,drhp_companies_specified_format.csv+final_merged_dsir_promoters.csv,,See DRHP ‘Industry / Business overview’ section.,iso_certification_mention|bse_sme_ipo_drhp_pipeline|capacity_expansion_tailwind|capex|capital_expenditure|iso_certification_mentioned|subsidiary|group_structure,0,not_classified_manufacturer,1,india_location_signal,1,cert_or_patent_evidence,1,named_individuals_in_promoter_field,1,sector_or_macro_tailwind_tags,1,growth_or_ipo_signal_in_text,5,83,80.0,3,0,0,0,0,0,0,rules_only_no_llm_balance,0.0,5.0,5.0,5.0,5.0,5.0,80.0,0.0,rules_only,iso_only_differentiation_no_sector_moat,1
GRUNE HAFEN LIMITED,"Karkardooma Community Centre, East Delhi, Delhi – 110092, India Corporate Office: Plot No",unspecified_see_drhp,www.grunehafen.com; www.maashitla.com; www.narnolia.com,Extract from restated financials in DRHP (pattern not matched).,iso_certification_mention,DRHP: Ms. Nishi Jain Company Secretary; Mr. Pankaj Pasi SEBI Registration Number; Ms. Nishi Jain; Ms. Nishi Jain. Depositories Act The Depositories; Mr. Gaurav Gupta,ISO certification mentioned; subsidiary / group structure,bse_sme_ipo_drhp_pipeline,drhp_companies_specified_format.csv+final_merged_dsir_promoters.csv,,See DRHP ‘Industry / Business overview’ section.,iso_certification_mention|bse_sme_ipo_drhp_pipeline|iso_certification_mentioned|subsidiary|group_structure,0,not_classified_manufacturer,1,india_location_signal,1,cert_or_patent_evidence,1,named_individuals_in_promoter_field,1,sector_or_macro_tailwind_tags,1,growth_or_ipo_signal_in_text,5,83,80.0,2,0,0,0,0,0,0,rules_only_no_llm_balance,0.0,5.0,5.0,5.0,5.0,5.0,80.0,0.0,rules_only,iso_only_differentiation_no_sector_moat|generic_web_or_thin_ops_narrative,2
Gulf Lloyds (India) Limited,into fresh lease or leave and license agreement,unspecified_see_drhp,www.gulflloydsgroup.com; www.ifinservices.in; www.kfintech.Com,₹5–25 Cr (approx from lakhs),iso_certification_mention,DRHP: Jaykumar Bhavsar; Anitaben Bhavsar; Bhagirath Bhavsar; Shivaniben,ISO certification mentioned,bse_sme_ipo_drhp_pipeline,drhp_companies_specified_format.csv+final_merged_dsir_promoters.csv,,See DRHP ‘Industry / Business overview’ section.,iso_certification_mention|bse_sme_ipo_drhp_pipeline|iso_certification_mentioned,0,not_classified_manufacturer,0,weak_location_signal,1,cert_or_patent_evidence,1,rich_drhp_promoter_blob,1,sector_or_macro_tailwind_tags,1,growth_or_ipo_signal_in_text,4,67,70.0,2,0,0,0,0,0,0,rules_only_no_llm_balance,0.0,0.0,5.0,5.0,5.0,5.0,70.0,0.0,rules_only,iso_only_differentiation_no_sector_moat,1
H. R. Hygiene Products Limited,"no. 1 to 3, Village: Lothada, Rajkot - 360002, Gujarat, India. “we”, “us” and “our” Unless the context otherwise indicates or implies, refers to our Company “you”, “your” or “yours” Prospective Investors in this Offer",unspecified_see_drhp,www.hrhygiene.com,Extract from restated financials in DRHP (pattern not matched).,no_structured_differentiation_tag,Could not download DRHP PDF/ZIP for promoter extraction.,No explicit expansion/hiring/certification keywords in sampled pages — check MD&A / risk factors in full DRHP.,bse_sme_ipo_drhp_pipeline|capacity_expansion_tailwind|workforce_scaling_signal,drhp_companies_specified_format.csv+final_merged_dsir_promoters.csv,,See DRHP ‘Industry / Business overview’ section.,no_structured_differentiation_tag|bse_sme_ipo_drhp_pipeline|capacity_expansion_tailwind|workforce_scaling_signal|no_explicit_expansion|hiring|certification_keywords_in_sampled_pages_—_check_md&a|risk_factors_in_full_drhp,0,not_classified_manufacturer,1,india_location_signal,0,no_differentiation_evidence,0,no_promoter_extract,1,sector_or_macro_tailwind_tags,1,growth_or_ipo_signal_in_text,3,50,45.0,2,0,0,0,0,0,0,rules_only_no_llm_balance,0.0,5.0,0.0,0.0,5.0,5.0,45.0,0.0,rules_only,weak_differentiation_drhp_generics,1
Hannah Joseph Hospital Limited,"nursing staff 3. Property Address: Sub- District, Madurai South Taluk, No.37, Chinthamani Village, Shown in Patta No. 51, Ayan Nanja",unspecified_see_drhp,https://hannahjosephhospital.com/,Extract from restated financials in DRHP (pattern not matched).,no_structured_differentiation_tag,Promoter names not machine-extracted from sampled DRHP pages; verify in IPO prospectus or LinkedIn.,subsidiary / group structure,bse_sme_ipo_drhp_pipeline,drhp_companies_specified_format.csv+final_merged_dsir_promoters.csv,,See DRHP ‘Industry / Business overview’ section.,no_structured_differentiation_tag|bse_sme_ipo_drhp_pipeline|subsidiary|group_structure,0,not_classified_manufacturer,0,weak_location_signal,0,no_differentiation_evidence,0,no_promoter_extract,1,sector_or_macro_tailwind_tags,0,weak_growth_signal,1,17,15.0,2,0,0,0,0,0,0,rules_only_no_llm_balance,0.0,0.0,0.0,0.0,5.0,0.0,15.0,0.0,rules_only,weak_differentiation_drhp_generics|generic_web_or_thin_ops_narrative,2
Harikanta Overseas Limited,"Tel. No.: +919898682560; Website: www.harikantaoverseas.com; e-Mail: info@harikantaoverseas.com Contact Person: Swati Malu, Company Secretary and Compliance Officer",unspecified_see_drhp,www.bigshareonline.com; www.harikantaoverseas.com; www.ifinservices.in,Extract from restated financials in DRHP (pattern not matched).,iso_certification_mention,DRHP: Mr. Hardik Gotawala; Mr. Abhishek Gotawala; Ms Carloss Pipe,ISO certification mentioned; subsidiary / group structure,bse_sme_ipo_drhp_pipeline,drhp_companies_specified_format.csv+final_merged_dsir_promoters.csv,,See DRHP ‘Industry / Business overview’ section.,iso_certification_mention|bse_sme_ipo_drhp_pipeline|iso_certification_mentioned|subsidiary|group_structure,0,not_classified_manufacturer,0,weak_location_signal,1,cert_or_patent_evidence,1,named_individuals_in_promoter_field,1,sector_or_macro_tailwind_tags,1,growth_or_ipo_signal_in_text,4,67,70.0,2,0,0,0,0,0,0,rules_only_no_llm_balance,0.0,0.0,5.0,5.0,5.0,5.0,70.0,0.0,rules_only,iso_only_differentiation_no_sector_moat,1
Haru Worldwide Limited,Sukun Business Centre Nr,unspecified_see_drhp,www.bigshareonline.com; www.haruworldwide.com; www.ifinservices.in,Extract from restated financials in DRHP (pattern not matched).,no_structured_differentiation_tag,DRHP: Mr. Anil Runthala; Mrs. Harsha Sharma Type Fresh Issue Size; Mrs. Krishna Naik; Mr. Anilkumar Runthala; Mrs. Harsha Sharma Promoter Group Companies; Mr. Rakesh Dutta Companies Act Companies Act; Mrs. Harsha Sharma. For,No explicit expansion/hiring/certification keywords in sampled pages — check MD&A / risk factors in full DRHP.,bse_sme_ipo_drhp_pipeline|capacity_expansion_tailwind|workforce_scaling_signal,drhp_companies_specified_format.csv+final_merged_dsir_promoters.csv,,See DRHP ‘Industry / Business overview’ section.,no_structured_differentiation_tag|bse_sme_ipo_drhp_pipeline|capacity_expansion_tailwind|workforce_scaling_signal|no_explicit_expansion|hiring|certification_keywords_in_sampled_pages_—_check_md&a|risk_factors_in_full_drhp,0,not_classified_manufacturer,0,weak_location_signal,0,no_differentiation_evidence,1,named_individuals_in_promoter_field,1,sector_or_macro_tailwind_tags,1,growth_or_ipo_signal_in_text,3,50,50.0,2,0,0,0,0,0,0,rules_only_no_llm_balance,0.0,0.0,0.0,5.0,5.0,5.0,50.0,0.0,rules_only,weak_differentiation_drhp_generics,1
HGI AUTOMOTIVES LIMITED,"alia, (i) forms in respect of the allotment of 128,300 and 65,000 equity shares on March 31, 1999, and (ii) filings of profit and loss accounts in Form 23ACA for the financial years 2005-06 to 2013-14. We have obtained a search report dated September 29, 2025, issued by B. S. Vya...",unspecified_see_drhp,www.hgiautomotives.com; www.kfintech.com; www.nirbhaycapital.com,Extract from restated financials in DRHP (pattern not matched).,iso_certification_mention,Could not download DRHP PDF/ZIP for promoter extraction.,capacity expansion; ISO certification mentioned; subsidiary / group structure,bse_sme_ipo_drhp_pipeline|capacity_expansion_tailwind,drhp_companies_specified_format.csv+final_merged_dsir_promoters.csv,,See DRHP ‘Industry / Business overview’ section.,iso_certification_mention|bse_sme_ipo_drhp_pipeline|capacity_expansion_tailwind|capacity_expansion|iso_certification_mentioned|subsidiary|group_structure,0,not_classified_manufacturer,0,weak_location_signal,1,cert_or_patent_evidence,0,no_promoter_extract,1,sector_or_macro_tailwind_tags,1,growth_or_ipo_signal_in_text,3,50,55.0,2,0,0,0,0,0,0,rules_only_no_llm_balance,0.0,0.0,5.0,0.0,5.0,5.0,55.0,0.0,rules_only,stale_temporal_signal|iso_only_differentiation_no_sector_moat,2
Horizon Reclaim  (India) Limited,"2025. Our Company’s Corporate Identity Number is U25206UP2006PLC032294. For details of change in Registered office of our Company, please refer to the chapter titled “History and Certain Corporate Matters” on page 149 of the Draft Red Herring Prospectus.",unspecified_see_drhp,https://horizonreclaim.com/; www.gyrcapitaladvisors.com; www.kfintech.com,Extract from restated financials in DRHP (pattern not matched).,no_structured_differentiation_tag,DRHP: Ms. Deeksha Thakral Company Secretary; Mr. Mohit Baid SEBI Registration Number; Ms. Neha Ahuja; Mr. Raj Mehta,capacity expansion,bse_sme_ipo_drhp_pipeline|capacity_expansion_tailwind,drhp_companies_specified_format.csv+final_merged_dsir_promoters.csv,U25206UP2006PLC032294,See DRHP ‘Industry / Business overview’ section.,no_structured_differentiation_tag|bse_sme_ipo_drhp_pipeline|capacity_expansion_tailwind|capacity_expansion,0,not_classified_manufacturer,0,weak_location_signal,0,no_differentiation_evidence,1,named_individuals_in_promoter_field,1,sector_or_macro_tailwind_tags,1,growth_or_ipo_signal_in_text,3,50,50.0,2,0,0,0,0,0,0,rules_only_no_llm_balance,0.0,0.0,0.0,5.0,5.0,5.0,50.0,0.0,rules_only,weak_differentiation_drhp_generics,1
HRS Aluglaze Limited,"located), at least two working days prior to the Bid / Issue Opening Date and shall be available to the Stock Exchange for the purpose of uploading on their respective websites. “Pri",unspecified_see_drhp,www.hrsaluglaze.com,₹3 Cr (stated),iso_certification_mention,Promoter names not machine-extracted from sampled DRHP pages; verify in IPO prospectus or LinkedIn.,ISO certification mentioned; facility expansion,bse_sme_ipo_drhp_pipeline|capacity_expansion_tailwind,drhp_companies_specified_format.csv+final_merged_dsir_promoters.csv,,See DRHP ‘Industry / Business overview’ section.,iso_certification_mention|bse_sme_ipo_drhp_pipeline|capacity_expansion_tailwind|iso_certification_mentioned|facility_expansion,0,not_classified_manufacturer,0,weak_location_signal,1,cert_or_patent_evidence,0,no_promoter_extract,1,sector_or_macro_tailwind_tags,1,growth_or_ipo_signal_in_text,3,50,55.0,2,0,0,0,0,0,0,rules_only_no_llm_balance,0.0,0.0,5.0,0.0,5.0,5.0,55.0,0.0,rules_only,iso_only_differentiation_no_sector_moat|generic_web_or_thin_ops_narrative,2
Icon Facilitators Limited,in Form GNL 2 with SRN: AB2710819 AOC-4 (For the FY2015-2016),unspecified_see_drhp,www.iconf.in; www.khambattasecurities.com; www.maashitla.com,Extract from restated financials in DRHP (pattern not matched).,no_structured_differentiation_tag,DRHP: Ms. Mamzuza Malia; Mrs. Pooja Makhija; Mr. Sunil Bharihoke,hiring / recruitment,bse_sme_ipo_drhp_pipeline|workforce_scaling_signal,drhp_companies_specified_format.csv+final_merged_dsir_promoters.csv,,See DRHP ‘Industry / Business overview’ section.,no_structured_differentiation_tag|bse_sme_ipo_drhp_pipeline|workforce_scaling_signal|hiring|recruitment,0,not_classified_manufacturer,0,weak_location_signal,0,no_differentiation_evidence,1,named_individuals_in_promoter_field,1,sector_or_macro_tailwind_tags,1,growth_or_ipo_signal_in_text,3,50,50.0,2,0,0,0,0,0,0,rules_only_no_llm_balance,0.0,0.0,0.0,5.0,5.0,5.0,50.0,0.0,rules_only,stale_temporal_signal|weak_differentiation_drhp_generics,2
Infinity Infoway Limited,in relation to this lease/ rental/tenancy agreement may have an adverse effect on our business operations and results thereof.,unspecified_see_drhp,www.bigshareonline.com; www.holaniconsultants.co.in; www.infinityinfoway.com,₹0–5 Cr (approx from lakhs),no_structured_differentiation_tag,DRHP: Mrs. Payal Jain Email; Mr. Babu Rapheal; Mr. Bhaveshkumar Dhirajlal Gadhethriya; Mrs. Rinaben Bhaveshkumar Gadhethariya; Mr. Dhirajlal Bhanjibhai Gadhethariya; Mr. Nikunj Vrajlal Gajera,subsidiary / group structure,bse_sme_ipo_drhp_pipeline,drhp_companies_specified_format.csv+final_merged_dsir_promoters.csv,,See DRHP ‘Industry / Business overview’ section.,no_structured_differentiation_tag|bse_sme_ipo_drhp_pipeline|subsidiary|group_structure,0,not_classified_manufacturer,0,weak_location_signal,0,no_differentiation_evidence,1,named_individuals_in_promoter_field,1,sector_or_macro_tailwind_tags,0,weak_growth_signal,2,33,30.0,3,0,0,0,0,0,0,rules_only_no_llm_balance,0.0,0.0,0.0,5.0,5.0,0.0,30.0,0.0,rules_only,weak_differentiation_drhp_generics,1
INFRAPRIME LOGISTICS TECHNOLOGIES LIMITED,"Registered Office 418, 4th Floor, Tower B, Emaar Digital Greens, Golf Course Extension, Sector 61, Bhondsi, Gurgaon - 122102, Haryana, India",unspecified_see_drhp,https://www.infraprimelogistics.com; www.infraprimelogistics.com,Extract from restated financials in DRHP (pattern not matched).,no_structured_differentiation_tag,Mr. Chetan Singhal,subsidiary / group structure,bse_sme_ipo_drhp_pipeline,drhp_companies_specified_format.csv+final_merged_dsir_promoters.csv,,See DRHP ‘Industry / Business overview’ section.,no_structured_differentiation_tag|bse_sme_ipo_drhp_pipeline|subsidiary|group_structure,0,not_classified_manufacturer,1,india_location_signal,0,no_differentiation_evidence,1,named_individuals_in_promoter_field,1,sector_or_macro_tailwind_tags,0,weak_growth_signal,3,50,40.0,2,0,0,0,0,0,0,rules_only_no_llm_balance,0.0,5.0,0.0,5.0,5.0,0.0,40.0,0.0,rules_only,weak_differentiation_drhp_generics,1
Injecto Polymers Limited,"taken on lease from a Promoter, Group Companies and a third party respectively.",unspecified_see_drhp,www.injectopolymers.in,₹100+ Cr (approx from lakhs),no_structured_differentiation_tag,Promoter names not machine-extracted from sampled DRHP pages; verify in IPO prospectus or LinkedIn.,No explicit expansion/hiring/certification keywords in sampled pages — check MD&A / risk factors in full DRHP.,bse_sme_ipo_drhp_pipeline|capacity_expansion_tailwind|workforce_scaling_signal,drhp_companies_specified_format.csv+final_merged_dsir_promoters.csv,,See DRHP ‘Industry / Business overview’ section.,no_structured_differentiation_tag|bse_sme_ipo_drhp_pipeline|capacity_expansion_tailwind|workforce_scaling_signal|no_explicit_expansion|hiring|certification_keywords_in_sampled_pages_—_check_md&a|risk_factors_in_full_drhp,0,not_classified_manufacturer,0,weak_location_signal,0,no_differentiation_evidence,0,no_promoter_extract,1,sector_or_macro_tailwind_tags,1,growth_or_ipo_signal_in_text,2,33,35.0,2,0,0,0,0,0,0,rules_only_no_llm_balance,0.0,0.0,0.0,0.0,5.0,5.0,35.0,0.0,rules_only,weak_differentiation_drhp_generics,1
INTERIORS & MORE LIMITED,"Kumtha Street, off. Shahid Bhagat Singh Road, Ballard Estate, Fort Mumbai G.P.O. Mumbai Maharashtra 400001 India.",unspecified_see_drhp,www.inm.net.in,Extract from restated financials in DRHP (pattern not matched).,no_structured_differentiation_tag,DRHP: Ms. Kuntal Pankaj Sharma Company Secretary; Ms. Kuntal Pankaj Sharma; Mr. Manish Mohan Tibrewal; Mr. Rahul Jhunjhunwala,No explicit expansion/hiring/certification keywords in sampled pages — check MD&A / risk factors in full DRHP.,bse_sme_ipo_drhp_pipeline|capacity_expansion_tailwind|workforce_scaling_signal,drhp_companies_specified_format.csv+final_merged_dsir_promoters.csv,,See DRHP ‘Industry / Business overview’ section.,no_structured_differentiation_tag|bse_sme_ipo_drhp_pipeline|capacity_expansion_tailwind|workforce_scaling_signal|no_explicit_expansion|hiring|certification_keywords_in_sampled_pages_—_check_md&a|risk_factors_in_full_drhp,0,not_classified_manufacturer,1,india_location_signal,0,no_differentiation_evidence,1,named_individuals_in_promoter_field,1,sector_or_macro_tailwind_tags,1,growth_or_ipo_signal_in_text,4,67,60.0,2,0,0,0,0,0,0,rules_only_no_llm_balance,0.0,5.0,0.0,5.0,5.0,5.0,60.0,0.0,rules_only,weak_differentiation_drhp_generics,1
JD Cables Limited,"DATE AND SHALL BE MADE AVAILABLE TO THE BSE LIMITED (“BSE”) FOR THE PURPOSES OF UPLOADING ON THEIR WEBSITE IN ACCORDANCE WITH SECURITIES AND EXCHANGE BOARD OF INDIA (OFFER OF CAPITAL AND DISCLOSURE REQUIREMENTS) REGULATIONS, 2018, AS AMENDED (THE “SEBI ICDR REGULATIONS”).",unspecified_see_drhp,https://jdcables.in/; www.gyrcapitaladvisors.com; www.linkintime.co.in,Extract from restated financials in DRHP (pattern not matched).,no_structured_differentiation_tag,Mr. Piyush Garodia Promoter Selling Shareholder; Mrs. Vrunda Pathak; Ms. Shanti Gopalkrishnan Telephone; Ms. Swati Mittal; Ms. Swati Mittal Company Secretary,capacity expansion; capex / capital expenditure; facility expansion,bse_sme_ipo_drhp_pipeline|capacity_expansion_tailwind,drhp_companies_specified_format.csv+final_merged_dsir_promoters.csv,,See DRHP ‘Industry / Business overview’ section.,no_structured_differentiation_tag|bse_sme_ipo_drhp_pipeline|capacity_expansion_tailwind|capacity_expansion|capex|capital_expenditure|facility_expansion,0,not_classified_manufacturer,1,india_location_signal,0,no_differentiation_evidence,1,named_individuals_in_promoter_field,1,sector_or_macro_tailwind_tags,1,growth_or_ipo_signal_in_text,4,67,60.0,2,0,0,0,0,0,0,rules_only_no_llm_balance,0.0,5.0,0.0,5.0,5.0,5.0,60.0,0.0,rules_only,stale_temporal_signal|weak_differentiation_drhp_generics,2
JEE Pumps Limited,"details, see “Our Business – Our Properties” on page 130 of the Draft Red Herring Prospectus.",Manufacturing / Industrial,www.ib.marwadichandaranagroup.com; www.jeepumps.com,Extract from restated financials in DRHP (pattern not matched).,no_structured_differentiation_tag,Promoter names not machine-extracted — verify in IPO prospectus or LinkedIn.,No explicit expansion/hiring/certification keywords in sampled pages — check MD&A / risk factors in full DRHP.,bse_sme_ipo_drhp_pipeline|make_in_india_manufacturing|capacity_expansion_tailwind|workforce_scaling_signal,drhp_companies_specified_format.csv+final_merged_dsir_promoters.csv,,"(a) Business Overview – Products We are engaged in manufacturing and assembly of metallic and non - metallic customized pumps like centrifugal pump, chemical process pump, self -priming pump and mud p",no_structured_differentiation_tag|bse_sme_ipo_drhp_pipeline|make_in_india_manufacturing|capacity_expansion_tailwind|workforce_scaling_signal|no_explicit_expansion|hiring|certification_keywords_in_sampled_pages_—_check_md&a|risk_factors_in_full_drhp,1,manufacturer_or_industrial_segment,0,weak_location_signal,0,no_differentiation_evidence,0,weak_promoter_signal,1,sector_or_macro_tailwind_tags,1,growth_or_ipo_signal_in_text,3,50,55.0,2,0,0,0,0,0,0,rules_only_no_llm_balance,5.0,0.0,0.0,0.0,5.0,5.0,55.0,0.0,rules_only,calibration_review_queue_step10,1
Jivial Industries Limited,section title “History and Corporate Structure” on page no. 165 of this Draft Prospectus.,significant customers or the inability to procure new orders on a regular basis or at all may have an adverse effect on,www.bigshareonline.com; www.corporatemakers.in; www.jivialrailings.com,Extract from restated financials in DRHP (pattern not matched).,no_structured_differentiation_tag,Could not download DRHP PDF/ZIP for promoter extraction.,subsidiary / group structure,bse_sme_ipo_drhp_pipeline,drhp_companies_specified_format.csv+final_merged_dsir_promoters.csv,,significant customers or the inability to procure new orders on a regular basis or at all may have an adverse effect on,no_structured_differentiation_tag|bse_sme_ipo_drhp_pipeline|subsidiary|group_structure,0,not_classified_manufacturer,0,weak_location_signal,0,no_differentiation_evidence,0,no_promoter_extract,1,sector_or_macro_tailwind_tags,0,weak_growth_signal,1,17,15.0,2,0,0,0,0,0,0,rules_only_no_llm_balance,0.0,0.0,0.0,0.0,5.0,0.0,15.0,0.0,rules_only,calibration_review_queue_step10,1
Jiya Eco India Limited,"Bhavnagar – 364313, Gujarat",unspecified_see_drhp,www.bigshareonline.com; www.hemsecurities.com; www.jiyaecoindia.com,Extract from restated financials in DRHP (pattern not matched).,iso_certification_mention,DRHP: Ms. Akanksha Akhilesh Srivastava; Mr. Bhavesh Jivrajbhai Kakadiya; Mr. Yogeshkumar Chimanlal Patel THE ISSUE INITIAL; Mr. Yogeshkumar Chimanlal Patel. For; Mrs. Hetalben Bhaveshbhai Kakadiya; Mr. Vipulbhai S. Vora. Mrs. Rita Vora; Mr. Jivrajbhai Gopalbhai Kakadiya. Issue Relat; Mr. Jivrajbhai Gopalbhai Kakadiya. Issue Related Terms,ISO certification mentioned; subsidiary / group structure,bse_sme_ipo_drhp_pipeline,drhp_companies_specified_format.csv+final_merged_dsir_promoters.csv,,See DRHP ‘Industry / Business overview’ section.,iso_certification_mention|bse_sme_ipo_drhp_pipeline|iso_certification_mentioned|subsidiary|group_structure,0,not_classified_manufacturer,1,india_location_signal,1,cert_or_patent_evidence,1,named_individuals_in_promoter_field,1,sector_or_macro_tailwind_tags,1,growth_or_ipo_signal_in_text,5,83,80.0,2,0,0,0,0,0,0,rules_only_no_llm_balance,0.0,5.0,5.0,5.0,5.0,5.0,80.0,0.0,rules_only,iso_only_differentiation_no_sector_moat,1
JJ PV SOLAR LIMITED,"Our Company in consultation with the BRLM, may, consider closing the Bid/Issue Period for QIBs one Working Day prior to the Bid/Issue Closing Date in accordance with the SEBI ICDR Regulations.",unspecified_see_drhp,www.jjpvsolar; www.jjpvsolar.com,Extract from restated financials in DRHP (pattern not matched).,no_structured_differentiation_tag,Could not download DRHP PDF/ZIP for promoter extraction.,subsidiary / group structure,bse_sme_ipo_drhp_pipeline,drhp_companies_specified_format.csv+final_merged_dsir_promoters.csv,,See DRHP ‘Industry / Business overview’ section.,no_structured_differentiation_tag|bse_sme_ipo_drhp_pipeline|subsidiary|group_structure,0,not_classified_manufacturer,0,weak_location_signal,0,no_differentiation_evidence,0,no_promoter_extract,1,sector_or_macro_tailwind_tags,0,weak_growth_signal,1,17,15.0,2,0,0,0,0,0,0,rules_only_no_llm_balance,0.0,0.0,0.0,0.0,5.0,0.0,15.0,0.0,rules_only,weak_differentiation_drhp_generics,1
JKV SOLUTIONS LIMITED,"9th Floor - 903, B - Square, Near Neptune House, Iscon Ambli Brts Road, Ahmedabad - 380058, Gujarat, India",unspecified_see_drhp,www.aftertrade.in; www.bigshareonline.com; www.jkvsolutions.com,Extract from restated financials in DRHP (pattern not matched).,iso_certification_mention,Promoter names not machine-extracted from sampled DRHP pages; verify in IPO prospectus or LinkedIn.,ISO certification mentioned; subsidiary / group structure,bse_sme_ipo_drhp_pipeline,drhp_companies_specified_format.csv+final_merged_dsir_promoters.csv,,See DRHP ‘Industry / Business overview’ section.,iso_certification_mention|bse_sme_ipo_drhp_pipeline|iso_certification_mentioned|subsidiary|group_structure,0,not_classified_manufacturer,1,india_location_signal,1,cert_or_patent_evidence,0,no_promoter_extract,1,sector_or_macro_tailwind_tags,1,growth_or_ipo_signal_in_text,4,67,65.0,3,0,0,0,0,0,0,rules_only_no_llm_balance,0.0,5.0,5.0,0.0,5.0,5.0,65.0,0.0,rules_only,iso_only_differentiation_no_sector_moat,1
Jungle Camps India Limited,"Jungle Resorts Private Limited” and “Jungle Camps Private Limited”, the same are required to be updated/ changed with various government/semi government authorities and various organizations.",unspecified_see_drhp,www.junglecampsindia.com; www.khambattasecurities.com; www.skylinerta.com,Extract from restated financials in DRHP (pattern not matched).,no_structured_differentiation_tag,DRHP: Ms. Parul Shekhawat; Mr. Chandan Mishra; Ms. Nisha Shaw SEBI Registration No; Mr. Anuj Rana Website,No explicit expansion/hiring/certification keywords in sampled pages — check MD&A / risk factors in full DRHP.,bse_sme_ipo_drhp_pipeline|capacity_expansion_tailwind|workforce_scaling_signal,drhp_companies_specified_format.csv+final_merged_dsir_promoters.csv,,See DRHP ‘Industry / Business overview’ section.,no_structured_differentiation_tag|bse_sme_ipo_drhp_pipeline|capacity_expansion_tailwind|workforce_scaling_signal|no_explicit_expansion|hiring|certification_keywords_in_sampled_pages_—_check_md&a|risk_factors_in_full_drhp,0,not_classified_manufacturer,0,weak_location_signal,0,no_differentiation_evidence,1,named_individuals_in_promoter_field,1,sector_or_macro_tailwind_tags,1,growth_or_ipo_signal_in_text,3,50,50.0,2,0,0,0,0,0,0,rules_only_no_llm_balance,0.0,0.0,0.0,5.0,5.0,5.0,50.0,0.0,rules_only,weak_differentiation_drhp_generics,1
Justo Realfintech Limited,"El Tara Building, Powai, Off",unspecified_see_drhp,www.justo.co.in; www.purvashare.com; www.vivro.net,Extract from restated financials in DRHP (pattern not matched).,iso_certification_mention,Promoter names not machine-extracted from sampled DRHP pages; verify in IPO prospectus or LinkedIn.,ISO certification mentioned; subsidiary / group structure,bse_sme_ipo_drhp_pipeline,drhp_companies_specified_format.csv+final_merged_dsir_promoters.csv,,See DRHP ‘Industry / Business overview’ section.,iso_certification_mention|bse_sme_ipo_drhp_pipeline|iso_certification_mentioned|subsidiary|group_structure,0,not_classified_manufacturer,0,weak_location_signal,1,cert_or_patent_evidence,0,no_promoter_extract,1,sector_or_macro_tailwind_tags,1,growth_or_ipo_signal_in_text,3,50,55.0,3,0,0,0,0,0,0,rules_only_no_llm_balance,0.0,0.0,5.0,0.0,5.0,5.0,55.0,0.0,rules_only,iso_only_differentiation_no_sector_moat,1
K K Silk Mills Limited,Corporate Structure” beginning on page no,unspecified_see_drhp,www.axialcapital.in; www.kksilkmills.com; www.linkintime.co.in,Extract from restated financials in DRHP (pattern not matched).,no_structured_differentiation_tag,DRHP: Ms. Saachi Rajesh Madnani PROMOTERS OF; Mr. Ashish Roongta CIN; Ms. Shanti Gopalkrishnan Email Id; Mrs. Asha Manish Shah; Ms. Saachi Rajesh Madnani; Ms. Saachi Rajesh Madnani Membership No,No explicit expansion/hiring/certification keywords in sampled pages — check MD&A / risk factors in full DRHP.,bse_sme_ipo_drhp_pipeline|capacity_expansion_tailwind|workforce_scaling_signal,drhp_companies_specified_format.csv+final_merged_dsir_promoters.csv,,See DRHP ‘Industry / Business overview’ section.,no_structured_differentiation_tag|bse_sme_ipo_drhp_pipeline|capacity_expansion_tailwind|workforce_scaling_signal|no_explicit_expansion|hiring|certification_keywords_in_sampled_pages_—_check_md&a|risk_factors_in_full_drhp,0,not_classified_manufacturer,0,weak_location_signal,0,no_differentiation_evidence,1,named_individuals_in_promoter_field,1,sector_or_macro_tailwind_tags,1,growth_or_ipo_signal_in_text,3,50,50.0,2,0,0,0,0,0,0,rules_only_no_llm_balance,0.0,0.0,0.0,5.0,5.0,5.0,50.0,0.0,rules_only,weak_differentiation_drhp_generics,1
K. V. TOYS INDIA LIMITED,LOCATED) AT LEAST TWO WORKING DAYS PRIOR TO THE BID/ISSUE OPENING DATE WITH THE RELEVANT FINANCIAL RATIOS CALCULATED AT THE FLOOR PRICE AND THE CAP PRICE AND SHALL BE MADE AVAILABLE TO THE SME PLATFORM OF BSE LIMITED (“BSE”) FOR THE PURPOSES OF UPLOADING ON ITS,unspecified_see_drhp,https://kvtoys.com/; www.gyrcapitaladvisors.com; www.purvashare.com,Extract from restated financials in DRHP (pattern not matched).,no_structured_differentiation_tag,Ms. Namita Narang,No explicit expansion/hiring/certification keywords in sampled pages — check MD&A / risk factors in full DRHP.,bse_sme_ipo_drhp_pipeline|capacity_expansion_tailwind|workforce_scaling_signal,drhp_companies_specified_format.csv+final_merged_dsir_promoters.csv,,See DRHP ‘Industry / Business overview’ section.,no_structured_differentiation_tag|bse_sme_ipo_drhp_pipeline|capacity_expansion_tailwind|workforce_scaling_signal|no_explicit_expansion|hiring|certification_keywords_in_sampled_pages_—_check_md&a|risk_factors_in_full_drhp,0,not_classified_manufacturer,0,weak_location_signal,0,no_differentiation_evidence,1,named_individuals_in_promoter_field,1,sector_or_macro_tailwind_tags,1,growth_or_ipo_signal_in_text,3,50,50.0,2,0,0,0,0,0,0,rules_only_no_llm_balance,0.0,0.0,0.0,5.0,5.0,5.0,50.0,0.0,rules_only,weak_differentiation_drhp_generics,1
Kaneri Agro Industries Limited,"Lodariyal, Bavla Sanand Road, Ahmedabad-382220",unspecified_see_drhp,www.beelinebroking.com; www.kaneriagro.in; www.linkintime.co.in,Extract from restated financials in DRHP (pattern not matched).,iso_certification_mention,DRHP: Ms. Asha Rameshwarlal Jain; Mr. Ritesh Kaushikbhai Patel; Mr. Nilesh Kaushikbhai Patel; Mrs. Palak Ritesh Patel Promoters Group Companies; Mr. Nileshkumar Kaushikbhai Patel; Mrs. Palak Ritesh Patel. For; Mrs. Palak Ritesh Patel; Mrs. Nidhi Nileshkumar Patel; Mrs. Indiraben Kaushikbhai Patel; Mr. Kaushikkumar Bhogilal Patel,ISO certification mentioned,bse_sme_ipo_drhp_pipeline,drhp_companies_specified_format.csv+final_merged_dsir_promoters.csv,,See DRHP ‘Industry / Business overview’ section.,iso_certification_mention|bse_sme_ipo_drhp_pipeline|iso_certification_mentioned,0,not_classified_manufacturer,1,india_location_signal,1,cert_or_patent_evidence,1,named_individuals_in_promoter_field,1,sector_or_macro_tailwind_tags,1,growth_or_ipo_signal_in_text,5,83,80.0,2,0,0,0,0,0,0,rules_only_no_llm_balance,0.0,5.0,5.0,5.0,5.0,5.0,80.0,0.0,rules_only,iso_only_differentiation_no_sector_moat,1
Kanone Technologies Limited,"B4(1) 46/2678, Kaniyapilly Road, Chakkaraparambu Vennala P.O Ernakulam, Vennala, Ernakulam, Ernakulam, Kerala, India, 682028",unspecified_see_drhp,www.cameoindia.com; www.ftfinsec.com; www.kanone.in,Extract from restated financials in DRHP (pattern not matched).,no_structured_differentiation_tag,DRHP: Mrs. Sweety Jhunjhunwala Company Secretary; Mr. Faizal Bavaraparambil Abdul Khader; Mrs. Sruthi Muhammed Ali; Mr. Anaz Abdul Khader Bavaraparambil; Mrs. Sweety Jhunjhunwala; Mr. Vivek Vilas Joshi; Mr. Adarsh Punnakkattu Vinu,No explicit expansion/hiring/certification keywords in sampled pages — check MD&A / risk factors in full DRHP.,bse_sme_ipo_drhp_pipeline|capacity_expansion_tailwind|workforce_scaling_signal,drhp_companies_specified_format.csv+final_merged_dsir_promoters.csv,,See DRHP ‘Industry / Business overview’ section.,no_structured_differentiation_tag|bse_sme_ipo_drhp_pipeline|capacity_expansion_tailwind|workforce_scaling_signal|no_explicit_expansion|hiring|certification_keywords_in_sampled_pages_—_check_md&a|risk_factors_in_full_drhp,0,not_classified_manufacturer,1,india_location_signal,0,no_differentiation_evidence,1,named_individuals_in_promoter_field,1,sector_or_macro_tailwind_tags,1,growth_or_ipo_signal_in_text,4,67,60.0,2,0,0,0,0,0,0,rules_only_no_llm_balance,0.0,5.0,0.0,5.0,5.0,5.0,60.0,0.0,rules_only,weak_differentiation_drhp_generics,1
KASLIWAL PROJECTS LIMITED,wide circulation,unspecified_see_drhp,https://kasliwalprojects.com/; www.corpwis.com; www.purvashare.com,Extract from restated financials in DRHP (pattern not matched).,no_structured_differentiation_tag,DRHP: Mr. Padam Kumar Jain; Mr. Nitish Padam Jain; Mrs. Jyoti Jain; Mrs. Poonam Anish Jain; Mrs. Mina Devi Jain; Mr. Anish Padam Jain,capacity expansion; subsidiary / group structure,bse_sme_ipo_drhp_pipeline|capacity_expansion_tailwind,drhp_companies_specified_format.csv+final_merged_dsir_promoters.csv,,See DRHP ‘Industry / Business overview’ section.,no_structured_differentiation_tag|bse_sme_ipo_drhp_pipeline|capacity_expansion_tailwind|capacity_expansion|subsidiary|group_structure,0,not_classified_manufacturer,0,weak_location_signal,0,no_differentiation_evidence,1,named_individuals_in_promoter_field,1,sector_or_macro_tailwind_tags,1,growth_or_ipo_signal_in_text,3,50,50.0,2,0,0,0,0,0,0,rules_only_no_llm_balance,0.0,0.0,0.0,5.0,5.0,5.0,50.0,0.0,rules_only,weak_differentiation_drhp_generics,1
Katex Exim Limited,OFFICE CONTACT PERSON TELEPHONE AND EMAIL WEBSITE 55/Ashra Ind,unspecified_see_drhp,www.bigshareonline.com; www.nirbhaycapital.com; www.thekatex.com,Extract from restated financials in DRHP (pattern not matched).,no_structured_differentiation_tag,Mr. Sajal Rakesh Bansal,subsidiary / group structure,bse_sme_ipo_drhp_pipeline,drhp_companies_specified_format.csv+final_merged_dsir_promoters.csv,,See DRHP ‘Industry / Business overview’ section.,no_structured_differentiation_tag|bse_sme_ipo_drhp_pipeline|subsidiary|group_structure,0,not_classified_manufacturer,0,weak_location_signal,0,no_differentiation_evidence,1,named_individuals_in_promoter_field,1,sector_or_macro_tailwind_tags,0,weak_growth_signal,2,33,30.0,2,0,0,0,0,0,0,rules_only_no_llm_balance,0.0,0.0,0.0,5.0,5.0,0.0,30.0,0.0,rules_only,weak_differentiation_drhp_generics,1
Kiaasa Retail Limited,further details of our Company see “General Information” and “History and Certain Corporate Matters” beginning on page 70 and 182 respectively of this Draft Red Herring Prospectus,unspecified_see_drhp,www.kiaasa.com,Extract from restated financials in DRHP (pattern not matched).,no_structured_differentiation_tag,DRHP: Ms. Kanishka Singhal Company Secretary; Ms. Kanishka Singhal; Mr. Om Prakash; Mr. Amit Chauhan,subsidiary / group structure,bse_sme_ipo_drhp_pipeline,drhp_companies_specified_format.csv+final_merged_dsir_promoters.csv,,See DRHP ‘Industry / Business overview’ section.,no_structured_differentiation_tag|bse_sme_ipo_drhp_pipeline|subsidiary|group_structure,0,not_classified_manufacturer,0,weak_location_signal,0,no_differentiation_evidence,1,named_individuals_in_promoter_field,1,sector_or_macro_tailwind_tags,0,weak_growth_signal,2,33,30.0,2,0,0,0,0,0,0,rules_only_no_llm_balance,0.0,0.0,0.0,5.0,5.0,0.0,30.0,0.0,rules_only,weak_differentiation_drhp_generics|generic_web_or_thin_ops_narrative,2
Kizi Apparels Limited,"dated August 09, 2023. The Corporate Identification Number of our Company is U14109RJ2023PLC086522.",unspecified_see_drhp,www.bigshareonline.com; www.ifinservices.in; www.kiziapparels.co.in,Extract from restated financials in DRHP (pattern not matched).,no_structured_differentiation_tag,DRHP: Ms. Kiran Nathani; Mr. Pradip Sandhir SEBI Reg. No; Mr. Asif Sayyed SEBI Reg. No; Mr. Abhishek Nathani,No explicit expansion/hiring/certification keywords in sampled pages — check MD&A / risk factors in full DRHP.,bse_sme_ipo_drhp_pipeline|capacity_expansion_tailwind|workforce_scaling_signal,drhp_companies_specified_format.csv+final_merged_dsir_promoters.csv,U14109RJ2023PLC086522,See DRHP ‘Industry / Business overview’ section.,no_structured_differentiation_tag|bse_sme_ipo_drhp_pipeline|capacity_expansion_tailwind|workforce_scaling_signal|no_explicit_expansion|hiring|certification_keywords_in_sampled_pages_—_check_md&a|risk_factors_in_full_drhp,0,not_classified_manufacturer,0,weak_location_signal,0,no_differentiation_evidence,1,named_individuals_in_promoter_field,1,sector_or_macro_tailwind_tags,1,growth_or_ipo_signal_in_text,3,50,50.0,2,0,0,0,0,0,0,rules_only_no_llm_balance,0.0,0.0,0.0,5.0,5.0,5.0,50.0,0.0,rules_only,borderline_stale_temporal_signal|weak_differentiation_drhp_generics,2
Knowledge Marine & Engineering Works Limited,"Limited Company pursuant to the special resolution passed by the shareholders at the Extra-Ordinary General Meeting of our Company held on January 23, 2020 and consequent upon conversion the name of our Company was changed to “Knowledge Marine & Engineering Works Limited” vide a ...",unspecified_see_drhp,www.hemsecurities.com; www.kmew.in; www.linkintime.co.in,Extract from restated financials in DRHP (pattern not matched).,no_structured_differentiation_tag,DRHP: Ms. Sonali Chetan Gor; Mr. Saurabh M. Daswani; Mrs. Kanak S. Kewalramani THE ISSUE INITIAL; Mr. Saurabh M. Daswani Materiality Policy; Mrs. Kanak S. Kewalramani; Mr. Pinkesh Kewalramani; Mr. Saurabh Daswani Stakeholders Relationship Committee,subsidiary / group structure,bse_sme_ipo_drhp_pipeline,drhp_companies_specified_format.csv+final_merged_dsir_promoters.csv,,See DRHP ‘Industry / Business overview’ section.,no_structured_differentiation_tag|bse_sme_ipo_drhp_pipeline|subsidiary|group_structure,0,not_classified_manufacturer,0,weak_location_signal,0,no_differentiation_evidence,1,named_individuals_in_promoter_field,1,sector_or_macro_tailwind_tags,0,weak_growth_signal,2,33,30.0,2,0,0,0,0,0,0,rules_only_no_llm_balance,0.0,0.0,0.0,5.0,5.0,0.0,30.0,0.0,rules_only,stale_temporal_signal|weak_differentiation_drhp_generics,2
Koura Fine Diamond Jewelry Limited,"304, Iscon Emporio, B/S Star India Bazar Near Jodhpur Cross Road, Satellite, Ahmedabad-380015, Gujarat, India.","which one can evaluate our business, future prospects and viability.",www.gyrcapitaladvisors.com; www.kfintech.com; www.kouradiamondjewelry.com,Extract from restated financials in DRHP (pattern not matched).,no_structured_differentiation_tag,Mr. Kamlesh Keshavlal Lodhiya,No explicit expansion/hiring/certification keywords in sampled pages — check MD&A / risk factors in full DRHP.,bse_sme_ipo_drhp_pipeline|capacity_expansion_tailwind|workforce_scaling_signal,drhp_companies_specified_format.csv+final_merged_dsir_promoters.csv,,"which one can evaluate our business, future prospects and viability.",no_structured_differentiation_tag|bse_sme_ipo_drhp_pipeline|capacity_expansion_tailwind|workforce_scaling_signal|no_explicit_expansion|hiring|certification_keywords_in_sampled_pages_—_check_md&a|risk_factors_in_full_drhp,0,not_classified_manufacturer,1,india_location_signal,0,no_differentiation_evidence,1,named_individuals_in_promoter_field,1,sector_or_macro_tailwind_tags,1,growth_or_ipo_signal_in_text,4,67,60.0,2,0,0,0,0,0,0,rules_only_no_llm_balance,0.0,5.0,0.0,5.0,5.0,5.0,60.0,0.0,rules_only,calibration_review_queue_step10,1
Krupalu Metals Limited,to section titled “Our History and Certain Corporate Matters” beginning on page no 138 of the Draft Prospectus.,Media / Entertainment,www.krupalumetals.com,Extract from restated financials in DRHP (pattern not matched).,iso_certification_mention,DRHP: Mr. S. Ramakrishna Iyengar CAMEO CORPORATE SERVICES; Ms. K. Sreepriya ISSUE PROGRAMME ISSUE OPENS; Mr. S. Ramakrishna Iyengar SEBI Registration No,ISO certification mentioned,bse_sme_ipo_drhp_pipeline,drhp_companies_specified_format.csv+final_merged_dsir_promoters.csv,,"relationships with us due to a change in preference or any other reason on immediate basis, which could materially and adversely impact",iso_certification_mention|bse_sme_ipo_drhp_pipeline|iso_certification_mentioned,0,not_classified_manufacturer,0,weak_location_signal,1,cert_or_patent_evidence,1,named_individuals_in_promoter_field,1,sector_or_macro_tailwind_tags,1,growth_or_ipo_signal_in_text,4,67,70.0,2,0,0,0,0,0,0,rules_only_no_llm_balance,0.0,0.0,5.0,5.0,5.0,5.0,70.0,0.0,rules_only,iso_only_differentiation_no_sector_moat,1
KVS Castings Limited,INTELLECTUAL PROPERTY RIGHTS,unspecified_see_drhp,https://kvscastings.com/; www.narnolia.com; www.skylinerta.com,Extract from restated financials in DRHP (pattern not matched).,no_structured_differentiation_tag,Mr. Arpan Jindal,No explicit expansion/hiring/certification keywords in sampled pages — check MD&A / risk factors in full DRHP.,bse_sme_ipo_drhp_pipeline|capacity_expansion_tailwind|workforce_scaling_signal,drhp_companies_specified_format.csv+final_merged_dsir_promoters.csv,,See DRHP ‘Industry / Business overview’ section.,no_structured_differentiation_tag|bse_sme_ipo_drhp_pipeline|capacity_expansion_tailwind|workforce_scaling_signal|no_explicit_expansion|hiring|certification_keywords_in_sampled_pages_—_check_md&a|risk_factors_in_full_drhp,0,not_classified_manufacturer,0,weak_location_signal,0,no_differentiation_evidence,1,named_individuals_in_promoter_field,1,sector_or_macro_tailwind_tags,1,growth_or_ipo_signal_in_text,3,50,50.0,2,0,0,0,0,0,0,rules_only_no_llm_balance,0.0,0.0,0.0,5.0,5.0,5.0,50.0,0.0,rules_only,weak_differentiation_drhp_generics,1
L. T. Elevator Limited,"Centre. For details of change in Registered Office of our Company, please refer to the chapter titled “History and Certain Corporate Matters” on page 144 of the Draft Red Herring Prospectus.",unspecified_see_drhp,www.cameoindia.com; www.horizonmanagement.in; www.ltelevator.com,Extract from restated financials in DRHP (pattern not matched).,iso_certification_mention,DRHP: Ms. K. Sreepriya ISSUE OPENS ON ISSUE,ISO certification mentioned; subsidiary / group structure,bse_sme_ipo_drhp_pipeline,drhp_companies_specified_format.csv+final_merged_dsir_promoters.csv,,See DRHP ‘Industry / Business overview’ section.,iso_certification_mention|bse_sme_ipo_drhp_pipeline|iso_certification_mentioned|subsidiary|group_structure,0,not_classified_manufacturer,0,weak_location_signal,1,cert_or_patent_evidence,1,named_individuals_in_promoter_field,1,sector_or_macro_tailwind_tags,1,growth_or_ipo_signal_in_text,4,67,70.0,2,0,0,0,0,0,0,rules_only_no_llm_balance,0.0,0.0,5.0,5.0,5.0,5.0,70.0,0.0,rules_only,iso_only_differentiation_no_sector_moat,1
Larisa Hotels and Resorts Limited,"Centre issued a new certificate of incorporation consequent upon conversion dated October 08, 2024, bearing",unspecified_see_drhp,https://larisahotelsandresorts.co; https://larisahotelsandresorts.com/,Extract from restated financials in DRHP (pattern not matched).,no_structured_differentiation_tag,Could not download DRHP PDF/ZIP for promoter extraction.,subsidiary / group structure,bse_sme_ipo_drhp_pipeline,drhp_companies_specified_format.csv+final_merged_dsir_promoters.csv,,See DRHP ‘Industry / Business overview’ section.,no_structured_differentiation_tag|bse_sme_ipo_drhp_pipeline|subsidiary|group_structure,0,not_classified_manufacturer,0,weak_location_signal,0,no_differentiation_evidence,0,no_promoter_extract,1,sector_or_macro_tailwind_tags,0,weak_growth_signal,1,17,15.0,2,0,0,0,0,0,0,rules_only_no_llm_balance,0.0,0.0,0.0,0.0,5.0,0.0,15.0,0.0,rules_only,weak_differentiation_drhp_generics,1
Leapfrog Engineering Services Limited,"company, please refer to section titled “",unspecified_see_drhp,www.lesgroup.in,Extract from restated financials in DRHP (pattern not matched).,no_structured_differentiation_tag,DRHP: Ms. Sneha Hegde; Mr. Prabhav Narasimha Rao; Mrs. Priyashaila Prabhav Rao ADDENDUM TO; Mr. S. Ramakrishna Iyengar INTEGRATED REGISTRY MANAGEMENT; Mr. Suresh Bohra Telephone,subsidiary / group structure,bse_sme_ipo_drhp_pipeline,drhp_companies_specified_format.csv+final_merged_dsir_promoters.csv,,See DRHP ‘Industry / Business overview’ section.,no_structured_differentiation_tag|bse_sme_ipo_drhp_pipeline|subsidiary|group_structure,0,not_classified_manufacturer,0,weak_location_signal,0,no_differentiation_evidence,1,named_individuals_in_promoter_field,1,sector_or_macro_tailwind_tags,0,weak_growth_signal,2,33,30.0,2,0,0,0,0,0,0,rules_only_no_llm_balance,0.0,0.0,0.0,5.0,5.0,0.0,30.0,0.0,rules_only,weak_differentiation_drhp_generics|generic_web_or_thin_ops_narrative,2
Leo Dryfruits & Spices Trading Limited,"Office Contact Person Email and Telephone Website A 812, MIDC Khairane, Thane Belapur Rd, TTC Industrial Area, Koperkhairane, Thane, Maharashtra-400705, India N.A. Ms. Pratibha Kumari Bharadia Company Secretary and Compliance Officer Email: info@leodryfruitsandspices.com",unspecified_see_drhp,www.leodryfruitsandspices.com,Extract from restated financials in DRHP (pattern not matched).,no_structured_differentiation_tag,DRHP: Ms. Pratibha Kumari Bharadia Company Secretary; Ms. Tanya Goyal E-mail; Ms. Pratibha Kumari Bharadia; Mr. Kaushik Sobhagchand Shah. MOA; Mr. Parth Ashish Mehta. NRIs; Mr. Kaushik Sobhagchand Shah; Mr. Ketan Sobhagchand Shah; Mr. Parth Ashish Mehta. For; Mr. Ashish Jaswantrai Mehta; Mr. Parth Ashish Mehta. Stakeholders Relationship Committee,No explicit expansion/hiring/certification keywords in sampled pages — check MD&A / risk factors in full DRHP.,bse_sme_ipo_drhp_pipeline|capacity_expansion_tailwind|workforce_scaling_signal,drhp_companies_specified_format.csv+final_merged_dsir_promoters.csv,,See DRHP ‘Industry / Business overview’ section.,no_structured_differentiation_tag|bse_sme_ipo_drhp_pipeline|capacity_expansion_tailwind|workforce_scaling_signal|no_explicit_expansion|hiring|certification_keywords_in_sampled_pages_—_check_md&a|risk_factors_in_full_drhp,0,not_classified_manufacturer,1,india_location_signal,0,no_differentiation_evidence,1,named_individuals_in_promoter_field,1,sector_or_macro_tailwind_tags,1,growth_or_ipo_signal_in_text,4,67,60.0,2,0,0,0,0,0,0,rules_only_no_llm_balance,0.0,5.0,0.0,5.0,5.0,5.0,60.0,0.0,rules_only,weak_differentiation_drhp_generics,1
Liqvd Digital India Limited,"AT LEAST TW O WORKING DAYS PRIOR TO THE BID/ OFFER OPENING DATE AND SHALL BE MADE AVAILABLE TO THE SME PLATFORM OF BSE (“BSE SME”) FOR THE PURPOSES OF UPLOADING ON THEIR WEBSITE, IN ACCORDANCE WITH THE SEBI ICDR REGULATIONS.",unspecified_see_drhp,https://liqvd.asia/,Extract from restated financials in DRHP (pattern not matched).,no_structured_differentiation_tag,Could not download DRHP PDF/ZIP for promoter extraction.,subsidiary / group structure,bse_sme_ipo_drhp_pipeline,drhp_companies_specified_format.csv+final_merged_dsir_promoters.csv,,See DRHP ‘Industry / Business overview’ section.,no_structured_differentiation_tag|bse_sme_ipo_drhp_pipeline|subsidiary|group_structure,0,not_classified_manufacturer,0,weak_location_signal,0,no_differentiation_evidence,0,no_promoter_extract,1,sector_or_macro_tailwind_tags,0,weak_growth_signal,1,17,15.0,4,0,0,0,0,0,0,rules_only_no_llm_balance,0.0,0.0,0.0,0.0,5.0,0.0,15.0,0.0,rules_only,weak_differentiation_drhp_generics|generic_web_or_thin_ops_narrative,2
Locksworth Infrastructure Limited,"Trade Centre, Plot No - P- 1 Netaji Subhash Place, Shakur Pur I Block, North West Delhi, India, 110034",unspecified_see_drhp,www.bigshareonline.com; www.gyrcapitaladvisors.com; www.locksworth.in,Extract from restated financials in DRHP (pattern not matched).,iso_certification_mention,Mr. Vipin Kumar Chaurasia,ISO certification mentioned; subsidiary / group structure,bse_sme_ipo_drhp_pipeline,drhp_companies_specified_format.csv+final_merged_dsir_promoters.csv,,See DRHP ‘Industry / Business overview’ section.,iso_certification_mention|bse_sme_ipo_drhp_pipeline|iso_certification_mentioned|subsidiary|group_structure,0,not_classified_manufacturer,1,india_location_signal,1,cert_or_patent_evidence,1,named_individuals_in_promoter_field,1,sector_or_macro_tailwind_tags,1,growth_or_ipo_signal_in_text,5,83,80.0,2,0,0,0,0,0,0,rules_only_no_llm_balance,0.0,5.0,5.0,5.0,5.0,5.0,80.0,0.0,rules_only,iso_only_differentiation_no_sector_moat,1
Lorven International Limited,Little or no extractable text (likely scanned PDF — needs OCR).,unspecified_see_drhp,https://lorveninternational.in; https://www.Bigshareonline.Com; www.Bigshareonline.Com; www.ifinservices.in,₹0–5 Cr (approx from lakhs),iso_certification_mention,DRHP: Mr. Sohil Nitin Savla. CIN Corporate Identification; Ms. Meenakshi Jain Depositories Act The Depositories; Pankaj Baldevkumar Aggarwal; Sangeeta Deepak Aggarwal; Rupen Deepak,capex / capital expenditure; ISO certification mentioned; subsidiary / group structure,bse_sme_ipo_drhp_pipeline|capacity_expansion_tailwind,drhp_companies_specified_format.csv+final_merged_dsir_promoters.csv,,See DRHP ‘Industry / Business overview’ section.,iso_certification_mention|bse_sme_ipo_drhp_pipeline|capacity_expansion_tailwind|capex|capital_expenditure|iso_certification_mentioned|subsidiary|group_structure,0,not_classified_manufacturer,0,weak_location_signal,1,cert_or_patent_evidence,1,named_individuals_in_promoter_field,1,sector_or_macro_tailwind_tags,1,growth_or_ipo_signal_in_text,4,67,70.0,3,0,0,0,0,0,0,rules_only_no_llm_balance,0.0,0.0,5.0,5.0,5.0,5.0,70.0,0.0,rules_only,iso_only_differentiation_no_sector_moat,1
M.R.MANIVENI FOODS LIMITED,"Chennai, Andaman and Nicobar Islands, bearing Corporate Identity Number (",unspecified_see_drhp,https://www.mrgolddhall.com/; www.bigshareonline.com; www.capitalsquare.in,Extract from restated financials in DRHP (pattern not matched).,iso_certification_mention,DRHP: K R MANIKANDAN; M CHANDRA AND K SELVAM,capacity expansion; ISO certification mentioned,bse_sme_ipo_drhp_pipeline|capacity_expansion_tailwind,drhp_companies_specified_format.csv+final_merged_dsir_promoters.csv,,See DRHP ‘Industry / Business overview’ section.,iso_certification_mention|bse_sme_ipo_drhp_pipeline|capacity_expansion_tailwind|capacity_expansion|iso_certification_mentioned,0,not_classified_manufacturer,1,india_location_signal,1,cert_or_patent_evidence,1,rich_drhp_promoter_blob,1,sector_or_macro_tailwind_tags,1,growth_or_ipo_signal_in_text,5,83,80.0,2,0,0,0,0,0,0,rules_only_no_llm_balance,0.0,5.0,5.0,5.0,5.0,5.0,80.0,0.0,rules_only,iso_only_differentiation_no_sector_moat,1
MACH CONFERENCES AND EVENTS LIMITED,CORPORATE OFFICE CONTACT PERSON TELEPHONE AND EMAIL,unspecified_see_drhp,www.machconferences.com,Extract from restated financials in DRHP (pattern not matched).,no_structured_differentiation_tag,Promoter names not machine-extracted from sampled DRHP pages; verify in IPO prospectus or LinkedIn.,subsidiary / group structure,bse_sme_ipo_drhp_pipeline,drhp_companies_specified_format.csv+final_merged_dsir_promoters.csv,,See DRHP ‘Industry / Business overview’ section.,no_structured_differentiation_tag|bse_sme_ipo_drhp_pipeline|subsidiary|group_structure,0,not_classified_manufacturer,0,weak_location_signal,0,no_differentiation_evidence,0,no_promoter_extract,1,sector_or_macro_tailwind_tags,0,weak_growth_signal,1,17,15.0,2,0,0,0,0,0,0,rules_only_no_llm_balance,0.0,0.0,0.0,0.0,5.0,0.0,15.0,0.0,rules_only,weak_differentiation_drhp_generics|generic_web_or_thin_ops_narrative,2
Maharaja & Speedex India Limited,"53/27 GT Karnal Road Village Alipur, Near Alipur Police Station, New Delhi, Delhi-110036",unspecified_see_drhp,https://speedexind.com,Extract from restated financials in DRHP (pattern not matched).,no_structured_differentiation_tag,Promoter names not machine-extracted — verify in IPO prospectus or LinkedIn.,subsidiary / group structure,bse_sme_ipo_drhp_pipeline,drhp_companies_specified_format.csv+final_merged_dsir_promoters.csv,,See DRHP ‘Industry / Business overview’ section.,no_structured_differentiation_tag|bse_sme_ipo_drhp_pipeline|subsidiary|group_structure,0,not_classified_manufacturer,1,india_location_signal,0,no_differentiation_evidence,0,weak_promoter_signal,1,sector_or_macro_tailwind_tags,0,weak_growth_signal,2,33,25.0,2,0,0,0,0,0,0,rules_only_no_llm_balance,0.0,5.0,0.0,0.0,5.0,0.0,25.0,0.0,rules_only,weak_differentiation_drhp_generics|generic_web_or_thin_ops_narrative,2
Malpani Pipes & Fittings Limited,"Area, Ratlam, Madhya Pradesh-457001, India",unspecified_see_drhp,www.bigshareonline.com; www.ifinservices.in; www.malpanipipes.com,Extract from restated financials in DRHP (pattern not matched).,iso_certification_mention,DRHP: Rohit Malpani; Harsh Malpani; Mohit Malpani,ISO certification mentioned,bse_sme_ipo_drhp_pipeline,drhp_companies_specified_format.csv+final_merged_dsir_promoters.csv,,See DRHP ‘Industry / Business overview’ section.,iso_certification_mention|bse_sme_ipo_drhp_pipeline|iso_certification_mentioned,0,not_classified_manufacturer,1,india_location_signal,1,cert_or_patent_evidence,1,rich_drhp_promoter_blob,1,sector_or_macro_tailwind_tags,1,growth_or_ipo_signal_in_text,5,83,80.0,2,0,0,0,0,0,0,rules_only_no_llm_balance,0.0,5.0,5.0,5.0,5.0,5.0,80.0,0.0,rules_only,iso_only_differentiation_no_sector_moat,1
Manisha Textiles Limited,"Survey No 6, House No 8 P, Gova MIDC, Vill Sarav ali, Bhiwandi -421302 Maharashtra, India",unspecified_see_drhp,www.kfintech.com; www.manishatextiles.in; www.rarever.in,Extract from restated financials in DRHP (pattern not matched).,iso_certification_mention,DRHP: Ms. Kapila Shardul Tikke Company Secretary; Ms. Kapila Shardul Tikke,ISO certification mentioned; subsidiary / group structure,bse_sme_ipo_drhp_pipeline,drhp_companies_specified_format.csv+final_merged_dsir_promoters.csv,,See DRHP ‘Industry / Business overview’ section.,iso_certification_mention|bse_sme_ipo_drhp_pipeline|iso_certification_mentioned|subsidiary|group_structure,0,not_classified_manufacturer,1,india_location_signal,1,cert_or_patent_evidence,1,named_individuals_in_promoter_field,1,sector_or_macro_tailwind_tags,1,growth_or_ipo_signal_in_text,5,83,80.0,2,0,0,0,0,0,0,rules_only_no_llm_balance,0.0,5.0,5.0,5.0,5.0,5.0,80.0,0.0,rules_only,iso_only_differentiation_no_sector_moat,1
Matangi Rubber Limited,"Subsequently, our Company was converted into a Public Limited Company under the Companies Act, 2013 pursuant to a special resolution passed by the shareholders of our Company on November 04, 2024 and the n ame was changed to “Matangi Rubber Limited” pursuant to a fresh Certificat...",unspecified_see_drhp,www.bigshareonline.com; www.matangirubber.com; www.sarthi.in,Extract from restated financials in DRHP (pattern not matched).,no_structured_differentiation_tag,Mr. Mohit Gupta,subsidiary / group structure,bse_sme_ipo_drhp_pipeline,drhp_companies_specified_format.csv+final_merged_dsir_promoters.csv,,See DRHP ‘Industry / Business overview’ section.,no_structured_differentiation_tag|bse_sme_ipo_drhp_pipeline|subsidiary|group_structure,0,not_classified_manufacturer,0,weak_location_signal,0,no_differentiation_evidence,1,named_individuals_in_promoter_field,1,sector_or_macro_tailwind_tags,0,weak_growth_signal,2,33,30.0,2,0,0,0,0,0,0,rules_only_no_llm_balance,0.0,0.0,0.0,5.0,5.0,0.0,30.0,0.0,rules_only,stale_temporal_signal|weak_differentiation_drhp_generics,2
MEHUL TELECOM LIMITED,Ahmedabad,unspecified_see_drhp,www.cumulativecapital.group; www.kfintech.com; www.mehultelecom.com,Extract from restated financials in DRHP (pattern not matched).,no_structured_differentiation_tag,Could not download DRHP PDF/ZIP for promoter extraction.,No explicit expansion/hiring/certification keywords in sampled pages — check MD&A / risk factors in full DRHP.,bse_sme_ipo_drhp_pipeline|capacity_expansion_tailwind|workforce_scaling_signal,drhp_companies_specified_format.csv+final_merged_dsir_promoters.csv,,See DRHP ‘Industry / Business overview’ section.,no_structured_differentiation_tag|bse_sme_ipo_drhp_pipeline|capacity_expansion_tailwind|workforce_scaling_signal|no_explicit_expansion|hiring|certification_keywords_in_sampled_pages_—_check_md&a|risk_factors_in_full_drhp,0,not_classified_manufacturer,1,india_location_signal,0,no_differentiation_evidence,0,no_promoter_extract,1,sector_or_macro_tailwind_tags,1,growth_or_ipo_signal_in_text,3,50,45.0,2,0,0,0,0,0,0,rules_only_no_llm_balance,0.0,5.0,0.0,0.0,5.0,5.0,45.0,0.0,rules_only,weak_differentiation_drhp_generics,1
Meta Infotech Limited,"instance, there has been a clerical error in Issue Price mentioned in form 2 filed for allotment of 1,25,000 equity shares by way of right issue in FY 2008. Further secretarial records for following past allotments of Equity Shares made by our Company could not be traced, as unde...",unspecified_see_drhp,www.hemsecurities.com; www.kfintech.com; www.metainfotech.com/,Extract from restated financials in DRHP (pattern not matched).,no_structured_differentiation_tag,Promoter names not machine-extracted from sampled DRHP pages; verify in IPO prospectus or LinkedIn.,No explicit expansion/hiring/certification keywords in sampled pages — check MD&A / risk factors in full DRHP.,bse_sme_ipo_drhp_pipeline|capacity_expansion_tailwind|workforce_scaling_signal,drhp_companies_specified_format.csv+final_merged_dsir_promoters.csv,,See DRHP ‘Industry / Business overview’ section.,no_structured_differentiation_tag|bse_sme_ipo_drhp_pipeline|capacity_expansion_tailwind|workforce_scaling_signal|no_explicit_expansion|hiring|certification_keywords_in_sampled_pages_—_check_md&a|risk_factors_in_full_drhp,0,not_classified_manufacturer,0,weak_location_signal,0,no_differentiation_evidence,0,no_promoter_extract,1,sector_or_macro_tailwind_tags,1,growth_or_ipo_signal_in_text,2,33,35.0,2,0,0,0,0,0,0,rules_only_no_llm_balance,0.0,0.0,0.0,0.0,5.0,5.0,35.0,0.0,rules_only,stale_temporal_signal|weak_differentiation_drhp_generics,2
Metalic Technoforge Ltd,Rajkot,Manufacturing / Industrial,metalictechnoforge.com,₹100–200 Cr,no_structured_differentiation_tag,,IPO filed Mar 2026,bse_sme_ipo_drhp_pipeline|make_in_india_manufacturing|capital_markets_ipo_activity,data_with_dsir_recognition.csv+final_merged_dsir_promoters.csv,,Specialty Manufacturing (Forging),no_structured_differentiation_tag|bse_sme_ipo_drhp_pipeline|make_in_india_manufacturing|capital_markets_ipo_activity|ipo_filed_mar_2026,1,manufacturer_or_industrial_segment,0,weak_location_signal,0,no_differentiation_evidence,0,no_promoter_extract,1,sector_or_macro_tailwind_tags,1,growth_or_ipo_signal_in_text,3,50,55.0,2,0,0,0,0,0,0,rules_only_no_llm_balance,5.0,0.0,0.0,0.0,5.0,5.0,55.0,0.0,rules_only,calibration_review_queue_step10,1
Methodhub Software Limited,"Unit No. 109, 1 st Floor, Prestige Meridian – 1, No. 29, M.G. Road, Bengaluru – 560 001, Karnataka, India. Muthukrishnan Shanmuga Thevar- Company Secretary and Compliance Officer Telephone: +91 78248 23132 Email: cs@methodhub.in",unspecified_see_drhp,www.methodhub.in,Extract from restated financials in DRHP (pattern not matched).,no_structured_differentiation_tag,Promoter names not machine-extracted from sampled DRHP pages; verify in IPO prospectus or LinkedIn.,subsidiary / group structure,bse_sme_ipo_drhp_pipeline,drhp_companies_specified_format.csv+final_merged_dsir_promoters.csv,,See DRHP ‘Industry / Business overview’ section.,no_structured_differentiation_tag|bse_sme_ipo_drhp_pipeline|subsidiary|group_structure,0,not_classified_manufacturer,1,india_location_signal,0,no_differentiation_evidence,0,no_promoter_extract,1,sector_or_macro_tailwind_tags,0,weak_growth_signal,2,33,25.0,2,0,0,0,0,0,0,rules_only_no_llm_balance,0.0,5.0,0.0,0.0,5.0,0.0,25.0,0.0,rules_only,weak_differentiation_drhp_generics|generic_web_or_thin_ops_narrative,2
MILAN GINNING PRESSING LIMITED,& FACTORY CONTACT PERSON EMAIL AND TELEPHONE,unspecified_see_drhp,www.milangroupindia.com,Extract from restated financials in DRHP (pattern not matched).,no_structured_differentiation_tag,DRHP: Mr. S. Ramakrishna Iyengar Telephone,subsidiary / group structure,bse_sme_ipo_drhp_pipeline,drhp_companies_specified_format.csv+final_merged_dsir_promoters.csv,,See DRHP ‘Industry / Business overview’ section.,no_structured_differentiation_tag|bse_sme_ipo_drhp_pipeline|subsidiary|group_structure,0,not_classified_manufacturer,0,weak_location_signal,0,no_differentiation_evidence,1,named_individuals_in_promoter_field,1,sector_or_macro_tailwind_tags,0,weak_growth_signal,2,33,30.0,2,0,0,0,0,0,0,rules_only_no_llm_balance,0.0,0.0,0.0,5.0,5.0,0.0,30.0,0.0,rules_only,weak_differentiation_drhp_generics|generic_web_or_thin_ops_narrative,2
MILLWORKS TECHNOLOGIES LIMITED,PERSON EMAIL ID AND TELEPHONE WEBSITE No,unspecified_see_drhp,https://millworksindia.com/,Extract from restated financials in DRHP (pattern not matched).,no_structured_differentiation_tag,Mr. Sridhar Acharya,No explicit expansion/hiring/certification keywords in sampled pages — check MD&A / risk factors in full DRHP.,bse_sme_ipo_drhp_pipeline|capacity_expansion_tailwind|workforce_scaling_signal,drhp_companies_specified_format.csv+final_merged_dsir_promoters.csv,,See DRHP ‘Industry / Business overview’ section.,no_structured_differentiation_tag|bse_sme_ipo_drhp_pipeline|capacity_expansion_tailwind|workforce_scaling_signal|no_explicit_expansion|hiring|certification_keywords_in_sampled_pages_—_check_md&a|risk_factors_in_full_drhp,0,not_classified_manufacturer,0,weak_location_signal,0,no_differentiation_evidence,1,named_individuals_in_promoter_field,1,sector_or_macro_tailwind_tags,1,growth_or_ipo_signal_in_text,3,50,50.0,2,0,0,0,0,0,0,rules_only_no_llm_balance,0.0,0.0,0.0,5.0,5.0,5.0,50.0,0.0,rules_only,weak_differentiation_drhp_generics,1
Monarch Surveyors and Engineering Consultants Limited,Bidder/ Investor Any prospective investor who makes a bid for Equity Shares in terms of Red Herring Prospectus.,unspecified_see_drhp,www.monarchconsultants.in,Extract from restated financials in DRHP (pattern not matched).,no_structured_differentiation_tag,Mr. Dattatraya Mohaniraj Karpe,subsidiary / group structure,bse_sme_ipo_drhp_pipeline,drhp_companies_specified_format.csv+final_merged_dsir_promoters.csv,,See DRHP ‘Industry / Business overview’ section.,no_structured_differentiation_tag|bse_sme_ipo_drhp_pipeline|subsidiary|group_structure,0,not_classified_manufacturer,0,weak_location_signal,0,no_differentiation_evidence,1,named_individuals_in_promoter_field,1,sector_or_macro_tailwind_tags,0,weak_growth_signal,2,33,30.0,2,0,0,0,0,0,0,rules_only_no_llm_balance,0.0,0.0,0.0,5.0,5.0,0.0,30.0,0.0,rules_only,weak_differentiation_drhp_generics|generic_web_or_thin_ops_narrative,2
Monika Alcobev Limited,Registration Centre,unspecified_see_drhp,www.in.mpms.mufg.com; www.monikaalcobev.com,Extract from restated financials in DRHP (pattern not matched).,no_structured_differentiation_tag,Promoter names not machine-extracted from sampled DRHP pages; verify in IPO prospectus or LinkedIn.,No explicit expansion/hiring/certification keywords in sampled pages — check MD&A / risk factors in full DRHP.,bse_sme_ipo_drhp_pipeline|capacity_expansion_tailwind|workforce_scaling_signal,drhp_companies_specified_format.csv+final_merged_dsir_promoters.csv,,See DRHP ‘Industry / Business overview’ section.,no_structured_differentiation_tag|bse_sme_ipo_drhp_pipeline|capacity_expansion_tailwind|workforce_scaling_signal|no_explicit_expansion|hiring|certification_keywords_in_sampled_pages_—_check_md&a|risk_factors_in_full_drhp,0,not_classified_manufacturer,0,weak_location_signal,0,no_differentiation_evidence,0,no_promoter_extract,1,sector_or_macro_tailwind_tags,1,growth_or_ipo_signal_in_text,2,33,35.0,2,0,0,0,0,0,0,rules_only_no_llm_balance,0.0,0.0,0.0,0.0,5.0,5.0,35.0,0.0,rules_only,weak_differentiation_drhp_generics,1
Mother Nutri Foods Limited,"Survey No 276/1, Opp",unspecified_see_drhp,www.mothernutrifoods.com,Extract from restated financials in DRHP (pattern not matched).,no_structured_differentiation_tag,Promoter names not machine-extracted from sampled DRHP pages; verify in IPO prospectus or LinkedIn.,No explicit expansion/hiring/certification keywords in sampled pages — check MD&A / risk factors in full DRHP.,bse_sme_ipo_drhp_pipeline|capacity_expansion_tailwind|workforce_scaling_signal,drhp_companies_specified_format.csv+final_merged_dsir_promoters.csv,,See DRHP ‘Industry / Business overview’ section.,no_structured_differentiation_tag|bse_sme_ipo_drhp_pipeline|capacity_expansion_tailwind|workforce_scaling_signal|no_explicit_expansion|hiring|certification_keywords_in_sampled_pages_—_check_md&a|risk_factors_in_full_drhp,0,not_classified_manufacturer,0,weak_location_signal,0,no_differentiation_evidence,0,no_promoter_extract,1,sector_or_macro_tailwind_tags,1,growth_or_ipo_signal_in_text,2,33,35.0,2,0,0,0,0,0,0,rules_only_no_llm_balance,0.0,0.0,0.0,0.0,5.0,5.0,35.0,0.0,rules_only,weak_differentiation_drhp_generics,1
MRC Infracon Limited,"Registered Office: MRC Group,",unspecified_see_drhp,www.cumulativecapital.group; www.kfintech.com; www.mrcgroup.in,Extract from restated financials in DRHP (pattern not matched).,no_structured_differentiation_tag,DRHP: Mr. Mukesh Ranjan; in dematerialized form,No explicit expansion/hiring/certification keywords in sampled pages — check MD&A / risk factors in full DRHP.,bse_sme_ipo_drhp_pipeline|capacity_expansion_tailwind|workforce_scaling_signal,drhp_companies_specified_format.csv+final_merged_dsir_promoters.csv,,See DRHP ‘Industry / Business overview’ section.,no_structured_differentiation_tag|bse_sme_ipo_drhp_pipeline|capacity_expansion_tailwind|workforce_scaling_signal|no_explicit_expansion|hiring|certification_keywords_in_sampled_pages_—_check_md&a|risk_factors_in_full_drhp,0,not_classified_manufacturer,0,weak_location_signal,0,no_differentiation_evidence,1,named_individuals_in_promoter_field,1,sector_or_macro_tailwind_tags,1,growth_or_ipo_signal_in_text,3,50,50.0,2,0,0,0,0,0,0,rules_only_no_llm_balance,0.0,0.0,0.0,5.0,5.0,5.0,50.0,0.0,rules_only,weak_differentiation_drhp_generics,1
MRP Agro Limited,chapter titled “History and Corporate Structure” beginning on page 98 of this Draft Prospectus.,unspecified_see_drhp,www.beelinebroking.com; www.mrpagro.com; www.skylinerta.com,Extract from restated financials in DRHP (pattern not matched).,iso_certification_mention,DRHP: Mr. Manish Kumar Jain; Mrs Raksha Jain; Mrs. Raksha Jain Stakeholders Relationship Committee Stakeholder,ISO certification mentioned; subsidiary / group structure,bse_sme_ipo_drhp_pipeline,drhp_companies_specified_format.csv+final_merged_dsir_promoters.csv,,See DRHP ‘Industry / Business overview’ section.,iso_certification_mention|bse_sme_ipo_drhp_pipeline|iso_certification_mentioned|subsidiary|group_structure,0,not_classified_manufacturer,0,weak_location_signal,1,cert_or_patent_evidence,1,named_individuals_in_promoter_field,1,sector_or_macro_tailwind_tags,1,growth_or_ipo_signal_in_text,4,67,70.0,2,0,0,0,0,0,0,rules_only_no_llm_balance,0.0,0.0,5.0,5.0,5.0,5.0,70.0,0.0,rules_only,iso_only_differentiation_no_sector_moat,1
MTE STRUCTURES LIMITED,Centre. For further details please refer to chapter titled “History and Certain Corporate Matters” beginning on Page No. 145 of the Draft Red Herring Prospectus.,Manufacturing / Industrial,https://in.mpms.mufg.com/; https://mtegroup.in/; www.gyrcapitaladvisors.com,Extract from restated financials in DRHP (pattern not matched).,iso_certification_mention,DRHP: Mrs. Jinal Bhavik Shah; Mrs. Jinal Bhavik Shah Company Secretary; Mr. Mohit Baid SEBI Registration Number; Mr. Shanti Gopalkrishnan SEBI Registration Number,ISO certification mentioned,bse_sme_ipo_drhp_pipeline|make_in_india_manufacturing,drhp_companies_specified_format.csv+final_merged_dsir_promoters.csv,,the manufacturing of specialized solar panel mounting structures and provides solar mounting solutions,iso_certification_mention|bse_sme_ipo_drhp_pipeline|make_in_india_manufacturing|iso_certification_mentioned,1,manufacturer_or_industrial_segment,0,weak_location_signal,1,cert_or_patent_evidence,1,named_individuals_in_promoter_field,1,sector_or_macro_tailwind_tags,1,growth_or_ipo_signal_in_text,5,83,90.0,2,0,0,0,0,0,0,rules_only_no_llm_balance,5.0,0.0,5.0,5.0,5.0,5.0,90.0,0.0,rules_only,iso_only_differentiation_no_sector_moat,1
NACDAC Infrastructure Limited,"OFFICE CONTACT PERSON EMAIL ID AND TELEPHONE WEBSITE KF-120 Kavi Nagar, Ghaziabad, Uttar Pradesh, India, 201002 77, 2nd Floor, Navyug Market, Ghaziabad, Uttar Pradesh, India, 201001 Mr. Pradeep Singh Company Secretary and Compliance Officer Email-id: compliance.nacdac@gmail.com I...",unspecified_see_drhp,http://nacdacinfrastructure.com/; www.nacdacinfrstructure.com,Extract from restated financials in DRHP (pattern not matched).,no_structured_differentiation_tag,Mr. Ashish Saxena,No explicit expansion/hiring/certification keywords in sampled pages — check MD&A / risk factors in full DRHP.,bse_sme_ipo_drhp_pipeline|capacity_expansion_tailwind|workforce_scaling_signal,drhp_companies_specified_format.csv+final_merged_dsir_promoters.csv,,See DRHP ‘Industry / Business overview’ section.,no_structured_differentiation_tag|bse_sme_ipo_drhp_pipeline|capacity_expansion_tailwind|workforce_scaling_signal|no_explicit_expansion|hiring|certification_keywords_in_sampled_pages_—_check_md&a|risk_factors_in_full_drhp,0,not_classified_manufacturer,1,india_location_signal,0,no_differentiation_evidence,1,named_individuals_in_promoter_field,1,sector_or_macro_tailwind_tags,1,growth_or_ipo_signal_in_text,4,67,60.0,2,0,0,0,0,0,0,rules_only_no_llm_balance,0.0,5.0,0.0,5.0,5.0,5.0,60.0,0.0,rules_only,weak_differentiation_drhp_generics,1
NAKSHATRA ASSET VENTURES LIMITED,"Ho. No. 1016/Pl. No. 377, Flat No. Nakshatra-3rd Floor, Gandhi Nagar, Ambazari Road, Shankar Nagar, Nagpur, Maharashtra, India, 440010 Nakshatra 402 Ground Floor, Building, Solitaire Park, Chakala, Andheri -Mumbai 400093 Hansdhwani Hitendrabhai Dwivedi Company Secretary & Complia...",unspecified_see_drhp,www.bigshareonline.com; www.nakshatraassetventures.com; www.narnolia.com,Extract from restated financials in DRHP (pattern not matched).,no_structured_differentiation_tag,Mr. Amar Vijaykumar Agrawal,subsidiary / group structure,bse_sme_ipo_drhp_pipeline,drhp_companies_specified_format.csv+final_merged_dsir_promoters.csv,,See DRHP ‘Industry / Business overview’ section.,no_structured_differentiation_tag|bse_sme_ipo_drhp_pipeline|subsidiary|group_structure,0,not_classified_manufacturer,1,india_location_signal,0,no_differentiation_evidence,1,named_individuals_in_promoter_field,1,sector_or_macro_tailwind_tags,0,weak_growth_signal,3,50,40.0,2,0,0,0,0,0,0,rules_only_no_llm_balance,0.0,5.0,0.0,5.0,5.0,0.0,40.0,0.0,rules_only,weak_differentiation_drhp_generics|generic_web_or_thin_ops_narrative,2
Nanta Tech Limited,Contact Person Email and Telephone Website Office No,unspecified_see_drhp,https://www.nantatech.com; www.bigshareonline.com; www.nantatech.com; www.shcapl.com,Extract from restated financials in DRHP (pattern not matched).,iso_certification_mention,DRHP: Mr. Pintu Kumar Kuberbhai Chaudhari; MAYANK A JANI AND JANI MANSIBEN MAYANKKUMAR; Mr. Parth Shah SEBI Registration No; Mr. Sagar Pathare SEBI Registration No; Mr. Pintu Kumar Kuberbhai Chaudhari Company Secretary; MAYANK A JANI AND JANI MANSIBEN MANYANKKUMAR,ISO certification mentioned,bse_sme_ipo_drhp_pipeline,drhp_companies_specified_format.csv+final_merged_dsir_promoters.csv,,See DRHP ‘Industry / Business overview’ section.,iso_certification_mention|bse_sme_ipo_drhp_pipeline|iso_certification_mentioned,0,not_classified_manufacturer,0,weak_location_signal,1,cert_or_patent_evidence,1,named_individuals_in_promoter_field,1,sector_or_macro_tailwind_tags,1,growth_or_ipo_signal_in_text,4,67,70.0,2,0,0,0,0,0,0,rules_only_no_llm_balance,0.0,0.0,5.0,5.0,5.0,5.0,70.0,0.0,rules_only,iso_only_differentiation_no_sector_moat,1
NATRINAI VENTURES LIMITED,vide Certificate of Incorporation bearing,"Offer Size and Pre-Offer Shareholding of Promoters, Promoter Group and Promoter Selling Shareholder as a percentage of",https://www.kreocapital.com; www.cameoindia.com; www.ngegreenenergy.com,Extract from restated financials in DRHP (pattern not matched).,iso_certification_mention,Could not download DRHP PDF/ZIP for promoter extraction.,ISO certification mentioned,bse_sme_ipo_drhp_pipeline,drhp_companies_specified_format.csv+final_merged_dsir_promoters.csv,,"Offer Size and Pre-Offer Shareholding of Promoters, Promoter Group and Promoter Selling Shareholder as a percentage of",iso_certification_mention|bse_sme_ipo_drhp_pipeline|iso_certification_mentioned,0,not_classified_manufacturer,0,weak_location_signal,1,cert_or_patent_evidence,0,no_promoter_extract,1,sector_or_macro_tailwind_tags,1,growth_or_ipo_signal_in_text,3,50,55.0,2,0,0,0,0,0,0,rules_only_no_llm_balance,0.0,0.0,5.0,0.0,5.0,5.0,55.0,0.0,rules_only,iso_only_differentiation_no_sector_moat,1
NEETU YOSHI LIMITED,"Jakhan, Rajpur Road, Dehradun, Dehradun, Uttarakhand, India-248001 “we”, “us” and “our” Unless the context otherwise indicates or implies, refers to our Company together with our Subsidiaries, on a consolidated basis as on the date of this Draft Red Herring Prospectus. “you”, “yo...",unspecified_see_drhp,www.neetuyoshi.com,Extract from restated financials in DRHP (pattern not matched).,no_structured_differentiation_tag,Could not download DRHP PDF/ZIP for promoter extraction.,subsidiary / group structure,bse_sme_ipo_drhp_pipeline,drhp_companies_specified_format.csv+final_merged_dsir_promoters.csv,,See DRHP ‘Industry / Business overview’ section.,no_structured_differentiation_tag|bse_sme_ipo_drhp_pipeline|subsidiary|group_structure,0,not_classified_manufacturer,1,india_location_signal,0,no_differentiation_evidence,0,no_promoter_extract,1,sector_or_macro_tailwind_tags,0,weak_growth_signal,2,33,25.0,2,0,0,0,0,0,0,rules_only_no_llm_balance,0.0,5.0,0.0,0.0,5.0,0.0,25.0,0.0,rules_only,weak_differentiation_drhp_generics|generic_web_or_thin_ops_narrative,2
Neev Credit Limited,"PERSON TELEPHONE AND EMAIL WEBSITE Room number 408, 4th Floor, PS IXL Building, Atghora, Chinar Park, Parganas North 24, Kolkata, West Bengal- 700136 India Srivatsa Arcade, No. 6, Ground Floor, 12 th Cross, Wilson Garden, Bangalore- 560027, Karnataka, India. Deepika Bhutra Tel. N...",unspecified_see_drhp,www.neevfinance.com,Extract from restated financials in DRHP (pattern not matched).,no_structured_differentiation_tag,Could not download DRHP PDF/ZIP for promoter extraction.,No explicit expansion/hiring/certification keywords in sampled pages — check MD&A / risk factors in full DRHP.,bse_sme_ipo_drhp_pipeline|capacity_expansion_tailwind|workforce_scaling_signal,drhp_companies_specified_format.csv+final_merged_dsir_promoters.csv,,See DRHP ‘Industry / Business overview’ section.,no_structured_differentiation_tag|bse_sme_ipo_drhp_pipeline|capacity_expansion_tailwind|workforce_scaling_signal|no_explicit_expansion|hiring|certification_keywords_in_sampled_pages_—_check_md&a|risk_factors_in_full_drhp,0,not_classified_manufacturer,1,india_location_signal,0,no_differentiation_evidence,0,no_promoter_extract,1,sector_or_macro_tailwind_tags,1,growth_or_ipo_signal_in_text,3,50,45.0,2,0,0,0,0,0,0,rules_only_no_llm_balance,0.0,5.0,0.0,0.0,5.0,5.0,45.0,0.0,rules_only,weak_differentiation_drhp_generics,1
Neptune Logitek Limited,"EMAIL WEBSITE BBZ-N-62/A, WARD 12/A, Gandhidham, Kachchh - 370201, Gujarat, India Mrs",unspecified_see_drhp,www.bigshareonline.com; www.galacticocorp.com; www.neptunelogitek.com,Extract from restated financials in DRHP (pattern not matched).,no_structured_differentiation_tag,DRHP: Mrs. Manisha Jain Company Secretary; Mr. Vishal Sancheti CIN; Mr. Ganesh Shinde SEBI Registration No; Mr. Ankit Devidas Shah; Mrs. Reema Ankit Shah. For,No explicit expansion/hiring/certification keywords in sampled pages — check MD&A / risk factors in full DRHP.,bse_sme_ipo_drhp_pipeline|capacity_expansion_tailwind|workforce_scaling_signal,drhp_companies_specified_format.csv+final_merged_dsir_promoters.csv,,See DRHP ‘Industry / Business overview’ section.,no_structured_differentiation_tag|bse_sme_ipo_drhp_pipeline|capacity_expansion_tailwind|workforce_scaling_signal|no_explicit_expansion|hiring|certification_keywords_in_sampled_pages_—_check_md&a|risk_factors_in_full_drhp,0,not_classified_manufacturer,1,india_location_signal,0,no_differentiation_evidence,1,named_individuals_in_promoter_field,1,sector_or_macro_tailwind_tags,1,growth_or_ipo_signal_in_text,4,67,60.0,2,0,0,0,0,0,0,rules_only_no_llm_balance,0.0,5.0,0.0,5.0,5.0,5.0,60.0,0.0,rules_only,weak_differentiation_drhp_generics,1
Neptune Holidays Limited,Download failed (timeout or HTTP error).,unspecified_see_drhp,www.neptuneholidays.com/,Extract from restated financials in DRHP (pattern not matched).,no_structured_differentiation_tag,DRHP: NOVELTY MERCHANTS PRIVATE LIMITED; NEPTUNE AVIATIONS PRIVATE LIMITED; NEPTUNE,No explicit expansion/hiring/certification keywords in sampled pages — check MD&A / risk factors in full DRHP.,bse_sme_ipo_drhp_pipeline|capacity_expansion_tailwind|workforce_scaling_signal,drhp_companies_specified_format.csv+final_merged_dsir_promoters.csv,,See DRHP ‘Industry / Business overview’ section.,no_structured_differentiation_tag|bse_sme_ipo_drhp_pipeline|capacity_expansion_tailwind|workforce_scaling_signal|no_explicit_expansion|hiring|certification_keywords_in_sampled_pages_—_check_md&a|risk_factors_in_full_drhp,0,not_classified_manufacturer,0,weak_location_signal,0,no_differentiation_evidence,1,rich_drhp_promoter_blob,1,sector_or_macro_tailwind_tags,1,growth_or_ipo_signal_in_text,3,50,50.0,3,0,0,0,0,0,0,rules_only_no_llm_balance,0.0,0.0,0.0,5.0,5.0,5.0,50.0,0.0,rules_only,weak_differentiation_drhp_generics,1
NIS Management Limited,"Opening Date with the relevant financial ratios calculated at the Floor Price and at the Cap Price, and shall be made available to the Stock Exchanges for the purpose of uploading on their respective websites. Pri",unspecified_see_drhp,www.nis.co.in,Extract from restated financials in DRHP (pattern not matched).,no_structured_differentiation_tag,DRHP: Ms. Ramyani Chatterjee Company Secretary; Mr. Debajit Choudhury Promoter Upto; Ms. Ramyani Chatterjee OUR; Mr. Debajit Choudhury; Ms. Rina Choudhury; Ms. Susmita Mukherjee; Ms. Debahuti Chatterjee; Ms. Nita Dey; Ms. Ramyani Chatterjee; Mr. Kanad Mukherjee,subsidiary / group structure,bse_sme_ipo_drhp_pipeline,drhp_companies_specified_format.csv+final_merged_dsir_promoters.csv,,See DRHP ‘Industry / Business overview’ section.,no_structured_differentiation_tag|bse_sme_ipo_drhp_pipeline|subsidiary|group_structure,0,not_classified_manufacturer,0,weak_location_signal,0,no_differentiation_evidence,1,named_individuals_in_promoter_field,1,sector_or_macro_tailwind_tags,0,weak_growth_signal,2,33,30.0,2,0,0,0,0,0,0,rules_only_no_llm_balance,0.0,0.0,0.0,5.0,5.0,0.0,30.0,0.0,rules_only,weak_differentiation_drhp_generics|generic_web_or_thin_ops_narrative,2
NSB BPO Solutions Limited,"3rd Floor, Plot No",unspecified_see_drhp,www.nsbbpo.com,Extract from restated financials in DRHP (pattern not matched).,iso_certification_mention,DRHP: Ms. Anjali Shukla,ISO certification mentioned; subsidiary / group structure,bse_sme_ipo_drhp_pipeline,drhp_companies_specified_format.csv+final_merged_dsir_promoters.csv,,See DRHP ‘Industry / Business overview’ section.,iso_certification_mention|bse_sme_ipo_drhp_pipeline|iso_certification_mentioned|subsidiary|group_structure,0,not_classified_manufacturer,0,weak_location_signal,1,cert_or_patent_evidence,1,named_individuals_in_promoter_field,1,sector_or_macro_tailwind_tags,1,growth_or_ipo_signal_in_text,4,67,70.0,3,0,0,0,0,0,0,rules_only_no_llm_balance,0.0,0.0,5.0,5.0,5.0,5.0,70.0,0.0,rules_only,iso_only_differentiation_no_sector_moat|generic_web_or_thin_ops_narrative,2
NTL India Limited,"DAYS PRIOR TO THE BID/ISSUE OPENING DATE AND SHALL BE MADE AVAILABLE TO SME PLATFORM OF BSE LIMITED FOR THE PURPOSES OF UPLOADING ON THEIR WEBSITES IN ACCORDANCE WITH THE SECURITIES AND EXCHANGE BOARD OF INDIA (ISSUE OF CAPITAL AND DISCLOSURE REQUIREMENTS REGULATIONS, 2018, AS AM...",unspecified_see_drhp,www.cameoindia.com; www.cumulativecapital.group; www.ntlchennai.net,Extract from restated financials in DRHP (pattern not matched).,no_structured_differentiation_tag,DRHP: D RAMESH AND DAYANITHI,No explicit expansion/hiring/certification keywords in sampled pages — check MD&A / risk factors in full DRHP.,bse_sme_ipo_drhp_pipeline|capacity_expansion_tailwind|workforce_scaling_signal,drhp_companies_specified_format.csv,,See DRHP ‘Industry / Business overview’ section.,no_structured_differentiation_tag|bse_sme_ipo_drhp_pipeline|capacity_expansion_tailwind|workforce_scaling_signal|no_explicit_expansion|hiring|certification_keywords_in_sampled_pages_—_check_md&a|risk_factors_in_full_drhp,0,not_classified_manufacturer,1,india_location_signal,0,no_differentiation_evidence,0,weak_promoter_signal,1,sector_or_macro_tailwind_tags,1,growth_or_ipo_signal_in_text,3,50,45.0,1,0,0,0,0,0,0,rules_only_no_llm_balance,0.0,5.0,0.0,0.0,5.0,5.0,45.0,0.0,rules_only,stale_temporal_signal|weak_differentiation_drhp_generics,2
Nukleus Office Solutions Limited,"1102, Barakhamba Tower, 22 Barakhamba Road, Connaught Place, New Delhi - 110 001, India Nukleus Co-working & Managed Offices, Plot No 29, Sector 142, Noida - 201 305, Uttar Pradesh, India Pooja Jaiswal, Company Secretary & Compliance Officer Tel.: +91 96 6704 9487 E-mail: cs@nukl...",unspecified_see_drhp,www.bigshareonline.com; www.nukleus.work; www.sundaecapital.com,Extract from restated financials in DRHP (pattern not matched).,no_structured_differentiation_tag,Could not download DRHP PDF/ZIP for promoter extraction.,No explicit expansion/hiring/certification keywords in sampled pages — check MD&A / risk factors in full DRHP.,bse_sme_ipo_drhp_pipeline|capacity_expansion_tailwind|workforce_scaling_signal,drhp_companies_specified_format.csv+final_merged_dsir_promoters.csv,,See DRHP ‘Industry / Business overview’ section.,no_structured_differentiation_tag|bse_sme_ipo_drhp_pipeline|capacity_expansion_tailwind|workforce_scaling_signal|no_explicit_expansion|hiring|certification_keywords_in_sampled_pages_—_check_md&a|risk_factors_in_full_drhp,0,not_classified_manufacturer,1,india_location_signal,0,no_differentiation_evidence,0,no_promoter_extract,1,sector_or_macro_tailwind_tags,1,growth_or_ipo_signal_in_text,3,50,45.0,2,0,0,0,0,0,0,rules_only_no_llm_balance,0.0,5.0,0.0,0.0,5.0,5.0,45.0,0.0,rules_only,weak_differentiation_drhp_generics,1
Om Galaxy Limited,"5, Industrial Estate, Sativali Road, Village Valiv, Vasai, Thane, Maharashtra - 401208, India “we”, “us” and “our” Unless the context otherwise indicates or implies, refers to our Company and our Subsidiaries",unspecified_see_drhp,www.omgalaxymould.com,Extract from restated financials in DRHP (pattern not matched).,no_structured_differentiation_tag,Promoter names not machine-extracted — verify in IPO prospectus or LinkedIn.,subsidiary / group structure,bse_sme_ipo_drhp_pipeline,drhp_companies_specified_format.csv+final_merged_dsir_promoters.csv,,See DRHP ‘Industry / Business overview’ section.,no_structured_differentiation_tag|bse_sme_ipo_drhp_pipeline|subsidiary|group_structure,0,not_classified_manufacturer,1,india_location_signal,0,no_differentiation_evidence,0,weak_promoter_signal,1,sector_or_macro_tailwind_tags,0,weak_growth_signal,2,33,25.0,2,0,0,0,0,0,0,rules_only_no_llm_balance,0.0,5.0,0.0,0.0,5.0,0.0,25.0,0.0,rules_only,weak_differentiation_drhp_generics|generic_web_or_thin_ops_narrative,2
Om Metallogic Limited,"Sikri, Opp",unspecified_see_drhp,www.corporatemakers.in; www.ommetallogic.com; www.skylinerta.com,Extract from restated financials in DRHP (pattern not matched).,iso_certification_mention,DRHP: Ms. Prachi Gupta; Ms. Pachi Gupta; Mr. Tulsiram Company Secretary; Ms. Prachi Gupta. Corporate Identification Number; Mr. Manish Sharma. MOA; Mr. Manish Sharma; Mrs. Seema Sharma. Promoter Group Such,ISO certification mentioned,bse_sme_ipo_drhp_pipeline,drhp_companies_specified_format.csv+final_merged_dsir_promoters.csv,,See DRHP ‘Industry / Business overview’ section.,iso_certification_mention|bse_sme_ipo_drhp_pipeline|iso_certification_mentioned,0,not_classified_manufacturer,0,weak_location_signal,1,cert_or_patent_evidence,1,named_individuals_in_promoter_field,1,sector_or_macro_tailwind_tags,1,growth_or_ipo_signal_in_text,4,67,70.0,3,0,0,0,0,0,0,rules_only_no_llm_balance,0.0,0.0,5.0,5.0,5.0,5.0,70.0,0.0,rules_only,iso_only_differentiation_no_sector_moat,1
Omnipotent Industries Limited,"“History and Certain Other Corporate Matters’ on pages 34 and 73, respectively.",unspecified_see_drhp,www.bigshareonline.com; www.inventuremerchantbanker.com; www.omnipotent.co.in,Extract from restated financials in DRHP (pattern not matched).,iso_certification_mention,Promoter names not machine-extracted from sampled DRHP pages; verify in IPO prospectus or LinkedIn.,ISO certification mentioned,bse_sme_ipo_drhp_pipeline,drhp_companies_specified_format.csv+final_merged_dsir_promoters.csv,,See DRHP ‘Industry / Business overview’ section.,iso_certification_mention|bse_sme_ipo_drhp_pipeline|iso_certification_mentioned,0,not_classified_manufacturer,0,weak_location_signal,1,cert_or_patent_evidence,0,no_promoter_extract,1,sector_or_macro_tailwind_tags,1,growth_or_ipo_signal_in_text,3,50,55.0,2,0,0,0,0,0,0,rules_only_no_llm_balance,0.0,0.0,5.0,0.0,5.0,5.0,55.0,0.0,rules_only,iso_only_differentiation_no_sector_moat,1
Oremet Alloys And Castings Limited,Telephone Website C/o,unspecified_see_drhp,https://oremetalloys.com/,Extract from restated financials in DRHP (pattern not matched).,no_structured_differentiation_tag,DRHP: Ms. Amisha Company Secretary; Mr. Yash Vardhan Birla Promoter Selling Shareholder; Mr. Abhishek Birla Promoter Selling Shareholder Upto; Mr. Yash Vardhan Birla; Mr. Abhishek Birla,No explicit expansion/hiring/certification keywords in sampled pages — check MD&A / risk factors in full DRHP.,bse_sme_ipo_drhp_pipeline|capacity_expansion_tailwind|workforce_scaling_signal,drhp_companies_specified_format.csv+final_merged_dsir_promoters.csv,,See DRHP ‘Industry / Business overview’ section.,no_structured_differentiation_tag|bse_sme_ipo_drhp_pipeline|capacity_expansion_tailwind|workforce_scaling_signal|no_explicit_expansion|hiring|certification_keywords_in_sampled_pages_—_check_md&a|risk_factors_in_full_drhp,0,not_classified_manufacturer,0,weak_location_signal,0,no_differentiation_evidence,1,named_individuals_in_promoter_field,1,sector_or_macro_tailwind_tags,1,growth_or_ipo_signal_in_text,3,50,50.0,2,0,0,0,0,0,0,rules_only_no_llm_balance,0.0,0.0,0.0,5.0,5.0,5.0,50.0,0.0,rules_only,weak_differentiation_drhp_generics,1
Organic Recycling Systems Limited,"30A, Vashi, Navi Mumbai, Mumbai 400703 and having Corporate Identification Number U40106MH2008PLC186309.",unspecified_see_drhp,www.arihantcapital.com; www.maashitla.com; www.organicrecycling.co.in,Extract from restated financials in DRHP (pattern not matched).,no_structured_differentiation_tag,DRHP: Ms. Zinal Mukund Shah Email; Ms. Zinal Mukund Shah; Mr. Sarang Bhand. For; Mr. Sarang Bhand; Mrs. Smita Suhas Bhand You,subsidiary / group structure,bse_sme_ipo_drhp_pipeline,drhp_companies_specified_format.csv+final_merged_dsir_promoters.csv,U40106MH2008PLC186309,See DRHP ‘Industry / Business overview’ section.,no_structured_differentiation_tag|bse_sme_ipo_drhp_pipeline|subsidiary|group_structure,0,not_classified_manufacturer,1,india_location_signal,0,no_differentiation_evidence,1,named_individuals_in_promoter_field,1,sector_or_macro_tailwind_tags,0,weak_growth_signal,3,50,40.0,2,0,0,0,0,0,0,rules_only_no_llm_balance,0.0,5.0,0.0,5.0,5.0,0.0,40.0,0.0,rules_only,weak_differentiation_drhp_generics,1
Pajson Agro India Limited,"Contact Person Email and Telephone Website 510, 5th Floor, Pearl Omaxe Tower, Netaji Subhash Place, Pitampura, Shakur Pur I Block, North West Delhi, Delhi, India, 110034. Roopal Saxena , Company Secretary and Compliance Officer Email: investor@pajsonagro.com",unspecified_see_drhp,www.pajsonagro.com,Extract from restated financials in DRHP (pattern not matched).,no_structured_differentiation_tag,Could not download DRHP PDF/ZIP for promoter extraction.,No explicit expansion/hiring/certification keywords in sampled pages — check MD&A / risk factors in full DRHP.,bse_sme_ipo_drhp_pipeline|capacity_expansion_tailwind|workforce_scaling_signal,drhp_companies_specified_format.csv+final_merged_dsir_promoters.csv,,See DRHP ‘Industry / Business overview’ section.,no_structured_differentiation_tag|bse_sme_ipo_drhp_pipeline|capacity_expansion_tailwind|workforce_scaling_signal|no_explicit_expansion|hiring|certification_keywords_in_sampled_pages_—_check_md&a|risk_factors_in_full_drhp,0,not_classified_manufacturer,1,india_location_signal,0,no_differentiation_evidence,0,no_promoter_extract,1,sector_or_macro_tailwind_tags,1,growth_or_ipo_signal_in_text,3,50,45.0,2,0,0,0,0,0,0,rules_only_no_llm_balance,0.0,5.0,0.0,0.0,5.0,5.0,45.0,0.0,rules_only,weak_differentiation_drhp_generics,1
PAN HR Solution Limited,"Nagar, Noida - 201301, Uttar Pradesh, India",unspecified_see_drhp,www.panhr.in,Extract from restated financials in DRHP (pattern not matched).,no_structured_differentiation_tag,Could not download DRHP PDF/ZIP for promoter extraction.,No explicit expansion/hiring/certification keywords in sampled pages — check MD&A / risk factors in full DRHP.,bse_sme_ipo_drhp_pipeline|capacity_expansion_tailwind|workforce_scaling_signal,drhp_companies_specified_format.csv+final_merged_dsir_promoters.csv,,See DRHP ‘Industry / Business overview’ section.,no_structured_differentiation_tag|bse_sme_ipo_drhp_pipeline|capacity_expansion_tailwind|workforce_scaling_signal|no_explicit_expansion|hiring|certification_keywords_in_sampled_pages_—_check_md&a|risk_factors_in_full_drhp,0,not_classified_manufacturer,1,india_location_signal,0,no_differentiation_evidence,0,no_promoter_extract,1,sector_or_macro_tailwind_tags,1,growth_or_ipo_signal_in_text,3,50,45.0,2,0,0,0,0,0,0,rules_only_no_llm_balance,0.0,5.0,0.0,0.0,5.0,5.0,45.0,0.0,rules_only,weak_differentiation_drhp_generics,1
Panchatv Bharat limited,"of the Draft Prospectus, the Corporate Identification Number of our Company is U13999DL2024PLC427903",unspecified_see_drhp,https://www.markcorporateadvisors.com/; https://www.panchatvlimited.com/; www.maashitla.com,Extract from restated financials in DRHP (pattern not matched).,no_structured_differentiation_tag,Could not download DRHP PDF/ZIP for promoter extraction.,No explicit expansion/hiring/certification keywords in sampled pages — check MD&A / risk factors in full DRHP.,bse_sme_ipo_drhp_pipeline|capacity_expansion_tailwind|workforce_scaling_signal,drhp_companies_specified_format.csv+final_merged_dsir_promoters.csv,U13999DL2024PLC427903,See DRHP ‘Industry / Business overview’ section.,no_structured_differentiation_tag|bse_sme_ipo_drhp_pipeline|capacity_expansion_tailwind|workforce_scaling_signal|no_explicit_expansion|hiring|certification_keywords_in_sampled_pages_—_check_md&a|risk_factors_in_full_drhp,0,not_classified_manufacturer,0,weak_location_signal,0,no_differentiation_evidence,0,no_promoter_extract,1,sector_or_macro_tailwind_tags,1,growth_or_ipo_signal_in_text,2,33,35.0,2,0,0,0,0,0,0,rules_only_no_llm_balance,0.0,0.0,0.0,0.0,5.0,5.0,35.0,0.0,rules_only,weak_differentiation_drhp_generics,1
Paradeep Parivahan Limited,"Odisha. Subsequently, our Company was converted into a Public Limited Company pursuant to shareholders resolution passed at the Extra Ordinary General Meeting of the Company held on March 06, 2024 and the name of our Company was changed from “Paradeep Parivahan Private Limited” t...",unspecified_see_drhp,www.paradeepparivahan.com,Extract from restated financials in DRHP (pattern not matched).,no_structured_differentiation_tag,DRHP: Mr. Khalid Khan Managing Director Tel No; Mr. Khalid Khan PROMOTERS OF OUR; Mr. Khalid Khan; Ms. Fouzia Khan; Mr. Pravat Kumar Nandi; Ms. Parbati Priya Nandi; Ms. Alka Bothra; Mr. Faisal Khan; Mr. Nasir Uddin Khan,capex / capital expenditure; subsidiary / group structure,bse_sme_ipo_drhp_pipeline|capacity_expansion_tailwind,drhp_companies_specified_format.csv+final_merged_dsir_promoters.csv,,See DRHP ‘Industry / Business overview’ section.,no_structured_differentiation_tag|bse_sme_ipo_drhp_pipeline|capacity_expansion_tailwind|capex|capital_expenditure|subsidiary|group_structure,0,not_classified_manufacturer,1,india_location_signal,0,no_differentiation_evidence,1,named_individuals_in_promoter_field,1,sector_or_macro_tailwind_tags,1,growth_or_ipo_signal_in_text,4,67,60.0,2,0,0,0,0,0,0,rules_only_no_llm_balance,0.0,5.0,0.0,5.0,5.0,5.0,60.0,0.0,rules_only,weak_differentiation_drhp_generics|generic_web_or_thin_ops_narrative,2
PARMESHWAR METAL LIMITED,CORPORATE OFFICE CONTACT PERSON TELEPHONE AND EMAIL,unspecified_see_drhp,www.parmeshwarmetal.com,Extract from restated financials in DRHP (pattern not matched).,iso_certification_mention,Mr. Shantilal Kailashchandra Shah,capex / capital expenditure; ISO certification mentioned; subsidiary / group structure,bse_sme_ipo_drhp_pipeline|capacity_expansion_tailwind,drhp_companies_specified_format.csv+final_merged_dsir_promoters.csv,,See DRHP ‘Industry / Business overview’ section.,iso_certification_mention|bse_sme_ipo_drhp_pipeline|capacity_expansion_tailwind|capex|capital_expenditure|iso_certification_mentioned|subsidiary|group_structure,0,not_classified_manufacturer,0,weak_location_signal,1,cert_or_patent_evidence,1,named_individuals_in_promoter_field,1,sector_or_macro_tailwind_tags,1,growth_or_ipo_signal_in_text,4,67,70.0,2,0,0,0,0,0,0,rules_only_no_llm_balance,0.0,0.0,5.0,5.0,5.0,5.0,70.0,0.0,rules_only,iso_only_differentiation_no_sector_moat,1
Peshwa Wheat Limited,"of filing of the Draft Red Herring Prospectus with BSE SME and inviting the public to provide their comments to the BSE SME Exchange, our Company or the Book Running Lead Manager(s) in respect of the disclosures made in this Draft Red Herring Prospectus.",unspecified_see_drhp,www.peshwawheat.com,Extract from restated financials in DRHP (pattern not matched).,iso_certification_mention,Could not download DRHP PDF/ZIP for promoter extraction.,ISO certification mentioned; subsidiary / group structure,bse_sme_ipo_drhp_pipeline,drhp_companies_specified_format.csv+final_merged_dsir_promoters.csv,,See DRHP ‘Industry / Business overview’ section.,iso_certification_mention|bse_sme_ipo_drhp_pipeline|iso_certification_mentioned|subsidiary|group_structure,0,not_classified_manufacturer,0,weak_location_signal,1,cert_or_patent_evidence,0,no_promoter_extract,1,sector_or_macro_tailwind_tags,1,growth_or_ipo_signal_in_text,3,50,55.0,2,0,0,0,0,0,0,rules_only_no_llm_balance,0.0,0.0,5.0,0.0,5.0,5.0,55.0,0.0,rules_only,iso_only_differentiation_no_sector_moat|generic_web_or_thin_ops_narrative,2
Phychem Technologies Limited,"Gat No. 172, Khatwad, Dindori, Nashik, Mumbai, Maharashtra, India – 422004 Pooja Sharma, Company Secretary & Compliance Officer Email: cs@phychem.com Telephone: +91-95187-20873 www.phychem.com Promoter of the Company Umakant Savadekar, Ulka Umakant Savadekar, Nivrutti Sonu Savdek...",unspecified_see_drhp,www.phychem.com,Extract from restated financials in DRHP (pattern not matched).,iso_certification_mention,Promoter names not machine-extracted from sampled DRHP pages; verify in IPO prospectus or LinkedIn.,ISO certification mentioned,bse_sme_ipo_drhp_pipeline,drhp_companies_specified_format.csv+final_merged_dsir_promoters.csv,,See DRHP ‘Industry / Business overview’ section.,iso_certification_mention|bse_sme_ipo_drhp_pipeline|iso_certification_mentioned,0,not_classified_manufacturer,1,india_location_signal,1,cert_or_patent_evidence,0,no_promoter_extract,1,sector_or_macro_tailwind_tags,1,growth_or_ipo_signal_in_text,4,67,65.0,2,0,0,0,0,0,0,rules_only_no_llm_balance,0.0,5.0,5.0,0.0,5.0,5.0,65.0,0.0,rules_only,iso_only_differentiation_no_sector_moat|generic_web_or_thin_ops_narrative,2
Phytochem Remedies (India) Limited,"Nagar Main Road, Udaipur City, Udaipur, Girwa, Rajasthan-313001",unspecified_see_drhp,www.bigshareonline.com; www.mefcomcap.in; www.phytochem.co.in,Extract from restated financials in DRHP (pattern not matched).,no_structured_differentiation_tag,DRHP: ADITI BOHRA; BOHRA AGRIFILMS PRIVATE LIMITED,No explicit expansion/hiring/certification keywords in sampled pages — check MD&A / risk factors in full DRHP.,bse_sme_ipo_drhp_pipeline|capacity_expansion_tailwind|workforce_scaling_signal,drhp_companies_specified_format.csv+final_merged_dsir_promoters.csv,,See DRHP ‘Industry / Business overview’ section.,no_structured_differentiation_tag|bse_sme_ipo_drhp_pipeline|capacity_expansion_tailwind|workforce_scaling_signal|no_explicit_expansion|hiring|certification_keywords_in_sampled_pages_—_check_md&a|risk_factors_in_full_drhp,0,not_classified_manufacturer,1,india_location_signal,0,no_differentiation_evidence,1,rich_drhp_promoter_blob,1,sector_or_macro_tailwind_tags,1,growth_or_ipo_signal_in_text,4,67,60.0,2,0,0,0,0,0,0,rules_only_no_llm_balance,0.0,5.0,0.0,5.0,5.0,5.0,60.0,0.0,rules_only,weak_differentiation_drhp_generics,1
Poojaa Precision Engg. Limited,"Gat No. 253/1A, Village-Kharabwadi, Chakan, Pune, Maharashtra, India, 410501 Office No. T3 -401 & T -2 407, Kohinoor World Tower, Opp. Empire Estate, Chinchwad, Chinchwad East, Pune, Pune City, Maharashtra, India, 411019 Bhavana Phoolchand Tak, Company Secretary & Compliance Offi...",unspecified_see_drhp,https://www.hemsecurities.com/Offerdocume; www.poojacastings.in,Extract from restated financials in DRHP (pattern not matched).,iso_certification_mention,Promoter names not machine-extracted — verify in IPO prospectus or LinkedIn.,ISO certification mentioned,bse_sme_ipo_drhp_pipeline,drhp_companies_specified_format.csv+final_merged_dsir_promoters.csv,,See DRHP ‘Industry / Business overview’ section.,iso_certification_mention|bse_sme_ipo_drhp_pipeline|iso_certification_mentioned,0,not_classified_manufacturer,1,india_location_signal,1,cert_or_patent_evidence,0,weak_promoter_signal,1,sector_or_macro_tailwind_tags,1,growth_or_ipo_signal_in_text,4,67,65.0,2,0,0,0,0,0,0,rules_only_no_llm_balance,0.0,5.0,5.0,0.0,5.0,5.0,65.0,0.0,rules_only,iso_only_differentiation_no_sector_moat,1
Popular Foundations limited,"New No. 32/1, 32/2, Old No. 9/1, 9/2, Kamatchi Apartment, 10th Avenue, Ashok Nagar, Chennai- 600083, Tamilnadu, India N.A Ms. Soniya Sharma, Company Secretary and Compliance Officer Tel: +91 9414987318 Email: info@grouppopular.com",unspecified_see_drhp,www.bigshareonline.com; www.grouppopular.com; www.srujanalpha.com,Extract from restated financials in DRHP (pattern not matched).,no_structured_differentiation_tag,DRHP: Ms. Soniya Sharma; Mr. Jinesh Doshi Telephone; Mr Jinesh Doshi E-mail; Mr. Vinayak Morbale SEBI Registration Number,No explicit expansion/hiring/certification keywords in sampled pages — check MD&A / risk factors in full DRHP.,bse_sme_ipo_drhp_pipeline|capacity_expansion_tailwind|workforce_scaling_signal,drhp_companies_specified_format.csv+final_merged_dsir_promoters.csv,,See DRHP ‘Industry / Business overview’ section.,no_structured_differentiation_tag|bse_sme_ipo_drhp_pipeline|capacity_expansion_tailwind|workforce_scaling_signal|no_explicit_expansion|hiring|certification_keywords_in_sampled_pages_—_check_md&a|risk_factors_in_full_drhp,0,not_classified_manufacturer,1,india_location_signal,0,no_differentiation_evidence,1,named_individuals_in_promoter_field,1,sector_or_macro_tailwind_tags,1,growth_or_ipo_signal_in_text,4,67,60.0,2,0,0,0,0,0,0,rules_only_no_llm_balance,0.0,5.0,0.0,5.0,5.0,5.0,60.0,0.0,rules_only,weak_differentiation_drhp_generics,1
Praruh Technologies Limited,refer to the section title “History and Corporate Structure” on page no,unspecified_see_drhp,www.corporatemakers.in; www.maashitla.com; www.praruh.in,Extract from restated financials in DRHP (pattern not matched).,no_structured_differentiation_tag,DRHP: Ms. Geeta Kumari OUR; Ms. Geeta Kumari Company Secretary; Mr. Jitender Kumar ISSUE RELATED TERMS Term; Mr. Visal Prakash; Mr. Amar Deep Sharma; Ms. Pariza Chaturvedi; Ms. Nilam Pandey; Mr. Vikash Prakash,No explicit expansion/hiring/certification keywords in sampled pages — check MD&A / risk factors in full DRHP.,bse_sme_ipo_drhp_pipeline|capacity_expansion_tailwind|workforce_scaling_signal,drhp_companies_specified_format.csv+final_merged_dsir_promoters.csv,,See DRHP ‘Industry / Business overview’ section.,no_structured_differentiation_tag|bse_sme_ipo_drhp_pipeline|capacity_expansion_tailwind|workforce_scaling_signal|no_explicit_expansion|hiring|certification_keywords_in_sampled_pages_—_check_md&a|risk_factors_in_full_drhp,0,not_classified_manufacturer,0,weak_location_signal,0,no_differentiation_evidence,1,named_individuals_in_promoter_field,1,sector_or_macro_tailwind_tags,1,growth_or_ipo_signal_in_text,3,50,50.0,2,0,0,0,0,0,0,rules_only_no_llm_balance,0.0,0.0,0.0,5.0,5.0,5.0,50.0,0.0,rules_only,weak_differentiation_drhp_generics,1
Prevest Denpro Limited,Little or no extractable text (likely scanned PDF — needs OCR).,unspecified_see_drhp,www.bigshareonline.com; www.hemsecurities.com; www.prevestdenpro.com,Extract from restated financials in DRHP (pattern not matched).,no_structured_differentiation_tag,DRHP: Ms. Komal Mehra; Mr. Atul Modi; Mrs. Namrata Modi THE ISSUE INITIAL PUBLIC,Not assessed (no machine-readable text).,bse_sme_ipo_drhp_pipeline,drhp_companies_specified_format.csv+final_merged_dsir_promoters.csv,,See DRHP ‘Industry / Business overview’ section.,no_structured_differentiation_tag|bse_sme_ipo_drhp_pipeline|not_assessed_(no_machine-readable_text),0,not_classified_manufacturer,0,weak_location_signal,0,no_differentiation_evidence,1,named_individuals_in_promoter_field,1,sector_or_macro_tailwind_tags,0,weak_growth_signal,2,33,30.0,3,0,0,0,0,0,0,rules_only_no_llm_balance,0.0,0.0,0.0,5.0,5.0,0.0,30.0,0.0,rules_only,weak_differentiation_drhp_generics,1
PRODOCS SOLUTIONS LIMITED,"Information” and “History and Certain Corporate Matters’ on pages 65 and 173, respectively of this Draft Red Herring Prospectus.",page 23 of the Draft Red Herring Prospectus as follows:,www.cumulativecapital.group; www.prodocssolution.com,₹5–25 Cr (approx from lakhs),iso_certification_mention,Promoter names not machine-extracted from sampled DRHP pages; verify in IPO prospectus or LinkedIn.,ISO certification mentioned; subsidiary / group structure,bse_sme_ipo_drhp_pipeline,drhp_companies_specified_format.csv+final_merged_dsir_promoters.csv,,page 23 of the Draft Red Herring Prospectus as follows:,iso_certification_mention|bse_sme_ipo_drhp_pipeline|iso_certification_mentioned|subsidiary|group_structure,0,not_classified_manufacturer,0,weak_location_signal,1,cert_or_patent_evidence,0,no_promoter_extract,1,sector_or_macro_tailwind_tags,1,growth_or_ipo_signal_in_text,3,50,55.0,2,0,0,0,0,0,0,rules_only_no_llm_balance,0.0,0.0,5.0,0.0,5.0,5.0,55.0,0.0,rules_only,iso_only_differentiation_no_sector_moat,1
Qualitek Labs Limited,"73, National Park Lajpat Nagar- IV, New Delhi, South Delhi, 110024 India Ashima Bhatnagar Email:company",unspecified_see_drhp,www.oneviewadvisors.com; www.qualiteklab.com; www.skylinerta.com,Extract from restated financials in DRHP (pattern not matched).,iso_certification_mention,DRHP: Mr. Kamal Grover Remuneration; Mr. Antaryami Nayak Remuneration; Mr. Alok Kumar Agarwal Investment,ISO certification mentioned,bse_sme_ipo_drhp_pipeline,drhp_companies_specified_format.csv+final_merged_dsir_promoters.csv,,See DRHP ‘Industry / Business overview’ section.,iso_certification_mention|bse_sme_ipo_drhp_pipeline|iso_certification_mentioned,0,not_classified_manufacturer,1,india_location_signal,1,cert_or_patent_evidence,1,named_individuals_in_promoter_field,1,sector_or_macro_tailwind_tags,1,growth_or_ipo_signal_in_text,5,83,80.0,2,0,0,0,0,0,0,rules_only_no_llm_balance,0.0,5.0,5.0,5.0,5.0,5.0,80.0,0.0,rules_only,iso_only_differentiation_no_sector_moat,1
R. P. Multimetals Limited,"While the Company has generally complied with applicable statutory provisions, ce rtain discrepancies were noted in past filings with the Registrar of Companies, which have since been rectified by payment of additional fees:",unspecified_see_drhp,https://rpmultimetals.in/; www.fintellectualadvisors.com; www.skylinerta.com,Extract from restated financials in DRHP (pattern not matched).,no_structured_differentiation_tag,DRHP: Ms. Rajwinder Kaur PROMOTER OF OUR,No explicit expansion/hiring/certification keywords in sampled pages — check MD&A / risk factors in full DRHP.,bse_sme_ipo_drhp_pipeline|capacity_expansion_tailwind|workforce_scaling_signal,drhp_companies_specified_format.csv+final_merged_dsir_promoters.csv,,See DRHP ‘Industry / Business overview’ section.,no_structured_differentiation_tag|bse_sme_ipo_drhp_pipeline|capacity_expansion_tailwind|workforce_scaling_signal|no_explicit_expansion|hiring|certification_keywords_in_sampled_pages_—_check_md&a|risk_factors_in_full_drhp,0,not_classified_manufacturer,0,weak_location_signal,0,no_differentiation_evidence,1,named_individuals_in_promoter_field,1,sector_or_macro_tailwind_tags,1,growth_or_ipo_signal_in_text,3,50,50.0,2,0,0,0,0,0,0,rules_only_no_llm_balance,0.0,0.0,0.0,5.0,5.0,5.0,50.0,0.0,rules_only,weak_differentiation_drhp_generics,1
Rachit Prints Limited,Number of our Company is U22190UP2003PLC027364.,unspecified_see_drhp,www.khambattasecurities.com; www.maashitla.com; www.rachitprints.co.in,₹0–5 Cr (approx from lakhs),no_structured_differentiation_tag,DRHP: Ms. Ayushi Verma,No explicit expansion/hiring/certification keywords in sampled pages — check MD&A / risk factors in full DRHP.,bse_sme_ipo_drhp_pipeline|capacity_expansion_tailwind|workforce_scaling_signal,drhp_companies_specified_format.csv+final_merged_dsir_promoters.csv,U22190UP2003PLC027364,See DRHP ‘Industry / Business overview’ section.,no_structured_differentiation_tag|bse_sme_ipo_drhp_pipeline|capacity_expansion_tailwind|workforce_scaling_signal|no_explicit_expansion|hiring|certification_keywords_in_sampled_pages_—_check_md&a|risk_factors_in_full_drhp,0,not_classified_manufacturer,0,weak_location_signal,0,no_differentiation_evidence,1,named_individuals_in_promoter_field,1,sector_or_macro_tailwind_tags,1,growth_or_ipo_signal_in_text,3,50,50.0,2,0,0,0,0,0,0,rules_only_no_llm_balance,0.0,0.0,0.0,5.0,5.0,5.0,50.0,0.0,rules_only,weak_differentiation_drhp_generics,1
Radiant Innovative Manufacturing Limited,"Unit No. 412-413, Best Business Park, Plot No. P- 2, Netaji Subhash Place, New Delhi- 110034, India N.A. Ms. Himanshi Saluja Company Secretary & Compliance Officer investors@radiantiml.com & 011-45952200 www.radiantiml.com NAME OF PROMOTER(S) OF THE COMPANY MR. NITIN BAHL AND MR....",unspecified_see_drhp,www.narnolia.com; www.radiantiml.com; www.skylinerta.com,Extract from restated financials in DRHP (pattern not matched).,iso_certification_mention,Could not download DRHP PDF/ZIP for promoter extraction.,ISO certification mentioned; subsidiary / group structure,bse_sme_ipo_drhp_pipeline,drhp_companies_specified_format.csv+final_merged_dsir_promoters.csv,,See DRHP ‘Industry / Business overview’ section.,iso_certification_mention|bse_sme_ipo_drhp_pipeline|iso_certification_mentioned|subsidiary|group_structure,0,not_classified_manufacturer,1,india_location_signal,1,cert_or_patent_evidence,0,no_promoter_extract,1,sector_or_macro_tailwind_tags,1,growth_or_ipo_signal_in_text,4,67,65.0,2,0,0,0,0,0,0,rules_only_no_llm_balance,0.0,5.0,5.0,0.0,5.0,5.0,65.0,0.0,rules_only,iso_only_differentiation_no_sector_moat|generic_web_or_thin_ops_narrative,2
Rajnandini Fashion India Limited,"Area, Jaipur, Rajasthan, India - 302022",unspecified_see_drhp,https://rfil.in,Extract from restated financials in DRHP (pattern not matched).,iso_certification_mention,Promoter names not machine-extracted from sampled DRHP pages; verify in IPO prospectus or LinkedIn.,ISO certification mentioned,bse_sme_ipo_drhp_pipeline,drhp_companies_specified_format.csv+final_merged_dsir_promoters.csv,,See DRHP ‘Industry / Business overview’ section.,iso_certification_mention|bse_sme_ipo_drhp_pipeline|iso_certification_mentioned,0,not_classified_manufacturer,1,india_location_signal,1,cert_or_patent_evidence,0,no_promoter_extract,1,sector_or_macro_tailwind_tags,1,growth_or_ipo_signal_in_text,4,67,65.0,2,0,0,0,0,0,0,rules_only_no_llm_balance,0.0,5.0,5.0,0.0,5.0,5.0,65.0,0.0,rules_only,iso_only_differentiation_no_sector_moat|generic_web_or_thin_ops_narrative,2
RAKSAN TRANSFORMERS LIMITED,"PERSON EMAIL AND TELEPHONE WEBSITE Shop No. 16, Local Shopping Centre-3, Sector-8, Rohini, North Delhi, New Delhi, Delhi, India, 110085",unspecified_see_drhp,www.raksantransformers.com,Extract from restated financials in DRHP (pattern not matched).,no_structured_differentiation_tag,Could not download DRHP PDF/ZIP for promoter extraction.,No explicit expansion/hiring/certification keywords in sampled pages — check MD&A / risk factors in full DRHP.,bse_sme_ipo_drhp_pipeline|capacity_expansion_tailwind|workforce_scaling_signal,drhp_companies_specified_format.csv+final_merged_dsir_promoters.csv,,See DRHP ‘Industry / Business overview’ section.,no_structured_differentiation_tag|bse_sme_ipo_drhp_pipeline|capacity_expansion_tailwind|workforce_scaling_signal|no_explicit_expansion|hiring|certification_keywords_in_sampled_pages_—_check_md&a|risk_factors_in_full_drhp,0,not_classified_manufacturer,1,india_location_signal,0,no_differentiation_evidence,0,no_promoter_extract,1,sector_or_macro_tailwind_tags,1,growth_or_ipo_signal_in_text,3,50,45.0,2,0,0,0,0,0,0,rules_only_no_llm_balance,0.0,5.0,0.0,0.0,5.0,5.0,45.0,0.0,rules_only,weak_differentiation_drhp_generics,1
Ratnadhar Infra Limited,(g) Business Strengths and Strategies,Construction / Infra,www.kreocapital.com; www.ratnadharinfra.com,Extract from restated financials in DRHP (pattern not matched).,no_structured_differentiation_tag,Promoter names not machine-extracted — verify in IPO prospectus or LinkedIn.,subsidiary / group structure,bse_sme_ipo_drhp_pipeline,drhp_companies_specified_format.csv+final_merged_dsir_promoters.csv,,the tradin g of ready-mix concrete and other construction materials,no_structured_differentiation_tag|bse_sme_ipo_drhp_pipeline|subsidiary|group_structure,0,not_classified_manufacturer,0,weak_location_signal,0,no_differentiation_evidence,0,weak_promoter_signal,1,sector_or_macro_tailwind_tags,0,weak_growth_signal,1,17,15.0,2,0,0,0,0,0,0,rules_only_no_llm_balance,0.0,0.0,0.0,0.0,5.0,0.0,15.0,0.0,rules_only,calibration_review_queue_step10,1
Ravelcare Limited,"Malad, Mumbai - 400064, Maharashtra, India",unspecified_see_drhp,www.ravelcare.com,Extract from restated financials in DRHP (pattern not matched).,no_structured_differentiation_tag,Promoter names not machine-extracted from sampled DRHP pages; verify in IPO prospectus or LinkedIn.,No explicit expansion/hiring/certification keywords in sampled pages — check MD&A / risk factors in full DRHP.,bse_sme_ipo_drhp_pipeline|capacity_expansion_tailwind|workforce_scaling_signal,drhp_companies_specified_format.csv+final_merged_dsir_promoters.csv,,See DRHP ‘Industry / Business overview’ section.,no_structured_differentiation_tag|bse_sme_ipo_drhp_pipeline|capacity_expansion_tailwind|workforce_scaling_signal|no_explicit_expansion|hiring|certification_keywords_in_sampled_pages_—_check_md&a|risk_factors_in_full_drhp,0,not_classified_manufacturer,1,india_location_signal,0,no_differentiation_evidence,0,no_promoter_extract,1,sector_or_macro_tailwind_tags,1,growth_or_ipo_signal_in_text,3,50,45.0,2,0,0,0,0,0,0,rules_only_no_llm_balance,0.0,5.0,0.0,0.0,5.0,5.0,45.0,0.0,rules_only,weak_differentiation_drhp_generics,1
RAVIRAJ PROCESS CONTROLS LIMITED,"Plot No. A/677, TTC, MIDC, Khairne Navi Mumbai, Thane 400 709, Navi Mumbai, Maharashtra, India. Mr. Ravi Bansilal Darira Managing Director Email Id: info@raviraj.net Tel no: 022-45419000",unspecified_see_drhp,www.ekadrisht.com; www.raviraj.net,Extract from restated financials in DRHP (pattern not matched).,iso_certification_mention,DRHP: Mr. Ravi Bansilal Darira Managing Director Email; Mr. Ravi Bansilal Darira. Email Id; Mr. Ravi Bansilal Darira; Mr. Balasubrahmanya Narayana Rao,ISO certification mentioned; subsidiary / group structure,bse_sme_ipo_drhp_pipeline,drhp_companies_specified_format.csv+final_merged_dsir_promoters.csv,,See DRHP ‘Industry / Business overview’ section.,iso_certification_mention|bse_sme_ipo_drhp_pipeline|iso_certification_mentioned|subsidiary|group_structure,0,not_classified_manufacturer,1,india_location_signal,1,cert_or_patent_evidence,1,named_individuals_in_promoter_field,1,sector_or_macro_tailwind_tags,1,growth_or_ipo_signal_in_text,5,83,80.0,2,0,0,0,0,0,0,rules_only_no_llm_balance,0.0,5.0,5.0,5.0,5.0,5.0,80.0,0.0,rules_only,iso_only_differentiation_no_sector_moat,1
RCRS Innovations Limited,CORPORATE OFFICE CONTACT PERSON TELEPHONE AND EMAIL WEBSITE Building No,unspecified_see_drhp,https://rcrsinnovations.com/,Extract from restated financials in DRHP (pattern not matched).,no_structured_differentiation_tag,Could not download DRHP PDF/ZIP for promoter extraction.,No explicit expansion/hiring/certification keywords in sampled pages — check MD&A / risk factors in full DRHP.,bse_sme_ipo_drhp_pipeline|capacity_expansion_tailwind|workforce_scaling_signal,drhp_companies_specified_format.csv+final_merged_dsir_promoters.csv,,See DRHP ‘Industry / Business overview’ section.,no_structured_differentiation_tag|bse_sme_ipo_drhp_pipeline|capacity_expansion_tailwind|workforce_scaling_signal|no_explicit_expansion|hiring|certification_keywords_in_sampled_pages_—_check_md&a|risk_factors_in_full_drhp,0,not_classified_manufacturer,0,weak_location_signal,0,no_differentiation_evidence,0,no_promoter_extract,1,sector_or_macro_tailwind_tags,1,growth_or_ipo_signal_in_text,2,33,35.0,2,0,0,0,0,0,0,rules_only_no_llm_balance,0.0,0.0,0.0,0.0,5.0,5.0,35.0,0.0,rules_only,weak_differentiation_drhp_generics,1
Recode Studios Limited,"TELEPHONE WEBSITE R-89, Phase V, Focal Point, Ludhiana, Punjab, India - 141010 Mukta Ahuja Company Secretary and Compliance Officer E-mail: info@recodestudios.com Tel No: 0161- 4752672 Website: www.shop.recodestudios.com",unspecified_see_drhp,https://serencapital.in/; www.mudrarta.com; www.recodestudios.com,Extract from restated financials in DRHP (pattern not matched).,iso_certification_mention,Promoter names not machine-extracted from sampled DRHP pages; verify in IPO prospectus or LinkedIn.,ISO certification mentioned,bse_sme_ipo_drhp_pipeline,drhp_companies_specified_format.csv+final_merged_dsir_promoters.csv,,See DRHP ‘Industry / Business overview’ section.,iso_certification_mention|bse_sme_ipo_drhp_pipeline|iso_certification_mentioned,0,not_classified_manufacturer,1,india_location_signal,1,cert_or_patent_evidence,0,no_promoter_extract,1,sector_or_macro_tailwind_tags,1,growth_or_ipo_signal_in_text,4,67,65.0,2,0,0,0,0,0,0,rules_only_no_llm_balance,0.0,5.0,5.0,0.0,5.0,5.0,65.0,0.0,rules_only,iso_only_differentiation_no_sector_moat,1
Riddhi Display Equipments Limited,PDF parse error: PdfStreamError,unspecified_see_drhp,www.jawacapital.in; www.riddhidisplay.com,Extract from restated financials in DRHP (pattern not matched).,iso_certification_mention,Could not download DRHP PDF/ZIP for promoter extraction.,ISO certification mentioned,bse_sme_ipo_drhp_pipeline,drhp_companies_specified_format.csv+final_merged_dsir_promoters.csv,,See DRHP ‘Industry / Business overview’ section.,iso_certification_mention|bse_sme_ipo_drhp_pipeline|iso_certification_mentioned,0,not_classified_manufacturer,0,weak_location_signal,1,cert_or_patent_evidence,0,no_promoter_extract,1,sector_or_macro_tailwind_tags,1,growth_or_ipo_signal_in_text,3,50,55.0,3,0,0,0,0,0,0,rules_only_no_llm_balance,0.0,0.0,5.0,0.0,5.0,5.0,55.0,0.0,rules_only,iso_only_differentiation_no_sector_moat,1
Rikhav Securities Limited,Identification Number of our Company is U99999MH1995PLC086635.,unspecified_see_drhp,https://www.rikhav.net/,Extract from restated financials in DRHP (pattern not matched).,no_structured_differentiation_tag,DRHP: Ms. Sona Jain; Mr. Harshil Mahesh Shah; Mr. Harsh Mahesh Shah; Mr. Darshan Vikram Shah; Mr. Dhruvil Vikram Shah; Ms. Daksha Sharad Maniyar Public Selling Shareholder; Mr. Jayesh Mulchand Maniyar Public Selling Shareholder; Mr. Mukesh Jayantilal Sanghavi Public Selling Shareholder; Ms. Virali Girish Maniyar Public Selling Shareholder; Mr. Yash Jayesh Maniyar Public Selling Shareholder,subsidiary / group structure,bse_sme_ipo_drhp_pipeline,drhp_companies_specified_format.csv+final_merged_dsir_promoters.csv,U99999MH1995PLC086635,See DRHP ‘Industry / Business overview’ section.,no_structured_differentiation_tag|bse_sme_ipo_drhp_pipeline|subsidiary|group_structure,0,not_classified_manufacturer,0,weak_location_signal,0,no_differentiation_evidence,1,named_individuals_in_promoter_field,1,sector_or_macro_tailwind_tags,0,weak_growth_signal,2,33,30.0,2,0,0,0,0,0,0,rules_only_no_llm_balance,0.0,0.0,0.0,5.0,5.0,0.0,30.0,0.0,rules_only,weak_differentiation_drhp_generics|generic_web_or_thin_ops_narrative,2
Riyaasat Lifestyle Limited,"01/GF, 'Time Square', B/S",unspecified_see_drhp,www.riyaasat.in,₹0–5 Cr (approx from lakhs),no_structured_differentiation_tag,DRHP: Ms. Mansi Pratik Patel Company Secretary; Ms. Mansi Pratik Patel PROMOTERS OF; Mr. Nileshbhai Mansukhbhai Chalalia Company Secretary; Ms. Mansi Pratik Patel. Depositories Act,subsidiary / group structure,bse_sme_ipo_drhp_pipeline,drhp_companies_specified_format.csv+final_merged_dsir_promoters.csv,,See DRHP ‘Industry / Business overview’ section.,no_structured_differentiation_tag|bse_sme_ipo_drhp_pipeline|subsidiary|group_structure,0,not_classified_manufacturer,0,weak_location_signal,0,no_differentiation_evidence,1,named_individuals_in_promoter_field,1,sector_or_macro_tailwind_tags,0,weak_growth_signal,2,33,30.0,2,0,0,0,0,0,0,rules_only_no_llm_balance,0.0,0.0,0.0,5.0,5.0,0.0,30.0,0.0,rules_only,weak_differentiation_drhp_generics|generic_web_or_thin_ops_narrative,2
Royal Sense Limited,Contact Person E-mail and Telephone,unspecified_see_drhp,www.bigshareonline.com; www.expertglobal.in; www.royalsense.in,Extract from restated financials in DRHP (pattern not matched).,iso_certification_mention,DRHP: Ms. Priyanka Bhutani Company Secretary; Mr. Gaurav Jain Email; Ms. Priyanka Bhutani; Mr. Rishabh Arora Promoter Group Such; Mr. Rishabh Arora Company Secretary; Ms. Priyanka Bhutani. Director,ISO certification mentioned; subsidiary / group structure,bse_sme_ipo_drhp_pipeline,drhp_companies_specified_format.csv+final_merged_dsir_promoters.csv,,See DRHP ‘Industry / Business overview’ section.,iso_certification_mention|bse_sme_ipo_drhp_pipeline|iso_certification_mentioned|subsidiary|group_structure,0,not_classified_manufacturer,0,weak_location_signal,1,cert_or_patent_evidence,1,named_individuals_in_promoter_field,1,sector_or_macro_tailwind_tags,1,growth_or_ipo_signal_in_text,4,67,70.0,2,0,0,0,0,0,0,rules_only_no_llm_balance,0.0,0.0,5.0,5.0,5.0,5.0,70.0,0.0,rules_only,iso_only_differentiation_no_sector_moat,1
Safecure Services Limited,Registered Office: Office No,unspecified_see_drhp,www.linkintime.co.in; www.safecure.in; www.suncapitalservices.co.in,Extract from restated financials in DRHP (pattern not matched).,no_structured_differentiation_tag,DRHP: Mr. Shailendra Pandey; Mrs. Ranju Pandey; Mr. Nikit Pandey; Mr. Revati Raman Sharma; Mr. Satish Pandey; Mr. Raju Mishra,hiring / recruitment; subsidiary / group structure,bse_sme_ipo_drhp_pipeline|workforce_scaling_signal,drhp_companies_specified_format.csv+final_merged_dsir_promoters.csv,,See DRHP ‘Industry / Business overview’ section.,no_structured_differentiation_tag|bse_sme_ipo_drhp_pipeline|workforce_scaling_signal|hiring|recruitment|subsidiary|group_structure,0,not_classified_manufacturer,0,weak_location_signal,0,no_differentiation_evidence,1,named_individuals_in_promoter_field,1,sector_or_macro_tailwind_tags,1,growth_or_ipo_signal_in_text,3,50,50.0,2,0,0,0,0,0,0,rules_only_no_llm_balance,0.0,0.0,0.0,5.0,5.0,5.0,50.0,0.0,rules_only,weak_differentiation_drhp_generics,1
Saffron Speciality Papers Limited,"77/5, Village Aamne Near Indian Petrol Pump, Thane, Bhiwandi 421302, Maharashtra We / us / our Unless the context otherwise indicates or implies, refers to our Company. You / your / yours Prospective investors in this Issue.",unspecified_see_drhp,www.saffronindia.net,Extract from restated financials in DRHP (pattern not matched).,iso_certification_mention,Promoter names not machine-extracted from sampled DRHP pages; verify in IPO prospectus or LinkedIn.,capex / capital expenditure; ISO certification mentioned,bse_sme_ipo_drhp_pipeline|capacity_expansion_tailwind,drhp_companies_specified_format.csv+final_merged_dsir_promoters.csv,,See DRHP ‘Industry / Business overview’ section.,iso_certification_mention|bse_sme_ipo_drhp_pipeline|capacity_expansion_tailwind|capex|capital_expenditure|iso_certification_mentioned,0,not_classified_manufacturer,1,india_location_signal,1,cert_or_patent_evidence,0,no_promoter_extract,1,sector_or_macro_tailwind_tags,1,growth_or_ipo_signal_in_text,4,67,65.0,2,0,0,0,0,0,0,rules_only_no_llm_balance,0.0,5.0,5.0,0.0,5.0,5.0,65.0,0.0,rules_only,iso_only_differentiation_no_sector_moat|generic_web_or_thin_ops_narrative,2
Sahara Maritime Limited,CORPORATE OFFICE CONTACT PERSON EMAIL TELEPHONE,unspecified_see_drhp,www.bigshareonline.com; www.saharamaritime.com; www.swarajshares.com,Extract from restated financials in DRHP (pattern not matched).,no_structured_differentiation_tag,DRHP: Mr. Stallone Marshal Gonsalves; Mr. Sohrab Rustom Sayed; Mr. Nadeem Aboobakar Hira. For; Mr. Nadeem Aboobakar Hira; Mr. Harish Laxmana Poojary,capex / capital expenditure,bse_sme_ipo_drhp_pipeline|capacity_expansion_tailwind,drhp_companies_specified_format.csv+final_merged_dsir_promoters.csv,,See DRHP ‘Industry / Business overview’ section.,no_structured_differentiation_tag|bse_sme_ipo_drhp_pipeline|capacity_expansion_tailwind|capex|capital_expenditure,0,not_classified_manufacturer,0,weak_location_signal,0,no_differentiation_evidence,1,named_individuals_in_promoter_field,1,sector_or_macro_tailwind_tags,1,growth_or_ipo_signal_in_text,3,50,50.0,2,0,0,0,0,0,0,rules_only_no_llm_balance,0.0,0.0,0.0,5.0,5.0,5.0,50.0,0.0,rules_only,weak_differentiation_drhp_generics,1
Sai Urja Indo Ventures Limited,"UG-2 Office Floor, J",unspecified_see_drhp,https://suiv.co.in/,Extract from restated financials in DRHP (pattern not matched).,no_structured_differentiation_tag,Could not download DRHP PDF/ZIP for promoter extraction.,subsidiary / group structure,bse_sme_ipo_drhp_pipeline,drhp_companies_specified_format.csv+final_merged_dsir_promoters.csv,,See DRHP ‘Industry / Business overview’ section.,no_structured_differentiation_tag|bse_sme_ipo_drhp_pipeline|subsidiary|group_structure,0,not_classified_manufacturer,0,weak_location_signal,0,no_differentiation_evidence,0,no_promoter_extract,1,sector_or_macro_tailwind_tags,0,weak_growth_signal,1,17,15.0,2,0,0,0,0,0,0,rules_only_no_llm_balance,0.0,0.0,0.0,0.0,5.0,0.0,15.0,0.0,rules_only,weak_differentiation_drhp_generics|generic_web_or_thin_ops_narrative,2
Sakhiya Skin Clinic Limited,"on October 06, 2021","dermatology-focused healthcare services provider in India, with a long -standing operational history, we endeavour to su",www.gyrcapitaladvisors.com; www.kfintech.com; www.sakhiyaskinclinic.com,Extract from restated financials in DRHP (pattern not matched).,no_structured_differentiation_tag,DRHP: Ms. Pooja Ankit Sundarka Company Secretary; Mr. Mohit Baid SEBI Registration Number; Mr. Jagdishkumar Jadavbhai Sakhiya; Mrs. Rupalben Sakhiya; Dr. Sakhiya's Advanced Skin Science LLP,subsidiary / group structure,bse_sme_ipo_drhp_pipeline,drhp_companies_specified_format.csv+final_merged_dsir_promoters.csv,U85110GJ2011PLC121885,"dermatology-focused healthcare services provider in India, with a long -standing operational history, we endeavour to support our patient s",no_structured_differentiation_tag|bse_sme_ipo_drhp_pipeline|subsidiary|group_structure,0,not_classified_manufacturer,0,weak_location_signal,0,no_differentiation_evidence,1,named_individuals_in_promoter_field,1,sector_or_macro_tailwind_tags,0,weak_growth_signal,2,33,30.0,2,0,0,0,0,0,0,rules_only_no_llm_balance,0.0,0.0,0.0,5.0,5.0,0.0,30.0,0.0,rules_only,stale_temporal_signal,1
Sampark India Logistics Limited,"Plot No. 48, Bhule Ram Colony, Block B, Gali No. 7, Rangpuri Extension, Palam Airport, South West Delhi, New Delhi - 110037, India 17/3, Mathura Road, Ground & Second Floor, Faridabad City, Haryana-121002, India Ms. Ritika Bachhawat Company Secretary & Compliance Officer Email ID...",unspecified_see_drhp,https://silpl.rathigroup.info; https://silpl.rathigroup.info/,Extract from restated financials in DRHP (pattern not matched).,no_structured_differentiation_tag,Could not download DRHP PDF/ZIP for promoter extraction.,No explicit expansion/hiring/certification keywords in sampled pages — check MD&A / risk factors in full DRHP.,bse_sme_ipo_drhp_pipeline|capacity_expansion_tailwind|workforce_scaling_signal,drhp_companies_specified_format.csv+final_merged_dsir_promoters.csv,,See DRHP ‘Industry / Business overview’ section.,no_structured_differentiation_tag|bse_sme_ipo_drhp_pipeline|capacity_expansion_tailwind|workforce_scaling_signal|no_explicit_expansion|hiring|certification_keywords_in_sampled_pages_—_check_md&a|risk_factors_in_full_drhp,0,not_classified_manufacturer,1,india_location_signal,0,no_differentiation_evidence,0,no_promoter_extract,1,sector_or_macro_tailwind_tags,1,growth_or_ipo_signal_in_text,3,50,45.0,2,0,0,0,0,0,0,rules_only_no_llm_balance,0.0,5.0,0.0,0.0,5.0,5.0,45.0,0.0,rules_only,weak_differentiation_drhp_generics,1
Sampat Aluminium Limited,"Our Company has delayed in filing of Forms for certain years with Registrar of Companies for which additional fees has been paid by the Company and which has been certified by Dhyanam Vyas & Associates, Practi",unspecified_see_drhp,https://sampataluminium.com/; www.cameoindia.com,Extract from restated financials in DRHP (pattern not matched).,no_structured_differentiation_tag,DRHP: Mr. Sanket Sanjay Deora Chairman,subsidiary / group structure,bse_sme_ipo_drhp_pipeline,drhp_companies_specified_format.csv+final_merged_dsir_promoters.csv,,See DRHP ‘Industry / Business overview’ section.,no_structured_differentiation_tag|bse_sme_ipo_drhp_pipeline|subsidiary|group_structure,0,not_classified_manufacturer,0,weak_location_signal,0,no_differentiation_evidence,1,named_individuals_in_promoter_field,1,sector_or_macro_tailwind_tags,0,weak_growth_signal,2,33,30.0,2,0,0,0,0,0,0,rules_only_no_llm_balance,0.0,0.0,0.0,5.0,5.0,0.0,30.0,0.0,rules_only,weak_differentiation_drhp_generics,1
SATTRIX INFORMATION SECURITY LIMITED,"28, Damubhai Colony , Bhattha Paldi, Ahmedabad- 380007 Gujarat, India Ms.Rina Kumari Company Secretary and Compliance Officer",unspecified_see_drhp,www.bigshareonline.com; www.iskadvisors.com; www.sattrix.com,Extract from restated financials in DRHP (pattern not matched).,no_structured_differentiation_tag,DRHP: Mr. Sachhin Kishorbhai Gajjaer; Mrs. Ronak Sachin Gajjar THE ISSUE INITIAL; Mrs. Ronak Sachin Gajjar Promoter Group Such; Mrs. Ronak Sachin Gajjar Company Secretary; Ms. Rina Kumari. Director,No explicit expansion/hiring/certification keywords in sampled pages — check MD&A / risk factors in full DRHP.,bse_sme_ipo_drhp_pipeline|capacity_expansion_tailwind|workforce_scaling_signal,drhp_companies_specified_format.csv+final_merged_dsir_promoters.csv,,See DRHP ‘Industry / Business overview’ section.,no_structured_differentiation_tag|bse_sme_ipo_drhp_pipeline|capacity_expansion_tailwind|workforce_scaling_signal|no_explicit_expansion|hiring|certification_keywords_in_sampled_pages_—_check_md&a|risk_factors_in_full_drhp,0,not_classified_manufacturer,1,india_location_signal,0,no_differentiation_evidence,1,named_individuals_in_promoter_field,1,sector_or_macro_tailwind_tags,1,growth_or_ipo_signal_in_text,4,67,60.0,2,0,0,0,0,0,0,rules_only_no_llm_balance,0.0,5.0,0.0,5.0,5.0,5.0,60.0,0.0,rules_only,weak_differentiation_drhp_generics,1
Seemax Resources Limited,"Registered Office: 403, Mayfair Corporate Park, Behind DPS School, Kalali, Vadodara, Gujarat, India,390012; Tel",unspecified_see_drhp,www.cameoindia.com; www.seemaxresources.com; www.wealthminenetworks.com,₹5–25 Cr (approx from lakhs),no_structured_differentiation_tag,Mr. Amit Naldev Trivedi; Mr. Amit Naldev Trivedi Managing Director; Mr. Pankaj Kewalramani; Mr. Pankaj Kewalramani Company Secretary; Mr. Sanjay Chindu Patil Chief Financial; Mr. Srinivasan Venkateshmurthy Non; Mrs. Sapna Jain Non; Mrs. Aishwarya Singhvi Non; Mrs. Seema Trivedi Whole,No explicit expansion/hiring/certification keywords in sampled pages — check MD&A / risk factors in full DRHP.,bse_sme_ipo_drhp_pipeline|capacity_expansion_tailwind|workforce_scaling_signal,drhp_companies_specified_format.csv+final_merged_dsir_promoters.csv,,See DRHP ‘Industry / Business overview’ section.,no_structured_differentiation_tag|bse_sme_ipo_drhp_pipeline|capacity_expansion_tailwind|workforce_scaling_signal|no_explicit_expansion|hiring|certification_keywords_in_sampled_pages_—_check_md&a|risk_factors_in_full_drhp,0,not_classified_manufacturer,1,india_location_signal,0,no_differentiation_evidence,1,named_individuals_in_promoter_field,1,sector_or_macro_tailwind_tags,1,growth_or_ipo_signal_in_text,4,67,60.0,2,0,0,0,0,0,0,rules_only_no_llm_balance,0.0,5.0,0.0,5.0,5.0,5.0,60.0,0.0,rules_only,weak_differentiation_drhp_generics,1
Segmental Infrastructure Development Limited,"of the Company was shifted from the state of Delhi to State of Haryana vide Certificate of Incorporation dated September 12, 2023 issued by Registrar of Companies, Delhi",unspecified_see_drhp,www.bigshareonline.comInvestor; www.segmental.in; www.segmental.in/Promoter; www.shareindia.comInvestor,Extract from restated financials in DRHP (pattern not matched).,no_structured_differentiation_tag,Could not download DRHP PDF/ZIP for promoter extraction.,subsidiary / group structure,bse_sme_ipo_drhp_pipeline,drhp_companies_specified_format.csv+final_merged_dsir_promoters.csv,,See DRHP ‘Industry / Business overview’ section.,no_structured_differentiation_tag|bse_sme_ipo_drhp_pipeline|subsidiary|group_structure,0,not_classified_manufacturer,1,india_location_signal,0,no_differentiation_evidence,0,no_promoter_extract,1,sector_or_macro_tailwind_tags,0,weak_growth_signal,2,33,25.0,2,0,0,0,0,0,0,rules_only_no_llm_balance,0.0,5.0,0.0,0.0,5.0,0.0,25.0,0.0,rules_only,borderline_stale_temporal_signal|weak_differentiation_drhp_generics,2
Shanmuga Hospital Limited,"For further details of change in name and registered office of our company, please refer to section titled “",unspecified_see_drhp,www.shanmugahospital.com,₹3 Cr (stated),no_structured_differentiation_tag,DRHP: Mr. Veer Pratap Reddy Gandluru; Mr. S. Ramakrishna Iyengar INTEGRATED REGISTRY MANAGEMENT,subsidiary / group structure,bse_sme_ipo_drhp_pipeline,drhp_companies_specified_format.csv+final_merged_dsir_promoters.csv,,See DRHP ‘Industry / Business overview’ section.,no_structured_differentiation_tag|bse_sme_ipo_drhp_pipeline|subsidiary|group_structure,0,not_classified_manufacturer,0,weak_location_signal,0,no_differentiation_evidence,1,named_individuals_in_promoter_field,1,sector_or_macro_tailwind_tags,0,weak_growth_signal,2,33,30.0,2,0,0,0,0,0,0,rules_only_no_llm_balance,0.0,0.0,0.0,5.0,5.0,0.0,30.0,0.0,rules_only,weak_differentiation_drhp_generics|generic_web_or_thin_ops_narrative,2
Shanti Spintex Limited,"Sub Plot 1, Unit 1, Survey No",unspecified_see_drhp,www.shantispintex.com,Extract from restated financials in DRHP (pattern not matched).,no_structured_differentiation_tag,Promoter names not machine-extracted from sampled DRHP pages; verify in IPO prospectus or LinkedIn.,No explicit expansion/hiring/certification keywords in sampled pages — check MD&A / risk factors in full DRHP.,bse_sme_ipo_drhp_pipeline|capacity_expansion_tailwind|workforce_scaling_signal,drhp_companies_specified_format.csv+final_merged_dsir_promoters.csv,,See DRHP ‘Industry / Business overview’ section.,no_structured_differentiation_tag|bse_sme_ipo_drhp_pipeline|capacity_expansion_tailwind|workforce_scaling_signal|no_explicit_expansion|hiring|certification_keywords_in_sampled_pages_—_check_md&a|risk_factors_in_full_drhp,0,not_classified_manufacturer,0,weak_location_signal,0,no_differentiation_evidence,0,no_promoter_extract,1,sector_or_macro_tailwind_tags,1,growth_or_ipo_signal_in_text,2,33,35.0,2,0,0,0,0,0,0,rules_only_no_llm_balance,0.0,0.0,0.0,0.0,5.0,5.0,35.0,0.0,rules_only,weak_differentiation_drhp_generics,1
Share Samadhan Limited,Tel: 01149084044 Fax: N,unspecified_see_drhp,www.narnolia.com; www.sharesamadhan.com; www.skylinerta.com,Extract from restated financials in DRHP (pattern not matched).,no_structured_differentiation_tag,DRHP: Mr. Kumar Rishi OUR; Mr. Abhay Kumar Chandalia; Mrs. Anjali Mathur; Mr. Vinay Kumar Sangwan; Mrs. Veena Khanna,subsidiary / group structure,bse_sme_ipo_drhp_pipeline,drhp_companies_specified_format.csv+final_merged_dsir_promoters.csv,,See DRHP ‘Industry / Business overview’ section.,no_structured_differentiation_tag|bse_sme_ipo_drhp_pipeline|subsidiary|group_structure,0,not_classified_manufacturer,0,weak_location_signal,0,no_differentiation_evidence,1,named_individuals_in_promoter_field,1,sector_or_macro_tailwind_tags,0,weak_growth_signal,2,33,30.0,2,0,0,0,0,0,0,rules_only_no_llm_balance,0.0,0.0,0.0,5.0,5.0,0.0,30.0,0.0,rules_only,weak_differentiation_drhp_generics|generic_web_or_thin_ops_narrative,2
Shashwat Furnishing Solutions Limited,U20299RJ2021PLC073899,unspecified_see_drhp,www.beelinebroking.com; www.handicraftsvillage.com; www.kfintech.com,Extract from restated financials in DRHP (pattern not matched).,no_structured_differentiation_tag,DRHP: Mr. Hitesh Karnawat; Mrs. Ratika Khandelwal; Mr. Hitesh Karnawat. For; Mr. Lalit Ghewarchand Karnawat. Stakeholders Relationship Committee,subsidiary / group structure,bse_sme_ipo_drhp_pipeline,drhp_companies_specified_format.csv+final_merged_dsir_promoters.csv,U20299RJ2021PLC073899,See DRHP ‘Industry / Business overview’ section.,no_structured_differentiation_tag|bse_sme_ipo_drhp_pipeline|subsidiary|group_structure,0,not_classified_manufacturer,0,weak_location_signal,0,no_differentiation_evidence,1,named_individuals_in_promoter_field,1,sector_or_macro_tailwind_tags,0,weak_growth_signal,2,33,30.0,2,0,0,0,0,0,0,rules_only_no_llm_balance,0.0,0.0,0.0,5.0,5.0,0.0,30.0,0.0,rules_only,weak_differentiation_drhp_generics,1
Shellz India Limited,"registered office of our Company, see “History and Certain Corporate Matters” on page 217.",unspecified_see_drhp,www.shellz.in,₹0–5 Cr (approx from lakhs),no_structured_differentiation_tag,DRHP: KAPIL GARG AND SHALINI GARG,subsidiary / group structure,bse_sme_ipo_drhp_pipeline,drhp_companies_specified_format.csv+final_merged_dsir_promoters.csv,,See DRHP ‘Industry / Business overview’ section.,no_structured_differentiation_tag|bse_sme_ipo_drhp_pipeline|subsidiary|group_structure,0,not_classified_manufacturer,0,weak_location_signal,0,no_differentiation_evidence,0,weak_promoter_signal,1,sector_or_macro_tailwind_tags,0,weak_growth_signal,1,17,15.0,2,0,0,0,0,0,0,rules_only_no_llm_balance,0.0,0.0,0.0,0.0,5.0,0.0,15.0,0.0,rules_only,weak_differentiation_drhp_generics|generic_web_or_thin_ops_narrative,2
Shine Fashions (India) Limited,"Mulund West Mumbai -400080, Maharashtra “you”, “your” or “yours” Prospective investors in this Issue",unspecified_see_drhp,www.amfabrics.in; www.cameoindia.com; www.shreni.in,Extract from restated financials in DRHP (pattern not matched).,iso_certification_mention,DRHP: Mr. Anil Mehta; Ms Nidhi Jain; Ms. Nidhi Jain Director; Mr. Anish Anil Mehta Materiality Policy; Mr. Anish Anil Mehta; Mr. Anil Zaverchand Mehta; Mr. Anish Anil Mehta Mrs. Binal Anish; Ms. Purvi Anil Sanghvi; Mr. Ankit Hareshkumar Doshi; Mr. Sagar Hareshkumar Doshi,ISO certification mentioned; subsidiary / group structure,bse_sme_ipo_drhp_pipeline,drhp_companies_specified_format.csv+final_merged_dsir_promoters.csv,,See DRHP ‘Industry / Business overview’ section.,iso_certification_mention|bse_sme_ipo_drhp_pipeline|iso_certification_mentioned|subsidiary|group_structure,0,not_classified_manufacturer,1,india_location_signal,1,cert_or_patent_evidence,1,named_individuals_in_promoter_field,1,sector_or_macro_tailwind_tags,1,growth_or_ipo_signal_in_text,5,83,80.0,2,0,0,0,0,0,0,rules_only_no_llm_balance,0.0,5.0,5.0,5.0,5.0,5.0,80.0,0.0,rules_only,iso_only_differentiation_no_sector_moat,1
Shlokka Dyes Limited,"Saykha, Saran, Bharuch, Vagra, Gujarat, India-392140",unspecified_see_drhp,www.bigshareonline.com; www.ifinservices.in; www.shlokkadyes.com,Extract from restated financials in DRHP (pattern not matched).,iso_certification_mention,DRHP: Mr. Siddharth Gajra Company Secretary; Mr. Siddharth Gajra; Mr. Siddharth Gajra Chief Financial Officer; Mr. Rajesh Patel. Act; Vaibhav Shah & Shivani Rajpurohit,ISO certification mentioned,bse_sme_ipo_drhp_pipeline,drhp_companies_specified_format.csv+final_merged_dsir_promoters.csv,,See DRHP ‘Industry / Business overview’ section.,iso_certification_mention|bse_sme_ipo_drhp_pipeline|iso_certification_mentioned,0,not_classified_manufacturer,1,india_location_signal,1,cert_or_patent_evidence,1,named_individuals_in_promoter_field,1,sector_or_macro_tailwind_tags,1,growth_or_ipo_signal_in_text,5,83,80.0,3,0,0,0,0,0,0,rules_only_no_llm_balance,0.0,5.0,5.0,5.0,5.0,5.0,80.0,0.0,rules_only,iso_only_differentiation_no_sector_moat,1
Shree Balaji (Mala) Textiles Limited,Certain Corporate Matters” on page 153 of this Draft Red Herring Prospectus.,unspecified_see_drhp,www.gyrcapitaladvisors.com; www.kfintech.com; www.malasaree.com,Extract from restated financials in DRHP (pattern not matched).,no_structured_differentiation_tag,Could not download DRHP PDF/ZIP for promoter extraction.,No explicit expansion/hiring/certification keywords in sampled pages — check MD&A / risk factors in full DRHP.,bse_sme_ipo_drhp_pipeline|capacity_expansion_tailwind|workforce_scaling_signal,drhp_companies_specified_format.csv+final_merged_dsir_promoters.csv,,See DRHP ‘Industry / Business overview’ section.,no_structured_differentiation_tag|bse_sme_ipo_drhp_pipeline|capacity_expansion_tailwind|workforce_scaling_signal|no_explicit_expansion|hiring|certification_keywords_in_sampled_pages_—_check_md&a|risk_factors_in_full_drhp,0,not_classified_manufacturer,0,weak_location_signal,0,no_differentiation_evidence,0,no_promoter_extract,1,sector_or_macro_tailwind_tags,1,growth_or_ipo_signal_in_text,2,33,35.0,2,0,0,0,0,0,0,rules_only_no_llm_balance,0.0,0.0,0.0,0.0,5.0,5.0,35.0,0.0,rules_only,weak_differentiation_drhp_generics,1
Shree Refrigerations Limited,"at Plot. No. 131/1+2, Opp. MSEB Stores, Virwade Road, Ogalewadi, Karad, Maharashtr a-415105, India. For details of change in name and registered office of our Company, please refer to chapter titled “",unspecified_see_drhp,https://linkintime.co.in; www.narnolia.com; www.shreeref.com,Extract from restated financials in DRHP (pattern not matched).,no_structured_differentiation_tag,Mr. Ravalnath Gopinath Shende,No explicit expansion/hiring/certification keywords in sampled pages — check MD&A / risk factors in full DRHP.,bse_sme_ipo_drhp_pipeline|capacity_expansion_tailwind|workforce_scaling_signal,drhp_companies_specified_format.csv+final_merged_dsir_promoters.csv,,See DRHP ‘Industry / Business overview’ section.,no_structured_differentiation_tag|bse_sme_ipo_drhp_pipeline|capacity_expansion_tailwind|workforce_scaling_signal|no_explicit_expansion|hiring|certification_keywords_in_sampled_pages_—_check_md&a|risk_factors_in_full_drhp,0,not_classified_manufacturer,1,india_location_signal,0,no_differentiation_evidence,1,named_individuals_in_promoter_field,1,sector_or_macro_tailwind_tags,1,growth_or_ipo_signal_in_text,4,67,60.0,2,0,0,0,0,0,0,rules_only_no_llm_balance,0.0,5.0,0.0,5.0,5.0,5.0,60.0,0.0,rules_only,weak_differentiation_drhp_generics,1
Shree TNB Polymers Limited,"Athalroad, Silvassa, Dadra & Nagar Haveli, India- 396230.",unspecified_see_drhp,www.shreetnbpolymers.in,Extract from restated financials in DRHP (pattern not matched).,no_structured_differentiation_tag,DRHP PDF could not be downloaded.,subsidiary / group structure,bse_sme_ipo_drhp_pipeline,drhp_companies_specified_format.csv+final_merged_dsir_promoters.csv,,See DRHP ‘Industry / Business overview’ section.,no_structured_differentiation_tag|bse_sme_ipo_drhp_pipeline|subsidiary|group_structure,0,not_classified_manufacturer,1,india_location_signal,0,no_differentiation_evidence,0,no_promoter_extract,1,sector_or_macro_tailwind_tags,0,weak_growth_signal,2,33,25.0,2,0,0,0,0,0,0,rules_only_no_llm_balance,0.0,5.0,0.0,0.0,5.0,0.0,25.0,0.0,rules_only,weak_differentiation_drhp_generics|generic_web_or_thin_ops_narrative,2
Silverstorm Parks and Resorts Limited,"India. Furthermore, unless the context otherwise indicates, all references to the terms, “we”, “us” and “our” are to our Company.",unspecified_see_drhp,https://silverstorm.in/,Extract from restated financials in DRHP (pattern not matched).,no_structured_differentiation_tag,Promoter names not machine-extracted from sampled DRHP pages; verify in IPO prospectus or LinkedIn.,No explicit expansion/hiring/certification keywords in sampled pages — check MD&A / risk factors in full DRHP.,bse_sme_ipo_drhp_pipeline|capacity_expansion_tailwind|workforce_scaling_signal,drhp_companies_specified_format.csv+final_merged_dsir_promoters.csv,,See DRHP ‘Industry / Business overview’ section.,no_structured_differentiation_tag|bse_sme_ipo_drhp_pipeline|capacity_expansion_tailwind|workforce_scaling_signal|no_explicit_expansion|hiring|certification_keywords_in_sampled_pages_—_check_md&a|risk_factors_in_full_drhp,0,not_classified_manufacturer,1,india_location_signal,0,no_differentiation_evidence,0,no_promoter_extract,1,sector_or_macro_tailwind_tags,1,growth_or_ipo_signal_in_text,3,50,45.0,2,0,0,0,0,0,0,rules_only_no_llm_balance,0.0,5.0,0.0,0.0,5.0,5.0,45.0,0.0,rules_only,weak_differentiation_drhp_generics,1
SJP ULTRASONICS LIMITED,"Maharashtra, Mumbai.",investors may not have access to comparable industry metrics when evaluating,www.kslindia.com; www.maashitla.com; www.sjpultrasonics.in,Extract from restated financials in DRHP (pattern not matched).,no_structured_differentiation_tag,Could not download DRHP PDF/ZIP for promoter extraction.,No explicit expansion/hiring/certification keywords in sampled pages — check MD&A / risk factors in full DRHP.,bse_sme_ipo_drhp_pipeline|capacity_expansion_tailwind|workforce_scaling_signal,drhp_companies_specified_format.csv+final_merged_dsir_promoters.csv,,investors may not have access to comparable industry metrics when evaluating,no_structured_differentiation_tag|bse_sme_ipo_drhp_pipeline|capacity_expansion_tailwind|workforce_scaling_signal|no_explicit_expansion|hiring|certification_keywords_in_sampled_pages_—_check_md&a|risk_factors_in_full_drhp,0,not_classified_manufacturer,1,india_location_signal,0,no_differentiation_evidence,0,no_promoter_extract,1,sector_or_macro_tailwind_tags,1,growth_or_ipo_signal_in_text,3,50,45.0,2,0,0,0,0,0,0,rules_only_no_llm_balance,0.0,5.0,0.0,0.0,5.0,5.0,45.0,0.0,rules_only,calibration_review_queue_step10,1
SK International Export Limited,"78, Ground floor, A -2 Shah & Nahar Industrial Estate, Sitaram Jadhav Marg, Lower Parel, Mumbai-400013, Maharashtra, India “We”, “the”, “our” or “us” Unless the context otherwise indicates or implies, refers to our Company",unspecified_see_drhp,https://karisma.karvy.com; www.finshoregroup.com; www.skinternational.in,Extract from restated financials in DRHP (pattern not matched).,iso_certification_mention,DRHP: Mr. Hitesh Shrawankumar Sadh; Mr. Shrawankumar Sadh; Mr. Hitesh Shrawankumar Sadh For,capex / capital expenditure; ISO certification mentioned; subsidiary / group structure,bse_sme_ipo_drhp_pipeline|capacity_expansion_tailwind,drhp_companies_specified_format.csv+final_merged_dsir_promoters.csv,,See DRHP ‘Industry / Business overview’ section.,iso_certification_mention|bse_sme_ipo_drhp_pipeline|capacity_expansion_tailwind|capex|capital_expenditure|iso_certification_mentioned|subsidiary|group_structure,0,not_classified_manufacturer,1,india_location_signal,1,cert_or_patent_evidence,1,named_individuals_in_promoter_field,1,sector_or_macro_tailwind_tags,1,growth_or_ipo_signal_in_text,5,83,80.0,2,0,0,0,0,0,0,rules_only_no_llm_balance,0.0,5.0,5.0,5.0,5.0,5.0,80.0,0.0,rules_only,iso_only_differentiation_no_sector_moat,1
Skill Tree Consulting Limited,Certain Corporate Matters” beginning on page 101 of this Draft Red Herring Prospectus,unspecified_see_drhp,https://www.skilltreeconsulting.in/,Extract from restated financials in DRHP (pattern not matched).,no_structured_differentiation_tag,DRHP: Ms. Hunny Naresh Mehta; Mr. Jaspal Singh Sehgal; Mr. Vishesh Saini Chief Financial Officer; Mr. Yogesh Gupta. Company Secretary; Ms. Hunny Naresh Mehta. Depositories Act; Mr. Jaspal Singh Sehgal For,subsidiary / group structure,bse_sme_ipo_drhp_pipeline,drhp_companies_specified_format.csv+final_merged_dsir_promoters.csv,,See DRHP ‘Industry / Business overview’ section.,no_structured_differentiation_tag|bse_sme_ipo_drhp_pipeline|subsidiary|group_structure,0,not_classified_manufacturer,0,weak_location_signal,0,no_differentiation_evidence,1,named_individuals_in_promoter_field,1,sector_or_macro_tailwind_tags,0,weak_growth_signal,2,33,30.0,2,0,0,0,0,0,0,rules_only_no_llm_balance,0.0,0.0,0.0,5.0,5.0,0.0,30.0,0.0,rules_only,weak_differentiation_drhp_generics|generic_web_or_thin_ops_narrative,2
SM Auto Stamping Limited,"“we”, “us” and “our” Unless the context otherwis e indicates or implies refers to our Company",unspecified_see_drhp,www.bigshareonline.com; www.hemsecurities.com; www.smautostamping.com,Extract from restated financials in DRHP (pattern not matched).,no_structured_differentiation_tag,DRHP: Mrs. Priya Anuj Khadilkar; Mr. Mukund Narayan Kulkarni; Mr. Suresh Gunwant Fegde; Mrs. Alka Mukund Kulkarni THE ISSUE INITIAL; Mr. Suresh GunwantFegde; Mrs. AlkaMukundKulkarni. For,subsidiary / group structure,bse_sme_ipo_drhp_pipeline,drhp_companies_specified_format.csv+final_merged_dsir_promoters.csv,,See DRHP ‘Industry / Business overview’ section.,no_structured_differentiation_tag|bse_sme_ipo_drhp_pipeline|subsidiary|group_structure,0,not_classified_manufacturer,0,weak_location_signal,0,no_differentiation_evidence,1,named_individuals_in_promoter_field,1,sector_or_macro_tailwind_tags,0,weak_growth_signal,2,33,30.0,2,0,0,0,0,0,0,rules_only_no_llm_balance,0.0,0.0,0.0,5.0,5.0,0.0,30.0,0.0,rules_only,weak_differentiation_drhp_generics,1
SMR Jewels Limited,"Office Contact Person Email and Telephone Website 3, Vrindavan Appartments, Gulbai Tekra Ahmedabad Gujarat, India 380006. -",unspecified_see_drhp,https://smrjewels.in; www.smrjewels.in,Extract from restated financials in DRHP (pattern not matched).,no_structured_differentiation_tag,Mr. Vismay Manojkumar Soni Promoter; Mrs. Bhanumati Ramanlal Parekh; Mrs. Dipikaben Virendra Soni Promoter; Mrs. Drashti Pal Modi Promoter; Mrs. Parul Manoj Soni Promoter,No explicit expansion/hiring/certification keywords in sampled pages — check MD&A / risk factors in full DRHP.,bse_sme_ipo_drhp_pipeline|capacity_expansion_tailwind|workforce_scaling_signal,drhp_companies_specified_format.csv+final_merged_dsir_promoters.csv,,See DRHP ‘Industry / Business overview’ section.,no_structured_differentiation_tag|bse_sme_ipo_drhp_pipeline|capacity_expansion_tailwind|workforce_scaling_signal|no_explicit_expansion|hiring|certification_keywords_in_sampled_pages_—_check_md&a|risk_factors_in_full_drhp,0,not_classified_manufacturer,1,india_location_signal,0,no_differentiation_evidence,1,named_individuals_in_promoter_field,1,sector_or_macro_tailwind_tags,1,growth_or_ipo_signal_in_text,4,67,60.0,2,0,0,0,0,0,0,rules_only_no_llm_balance,0.0,5.0,0.0,5.0,5.0,5.0,60.0,0.0,rules_only,weak_differentiation_drhp_generics,1
Sodhani Capital Limited,"1st floor C-373 C Block Vaishali Nagar, Jaipur-302021, Rajasthan, India",unspecified_see_drhp,https://sodhanicapital.com/; www.bonanzaonline.com; www.ndml.in; www.sodhanicapital.com,Extract from restated financials in DRHP (pattern not matched).,no_structured_differentiation_tag,DRHP: Ms. Renu Sharma; Ms. Swati Agrawal; Mr. Abhay Bansal Email ID,subsidiary / group structure,bse_sme_ipo_drhp_pipeline,drhp_companies_specified_format.csv+final_merged_dsir_promoters.csv,,See DRHP ‘Industry / Business overview’ section.,no_structured_differentiation_tag|bse_sme_ipo_drhp_pipeline|subsidiary|group_structure,0,not_classified_manufacturer,1,india_location_signal,0,no_differentiation_evidence,1,named_individuals_in_promoter_field,1,sector_or_macro_tailwind_tags,0,weak_growth_signal,3,50,40.0,3,0,0,0,0,0,0,rules_only_no_llm_balance,0.0,5.0,0.0,5.0,5.0,0.0,40.0,0.0,rules_only,weak_differentiation_drhp_generics,1
Solar91 Cleantech Limited,"incorporation consequent upon conversion dated July 22, 2024 bearing",unspecified_see_drhp,www.maashitla.com; www.narnolia.com; www.solar91.com,Extract from restated financials in DRHP (pattern not matched).,no_structured_differentiation_tag,DRHP: Mr. Harshit Jain; Mr. Pankaj Pasi Website; Mr. Mukul Agrawal CIN; Mrs. Surbhi Toshniwal. This; Mr. Dhawal Gaurang Vasavada; Mr. Saurabh Vyas; Mr. Prateek Agrawal; Mr. Sandeep Gurnani,subsidiary / group structure,bse_sme_ipo_drhp_pipeline,drhp_companies_specified_format.csv+final_merged_dsir_promoters.csv,,See DRHP ‘Industry / Business overview’ section.,no_structured_differentiation_tag|bse_sme_ipo_drhp_pipeline|subsidiary|group_structure,0,not_classified_manufacturer,0,weak_location_signal,0,no_differentiation_evidence,1,named_individuals_in_promoter_field,1,sector_or_macro_tailwind_tags,0,weak_growth_signal,2,33,30.0,2,0,0,0,0,0,0,rules_only_no_llm_balance,0.0,0.0,0.0,5.0,5.0,0.0,30.0,0.0,rules_only,weak_differentiation_drhp_generics|generic_web_or_thin_ops_narrative,2
Solvex Edibles Limited,"India, 244921",unspecified_see_drhp,www.corporatemakers.in; www.maashitla.com; www.solvexedibles.in,Extract from restated financials in DRHP (pattern not matched).,iso_certification_mention,DRHP: Ms. Swati Vaish; Ms. Swati Vaish. Corporate Identification Number; Mr. Ashish Goel. MOA; Mr. Ashish Goel; Mr. Vishal Goel; Mrs. Rashika Gupta; Mr. Brij Bhushan Goel. Promoter Group Such,ISO certification mentioned,bse_sme_ipo_drhp_pipeline,drhp_companies_specified_format.csv+final_merged_dsir_promoters.csv,,See DRHP ‘Industry / Business overview’ section.,iso_certification_mention|bse_sme_ipo_drhp_pipeline|iso_certification_mentioned,0,not_classified_manufacturer,1,india_location_signal,1,cert_or_patent_evidence,1,named_individuals_in_promoter_field,1,sector_or_macro_tailwind_tags,1,growth_or_ipo_signal_in_text,5,83,80.0,2,0,0,0,0,0,0,rules_only_no_llm_balance,0.0,5.0,5.0,5.0,5.0,5.0,80.0,0.0,rules_only,iso_only_differentiation_no_sector_moat,1
Sotefin Bharat Limited,"Kalikapur, Kolkata, West Bengal, India, 700099",unspecified_see_drhp,www.sotefinbharat.com,Extract from restated financials in DRHP (pattern not matched).,no_structured_differentiation_tag,Promoter names not machine-extracted from sampled DRHP pages; verify in IPO prospectus or LinkedIn.,No explicit expansion/hiring/certification keywords in sampled pages — check MD&A / risk factors in full DRHP.,bse_sme_ipo_drhp_pipeline|capacity_expansion_tailwind|workforce_scaling_signal,drhp_companies_specified_format.csv+final_merged_dsir_promoters.csv,,See DRHP ‘Industry / Business overview’ section.,no_structured_differentiation_tag|bse_sme_ipo_drhp_pipeline|capacity_expansion_tailwind|workforce_scaling_signal|no_explicit_expansion|hiring|certification_keywords_in_sampled_pages_—_check_md&a|risk_factors_in_full_drhp,0,not_classified_manufacturer,1,india_location_signal,0,no_differentiation_evidence,0,no_promoter_extract,1,sector_or_macro_tailwind_tags,1,growth_or_ipo_signal_in_text,3,50,45.0,2,0,0,0,0,0,0,rules_only_no_llm_balance,0.0,5.0,0.0,0.0,5.0,5.0,45.0,0.0,rules_only,weak_differentiation_drhp_generics,1
SSMD Agrotech India Limited,CORPORATE OFFICE CONTACT PERSON EMAIL AND TELEPHONE WEBSITE Khasra No,unspecified_see_drhp,www.houseofmanohar.com,Extract from restated financials in DRHP (pattern not matched).,no_structured_differentiation_tag,DRHP: Mr. Rajesh Thakur; Mr. Ishu Munjal; Mrs. Surbhi Munjal; Mr. Jai Gopal Munjal DETAILS OF; Mr. Jai Gopal Munjal; Mrs. Surbhi Munjal WTD Whole- Time Director; Mrs. Surbhi Munjal Issue Related Terms Term,No explicit expansion/hiring/certification keywords in sampled pages — check MD&A / risk factors in full DRHP.,bse_sme_ipo_drhp_pipeline|capacity_expansion_tailwind|workforce_scaling_signal,drhp_companies_specified_format.csv+final_merged_dsir_promoters.csv,,See DRHP ‘Industry / Business overview’ section.,no_structured_differentiation_tag|bse_sme_ipo_drhp_pipeline|capacity_expansion_tailwind|workforce_scaling_signal|no_explicit_expansion|hiring|certification_keywords_in_sampled_pages_—_check_md&a|risk_factors_in_full_drhp,0,not_classified_manufacturer,0,weak_location_signal,0,no_differentiation_evidence,1,named_individuals_in_promoter_field,1,sector_or_macro_tailwind_tags,1,growth_or_ipo_signal_in_text,3,50,50.0,2,0,0,0,0,0,0,rules_only_no_llm_balance,0.0,0.0,0.0,5.0,5.0,5.0,50.0,0.0,rules_only,weak_differentiation_drhp_generics,1
STANBIK AGRO LIMITED,to section titled “Our History and Certain Corporate Matters” beginning on page number 136 of the Draft Prospectus.,Manufacturing / Industrial,https://growhousewealth.com; https://stanbikagro.com,Extract from restated financials in DRHP (pattern not matched).,no_structured_differentiation_tag,Could not download DRHP PDF/ZIP for promoter extraction.,No explicit expansion/hiring/certification keywords in sampled pages — check MD&A / risk factors in full DRHP.,bse_sme_ipo_drhp_pipeline|make_in_india_manufacturing|capacity_expansion_tailwind|workforce_scaling_signal,drhp_companies_specified_format.csv+final_merged_dsir_promoters.csv,,"“manufacturing” has been replaced with “contract farming.” Further, in paragraph 3, an additional line has been inserted.",no_structured_differentiation_tag|bse_sme_ipo_drhp_pipeline|make_in_india_manufacturing|capacity_expansion_tailwind|workforce_scaling_signal|no_explicit_expansion|hiring|certification_keywords_in_sampled_pages_—_check_md&a|risk_factors_in_full_drhp,1,manufacturer_or_industrial_segment,0,weak_location_signal,0,no_differentiation_evidence,0,no_promoter_extract,1,sector_or_macro_tailwind_tags,1,growth_or_ipo_signal_in_text,3,50,55.0,2,0,0,0,0,0,0,rules_only_no_llm_balance,5.0,0.0,0.0,0.0,5.0,5.0,55.0,0.0,rules_only,calibration_review_queue_step10,1
STITCHED TEXTILES LIMITED,"1st Floor, Barcelona House, B/S",unspecified_see_drhp,www.barcelonaclub.in; www.bigshareonline.com; www.tcagroup.in,Extract from restated financials in DRHP (pattern not matched).,iso_certification_mention,DRHP: Ms. Shivani Pathak; Mr. Garvit Bhola Telephone; Mr. Swapnil Kate Telephone,ISO certification mentioned,bse_sme_ipo_drhp_pipeline,drhp_companies_specified_format.csv+final_merged_dsir_promoters.csv,,See DRHP ‘Industry / Business overview’ section.,iso_certification_mention|bse_sme_ipo_drhp_pipeline|iso_certification_mentioned,0,not_classified_manufacturer,0,weak_location_signal,1,cert_or_patent_evidence,1,named_individuals_in_promoter_field,1,sector_or_macro_tailwind_tags,1,growth_or_ipo_signal_in_text,4,67,70.0,2,0,0,0,0,0,0,rules_only_no_llm_balance,0.0,0.0,5.0,5.0,5.0,5.0,70.0,0.0,rules_only,iso_only_differentiation_no_sector_moat,1
Sugs Lloyd Limited,"further details, please refer to chapter titled “History and Corporate Structure” beginning on page 160 of this Draft Red Herring Prospectus.",unspecified_see_drhp,www.3dcsl.com; www.sugslloyds.com,Extract from restated financials in DRHP (pattern not matched).,no_structured_differentiation_tag,DRHP: Ms. Nimmy Singh Chauhan; Mr. Rhydham Kapoor Email; Mrs. Priti Shah; Mr. Santosh Kumar Shah; Mr. Santosh Kumar Shah CIN Corporate Identification; Mr. Vicky Kumar Companies Act; Ms. Nimmy Singh Chauhan. Corporate; Mrs. Priti Shah. MOA; Mr. Santosh Kumar Shah For; Mr. Laxman Prasad,subsidiary / group structure,bse_sme_ipo_drhp_pipeline,drhp_companies_specified_format.csv+final_merged_dsir_promoters.csv,,See DRHP ‘Industry / Business overview’ section.,no_structured_differentiation_tag|bse_sme_ipo_drhp_pipeline|subsidiary|group_structure,0,not_classified_manufacturer,0,weak_location_signal,0,no_differentiation_evidence,1,named_individuals_in_promoter_field,1,sector_or_macro_tailwind_tags,0,weak_growth_signal,2,33,30.0,2,0,0,0,0,0,0,rules_only_no_llm_balance,0.0,0.0,0.0,5.0,5.0,0.0,30.0,0.0,rules_only,weak_differentiation_drhp_generics,1
Suich Industries Limited,"], EACH WITH WIDE CIRCULATION, AT LEAST 2 (TWO) WORKING DAYS PRIOR TO THE BID / ISSUE OPENING DATE WITH THE RELEVANT FINANCIAL RATIOS CALCULATED AT THE FLOOR PRICE AND THE CAP PRICE AND SHALL BE MADE AVAILABLE TO THE BSE LIMITED REFERRED TO AS THE “STOCK EXCHANGE” FOR T HE PURPOS...",unspecified_see_drhp,www.linkintime.co.in; www.pantomathgroup.com; www.suichgroup.com,Extract from restated financials in DRHP (pattern not matched).,no_structured_differentiation_tag,Promoter names not machine-extracted from sampled DRHP pages; verify in IPO prospectus or LinkedIn.,No explicit expansion/hiring/certification keywords in sampled pages — check MD&A / risk factors in full DRHP.,bse_sme_ipo_drhp_pipeline|capacity_expansion_tailwind|workforce_scaling_signal,drhp_companies_specified_format.csv+final_merged_dsir_promoters.csv,,See DRHP ‘Industry / Business overview’ section.,no_structured_differentiation_tag|bse_sme_ipo_drhp_pipeline|capacity_expansion_tailwind|workforce_scaling_signal|no_explicit_expansion|hiring|certification_keywords_in_sampled_pages_—_check_md&a|risk_factors_in_full_drhp,0,not_classified_manufacturer,0,weak_location_signal,0,no_differentiation_evidence,0,no_promoter_extract,1,sector_or_macro_tailwind_tags,1,growth_or_ipo_signal_in_text,2,33,35.0,2,0,0,0,0,0,0,rules_only_no_llm_balance,0.0,0.0,0.0,0.0,5.0,5.0,35.0,0.0,rules_only,weak_differentiation_drhp_generics,1
Sunsky Logistics Limited,"Sola, Ahmedabad-380060, Gujarat, India, on leave and license basis through a leave and license agreement entered between our Company with Mrs",unspecified_see_drhp,www.kfintech.com; www.nirbhaycapital.com; www.sunskylogistics.com,Extract from restated financials in DRHP (pattern not matched).,no_structured_differentiation_tag,DRHP: Mr. Kunjal Soni CIN,No explicit expansion/hiring/certification keywords in sampled pages — check MD&A / risk factors in full DRHP.,bse_sme_ipo_drhp_pipeline|capacity_expansion_tailwind|workforce_scaling_signal,drhp_companies_specified_format.csv+final_merged_dsir_promoters.csv,,See DRHP ‘Industry / Business overview’ section.,no_structured_differentiation_tag|bse_sme_ipo_drhp_pipeline|capacity_expansion_tailwind|workforce_scaling_signal|no_explicit_expansion|hiring|certification_keywords_in_sampled_pages_—_check_md&a|risk_factors_in_full_drhp,0,not_classified_manufacturer,1,india_location_signal,0,no_differentiation_evidence,1,named_individuals_in_promoter_field,1,sector_or_macro_tailwind_tags,1,growth_or_ipo_signal_in_text,4,67,60.0,2,0,0,0,0,0,0,rules_only_no_llm_balance,0.0,5.0,0.0,5.0,5.0,5.0,60.0,0.0,rules_only,weak_differentiation_drhp_generics,1
Supertech EV Ltd,"Company, please refer to the section title “History and Corporate Structure” on page no 29 of this Draft Red Herring Prospectus",unspecified_see_drhp,www.corporatemakers.in; www.skylinerta.com; www.supertechev.in,Extract from restated financials in DRHP (pattern not matched).,no_structured_differentiation_tag,Could not download DRHP PDF/ZIP for promoter extraction.,No explicit expansion/hiring/certification keywords in sampled pages — check MD&A / risk factors in full DRHP.,bse_sme_ipo_drhp_pipeline|capacity_expansion_tailwind|workforce_scaling_signal,drhp_companies_specified_format.csv+final_merged_dsir_promoters.csv,,See DRHP ‘Industry / Business overview’ section.,no_structured_differentiation_tag|bse_sme_ipo_drhp_pipeline|capacity_expansion_tailwind|workforce_scaling_signal|no_explicit_expansion|hiring|certification_keywords_in_sampled_pages_—_check_md&a|risk_factors_in_full_drhp,0,not_classified_manufacturer,0,weak_location_signal,0,no_differentiation_evidence,0,no_promoter_extract,1,sector_or_macro_tailwind_tags,1,growth_or_ipo_signal_in_text,2,33,35.0,2,0,0,0,0,0,0,rules_only_no_llm_balance,0.0,0.0,0.0,0.0,5.0,5.0,35.0,0.0,rules_only,weak_differentiation_drhp_generics,1
SURIFRESH EXTRACT LIMITED,"of incorporation consequent upon conversion dated July 24, 2024, bearing",unspecified_see_drhp,www.bigshareonline.com; www.narnolia.com; www.surifreshextract.com,Extract from restated financials in DRHP (pattern not matched).,no_structured_differentiation_tag,DRHP: Mr. Kunjbihari Yadav Company Secretary; Mr. Pankaj Pasi SEBI Registration Number; Mr. Kunjbihari Yadav. Depositories Act The Depositories; Mr. Sudhir Suri; Mr. Manav Suri; Mr. Hitin Suri; Mr. Siddhaarth Suri; Mr. Sidhantt Suri. Promoters Group,subsidiary / group structure,bse_sme_ipo_drhp_pipeline,drhp_companies_specified_format.csv+final_merged_dsir_promoters.csv,,See DRHP ‘Industry / Business overview’ section.,no_structured_differentiation_tag|bse_sme_ipo_drhp_pipeline|subsidiary|group_structure,0,not_classified_manufacturer,0,weak_location_signal,0,no_differentiation_evidence,1,named_individuals_in_promoter_field,1,sector_or_macro_tailwind_tags,0,weak_growth_signal,2,33,30.0,2,0,0,0,0,0,0,rules_only_no_llm_balance,0.0,0.0,0.0,5.0,5.0,0.0,30.0,0.0,rules_only,weak_differentiation_drhp_generics|generic_web_or_thin_ops_narrative,2
Systematic Industries Limited,Download failed (timeout or HTTP error).,unspecified_see_drhp,https://systematicindustries.com/; www.cameoindia.com; www.hemsecurities.com,Extract from restated financials in DRHP (pattern not matched).,no_structured_differentiation_tag,Promoter names not machine-extracted from sampled DRHP pages; verify in IPO prospectus or LinkedIn.,No explicit expansion/hiring/certification keywords in sampled pages — check MD&A / risk factors in full DRHP.,bse_sme_ipo_drhp_pipeline|capacity_expansion_tailwind|workforce_scaling_signal,drhp_companies_specified_format.csv+final_merged_dsir_promoters.csv,,See DRHP ‘Industry / Business overview’ section.,no_structured_differentiation_tag|bse_sme_ipo_drhp_pipeline|capacity_expansion_tailwind|workforce_scaling_signal|no_explicit_expansion|hiring|certification_keywords_in_sampled_pages_—_check_md&a|risk_factors_in_full_drhp,0,not_classified_manufacturer,0,weak_location_signal,0,no_differentiation_evidence,0,no_promoter_extract,1,sector_or_macro_tailwind_tags,1,growth_or_ipo_signal_in_text,2,33,35.0,3,0,0,0,0,0,0,rules_only_no_llm_balance,0.0,0.0,0.0,0.0,5.0,5.0,35.0,0.0,rules_only,weak_differentiation_drhp_generics,1
Takyon Networks Limited,"CP 37, Viraj Khand Gomti Nagar, Lucknow – 226 010, Uttar Pradesh, India Pooja Sharma Company Secretary & Compliance Officer E-mail: cs@takyon",unspecified_see_drhp,www.cameoindia.com; www.hemsecurities.com; www.takyon.co.in,Extract from restated financials in DRHP (pattern not matched).,no_structured_differentiation_tag,Promoter names not machine-extracted from sampled DRHP pages; verify in IPO prospectus or LinkedIn.,No explicit expansion/hiring/certification keywords in sampled pages — check MD&A / risk factors in full DRHP.,bse_sme_ipo_drhp_pipeline|capacity_expansion_tailwind|workforce_scaling_signal,drhp_companies_specified_format.csv+final_merged_dsir_promoters.csv,,See DRHP ‘Industry / Business overview’ section.,no_structured_differentiation_tag|bse_sme_ipo_drhp_pipeline|capacity_expansion_tailwind|workforce_scaling_signal|no_explicit_expansion|hiring|certification_keywords_in_sampled_pages_—_check_md&a|risk_factors_in_full_drhp,0,not_classified_manufacturer,1,india_location_signal,0,no_differentiation_evidence,0,no_promoter_extract,1,sector_or_macro_tailwind_tags,1,growth_or_ipo_signal_in_text,3,50,45.0,2,0,0,0,0,0,0,rules_only_no_llm_balance,0.0,5.0,0.0,0.0,5.0,5.0,45.0,0.0,rules_only,weak_differentiation_drhp_generics,1
Taldar Hotels and Resorts Limited,"Company, see “History and Certain Corporate Matters” on page 206 of the DP.",unspecified_see_drhp,https://socradamus.in/; www.bigshareonline.com; www.mumbaihousehotels.com,Extract from restated financials in DRHP (pattern not matched).,no_structured_differentiation_tag,DRHP: RATAN TALDAR; SAPNA TALDAR AND DOLLY TALDAR,hiring / recruitment,bse_sme_ipo_drhp_pipeline|workforce_scaling_signal,drhp_companies_specified_format.csv+final_merged_dsir_promoters.csv,,See DRHP ‘Industry / Business overview’ section.,no_structured_differentiation_tag|bse_sme_ipo_drhp_pipeline|workforce_scaling_signal|hiring|recruitment,0,not_classified_manufacturer,0,weak_location_signal,0,no_differentiation_evidence,1,rich_drhp_promoter_blob,1,sector_or_macro_tailwind_tags,1,growth_or_ipo_signal_in_text,3,50,50.0,2,0,0,0,0,0,0,rules_only_no_llm_balance,0.0,0.0,0.0,5.0,5.0,5.0,50.0,0.0,rules_only,weak_differentiation_drhp_generics,1
Technocrats Plasma Systems Limited,"108, Nirav -2, Gaon Devi Industrial Estate, Sativali, Vasai East, Dist",unspecified_see_drhp,www.technocratplasma.com,Extract from restated financials in DRHP (pattern not matched).,no_structured_differentiation_tag,Promoter names not machine-extracted from sampled DRHP pages; verify in IPO prospectus or LinkedIn.,No explicit expansion/hiring/certification keywords in sampled pages — check MD&A / risk factors in full DRHP.,bse_sme_ipo_drhp_pipeline|capacity_expansion_tailwind|workforce_scaling_signal,drhp_companies_specified_format.csv+final_merged_dsir_promoters.csv,,See DRHP ‘Industry / Business overview’ section.,no_structured_differentiation_tag|bse_sme_ipo_drhp_pipeline|capacity_expansion_tailwind|workforce_scaling_signal|no_explicit_expansion|hiring|certification_keywords_in_sampled_pages_—_check_md&a|risk_factors_in_full_drhp,0,not_classified_manufacturer,0,weak_location_signal,0,no_differentiation_evidence,0,no_promoter_extract,1,sector_or_macro_tailwind_tags,1,growth_or_ipo_signal_in_text,2,33,35.0,2,0,0,0,0,0,0,rules_only_no_llm_balance,0.0,0.0,0.0,0.0,5.0,5.0,35.0,0.0,rules_only,weak_differentiation_drhp_generics,1
TGIF Agribusiness Ltd,"A-52, 5th Floor, Corporate House, Opp",unspecified_see_drhp,www.bigshareonline.com; www.hemsecurities.com; www.tgifagri.com,. lakhs,no_structured_differentiation_tag,DRHP: Mr. Sapan Smitesh Dalal; Mr. Niraj Chhaganraj Gemawat; Mr. Sourabh Garg SEBI Regn. No. INM; Mr. Babu Rapheal SEBI Registration Number,No explicit expansion/hiring/certification keywords in sampled pages — check MD&A / risk factors in full DRHP.,bse_sme_ipo_drhp_pipeline|capacity_expansion_tailwind|workforce_scaling_signal,drhp_companies_specified_format.csv+final_merged_dsir_promoters.csv,,See DRHP ‘Industry / Business overview’ section.,no_structured_differentiation_tag|bse_sme_ipo_drhp_pipeline|capacity_expansion_tailwind|workforce_scaling_signal|no_explicit_expansion|hiring|certification_keywords_in_sampled_pages_—_check_md&a|risk_factors_in_full_drhp,0,not_classified_manufacturer,0,weak_location_signal,0,no_differentiation_evidence,1,named_individuals_in_promoter_field,1,sector_or_macro_tailwind_tags,1,growth_or_ipo_signal_in_text,3,50,50.0,2,0,0,0,0,0,0,rules_only_no_llm_balance,0.0,0.0,0.0,5.0,5.0,5.0,50.0,0.0,rules_only,weak_differentiation_drhp_generics,1
Topsun Energy Limited,by the Company may result in regulatory or enforcement issues.,unspecified_see_drhp,www.bigshareonline.com; www.ifinservices.in; www.topsunenergy.com,Extract from restated financials in DRHP (pattern not matched).,no_structured_differentiation_tag,DRHP: Chintan Patel; Chanakyakumar Patel; Kalpeshbhai Patel; Kesul Patel,No explicit expansion/hiring/certification keywords in sampled pages — check MD&A / risk factors in full DRHP.,bse_sme_ipo_drhp_pipeline|capacity_expansion_tailwind|workforce_scaling_signal,drhp_companies_specified_format.csv+final_merged_dsir_promoters.csv,,See DRHP ‘Industry / Business overview’ section.,no_structured_differentiation_tag|bse_sme_ipo_drhp_pipeline|capacity_expansion_tailwind|workforce_scaling_signal|no_explicit_expansion|hiring|certification_keywords_in_sampled_pages_—_check_md&a|risk_factors_in_full_drhp,0,not_classified_manufacturer,0,weak_location_signal,0,no_differentiation_evidence,1,rich_drhp_promoter_blob,1,sector_or_macro_tailwind_tags,1,growth_or_ipo_signal_in_text,3,50,50.0,2,0,0,0,0,0,0,rules_only_no_llm_balance,0.0,0.0,0.0,5.0,5.0,5.0,50.0,0.0,rules_only,weak_differentiation_drhp_generics,1
TRUE COLORS LIMITED,"Stakeholders Relationship Committee The Stakeholders Relationship Committee of our Board of Directors constituted in accordance with Section 178 of the Companies Act, 2013. For details refer section titled “Our Management” on page 146 of this Draft Red Herring Prospectus. WTD Who...",unspecified_see_drhp,https://truecolorsgroup.com/; www.bigshareonline.com; www.gyrcapitaladvisors.com,Extract from restated financials in DRHP (pattern not matched).,no_structured_differentiation_tag,DRHP: Ms. Gandharva Javanika; Ms. Gandharva Javanika Company Secretary; Mr. Babu Rapheal C. SEBI Registration Number,No explicit expansion/hiring/certification keywords in sampled pages — check MD&A / risk factors in full DRHP.,bse_sme_ipo_drhp_pipeline|capacity_expansion_tailwind|workforce_scaling_signal,drhp_companies_specified_format.csv+final_merged_dsir_promoters.csv,,See DRHP ‘Industry / Business overview’ section.,no_structured_differentiation_tag|bse_sme_ipo_drhp_pipeline|capacity_expansion_tailwind|workforce_scaling_signal|no_explicit_expansion|hiring|certification_keywords_in_sampled_pages_—_check_md&a|risk_factors_in_full_drhp,0,not_classified_manufacturer,0,weak_location_signal,0,no_differentiation_evidence,1,named_individuals_in_promoter_field,1,sector_or_macro_tailwind_tags,1,growth_or_ipo_signal_in_text,3,50,50.0,2,0,0,0,0,0,0,rules_only_no_llm_balance,0.0,0.0,0.0,5.0,5.0,5.0,50.0,0.0,rules_only,stale_temporal_signal|weak_differentiation_drhp_generics,2
Turtle Infratrade Limited,"Office Contact Person Email and Telephone Website Metropolitan Condominium, Plot No",unspecified_see_drhp,www.bigshareonline.com; www.inventuremerchantbanker.com; www.turtleinfra.com,Extract from restated financials in DRHP (pattern not matched).,iso_certification_mention,DRHP: Ms. Arati Virendra Bandi,ISO certification mentioned,bse_sme_ipo_drhp_pipeline,drhp_companies_specified_format.csv+final_merged_dsir_promoters.csv,,See DRHP ‘Industry / Business overview’ section.,iso_certification_mention|bse_sme_ipo_drhp_pipeline|iso_certification_mentioned,0,not_classified_manufacturer,0,weak_location_signal,1,cert_or_patent_evidence,1,named_individuals_in_promoter_field,1,sector_or_macro_tailwind_tags,1,growth_or_ipo_signal_in_text,4,67,70.0,2,0,0,0,0,0,0,rules_only_no_llm_balance,0.0,0.0,5.0,5.0,5.0,5.0,70.0,0.0,rules_only,iso_only_differentiation_no_sector_moat,1
UHM Vacation Limited,"C 715, Dattani Plaza, Near E W Ind Est, Safed Pool, Saki Naka, Andheri (East), Mumbai - 400072, Maharashtra, India Sanchita Dad, Company Secretary and Compliance Officer Email: cs@uhmvacation.com Telephone: 02246079484",unspecified_see_drhp,www.uhmvacation.com/,Extract from restated financials in DRHP (pattern not matched).,no_structured_differentiation_tag,Could not download DRHP PDF/ZIP for promoter extraction.,subsidiary / group structure,bse_sme_ipo_drhp_pipeline,drhp_companies_specified_format.csv+final_merged_dsir_promoters.csv,,See DRHP ‘Industry / Business overview’ section.,no_structured_differentiation_tag|bse_sme_ipo_drhp_pipeline|subsidiary|group_structure,0,not_classified_manufacturer,1,india_location_signal,0,no_differentiation_evidence,0,no_promoter_extract,1,sector_or_macro_tailwind_tags,0,weak_growth_signal,2,33,25.0,2,0,0,0,0,0,0,rules_only_no_llm_balance,0.0,5.0,0.0,0.0,5.0,0.0,25.0,0.0,rules_only,weak_differentiation_drhp_generics|generic_web_or_thin_ops_narrative,2
Unisem Agritech Limited,"Village, Near KSRTC Bus Depot, Ranebennur, Haveri, Ranebennur, Karnataka, India, 581115. You’, ‘your’, or ‘yours’ Prospective Investor in this Issue.",unspecified_see_drhp,www.unisem.in,Extract from restated financials in DRHP (pattern not matched).,no_structured_differentiation_tag,DRHP: H N DEVAKUMAR; B H DEVASINGHNAIK; DHARANENDRA H GOUDA; Ms. Bobby Seth. Depositories Act The Depositories,subsidiary / group structure,bse_sme_ipo_drhp_pipeline,drhp_companies_specified_format.csv+final_merged_dsir_promoters.csv,,See DRHP ‘Industry / Business overview’ section.,no_structured_differentiation_tag|bse_sme_ipo_drhp_pipeline|subsidiary|group_structure,0,not_classified_manufacturer,1,india_location_signal,0,no_differentiation_evidence,1,named_individuals_in_promoter_field,1,sector_or_macro_tailwind_tags,0,weak_growth_signal,3,50,40.0,2,0,0,0,0,0,0,rules_only_no_llm_balance,0.0,5.0,0.0,5.0,5.0,0.0,40.0,0.0,rules_only,weak_differentiation_drhp_generics|generic_web_or_thin_ops_narrative,2
UNITED TECHFAB LIMITED,EMAIL WEBSITE Survey No,unspecified_see_drhp,www.kfintech.com; www.nirbhaycapital.com; www.unitedtechfab.com,Extract from restated financials in DRHP (pattern not matched).,no_structured_differentiation_tag,Mr. Gagan Nirmalkumar Mittal,subsidiary / group structure,bse_sme_ipo_drhp_pipeline,drhp_companies_specified_format.csv+final_merged_dsir_promoters.csv,,See DRHP ‘Industry / Business overview’ section.,no_structured_differentiation_tag|bse_sme_ipo_drhp_pipeline|subsidiary|group_structure,0,not_classified_manufacturer,0,weak_location_signal,0,no_differentiation_evidence,1,named_individuals_in_promoter_field,1,sector_or_macro_tailwind_tags,0,weak_growth_signal,2,33,30.0,2,0,0,0,0,0,0,rules_only_no_llm_balance,0.0,0.0,0.0,5.0,5.0,0.0,30.0,0.0,rules_only,weak_differentiation_drhp_generics,1
Vahh Chemicals Limited,Our Company has delayed in complying with certain statutory provisions under Companies Act 2013,unspecified_see_drhp,www.kfintech.com; www.vahhchemicals.com,₹25–100 Cr (approx from lakhs),rnd_mention,DRHP: Mr. Aayush Hiren Desai; Mrs. Hetal Hirenbhai Desai,subsidiary / group structure; backward integration,bse_sme_ipo_drhp_pipeline,drhp_companies_specified_format.csv+final_merged_dsir_promoters.csv,,See DRHP ‘Industry / Business overview’ section.,rnd_mention|bse_sme_ipo_drhp_pipeline|subsidiary|group_structure|backward_integration,0,not_classified_manufacturer,0,weak_location_signal,0,no_differentiation_evidence,1,named_individuals_in_promoter_field,1,sector_or_macro_tailwind_tags,0,weak_growth_signal,2,33,30.0,2,0,0,0,0,0,0,rules_only_no_llm_balance,0.0,0.0,0.0,5.0,5.0,0.0,30.0,0.0,rules_only,stale_temporal_signal|generic_web_or_thin_ops_narrative,2
Valencia India Limited,U91990GJ2017PLC096165,unspecified_see_drhp,www.ifinservices.in; www.kfintech.com; www.valenciaindia.in,Extract from restated financials in DRHP (pattern not matched).,no_structured_differentiation_tag,DRHP: Mr. Keyur Patel Type Fresh Issue Size; Mr. Keyur Patel. For,No explicit expansion/hiring/certification keywords in sampled pages — check MD&A / risk factors in full DRHP.,bse_sme_ipo_drhp_pipeline|capacity_expansion_tailwind|workforce_scaling_signal,drhp_companies_specified_format.csv+final_merged_dsir_promoters.csv,U91990GJ2017PLC096165,See DRHP ‘Industry / Business overview’ section.,no_structured_differentiation_tag|bse_sme_ipo_drhp_pipeline|capacity_expansion_tailwind|workforce_scaling_signal|no_explicit_expansion|hiring|certification_keywords_in_sampled_pages_—_check_md&a|risk_factors_in_full_drhp,0,not_classified_manufacturer,0,weak_location_signal,0,no_differentiation_evidence,1,named_individuals_in_promoter_field,1,sector_or_macro_tailwind_tags,1,growth_or_ipo_signal_in_text,3,50,50.0,2,0,0,0,0,0,0,rules_only_no_llm_balance,0.0,0.0,0.0,5.0,5.0,5.0,50.0,0.0,rules_only,weak_differentiation_drhp_generics,1
Vama Wovenfab Limited,100% Book Built Issue,unspecified_see_drhp,www.vamawoven.com,Extract from restated financials in DRHP (pattern not matched).,no_structured_differentiation_tag,Could not download DRHP PDF/ZIP for promoter extraction.,No explicit expansion/hiring/certification keywords in sampled pages — check MD&A / risk factors in full DRHP.,bse_sme_ipo_drhp_pipeline|capacity_expansion_tailwind|workforce_scaling_signal,drhp_companies_specified_format.csv+final_merged_dsir_promoters.csv,,See DRHP ‘Industry / Business overview’ section.,no_structured_differentiation_tag|bse_sme_ipo_drhp_pipeline|capacity_expansion_tailwind|workforce_scaling_signal|no_explicit_expansion|hiring|certification_keywords_in_sampled_pages_—_check_md&a|risk_factors_in_full_drhp,0,not_classified_manufacturer,0,weak_location_signal,0,no_differentiation_evidence,0,no_promoter_extract,1,sector_or_macro_tailwind_tags,1,growth_or_ipo_signal_in_text,2,33,35.0,2,0,0,0,0,0,0,rules_only_no_llm_balance,0.0,0.0,0.0,0.0,5.0,5.0,35.0,0.0,rules_only,weak_differentiation_drhp_generics,1
Vandan Foods Limited,"OFFICE CONTACT PERSON TELEPHONE AND EMAIL WEBSITE 503/B, Wall Street-1, Opp",unspecified_see_drhp,www.bigshareonline.com; www.nirbhaycapital.com; www.vandanfoods.in,Extract from restated financials in DRHP (pattern not matched).,no_structured_differentiation_tag,d Mrs Jyotsanaben Jitendrabhai Patel is not traceable. In accordance with the,capex / capital expenditure,bse_sme_ipo_drhp_pipeline|capacity_expansion_tailwind,drhp_companies_specified_format.csv+final_merged_dsir_promoters.csv,,See DRHP ‘Industry / Business overview’ section.,no_structured_differentiation_tag|bse_sme_ipo_drhp_pipeline|capacity_expansion_tailwind|capex|capital_expenditure,0,not_classified_manufacturer,0,weak_location_signal,0,no_differentiation_evidence,0,weak_promoter_signal,1,sector_or_macro_tailwind_tags,1,growth_or_ipo_signal_in_text,2,33,35.0,2,0,0,0,0,0,0,rules_only_no_llm_balance,0.0,0.0,0.0,0.0,5.0,5.0,35.0,0.0,rules_only,weak_differentiation_drhp_generics,1
Vegorama Punjabi Angithi Limited,"Below are the Forms which were filed in delay, the details are as below:",unspecified_see_drhp,www.bigshareonline.com; www.corporatemakers.in; www.punjabiangithi.in,Extract from restated financials in DRHP (pattern not matched).,no_structured_differentiation_tag,DRHP: Ms. Karuna Sharma OUR; Mr. Rohit Pareek; Mr. Manish Kumar Singh SEBI Registration Number; Mr. Babu Rapheal; Ms. Karuna Sharma,No explicit expansion/hiring/certification keywords in sampled pages — check MD&A / risk factors in full DRHP.,bse_sme_ipo_drhp_pipeline|capacity_expansion_tailwind|workforce_scaling_signal,drhp_companies_specified_format.csv+final_merged_dsir_promoters.csv,,See DRHP ‘Industry / Business overview’ section.,no_structured_differentiation_tag|bse_sme_ipo_drhp_pipeline|capacity_expansion_tailwind|workforce_scaling_signal|no_explicit_expansion|hiring|certification_keywords_in_sampled_pages_—_check_md&a|risk_factors_in_full_drhp,0,not_classified_manufacturer,0,weak_location_signal,0,no_differentiation_evidence,1,named_individuals_in_promoter_field,1,sector_or_macro_tailwind_tags,1,growth_or_ipo_signal_in_text,3,50,50.0,2,0,0,0,0,0,0,rules_only_no_llm_balance,0.0,0.0,0.0,5.0,5.0,5.0,50.0,0.0,rules_only,weak_differentiation_drhp_generics,1
Vinod Texworld Ltd,Ludhiana,Manufacturing / Industrial,vinodtexworld.com,₹40–70 Cr,no_structured_differentiation_tag,,IPO filed Sep 2025,bse_sme_ipo_drhp_pipeline|make_in_india_manufacturing|capital_markets_ipo_activity,data_with_dsir_recognition.csv+final_merged_dsir_promoters.csv,,Specialty Manufacturing (Textiles/Apparel),no_structured_differentiation_tag|bse_sme_ipo_drhp_pipeline|make_in_india_manufacturing|capital_markets_ipo_activity|ipo_filed_sep_2025,1,manufacturer_or_industrial_segment,0,weak_location_signal,0,no_differentiation_evidence,0,no_promoter_extract,1,sector_or_macro_tailwind_tags,1,growth_or_ipo_signal_in_text,3,50,55.0,2,0,0,0,0,0,0,rules_only_no_llm_balance,5.0,0.0,0.0,0.0,5.0,5.0,55.0,0.0,rules_only,calibration_review_queue_step10,1
VK TYRE INDIA LIMITED,"Pradesh, on December 15, 2025, vide Service Request Number (SRN) AB9977117. The said application is currently pending with the Registrar of Companies.",unspecified_see_drhp,www.bigshareonline.com; www.hemsecurities.com; www.vktyre.com,Extract from restated financials in DRHP (pattern not matched).,no_structured_differentiation_tag,DRHP: Mr. Rahul Puri,No explicit expansion/hiring/certification keywords in sampled pages — check MD&A / risk factors in full DRHP.,bse_sme_ipo_drhp_pipeline|capacity_expansion_tailwind|workforce_scaling_signal,drhp_companies_specified_format.csv+final_merged_dsir_promoters.csv,,See DRHP ‘Industry / Business overview’ section.,no_structured_differentiation_tag|bse_sme_ipo_drhp_pipeline|capacity_expansion_tailwind|workforce_scaling_signal|no_explicit_expansion|hiring|certification_keywords_in_sampled_pages_—_check_md&a|risk_factors_in_full_drhp,0,not_classified_manufacturer,0,weak_location_signal,0,no_differentiation_evidence,1,named_individuals_in_promoter_field,1,sector_or_macro_tailwind_tags,1,growth_or_ipo_signal_in_text,3,50,50.0,2,0,0,0,0,0,0,rules_only_no_llm_balance,0.0,0.0,0.0,5.0,5.0,5.0,50.0,0.0,rules_only,weak_differentiation_drhp_generics,1
VVIP Infratech Limited,"Fifth Floor, VVIP Style, Nh-58 Raj Nagar Extension, Ghaziabad, Uttar Pradesh- 201017, India Kanchan Aggarwal, Company Secretary cum Compliance Officer E-mail: cs@vvipinfra.com Tel No: +91 9990060123",unspecified_see_drhp,www.maashitla.com; www.shareindia.com; www.vvipinfra.com,Extract from restated financials in DRHP (pattern not matched).,iso_certification_mention,DRHP: Mr. Praveen Tyagi; Mr. Vaibhav Tyagi; Mr. Vibhor Tyagi DETAILS OF THE ISSUE,ISO certification mentioned,bse_sme_ipo_drhp_pipeline,drhp_companies_specified_format.csv+final_merged_dsir_promoters.csv,,See DRHP ‘Industry / Business overview’ section.,iso_certification_mention|bse_sme_ipo_drhp_pipeline|iso_certification_mentioned,0,not_classified_manufacturer,1,india_location_signal,1,cert_or_patent_evidence,1,named_individuals_in_promoter_field,1,sector_or_macro_tailwind_tags,1,growth_or_ipo_signal_in_text,5,83,80.0,2,0,0,0,0,0,0,rules_only_no_llm_balance,0.0,5.0,5.0,5.0,5.0,5.0,80.0,0.0,rules_only,iso_only_differentiation_no_sector_moat,1
Wagons Learning Limited,Office No,unspecified_see_drhp,www.cameoindia.com; www.kslindia.in; www.wagonslearning.co; www.wagonslearning.com,Extract from restated financials in DRHP (pattern not matched).,no_structured_differentiation_tag,DRHP: Ms. Neeru Saini; Mr. Uday Shetty Promoter Up; Mr. Raviraj Poojary Promoter Up; Mr. Alok Desai Telephone; Mr. K. Sreepriya Telephone; Mr. Raviraj Poojary; Mr. Uday Shetty,No explicit expansion/hiring/certification keywords in sampled pages — check MD&A / risk factors in full DRHP.,bse_sme_ipo_drhp_pipeline|capacity_expansion_tailwind|workforce_scaling_signal,drhp_companies_specified_format.csv+final_merged_dsir_promoters.csv,,See DRHP ‘Industry / Business overview’ section.,no_structured_differentiation_tag|bse_sme_ipo_drhp_pipeline|capacity_expansion_tailwind|workforce_scaling_signal|no_explicit_expansion|hiring|certification_keywords_in_sampled_pages_—_check_md&a|risk_factors_in_full_drhp,0,not_classified_manufacturer,0,weak_location_signal,0,no_differentiation_evidence,1,named_individuals_in_promoter_field,1,sector_or_macro_tailwind_tags,1,growth_or_ipo_signal_in_text,3,50,50.0,3,0,0,0,0,0,0,rules_only_no_llm_balance,0.0,0.0,0.0,5.0,5.0,5.0,50.0,0.0,rules_only,weak_differentiation_drhp_generics,1
WESTERN OVERSEAS STUDY ABROAD LIMITED,"S.C.F No-27-28, Vikas Vihar, Ambala City, Ambala, Haryana, Pin Code: 134003. We / us / our Unless the context otherwise indicates or implies, refers to our Company you / your / yours Prospective Investors in this Issue",unspecified_see_drhp,www.skylinerta.com; www.sobhagyacap.com; www.western-overseas.com,Extract from restated financials in DRHP (pattern not matched).,iso_certification_mention,DRHP: Ms. Shruti Gupta; Mr. Pardeep Balyan. MOA; Mr. Pardeep Balyan; Mrs. Rekha Rani. Promoter Group Such,ISO certification mentioned,bse_sme_ipo_drhp_pipeline,drhp_companies_specified_format.csv+final_merged_dsir_promoters.csv,,See DRHP ‘Industry / Business overview’ section.,iso_certification_mention|bse_sme_ipo_drhp_pipeline|iso_certification_mentioned,0,not_classified_manufacturer,1,india_location_signal,1,cert_or_patent_evidence,1,named_individuals_in_promoter_field,1,sector_or_macro_tailwind_tags,1,growth_or_ipo_signal_in_text,5,83,80.0,2,0,0,0,0,0,0,rules_only_no_llm_balance,0.0,5.0,5.0,5.0,5.0,5.0,80.0,0.0,rules_only,iso_only_differentiation_no_sector_moat,1
Yajur Fibres Limited,TELEPHONE AND FACSIMILE CORPORATE OFFICE TELEPHONE AND FACSIMILE CONTACT PERSON EMAIL AND,unspecified_see_drhp,www.yajurfibres.com,Extract from restated financials in DRHP (pattern not matched).,no_structured_differentiation_tag,Promoter names not machine-extracted from sampled DRHP pages; verify in IPO prospectus or LinkedIn.,subsidiary / group structure,bse_sme_ipo_drhp_pipeline,drhp_companies_specified_format.csv+final_merged_dsir_promoters.csv,,See DRHP ‘Industry / Business overview’ section.,no_structured_differentiation_tag|bse_sme_ipo_drhp_pipeline|subsidiary|group_structure,0,not_classified_manufacturer,0,weak_location_signal,0,no_differentiation_evidence,0,no_promoter_extract,1,sector_or_macro_tailwind_tags,0,weak_growth_signal,1,17,15.0,3,0,0,0,0,0,0,rules_only_no_llm_balance,0.0,0.0,0.0,0.0,5.0,0.0,15.0,0.0,rules_only,weak_differentiation_drhp_generics|generic_web_or_thin_ops_narrative,2
Yash Highvoltage Limited,"Corporate Office: 603, 6th floor, Ozone Complex, Sarabhai Compound, Dr",unspecified_see_drhp,www.bigshareonline.com; www.indorient.in; www.yashhv.com,Extract from restated financials in DRHP (pattern not matched).,iso_certification_mention,Mr. Keyur Girishchandra Shah Promoter Selling; Mr. Tushar Janardan Lakhmapurkar Company Secretary; Mr. Tushar Janardan Lakhmapurkar Company Secretary,ISO certification mentioned,bse_sme_ipo_drhp_pipeline,drhp_companies_specified_format.csv+final_merged_dsir_promoters.csv,,See DRHP ‘Industry / Business overview’ section.,iso_certification_mention|bse_sme_ipo_drhp_pipeline|iso_certification_mentioned,0,not_classified_manufacturer,0,weak_location_signal,1,cert_or_patent_evidence,1,named_individuals_in_promoter_field,1,sector_or_macro_tailwind_tags,1,growth_or_ipo_signal_in_text,4,67,70.0,2,0,0,0,0,0,0,rules_only_no_llm_balance,0.0,0.0,5.0,5.0,5.0,5.0,70.0,0.0,rules_only,iso_only_differentiation_no_sector_moat,1
Yashhtej Industries (India) Limited,"Additional MIDC, Latur, Maharashtra - 413512 We / us / our Unless the context otherwise indicates or implies, refers to our Company",unspecified_see_drhp,www.erudorecapital.com; www.masserv.com; www.yashhtej.com,Extract from restated financials in DRHP (pattern not matched).,iso_certification_mention,Could not download DRHP PDF/ZIP for promoter extraction.,ISO certification mentioned,bse_sme_ipo_drhp_pipeline,drhp_companies_specified_format.csv+final_merged_dsir_promoters.csv,,See DRHP ‘Industry / Business overview’ section.,iso_certification_mention|bse_sme_ipo_drhp_pipeline|iso_certification_mentioned,0,not_classified_manufacturer,1,india_location_signal,1,cert_or_patent_evidence,0,no_promoter_extract,1,sector_or_macro_tailwind_tags,1,growth_or_ipo_signal_in_text,4,67,65.0,2,0,0,0,0,0,0,rules_only_no_llm_balance,0.0,5.0,5.0,0.0,5.0,5.0,65.0,0.0,rules_only,iso_only_differentiation_no_sector_moat,1
Zebion Infotech Limited,"Sr. No. 383/8 FL 101 & 102 Atharv, Jaytu New Timber Merchant Society, Ghorpade Peth, Pune, Maharashtra, India, 411042 Aakash Chaturvedi Company Secretary & Compliance Officer Email: cs@zebion.in Telephone: +91 9623441166 www.zebion.in",unspecified_see_drhp,www.zebion.in,Extract from restated financials in DRHP (pattern not matched).,no_structured_differentiation_tag,Promoter names not machine-extracted — verify in IPO prospectus or LinkedIn.,subsidiary / group structure,bse_sme_ipo_drhp_pipeline,drhp_companies_specified_format.csv+final_merged_dsir_promoters.csv,,See DRHP ‘Industry / Business overview’ section.,no_structured_differentiation_tag|bse_sme_ipo_drhp_pipeline|subsidiary|group_structure,0,not_classified_manufacturer,1,india_location_signal,0,no_differentiation_evidence,0,weak_promoter_signal,1,sector_or_macro_tailwind_tags,0,weak_growth_signal,2,33,25.0,2,0,0,0,0,0,0,rules_only_no_llm_balance,0.0,5.0,0.0,0.0,5.0,0.0,25.0,0.0,rules_only,weak_differentiation_drhp_generics|generic_web_or_thin_ops_narrative,2
