Company Name,City,Industry Segment,Website,Revenue Band,Differentiation Evidence,Promoter/Decision-Maker,Growth Signals,Tailwinds,Source,CIN,Industry Segment (raw),Evidence Tags Normalized,C1_Manufacturer,C1_Notes,C2_India_Based,C2_Notes,C3_Differentiation,C3_Notes,C4_Technical_DM,C4_Notes,C5_Tailwinds,C5_Notes,C6_Growth_Signals,C6_Notes,ICP_Criteria_Met_Count,ICP_Coverage_Score,ICP_Weighted_Score,_dedupe_group_size
MTE STRUCTURES LIMITED,Centre. For further details please refer to chapter titled “History and Certain Corporate Matters” beginning on Page No. 145 of the Draft Red Herring Prospectus.,Manufacturing / Industrial,https://in.mpms.mufg.com/; https://mtegroup.in/; www.gyrcapitaladvisors.com,Extract from restated financials in DRHP (pattern not matched).,iso_certification_mention,DRHP: Mrs. Jinal Bhavik Shah; Mrs. Jinal Bhavik Shah Company Secretary; Mr. Mohit Baid SEBI Registration Number; Mr. Shanti Gopalkrishnan SEBI Registration Number,ISO certification mentioned,bse_sme_ipo_drhp_pipeline|make_in_india_manufacturing,drhp_companies_specified_format.csv+final_merged_dsir_promoters.csv,,the manufacturing of specialized solar panel mounting structures and provides solar mounting solutions,iso_certification_mention|bse_sme_ipo_drhp_pipeline|make_in_india_manufacturing|iso_certification_mentioned,1,manufacturer_or_industrial_segment,0,weak_location_signal,1,cert_or_patent_evidence,1,named_individuals_in_promoter_field,1,sector_or_macro_tailwind_tags,1,growth_or_ipo_signal_in_text,5,83,90.0,2
BioLife Sciences Ltd,Hyderabad,Manufacturing / Industrial,biolifesciences.com,₹100–180 Cr,dsir_directory_match,,IPO filed Mar 2026,bse_sme_ipo_drhp_pipeline|make_in_india_manufacturing|capital_markets_ipo_activity,data_with_dsir_recognition.csv+final_merged_dsir_promoters.csv,,Specialty Manufacturing (Biotech/Pharma),dsir_directory_match|bse_sme_ipo_drhp_pipeline|make_in_india_manufacturing|capital_markets_ipo_activity|ipo_filed_mar_2026,1,manufacturer_or_industrial_segment,1,india_location_signal,1,dsir_directory_evidence,0,no_promoter_extract,1,sector_or_macro_tailwind_tags,1,growth_or_ipo_signal_in_text,5,83,85.0,5
Goldline Pharmaceutical Limited,"WORKING DAYS PRIOR TO THE BID/ISSUE OPENING DATE AND SHALL BE MADE AVAILABLE TO THE BSE LIMITED (“BSE”) FOR THE PURPOSES OF UPLOADING O N THEIR WEBSITE IN ACCORDANCE WITH SECURITIES AND EXCHANGE BOARD OF INDIA (ISSUE OF CAPITAL AND DISCLOSURE REQUIREMENTS) REGULA TIONS, 2018, AS ...",Pharma / Biotech,www.bigshareonline.com; www.cumulativecapital.group; www.goldlinepharma.in,Extract from restated financials in DRHP (pattern not matched).,iso_certification_mention,Could not download DRHP PDF/ZIP for promoter extraction.,ISO certification mentioned,bse_sme_ipo_drhp_pipeline|pharma_formulations_tailwind,drhp_companies_specified_format.csv+final_merged_dsir_promoters.csv,,the business of marketing pharmaceutical products under the brand name “Goldline”,iso_certification_mention|bse_sme_ipo_drhp_pipeline|pharma_formulations_tailwind|iso_certification_mentioned,1,manufacturer_or_industrial_segment,1,india_location_signal,1,cert_or_patent_evidence,0,no_promoter_extract,1,sector_or_macro_tailwind_tags,1,growth_or_ipo_signal_in_text,5,83,85.0,2
MediEquip India Ltd,Delhi NCR,Manufacturing / Industrial,mediequipindia.com,₹70–120 Cr,dsir_directory_match,,IPO filed Dec 2025,bse_sme_ipo_drhp_pipeline|make_in_india_manufacturing|capital_markets_ipo_activity,data_with_dsir_recognition.csv+final_merged_dsir_promoters.csv,,Specialty Manufacturing (Medical Equipment),dsir_directory_match|bse_sme_ipo_drhp_pipeline|make_in_india_manufacturing|capital_markets_ipo_activity|ipo_filed_dec_2025,1,manufacturer_or_industrial_segment,1,india_location_signal,1,dsir_directory_evidence,0,no_promoter_extract,1,sector_or_macro_tailwind_tags,1,growth_or_ipo_signal_in_text,5,83,85.0,11
ANKIT GOLD LIMITED,"Ni Khadki, Madan Gopal Ni Haveli Road, Ahmedabad - 380001, Gujarat, India “we”, “us” or “our” Unless the context otherwise indicates or implies, refers to our Company “you”, “your” or “yours” Prospective Investor in this Issue",unspecified_see_drhp,https://www.ankitgoldltd.com; https://www.cfml.in; www.kfintech.com,Extract from restated financials in DRHP (pattern not matched).,iso_certification_mention,DRHP: Mr. Hinil Patel,ISO certification mentioned,bse_sme_ipo_drhp_pipeline,drhp_companies_specified_format.csv+final_merged_dsir_promoters.csv,,See DRHP ‘Industry / Business overview’ section.,iso_certification_mention|bse_sme_ipo_drhp_pipeline|iso_certification_mentioned,0,not_classified_manufacturer,1,india_location_signal,1,cert_or_patent_evidence,1,named_individuals_in_promoter_field,1,sector_or_macro_tailwind_tags,1,growth_or_ipo_signal_in_text,5,83,80.0,2
Bedi Steels Limited,"G.T. Road, Doraha, Ludhiana - 141421, Punjab, India. NA Mr. Dishant Khanna Company Secretary and Compliance Officer Email: cs@bedisteelsltd.com Tel.: +91-9115700625 www.bedisteelsltd.com",unspecified_see_drhp,www.bedisteelsltd.com; www.bigshareonline.com; www.khambattasecurities.com,₹2 Cr (stated),iso_certification_mention|rnd_mention,DRHP: Mr. Dishant Khanna Company Secretary; Mr. Chandan Mishra Email; Mr. Vinayak Morbale Email; Mr. Abhishek Sehgal. Company Secretary; Mr. Dishant Khanna. Corporate Identification Number; Mr. Prayank Gupta. MOA; Mr. Prayank Gupta; Mr. Mahesh Gupta; Mrs. Khushboo Gupta; Mrs. Sarita Gupta,capex / capital expenditure; ISO certification mentioned; forward integration,bse_sme_ipo_drhp_pipeline|capacity_expansion_tailwind,drhp_companies_specified_format.csv+final_merged_dsir_promoters.csv,,See DRHP ‘Industry / Business overview’ section.,iso_certification_mention|rnd_mention|bse_sme_ipo_drhp_pipeline|capacity_expansion_tailwind|capex|capital_expenditure|iso_certification_mentioned|forward_integration,0,not_classified_manufacturer,1,india_location_signal,1,cert_or_patent_evidence,1,named_individuals_in_promoter_field,1,sector_or_macro_tailwind_tags,1,growth_or_ipo_signal_in_text,5,83,80.0,2
EKI Energy Services Limited,"LEAST 2(TWO) WORKING DAYS PRIOR TO THE BID/ ISSUE O PENING DATE AND SHALL BE MADE AVAILABLE TO BSE LIMI TED (“BSE”, REFERRED TO AS THE “STOCK EXCHANGE”) FOR THE PURPOSE OF UPLOADING ON THEIR WEBSITE IN ACCORDANCE WITH SECURITIES AND EXCHANGE BOARD OF INDIA (ISSUE OF CAPITALAND DI...",unspecified_see_drhp,www.bigshareonline.com; www.enkingint.org; www.hemsecurities.com,Extract from restated financials in DRHP (pattern not matched).,iso_certification_mention,DRHP: Ms. Itisha Sahu; Mr. Manish Kumar Dabkara THE ISSUE INITIAL; Mr. Manish Kumar Dabkara For; Mr. Manish Kuma,ISO certification mentioned,bse_sme_ipo_drhp_pipeline,drhp_companies_specified_format.csv+final_merged_dsir_promoters.csv,,See DRHP ‘Industry / Business overview’ section.,iso_certification_mention|bse_sme_ipo_drhp_pipeline|iso_certification_mentioned,0,not_classified_manufacturer,1,india_location_signal,1,cert_or_patent_evidence,1,named_individuals_in_promoter_field,1,sector_or_macro_tailwind_tags,1,growth_or_ipo_signal_in_text,5,83,80.0,2
Fusion Klassroom Edutech Limited,"Mumbai office at Matruprabha, Ground Floor, Plot No -78, CTS No-2731, Daulat Nagar Road 7, Borivali East, Mumbai – 400066 for 22 months, ending on May 02, 2027. The lease deed has been executed on an arm’s length basis and the terms and conditions of the lease, including the leas...",unspecified_see_drhp,www.klassroom.in; www.maashitla.com; www.narnolia.com,Extract from restated financials in DRHP (pattern not matched).,iso_certification_mention,DRHP: Ms. Jinal Karen Vora PROMOTERS OF; Mr. Suniel Shetty; Ms. Jinal Karen Vora,ISO certification mentioned,bse_sme_ipo_drhp_pipeline,drhp_companies_specified_format.csv+final_merged_dsir_promoters.csv,,See DRHP ‘Industry / Business overview’ section.,iso_certification_mention|bse_sme_ipo_drhp_pipeline|iso_certification_mentioned,0,not_classified_manufacturer,1,india_location_signal,1,cert_or_patent_evidence,1,named_individuals_in_promoter_field,1,sector_or_macro_tailwind_tags,1,growth_or_ipo_signal_in_text,5,83,80.0,3
GRE RENEW ENERTECH LIMITED,"Plot no. 423, G.I.D.C.-II, Dediyasan, Mehsana-384002, Gujarat B-1104/1105, Empire Business Hub, Near Shukan Mall, Science City Road, Sola, Ahmedabad-380060, Gujarat Mr. Rohan Jayeshbhai Dhruve, Secretary and Compliance Officer Email: cs@greindia.com Tel No.: +91 9974039300 https:...",unspecified_see_drhp,https://greindia.com,Extract from restated financials in DRHP (pattern not matched).,iso_certification_mention,DRHP: Mr. Rohan Jayeshbhai Dhruve; Mr. Kunal Bansal Email; Mr. Mukul Agrawal Email Id; Mr Rohan Jayeshbhai Dhruve; Mr. Kamleshkumar Dahyalal Patel; Mr. Kirtikumar Kantilal Suthar; Mr. Mukeshkumar Prahladbhai Trivedi Promoters Group,capex / capital expenditure; ISO certification mentioned; subsidiary / group structure,bse_sme_ipo_drhp_pipeline|capacity_expansion_tailwind,drhp_companies_specified_format.csv+final_merged_dsir_promoters.csv,,See DRHP ‘Industry / Business overview’ section.,iso_certification_mention|bse_sme_ipo_drhp_pipeline|capacity_expansion_tailwind|capex|capital_expenditure|iso_certification_mentioned|subsidiary|group_structure,0,not_classified_manufacturer,1,india_location_signal,1,cert_or_patent_evidence,1,named_individuals_in_promoter_field,1,sector_or_macro_tailwind_tags,1,growth_or_ipo_signal_in_text,5,83,80.0,3
GRUNE HAFEN LIMITED,"Karkardooma Community Centre, East Delhi, Delhi – 110092, India Corporate Office: Plot No",unspecified_see_drhp,www.grunehafen.com; www.maashitla.com; www.narnolia.com,Extract from restated financials in DRHP (pattern not matched).,iso_certification_mention,DRHP: Ms. Nishi Jain Company Secretary; Mr. Pankaj Pasi SEBI Registration Number; Ms. Nishi Jain; Ms. Nishi Jain. Depositories Act The Depositories; Mr. Gaurav Gupta,ISO certification mentioned; subsidiary / group structure,bse_sme_ipo_drhp_pipeline,drhp_companies_specified_format.csv+final_merged_dsir_promoters.csv,,See DRHP ‘Industry / Business overview’ section.,iso_certification_mention|bse_sme_ipo_drhp_pipeline|iso_certification_mentioned|subsidiary|group_structure,0,not_classified_manufacturer,1,india_location_signal,1,cert_or_patent_evidence,1,named_individuals_in_promoter_field,1,sector_or_macro_tailwind_tags,1,growth_or_ipo_signal_in_text,5,83,80.0,2
Helloji Holidays Limited,"passed by the shareholders on May 06, 2025 from Union Territory of Chandigarh to National Capital Territory of Delhi",unspecified_see_drhp,www.helloji.com; www.khambattasecurities.com; www.maashitla.com,₹2 Cr (stated),dsir_drhp_substantive_citation,DRHP: Ms. Shikha Daruka; Ms. Shikha Daruka Company Secretary; Mr. Chandan Mishra Email; Mr. Mukul Agrawal Email; Mr. Chandan Mishra SEBI Registration No; Mr. Mukul Agrawal SEBI Registration No,No explicit expansion/hiring/certification keywords in sampled pages — check MD&A / risk factors in full DRHP.,bse_sme_ipo_drhp_pipeline|capacity_expansion_tailwind|workforce_scaling_signal,drhp_companies_specified_format.csv+final_merged_dsir_promoters.csv,U63040DL2012PLC452865,See DRHP ‘Industry / Business overview’ section.,dsir_drhp_substantive_citation|bse_sme_ipo_drhp_pipeline|capacity_expansion_tailwind|workforce_scaling_signal|no_explicit_expansion|hiring|certification_keywords_in_sampled_pages_—_check_md&a|risk_factors_in_full_drhp,0,not_classified_manufacturer,1,india_location_signal,1,dsir_substantive_drhp_citation,1,named_individuals_in_promoter_field,1,sector_or_macro_tailwind_tags,1,growth_or_ipo_signal_in_text,5,83,80.0,2
Jiya Eco India Limited,"Bhavnagar – 364313, Gujarat",unspecified_see_drhp,www.bigshareonline.com; www.hemsecurities.com; www.jiyaecoindia.com,Extract from restated financials in DRHP (pattern not matched).,iso_certification_mention,DRHP: Ms. Akanksha Akhilesh Srivastava; Mr. Bhavesh Jivrajbhai Kakadiya; Mr. Yogeshkumar Chimanlal Patel THE ISSUE INITIAL; Mr. Yogeshkumar Chimanlal Patel. For; Mrs. Hetalben Bhaveshbhai Kakadiya; Mr. Vipulbhai S. Vora. Mrs. Rita Vora; Mr. Jivrajbhai Gopalbhai Kakadiya. Issue Relat; Mr. Jivrajbhai Gopalbhai Kakadiya. Issue Related Terms,ISO certification mentioned; subsidiary / group structure,bse_sme_ipo_drhp_pipeline,drhp_companies_specified_format.csv+final_merged_dsir_promoters.csv,,See DRHP ‘Industry / Business overview’ section.,iso_certification_mention|bse_sme_ipo_drhp_pipeline|iso_certification_mentioned|subsidiary|group_structure,0,not_classified_manufacturer,1,india_location_signal,1,cert_or_patent_evidence,1,named_individuals_in_promoter_field,1,sector_or_macro_tailwind_tags,1,growth_or_ipo_signal_in_text,5,83,80.0,2
Kaneri Agro Industries Limited,"Lodariyal, Bavla Sanand Road, Ahmedabad-382220",unspecified_see_drhp,www.beelinebroking.com; www.kaneriagro.in; www.linkintime.co.in,Extract from restated financials in DRHP (pattern not matched).,iso_certification_mention,DRHP: Ms. Asha Rameshwarlal Jain; Mr. Ritesh Kaushikbhai Patel; Mr. Nilesh Kaushikbhai Patel; Mrs. Palak Ritesh Patel Promoters Group Companies; Mr. Nileshkumar Kaushikbhai Patel; Mrs. Palak Ritesh Patel. For; Mrs. Palak Ritesh Patel; Mrs. Nidhi Nileshkumar Patel; Mrs. Indiraben Kaushikbhai Patel; Mr. Kaushikkumar Bhogilal Patel,ISO certification mentioned,bse_sme_ipo_drhp_pipeline,drhp_companies_specified_format.csv+final_merged_dsir_promoters.csv,,See DRHP ‘Industry / Business overview’ section.,iso_certification_mention|bse_sme_ipo_drhp_pipeline|iso_certification_mentioned,0,not_classified_manufacturer,1,india_location_signal,1,cert_or_patent_evidence,1,named_individuals_in_promoter_field,1,sector_or_macro_tailwind_tags,1,growth_or_ipo_signal_in_text,5,83,80.0,2
Locksworth Infrastructure Limited,"Trade Centre, Plot No - P- 1 Netaji Subhash Place, Shakur Pur I Block, North West Delhi, India, 110034",unspecified_see_drhp,www.bigshareonline.com; www.gyrcapitaladvisors.com; www.locksworth.in,Extract from restated financials in DRHP (pattern not matched).,iso_certification_mention,Mr. Vipin Kumar Chaurasia,ISO certification mentioned; subsidiary / group structure,bse_sme_ipo_drhp_pipeline,drhp_companies_specified_format.csv+final_merged_dsir_promoters.csv,,See DRHP ‘Industry / Business overview’ section.,iso_certification_mention|bse_sme_ipo_drhp_pipeline|iso_certification_mentioned|subsidiary|group_structure,0,not_classified_manufacturer,1,india_location_signal,1,cert_or_patent_evidence,1,named_individuals_in_promoter_field,1,sector_or_macro_tailwind_tags,1,growth_or_ipo_signal_in_text,5,83,80.0,2
M.R.MANIVENI FOODS LIMITED,"Chennai, Andaman and Nicobar Islands, bearing Corporate Identity Number (",unspecified_see_drhp,https://www.mrgolddhall.com/; www.bigshareonline.com; www.capitalsquare.in,Extract from restated financials in DRHP (pattern not matched).,iso_certification_mention,DRHP: K R MANIKANDAN; M CHANDRA AND K SELVAM,capacity expansion; ISO certification mentioned,bse_sme_ipo_drhp_pipeline|capacity_expansion_tailwind,drhp_companies_specified_format.csv+final_merged_dsir_promoters.csv,,See DRHP ‘Industry / Business overview’ section.,iso_certification_mention|bse_sme_ipo_drhp_pipeline|capacity_expansion_tailwind|capacity_expansion|iso_certification_mentioned,0,not_classified_manufacturer,1,india_location_signal,1,cert_or_patent_evidence,1,rich_drhp_promoter_blob,1,sector_or_macro_tailwind_tags,1,growth_or_ipo_signal_in_text,5,83,80.0,2
Mahamaya Lifesciences Limited,"TELEPHONE WEBSITE Unit No: DPT – 033, Ground Floor, Plot No: 79 – 80, DLF Prime Tower, F – Block, Okhla, Phase – 1 New Delhi – 110020, India",unspecified_see_drhp,https://www.mahamayalifesciences.com/; www.kfintech.com; www.oneviewadvisors.com,Extract from restated financials in DRHP (pattern not matched).,iso_certification_mention,Mr. Krishnamurthy Ganesan,ISO certification mentioned,bse_sme_ipo_drhp_pipeline,drhp_companies_specified_format.csv+final_merged_dsir_promoters.csv,,See DRHP ‘Industry / Business overview’ section.,iso_certification_mention|bse_sme_ipo_drhp_pipeline|iso_certification_mentioned,0,not_classified_manufacturer,1,india_location_signal,1,cert_or_patent_evidence,1,named_individuals_in_promoter_field,1,sector_or_macro_tailwind_tags,1,growth_or_ipo_signal_in_text,5,83,80.0,2
Malpani Pipes & Fittings Limited,"Area, Ratlam, Madhya Pradesh-457001, India",unspecified_see_drhp,www.bigshareonline.com; www.ifinservices.in; www.malpanipipes.com,Extract from restated financials in DRHP (pattern not matched).,iso_certification_mention,DRHP: Rohit Malpani; Harsh Malpani; Mohit Malpani,ISO certification mentioned,bse_sme_ipo_drhp_pipeline,drhp_companies_specified_format.csv+final_merged_dsir_promoters.csv,,See DRHP ‘Industry / Business overview’ section.,iso_certification_mention|bse_sme_ipo_drhp_pipeline|iso_certification_mentioned,0,not_classified_manufacturer,1,india_location_signal,1,cert_or_patent_evidence,1,rich_drhp_promoter_blob,1,sector_or_macro_tailwind_tags,1,growth_or_ipo_signal_in_text,5,83,80.0,2
Manisha Textiles Limited,"Survey No 6, House No 8 P, Gova MIDC, Vill Sarav ali, Bhiwandi -421302 Maharashtra, India",unspecified_see_drhp,www.kfintech.com; www.manishatextiles.in; www.rarever.in,Extract from restated financials in DRHP (pattern not matched).,iso_certification_mention,DRHP: Ms. Kapila Shardul Tikke Company Secretary; Ms. Kapila Shardul Tikke,ISO certification mentioned; subsidiary / group structure,bse_sme_ipo_drhp_pipeline,drhp_companies_specified_format.csv+final_merged_dsir_promoters.csv,,See DRHP ‘Industry / Business overview’ section.,iso_certification_mention|bse_sme_ipo_drhp_pipeline|iso_certification_mentioned|subsidiary|group_structure,0,not_classified_manufacturer,1,india_location_signal,1,cert_or_patent_evidence,1,named_individuals_in_promoter_field,1,sector_or_macro_tailwind_tags,1,growth_or_ipo_signal_in_text,5,83,80.0,2
Marc Loire Fashions Limited,"Plot No. 426/1, First Floor, Rani Khera Road, Village Mundaka, West Delhi, Delhi, India, 110041. Vasant Kuber Soni Company Secretary & Compliance Officer Email ID: csvasant@marcloire.in Tel No: +91 62009 62002 https://marcloire.com/ NAMES OF PROMOTERS OF THE COMPANY Mr. Arvind Ka...",unspecified_see_drhp,https://marcloire.com/; www.finshoregroup.com; www.maashitla.com,Extract from restated financials in DRHP (pattern not matched).,iso_certification_mention,Mr. Arvind Kamboj,ISO certification mentioned,bse_sme_ipo_drhp_pipeline,drhp_companies_specified_format.csv+final_merged_dsir_promoters.csv,,See DRHP ‘Industry / Business overview’ section.,iso_certification_mention|bse_sme_ipo_drhp_pipeline|iso_certification_mentioned,0,not_classified_manufacturer,1,india_location_signal,1,cert_or_patent_evidence,1,named_individuals_in_promoter_field,1,sector_or_macro_tailwind_tags,1,growth_or_ipo_signal_in_text,5,83,80.0,2
PNGS GARGI FASHION JEWELLERY LIMITED,"S. No. 37/1 & 37/2, Near Lokmat New Paper, Wadgaon, Khurd, Pune – 411 041, Maharashtra, India N.A. Ms. Bhargavi Pratish Aphale Company Secretary and Compliance Officer info@gargibypng.com",unspecified_see_drhp,www.bigshareonline.com; www.gargibypng.com; www.shreni.in,Extract from restated financials in DRHP (pattern not matched).,iso_certification_mention,DRHP: Ms. Bhargavi Pratish Aphale Company Secretary; Mr. Parth Shah; Ms. Kritika Rupda E-mail; Mr. Aniket Chindarkar E-mail; Ms. Bhargavi Pratish Aphale; Ms. Bhargavi Pratish Aphale Corporate Identification Number; Mr. Prasad Prabhakar Ghodke MOA; Mr. Govind Vishwanath Gadgil; Ms. Renu Govind Gadgil,ISO certification mentioned,bse_sme_ipo_drhp_pipeline,drhp_companies_specified_format.csv+final_merged_dsir_promoters.csv,,See DRHP ‘Industry / Business overview’ section.,iso_certification_mention|bse_sme_ipo_drhp_pipeline|iso_certification_mentioned,0,not_classified_manufacturer,1,india_location_signal,1,cert_or_patent_evidence,1,named_individuals_in_promoter_field,1,sector_or_macro_tailwind_tags,1,growth_or_ipo_signal_in_text,5,83,80.0,2
Qualitek Labs Limited,"73, National Park Lajpat Nagar- IV, New Delhi, South Delhi, 110024 India Ashima Bhatnagar Email:company",unspecified_see_drhp,www.oneviewadvisors.com; www.qualiteklab.com; www.skylinerta.com,Extract from restated financials in DRHP (pattern not matched).,iso_certification_mention,DRHP: Mr. Kamal Grover Remuneration; Mr. Antaryami Nayak Remuneration; Mr. Alok Kumar Agarwal Investment,ISO certification mentioned,bse_sme_ipo_drhp_pipeline,drhp_companies_specified_format.csv+final_merged_dsir_promoters.csv,,See DRHP ‘Industry / Business overview’ section.,iso_certification_mention|bse_sme_ipo_drhp_pipeline|iso_certification_mentioned,0,not_classified_manufacturer,1,india_location_signal,1,cert_or_patent_evidence,1,named_individuals_in_promoter_field,1,sector_or_macro_tailwind_tags,1,growth_or_ipo_signal_in_text,5,83,80.0,2
RAVIRAJ PROCESS CONTROLS LIMITED,"Plot No. A/677, TTC, MIDC, Khairne Navi Mumbai, Thane 400 709, Navi Mumbai, Maharashtra, India. Mr. Ravi Bansilal Darira Managing Director Email Id: info@raviraj.net Tel no: 022-45419000",unspecified_see_drhp,www.ekadrisht.com; www.raviraj.net,Extract from restated financials in DRHP (pattern not matched).,iso_certification_mention,DRHP: Mr. Ravi Bansilal Darira Managing Director Email; Mr. Ravi Bansilal Darira. Email Id; Mr. Ravi Bansilal Darira; Mr. Balasubrahmanya Narayana Rao,ISO certification mentioned; subsidiary / group structure,bse_sme_ipo_drhp_pipeline,drhp_companies_specified_format.csv+final_merged_dsir_promoters.csv,,See DRHP ‘Industry / Business overview’ section.,iso_certification_mention|bse_sme_ipo_drhp_pipeline|iso_certification_mentioned|subsidiary|group_structure,0,not_classified_manufacturer,1,india_location_signal,1,cert_or_patent_evidence,1,named_individuals_in_promoter_field,1,sector_or_macro_tailwind_tags,1,growth_or_ipo_signal_in_text,5,83,80.0,2
Shine Fashions (India) Limited,"Mulund West Mumbai -400080, Maharashtra “you”, “your” or “yours” Prospective investors in this Issue",unspecified_see_drhp,www.amfabrics.in; www.cameoindia.com; www.shreni.in,Extract from restated financials in DRHP (pattern not matched).,iso_certification_mention,DRHP: Mr. Anil Mehta; Ms Nidhi Jain; Ms. Nidhi Jain Director; Mr. Anish Anil Mehta Materiality Policy; Mr. Anish Anil Mehta; Mr. Anil Zaverchand Mehta; Mr. Anish Anil Mehta Mrs. Binal Anish; Ms. Purvi Anil Sanghvi; Mr. Ankit Hareshkumar Doshi; Mr. Sagar Hareshkumar Doshi,ISO certification mentioned; subsidiary / group structure,bse_sme_ipo_drhp_pipeline,drhp_companies_specified_format.csv+final_merged_dsir_promoters.csv,,See DRHP ‘Industry / Business overview’ section.,iso_certification_mention|bse_sme_ipo_drhp_pipeline|iso_certification_mentioned|subsidiary|group_structure,0,not_classified_manufacturer,1,india_location_signal,1,cert_or_patent_evidence,1,named_individuals_in_promoter_field,1,sector_or_macro_tailwind_tags,1,growth_or_ipo_signal_in_text,5,83,80.0,2
Shlokka Dyes Limited,"Saykha, Saran, Bharuch, Vagra, Gujarat, India-392140",unspecified_see_drhp,www.bigshareonline.com; www.ifinservices.in; www.shlokkadyes.com,Extract from restated financials in DRHP (pattern not matched).,iso_certification_mention,DRHP: Mr. Siddharth Gajra Company Secretary; Mr. Siddharth Gajra; Mr. Siddharth Gajra Chief Financial Officer; Mr. Rajesh Patel. Act; Vaibhav Shah & Shivani Rajpurohit,ISO certification mentioned,bse_sme_ipo_drhp_pipeline,drhp_companies_specified_format.csv+final_merged_dsir_promoters.csv,,See DRHP ‘Industry / Business overview’ section.,iso_certification_mention|bse_sme_ipo_drhp_pipeline|iso_certification_mentioned,0,not_classified_manufacturer,1,india_location_signal,1,cert_or_patent_evidence,1,named_individuals_in_promoter_field,1,sector_or_macro_tailwind_tags,1,growth_or_ipo_signal_in_text,5,83,80.0,3
SK International Export Limited,"78, Ground floor, A -2 Shah & Nahar Industrial Estate, Sitaram Jadhav Marg, Lower Parel, Mumbai-400013, Maharashtra, India “We”, “the”, “our” or “us” Unless the context otherwise indicates or implies, refers to our Company",unspecified_see_drhp,https://karisma.karvy.com; www.finshoregroup.com; www.skinternational.in,Extract from restated financials in DRHP (pattern not matched).,iso_certification_mention,DRHP: Mr. Hitesh Shrawankumar Sadh; Mr. Shrawankumar Sadh; Mr. Hitesh Shrawankumar Sadh For,capex / capital expenditure; ISO certification mentioned; subsidiary / group structure,bse_sme_ipo_drhp_pipeline|capacity_expansion_tailwind,drhp_companies_specified_format.csv+final_merged_dsir_promoters.csv,,See DRHP ‘Industry / Business overview’ section.,iso_certification_mention|bse_sme_ipo_drhp_pipeline|capacity_expansion_tailwind|capex|capital_expenditure|iso_certification_mentioned|subsidiary|group_structure,0,not_classified_manufacturer,1,india_location_signal,1,cert_or_patent_evidence,1,named_individuals_in_promoter_field,1,sector_or_macro_tailwind_tags,1,growth_or_ipo_signal_in_text,5,83,80.0,2
Solvex Edibles Limited,"India, 244921",unspecified_see_drhp,www.corporatemakers.in; www.maashitla.com; www.solvexedibles.in,Extract from restated financials in DRHP (pattern not matched).,iso_certification_mention,DRHP: Ms. Swati Vaish; Ms. Swati Vaish. Corporate Identification Number; Mr. Ashish Goel. MOA; Mr. Ashish Goel; Mr. Vishal Goel; Mrs. Rashika Gupta; Mr. Brij Bhushan Goel. Promoter Group Such,ISO certification mentioned,bse_sme_ipo_drhp_pipeline,drhp_companies_specified_format.csv+final_merged_dsir_promoters.csv,,See DRHP ‘Industry / Business overview’ section.,iso_certification_mention|bse_sme_ipo_drhp_pipeline|iso_certification_mentioned,0,not_classified_manufacturer,1,india_location_signal,1,cert_or_patent_evidence,1,named_individuals_in_promoter_field,1,sector_or_macro_tailwind_tags,1,growth_or_ipo_signal_in_text,5,83,80.0,2
VVIP Infratech Limited,"Fifth Floor, VVIP Style, Nh-58 Raj Nagar Extension, Ghaziabad, Uttar Pradesh- 201017, India Kanchan Aggarwal, Company Secretary cum Compliance Officer E-mail: cs@vvipinfra.com Tel No: +91 9990060123",unspecified_see_drhp,www.maashitla.com; www.shareindia.com; www.vvipinfra.com,Extract from restated financials in DRHP (pattern not matched).,iso_certification_mention,DRHP: Mr. Praveen Tyagi; Mr. Vaibhav Tyagi; Mr. Vibhor Tyagi DETAILS OF THE ISSUE,ISO certification mentioned,bse_sme_ipo_drhp_pipeline,drhp_companies_specified_format.csv+final_merged_dsir_promoters.csv,,See DRHP ‘Industry / Business overview’ section.,iso_certification_mention|bse_sme_ipo_drhp_pipeline|iso_certification_mentioned,0,not_classified_manufacturer,1,india_location_signal,1,cert_or_patent_evidence,1,named_individuals_in_promoter_field,1,sector_or_macro_tailwind_tags,1,growth_or_ipo_signal_in_text,5,83,80.0,2
WESTERN OVERSEAS STUDY ABROAD LIMITED,"S.C.F No-27-28, Vikas Vihar, Ambala City, Ambala, Haryana, Pin Code: 134003. We / us / our Unless the context otherwise indicates or implies, refers to our Company you / your / yours Prospective Investors in this Issue",unspecified_see_drhp,www.skylinerta.com; www.sobhagyacap.com; www.western-overseas.com,Extract from restated financials in DRHP (pattern not matched).,iso_certification_mention,DRHP: Ms. Shruti Gupta; Mr. Pardeep Balyan. MOA; Mr. Pardeep Balyan; Mrs. Rekha Rani. Promoter Group Such,ISO certification mentioned,bse_sme_ipo_drhp_pipeline,drhp_companies_specified_format.csv+final_merged_dsir_promoters.csv,,See DRHP ‘Industry / Business overview’ section.,iso_certification_mention|bse_sme_ipo_drhp_pipeline|iso_certification_mentioned,0,not_classified_manufacturer,1,india_location_signal,1,cert_or_patent_evidence,1,named_individuals_in_promoter_field,1,sector_or_macro_tailwind_tags,1,growth_or_ipo_signal_in_text,5,83,80.0,2
3C IT Solutions and Telecoms (India) Limited,Office Contact Person Email and Telephone Website,unspecified_see_drhp,http://3citsolutions.com/; https://www.kreocapital.com/; https://www.skylinerta.com/,Extract from restated financials in DRHP (pattern not matched).,iso_certification_mention,DRHP: Ms. Laxmi Tiwari Company Secretary; Ms. Laxmi Tiwari; Ms. Laxmi Tiwari Corporate Identification Number; Mr. Ranjit Kulladhaja Mayengbam MOA; Dr. Ambedkar Chowk; Mr. Ranjit Kulladhaja Mayengbam; Mrs. Gangarani Devi Mayengbam. Promoter Group Such,ISO certification mentioned,bse_sme_ipo_drhp_pipeline,drhp_companies_specified_format.csv+final_merged_dsir_promoters.csv,,See DRHP ‘Industry / Business overview’ section.,iso_certification_mention|bse_sme_ipo_drhp_pipeline|iso_certification_mentioned,0,not_classified_manufacturer,0,weak_location_signal,1,cert_or_patent_evidence,1,named_individuals_in_promoter_field,1,sector_or_macro_tailwind_tags,1,growth_or_ipo_signal_in_text,4,67,70.0,2
Abram Food Limited,Central Processing Centre,Manufacturing / Industrial,www.abramfood.in; www.corporatemakers.in; www.kfintech.com; www.kherliwala.com,Extract from restated financials in DRHP (pattern not matched).,no_structured_differentiation_tag,DRHP: Mr. Sanjiva Gaur OUR; Mr. Pawan Mahur; Mr. Rohit Pareek SEBI Registration Number; Mr. M. Murali Krishna SEBI Registration Number; Mr. Sanjay Jain,No explicit expansion/hiring/certification keywords in sampled pages — check MD&A / risk factors in full DRHP.,bse_sme_ipo_drhp_pipeline|make_in_india_manufacturing|capacity_expansion_tailwind|workforce_scaling_signal,drhp_companies_specified_format.csv+final_merged_dsir_promoters.csv,,"Our Company is engaged in the business of manufacturing, marketing and selling of Chana, Chana Dal, Besan, Edible Oil, Spices and fl",no_structured_differentiation_tag|bse_sme_ipo_drhp_pipeline|make_in_india_manufacturing|capacity_expansion_tailwind|workforce_scaling_signal|no_explicit_expansion|hiring|certification_keywords_in_sampled_pages_—_check_md&a|risk_factors_in_full_drhp,1,manufacturer_or_industrial_segment,0,weak_location_signal,0,no_differentiation_evidence,1,named_individuals_in_promoter_field,1,sector_or_macro_tailwind_tags,1,growth_or_ipo_signal_in_text,4,67,70.0,2
Apollo Techno Industries Limited,"the Bid Opening Date and the Bid/ Issue Closing Date and the floor price or price band along with necessary details subject to regulation 250 of SEBI ICRD Regulations. This advertisement, subject to the provisions of section 30 of the Companies Act, 2013, shall be in the format p...",unspecified_see_drhp,https://in.mpms.mufg.com/; www.apollotechno.com; www.beelinemb.com,₹25–100 Cr (approx from lakhs),iso_certification_mention,DRHP: Mr. Patel Parth Rashmikant,ISO certification mentioned; subsidiary / group structure,bse_sme_ipo_drhp_pipeline,drhp_companies_specified_format.csv+final_merged_dsir_promoters.csv,,See DRHP ‘Industry / Business overview’ section.,iso_certification_mention|bse_sme_ipo_drhp_pipeline|iso_certification_mentioned|subsidiary|group_structure,0,not_classified_manufacturer,0,weak_location_signal,1,cert_or_patent_evidence,1,named_individuals_in_promoter_field,1,sector_or_macro_tailwind_tags,1,growth_or_ipo_signal_in_text,4,67,70.0,2
Aritas Vinyl Limited,"3. One of our promoter group company Elegant Vinyl Private Limited is engaged in the similar business in which issuer company is engaged which may create a conflict of interest. Further, we do not enjoy contractual protection by way of a non-compete or other agreement or arrangem...",unspecified_see_drhp,www.aritasvinyl.com; www.bigshareonline.com; www.ifinservices.in,Extract from restated financials in DRHP (pattern not matched).,iso_certification_mention,DRHP: Mr. Anilkumar Prakashchandra Agrawal; Mr. Sanjaykumar Kantilal Patel; Mr. Roque Antonio Dias,ISO certification mentioned,bse_sme_ipo_drhp_pipeline,drhp_companies_specified_format.csv+final_merged_dsir_promoters.csv,,See DRHP ‘Industry / Business overview’ section.,iso_certification_mention|bse_sme_ipo_drhp_pipeline|iso_certification_mentioned,0,not_classified_manufacturer,0,weak_location_signal,1,cert_or_patent_evidence,1,named_individuals_in_promoter_field,1,sector_or_macro_tailwind_tags,1,growth_or_ipo_signal_in_text,4,67,70.0,2
BENCHMARK COMPUTER SOLUTIONS LIMITED,"Stakeholders Relationship Committee The Stakeholders Relationship Committee of our Board of Directors constituted in accordance with Section 178 of the Companies Act, 2013. For details , please refer chapter titled “Our Management” beginning on Page No. 131 of this Draft Prospect...",unspecified_see_drhp,www.beelinemb.com; www.benchmarksolution.com; www.kfintech.com,Extract from restated financials in DRHP (pattern not matched).,iso_certification_mention,Mr. Dhananjay Vrindawan Wakode,ISO certification mentioned; subsidiary / group structure,bse_sme_ipo_drhp_pipeline,drhp_companies_specified_format.csv+final_merged_dsir_promoters.csv,,See DRHP ‘Industry / Business overview’ section.,iso_certification_mention|bse_sme_ipo_drhp_pipeline|iso_certification_mentioned|subsidiary|group_structure,0,not_classified_manufacturer,0,weak_location_signal,1,cert_or_patent_evidence,1,named_individuals_in_promoter_field,1,sector_or_macro_tailwind_tags,1,growth_or_ipo_signal_in_text,4,67,70.0,2
Black Opal Consultants Limited,Central Processing Centre. The Corporate Identification Number of our Company is U70109DL2020PLC369011.,unspecified_see_drhp,www.blackopalgroup.in,₹2 Cr (stated),dsir_drhp_substantive_citation,DRHP: Ms. Anju Company Secretary; Mr. Chandan Mishra Email; Mr. Anuj Rana Email; Mr. Gaurav Bhardwaj. Corporate Identification Number; Ms. Anju. Corporate Office; Mr. Prasoon Chauhan; Mr. Sheikh Arfeen Ahmed; Mr. Prasoon Chauhan. Promoter Group Individuals,capex / capital expenditure; subsidiary / group structure,bse_sme_ipo_drhp_pipeline|capacity_expansion_tailwind,drhp_companies_specified_format.csv+final_merged_dsir_promoters.csv,U70109DL2020PLC369011,See DRHP ‘Industry / Business overview’ section.,dsir_drhp_substantive_citation|bse_sme_ipo_drhp_pipeline|capacity_expansion_tailwind|capex|capital_expenditure|subsidiary|group_structure,0,not_classified_manufacturer,0,weak_location_signal,1,dsir_substantive_drhp_citation,1,named_individuals_in_promoter_field,1,sector_or_macro_tailwind_tags,1,growth_or_ipo_signal_in_text,4,67,70.0,2
Chiraharit Limited,number (CIN) being U45101AP2006PTC050818,unspecified_see_drhp,https://chiraharit.com/#; www.bigshareonline.com; www.finshoregroup.com,Extract from restated financials in DRHP (pattern not matched).,iso_certification_mention,DRHP: Mr. Dixitula Venkata Kama Dixitulu Company Secretary; Mr. Pavan Kumar Bang; Mrs. Tejaswini Yarlagadda; Mr. Venkata Ramana Reddy Gaggenapalli DETAILS OF; Mr. Babu Raphe; Mr. Babu Rapheal; Mr. Dixitula Venkata Kama Dixitulu; Mr. Venkata Ramana Reddy Gaggenapalli THE ISSUE; Mr. Venkata Ramana Reddy Gaggenapalli; Mrs. Tejaswini Yarlagadda. Promoter Group Includes,ISO certification mentioned,bse_sme_ipo_drhp_pipeline,drhp_companies_specified_format.csv+final_merged_dsir_promoters.csv,U45101AP2006PTC050818,See DRHP ‘Industry / Business overview’ section.,iso_certification_mention|bse_sme_ipo_drhp_pipeline|iso_certification_mentioned,0,not_classified_manufacturer,0,weak_location_signal,1,cert_or_patent_evidence,1,named_individuals_in_promoter_field,1,sector_or_macro_tailwind_tags,1,growth_or_ipo_signal_in_text,4,67,70.0,2
CLARA INDUSTRIES LIMITED,‘Our History and Certain Other Corporate Matters’ beginning on page 100 of this Draft Prospectus.,unspecified_see_drhp,www.bigshareonline.com; www.clara.co.in; www.gretexcorporate.com,Extract from restated financials in DRHP (pattern not matched).,iso_certification_mention,DRHP: Ms. Parry Kukreja; Mr. Anurag Saharawat; Mr. Nikhil Kukreja,ISO certification mentioned; subsidiary / group structure,bse_sme_ipo_drhp_pipeline,drhp_companies_specified_format.csv+final_merged_dsir_promoters.csv,,See DRHP ‘Industry / Business overview’ section.,iso_certification_mention|bse_sme_ipo_drhp_pipeline|iso_certification_mentioned|subsidiary|group_structure,0,not_classified_manufacturer,0,weak_location_signal,1,cert_or_patent_evidence,1,named_individuals_in_promoter_field,1,sector_or_macro_tailwind_tags,1,growth_or_ipo_signal_in_text,4,67,70.0,2
CREATEROI FINANCIAL CONSULTANCY LIMITED,See DRHP ‘General Information’ — address not matched by pattern.,unspecified_see_drhp,www.createroiconsulting.com; www.inventuremerchantbanker.com; www.satellitecorporate.com,Extract from restated financials in DRHP (pattern not matched).,iso_certification_mention,DRHP: Ms. Sarita Chouhan,ISO certification mentioned,bse_sme_ipo_drhp_pipeline,drhp_companies_specified_format.csv+final_merged_dsir_promoters.csv,,See DRHP ‘Industry / Business overview’ section.,iso_certification_mention|bse_sme_ipo_drhp_pipeline|iso_certification_mentioned,0,not_classified_manufacturer,0,weak_location_signal,1,cert_or_patent_evidence,1,named_individuals_in_promoter_field,1,sector_or_macro_tailwind_tags,1,growth_or_ipo_signal_in_text,4,67,70.0,3
DAPS ADVERTISING LIMITED,"128, Clyde House, Office No",unspecified_see_drhp,www.bigshareonline.com; www.dapsadvertising.com; www.shreni.in,Extract from restated financials in DRHP (pattern not matched).,iso_certification_mention,DRHP: AKHILESH CHATURVEDI; DHARMESH CHATURVEDI AND PARESH,ISO certification mentioned,bse_sme_ipo_drhp_pipeline,drhp_companies_specified_format.csv+final_merged_dsir_promoters.csv,,See DRHP ‘Industry / Business overview’ section.,iso_certification_mention|bse_sme_ipo_drhp_pipeline|iso_certification_mentioned,0,not_classified_manufacturer,0,weak_location_signal,1,cert_or_patent_evidence,1,rich_drhp_promoter_blob,1,sector_or_macro_tailwind_tags,1,growth_or_ipo_signal_in_text,4,67,70.0,2
Digilogic Systems Limited,"company pursuant to special resolution passed by the shareholders at the EGM held on June 18, 2025, and consequently, the name of our Company was changed to “Digilogic Systems Limited” and a fresh certificate of incorporation consequent upon conversion from private company to pub...",Manufacturing / Industrial,www.bsesme.com; www.digilogicsystems.com; www.indorient.in; www.kfintech.com,Extract from restated financials in DRHP (pattern not matched).,no_structured_differentiation_tag,DRHP: Mr. Kameswara Rao Vempati; Mr. Madhusudhan Varma Jetty; Mrs. Radhika Varma Jetty,facility expansion,bse_sme_ipo_drhp_pipeline|make_in_india_manufacturing|capacity_expansion_tailwind,drhp_companies_specified_format.csv+final_merged_dsir_promoters.csv,,"technology-led company engaged in the design, development, integration, manufacturing, supply and support",no_structured_differentiation_tag|bse_sme_ipo_drhp_pipeline|make_in_india_manufacturing|capacity_expansion_tailwind|facility_expansion,1,manufacturer_or_industrial_segment,0,weak_location_signal,0,no_differentiation_evidence,1,named_individuals_in_promoter_field,1,sector_or_macro_tailwind_tags,1,growth_or_ipo_signal_in_text,4,67,70.0,2
DMR HYDROENGINEERING & INFRASTRUCTURES LIMITED,"+91 1294360445; Email Id: investors@dmrengineering.net Website: www.dmrengineering.netContact Person: Mayank, Company Secretary and Compliance Officer",unspecified_see_drhp,www.dmrengineering.net; www.dmrengineering.netContact; www.shreni.in; www.skylinerta.com,Extract from restated financials in DRHP (pattern not matched).,iso_certification_mention,DRHP: Mr. Krunal Pipalia SEBI Registration Number; Subhash Chander Mittal; Neelam Mittal,ISO certification mentioned,bse_sme_ipo_drhp_pipeline,drhp_companies_specified_format.csv+final_merged_dsir_promoters.csv,,See DRHP ‘Industry / Business overview’ section.,iso_certification_mention|bse_sme_ipo_drhp_pipeline|iso_certification_mentioned,0,not_classified_manufacturer,0,weak_location_signal,1,cert_or_patent_evidence,1,named_individuals_in_promoter_field,1,sector_or_macro_tailwind_tags,1,growth_or_ipo_signal_in_text,4,67,70.0,2
Dudani Retail Limited,and Corporate Structure” beginning on page no 130 of the Draft Prospectus.,unspecified_see_drhp,www.divenaworld.com; www.finshoregroup.com; www.maashitla.com,Extract from restated financials in DRHP (pattern not matched).,iso_certification_mention,DRHP: Mr. Ramgopal Sharma Company Secretary; Mr. Akshay Dudani; Mrs. Charu Dudani DETAILS OF OFFER TO; Mr. Mukul Agarwal Email; Akshay Dudani; Charu Dudani,ISO certification mentioned,bse_sme_ipo_drhp_pipeline,drhp_companies_specified_format.csv+final_merged_dsir_promoters.csv,,See DRHP ‘Industry / Business overview’ section.,iso_certification_mention|bse_sme_ipo_drhp_pipeline|iso_certification_mentioned,0,not_classified_manufacturer,0,weak_location_signal,1,cert_or_patent_evidence,1,named_individuals_in_promoter_field,1,sector_or_macro_tailwind_tags,1,growth_or_ipo_signal_in_text,4,67,70.0,2
Elfin Agro India Limited,"in name and registered office of our company, please refer to section titled “",unspecified_see_drhp,www.cameoindia.com; www.elfinagroindia.com; www.finshoregroup.com,Extract from restated financials in DRHP (pattern not matched).,iso_certification_mention,DRHP: Ms. Khushbu Sethi Company Secretary; Mr. Vimal Kumar Daga; Mr. Deepak Pal Daga; Mrs. Seema Daga; Mrs. Neetu Daga; Mr. S. Ramakrishna Iyengar Telephone; Ms. K. Sreepriya Telephone; Ms. Khushbu Sethi; Mr. Ratan Lal Bareth,ISO certification mentioned,bse_sme_ipo_drhp_pipeline,drhp_companies_specified_format.csv+final_merged_dsir_promoters.csv,,See DRHP ‘Industry / Business overview’ section.,iso_certification_mention|bse_sme_ipo_drhp_pipeline|iso_certification_mentioned,0,not_classified_manufacturer,0,weak_location_signal,1,cert_or_patent_evidence,1,named_individuals_in_promoter_field,1,sector_or_macro_tailwind_tags,1,growth_or_ipo_signal_in_text,4,67,70.0,2
GRETEX CORPORATE SERVICES LIMITED,"of our Company, please refer to section titled ‘Our History and Certain Other Corporate Matters’ beginning on page 104 of this Draft Prospectus",unspecified_see_drhp,www.afsl.co.in; www.bigshareonline.com; www.gretexcorporate.com,Extract from restated financials in DRHP (pattern not matched).,iso_certification_mention,DRHP: Mr. Janil Jain; Mr. Arvind Harlalka; Mr. Alok Harlalka; Mr. Vastal Ganatra SEBI Registration No; Mr. Swapnil Kate SEBI Registration No,ISO certification mentioned,bse_sme_ipo_drhp_pipeline,drhp_companies_specified_format.csv+final_merged_dsir_promoters.csv,,See DRHP ‘Industry / Business overview’ section.,iso_certification_mention|bse_sme_ipo_drhp_pipeline|iso_certification_mentioned,0,not_classified_manufacturer,0,weak_location_signal,1,cert_or_patent_evidence,1,named_individuals_in_promoter_field,1,sector_or_macro_tailwind_tags,1,growth_or_ipo_signal_in_text,4,67,70.0,2
Gulf Lloyds (India) Limited,into fresh lease or leave and license agreement,unspecified_see_drhp,www.gulflloydsgroup.com; www.ifinservices.in; www.kfintech.Com,₹5–25 Cr (approx from lakhs),iso_certification_mention,DRHP: Jaykumar Bhavsar; Anitaben Bhavsar; Bhagirath Bhavsar; Shivaniben,ISO certification mentioned,bse_sme_ipo_drhp_pipeline,drhp_companies_specified_format.csv+final_merged_dsir_promoters.csv,,See DRHP ‘Industry / Business overview’ section.,iso_certification_mention|bse_sme_ipo_drhp_pipeline|iso_certification_mentioned,0,not_classified_manufacturer,0,weak_location_signal,1,cert_or_patent_evidence,1,rich_drhp_promoter_blob,1,sector_or_macro_tailwind_tags,1,growth_or_ipo_signal_in_text,4,67,70.0,2
Harikanta Overseas Limited,"Tel. No.: +919898682560; Website: www.harikantaoverseas.com; e-Mail: info@harikantaoverseas.com Contact Person: Swati Malu, Company Secretary and Compliance Officer",unspecified_see_drhp,www.bigshareonline.com; www.harikantaoverseas.com; www.ifinservices.in,Extract from restated financials in DRHP (pattern not matched).,iso_certification_mention,DRHP: Mr. Hardik Gotawala; Mr. Abhishek Gotawala; Ms Carloss Pipe,ISO certification mentioned; subsidiary / group structure,bse_sme_ipo_drhp_pipeline,drhp_companies_specified_format.csv+final_merged_dsir_promoters.csv,,See DRHP ‘Industry / Business overview’ section.,iso_certification_mention|bse_sme_ipo_drhp_pipeline|iso_certification_mentioned|subsidiary|group_structure,0,not_classified_manufacturer,0,weak_location_signal,1,cert_or_patent_evidence,1,named_individuals_in_promoter_field,1,sector_or_macro_tailwind_tags,1,growth_or_ipo_signal_in_text,4,67,70.0,2
INDOBELL INSULATIONS LIMITED,and Certain Corporate Matters” beginning on page no 136 of the Draft Prospectus.,unspecified_see_drhp,www.finshoregroup.com; www.indobell.com; www.integratedregistry.in,Extract from restated financials in DRHP (pattern not matched).,iso_certification_mention,DRHP: Mr. Sanjay Agarwal Company Secretary; Mr. Vijay Burman; Mr. Man Mohan Burman; Ms. Megha Burman; Ms. Raksha Burman DETAILS OF OFFER TO; Mr. S. Ramakrishna Iyengar Email; Mr. S. Giridhar Email; Mr. Sanjay Agarwal; Ms. Raksha Burman. Promoter Group Includes; Mr. Abhirup Bose,ISO certification mentioned,bse_sme_ipo_drhp_pipeline,drhp_companies_specified_format.csv+final_merged_dsir_promoters.csv,,See DRHP ‘Industry / Business overview’ section.,iso_certification_mention|bse_sme_ipo_drhp_pipeline|iso_certification_mentioned,0,not_classified_manufacturer,0,weak_location_signal,1,cert_or_patent_evidence,1,named_individuals_in_promoter_field,1,sector_or_macro_tailwind_tags,1,growth_or_ipo_signal_in_text,4,67,70.0,2
Kratikal Tech Limited,"Deputy Registrar of Companies/ Registrar of Companies, Central Processing Centre",unspecified_see_drhp,https://kratikal.com; www.beelinemb.com; www.kfintech.com,₹5–25 Cr (approx from lakhs),iso_certification_mention,DRHP: Mr. Anmol Gupta PROMOTERS OF OUR; directors on the boards of our subsidiaries,ISO certification mentioned; digital / hiring channel mention; subsidiary / group structure,bse_sme_ipo_drhp_pipeline|workforce_scaling_signal,drhp_companies_specified_format.csv+final_merged_dsir_promoters.csv,U62099UP2013PLC060625,See DRHP ‘Industry / Business overview’ section.,iso_certification_mention|bse_sme_ipo_drhp_pipeline|workforce_scaling_signal|iso_certification_mentioned|digital|hiring_channel_mention|subsidiary|group_structure,0,not_classified_manufacturer,0,weak_location_signal,1,cert_or_patent_evidence,1,named_individuals_in_promoter_field,1,sector_or_macro_tailwind_tags,1,growth_or_ipo_signal_in_text,4,67,70.0,2
Krupalu Metals Limited,to section titled “Our History and Certain Corporate Matters” beginning on page no 138 of the Draft Prospectus.,Media / Entertainment,www.krupalumetals.com,Extract from restated financials in DRHP (pattern not matched).,iso_certification_mention,DRHP: Mr. S. Ramakrishna Iyengar CAMEO CORPORATE SERVICES; Ms. K. Sreepriya ISSUE PROGRAMME ISSUE OPENS; Mr. S. Ramakrishna Iyengar SEBI Registration No,ISO certification mentioned,bse_sme_ipo_drhp_pipeline,drhp_companies_specified_format.csv+final_merged_dsir_promoters.csv,,"relationships with us due to a change in preference or any other reason on immediate basis, which could materially and adversely impact",iso_certification_mention|bse_sme_ipo_drhp_pipeline|iso_certification_mentioned,0,not_classified_manufacturer,0,weak_location_signal,1,cert_or_patent_evidence,1,named_individuals_in_promoter_field,1,sector_or_macro_tailwind_tags,1,growth_or_ipo_signal_in_text,4,67,70.0,2
L. T. Elevator Limited,"Centre. For details of change in Registered Office of our Company, please refer to the chapter titled “History and Certain Corporate Matters” on page 144 of the Draft Red Herring Prospectus.",unspecified_see_drhp,www.cameoindia.com; www.horizonmanagement.in; www.ltelevator.com,Extract from restated financials in DRHP (pattern not matched).,iso_certification_mention,DRHP: Ms. K. Sreepriya ISSUE OPENS ON ISSUE,ISO certification mentioned; subsidiary / group structure,bse_sme_ipo_drhp_pipeline,drhp_companies_specified_format.csv+final_merged_dsir_promoters.csv,,See DRHP ‘Industry / Business overview’ section.,iso_certification_mention|bse_sme_ipo_drhp_pipeline|iso_certification_mentioned|subsidiary|group_structure,0,not_classified_manufacturer,0,weak_location_signal,1,cert_or_patent_evidence,1,named_individuals_in_promoter_field,1,sector_or_macro_tailwind_tags,1,growth_or_ipo_signal_in_text,4,67,70.0,2
LAPL Automotive Limited,Processing Centre,unspecified_see_drhp,https://laplautomotive.com/; www.maashitla.com; www.shcapl.com,Extract from restated financials in DRHP (pattern not matched).,iso_certification_mention,DRHP: NEERAJ SATYAPRAKASH GOYAL; SHUBHAM NEERAJ GOYAL AND ANITA NEERAJ GOYAL; Mr. Parth Shah E-mail,capex / capital expenditure; ISO certification mentioned,bse_sme_ipo_drhp_pipeline|capacity_expansion_tailwind,drhp_companies_specified_format.csv+final_merged_dsir_promoters.csv,U34300MH2004PLC149728,See DRHP ‘Industry / Business overview’ section.,iso_certification_mention|bse_sme_ipo_drhp_pipeline|capacity_expansion_tailwind|capex|capital_expenditure|iso_certification_mentioned,0,not_classified_manufacturer,0,weak_location_signal,1,cert_or_patent_evidence,1,named_individuals_in_promoter_field,1,sector_or_macro_tailwind_tags,1,growth_or_ipo_signal_in_text,4,67,70.0,2
Lorven International Limited,Little or no extractable text (likely scanned PDF — needs OCR).,unspecified_see_drhp,https://lorveninternational.in; https://www.Bigshareonline.Com; www.Bigshareonline.Com; www.ifinservices.in,₹0–5 Cr (approx from lakhs),iso_certification_mention,DRHP: Mr. Sohil Nitin Savla. CIN Corporate Identification; Ms. Meenakshi Jain Depositories Act The Depositories; Pankaj Baldevkumar Aggarwal; Sangeeta Deepak Aggarwal; Rupen Deepak,capex / capital expenditure; ISO certification mentioned; subsidiary / group structure,bse_sme_ipo_drhp_pipeline|capacity_expansion_tailwind,drhp_companies_specified_format.csv+final_merged_dsir_promoters.csv,,See DRHP ‘Industry / Business overview’ section.,iso_certification_mention|bse_sme_ipo_drhp_pipeline|capacity_expansion_tailwind|capex|capital_expenditure|iso_certification_mentioned|subsidiary|group_structure,0,not_classified_manufacturer,0,weak_location_signal,1,cert_or_patent_evidence,1,named_individuals_in_promoter_field,1,sector_or_macro_tailwind_tags,1,growth_or_ipo_signal_in_text,4,67,70.0,3
Merritronix Limited,"While we have conducted searches of our records at our Company’s offices, the portal of Ministry of Corporate Affairs and the records maintained by the jurisdictional RoC, we have not been able to trace the certain corporate records, form filings and challans. In this regard, we ...",unspecified_see_drhp,https://www.merritronix.com/; www.bigshareonline.com; www.gyrcapitaladvisors.com,₹25–100 Cr (approx from lakhs),iso_certification_mention|rnd_mention,DRHP: Ms. Mandava Swathi; Ms. Mandava Swathi Company Secretary; Mr. Mohit Baid SEBI Registration Number; Mr. Rajesh Kumawat. SEBI Registration Number; Mr. Dovari Amarnath; involved in a venture which is in the similar line of business/unit as that of our,capacity expansion; capex / capital expenditure; ISO certification mentioned; backward integration,bse_sme_ipo_drhp_pipeline|capacity_expansion_tailwind,drhp_companies_specified_format.csv+final_merged_dsir_promoters.csv,,See DRHP ‘Industry / Business overview’ section.,iso_certification_mention|rnd_mention|bse_sme_ipo_drhp_pipeline|capacity_expansion_tailwind|capacity_expansion|capex|capital_expenditure|iso_certification_mentioned|backward_integration,0,not_classified_manufacturer,0,weak_location_signal,1,cert_or_patent_evidence,1,named_individuals_in_promoter_field,1,sector_or_macro_tailwind_tags,1,growth_or_ipo_signal_in_text,4,67,70.0,2
Mother Agri Food Limited,"details of change in name and registered office of our company, please refer to section titled “",Food / Agriculture,https://motheragrifood.com/,₹25–100 Cr (approx from lakhs),iso_certification_mention|rnd_mention,DRHP: Mr. S. Ramakrishna Iyengar PURVA SHAREGISTRY; Ms. Deepali Dhuri ISSUE PROGRAMME ANCHOR BID,ISO certification mentioned; forward integration,bse_sme_ipo_drhp_pipeline|agri_food_processing_tailwind,drhp_companies_specified_format.csv+final_merged_dsir_promoters.csv,,"the cleaning, grading, processing, sorting and trading of various agricultural commodities, including",iso_certification_mention|rnd_mention|bse_sme_ipo_drhp_pipeline|agri_food_processing_tailwind|iso_certification_mentioned|forward_integration,0,not_classified_manufacturer,0,weak_location_signal,1,cert_or_patent_evidence,1,named_individuals_in_promoter_field,1,sector_or_macro_tailwind_tags,1,growth_or_ipo_signal_in_text,4,67,70.0,2
MRP Agro Limited,chapter titled “History and Corporate Structure” beginning on page 98 of this Draft Prospectus.,unspecified_see_drhp,www.beelinebroking.com; www.mrpagro.com; www.skylinerta.com,Extract from restated financials in DRHP (pattern not matched).,iso_certification_mention,DRHP: Mr. Manish Kumar Jain; Mrs Raksha Jain; Mrs. Raksha Jain Stakeholders Relationship Committee Stakeholder,ISO certification mentioned; subsidiary / group structure,bse_sme_ipo_drhp_pipeline,drhp_companies_specified_format.csv+final_merged_dsir_promoters.csv,,See DRHP ‘Industry / Business overview’ section.,iso_certification_mention|bse_sme_ipo_drhp_pipeline|iso_certification_mentioned|subsidiary|group_structure,0,not_classified_manufacturer,0,weak_location_signal,1,cert_or_patent_evidence,1,named_individuals_in_promoter_field,1,sector_or_macro_tailwind_tags,1,growth_or_ipo_signal_in_text,4,67,70.0,2
Nanta Tech Limited,Contact Person Email and Telephone Website Office No,unspecified_see_drhp,https://www.nantatech.com; www.bigshareonline.com; www.nantatech.com; www.shcapl.com,Extract from restated financials in DRHP (pattern not matched).,iso_certification_mention,DRHP: Mr. Pintu Kumar Kuberbhai Chaudhari; MAYANK A JANI AND JANI MANSIBEN MAYANKKUMAR; Mr. Parth Shah SEBI Registration No; Mr. Sagar Pathare SEBI Registration No; Mr. Pintu Kumar Kuberbhai Chaudhari Company Secretary; MAYANK A JANI AND JANI MANSIBEN MANYANKKUMAR,ISO certification mentioned,bse_sme_ipo_drhp_pipeline,drhp_companies_specified_format.csv+final_merged_dsir_promoters.csv,,See DRHP ‘Industry / Business overview’ section.,iso_certification_mention|bse_sme_ipo_drhp_pipeline|iso_certification_mentioned,0,not_classified_manufacturer,0,weak_location_signal,1,cert_or_patent_evidence,1,named_individuals_in_promoter_field,1,sector_or_macro_tailwind_tags,1,growth_or_ipo_signal_in_text,4,67,70.0,2
Narmadesh Brass Industries Limited,"of our Company is U24209GJ2023PLC145839. For further details, please refer to chapter titled “",unspecified_see_drhp,www.afsl.co.in; www.kfintech.com; www.narmadeshbrass.com,Extract from restated financials in DRHP (pattern not matched).,iso_certification_mention,DRHP: Ms. Hetal Vachhani Company Secretary; Mr. Hitesh Dudhagara; Mrs. Ronak Dudhagara DETAILS OF OFFER TYPE; Mrs. Ronak Dudhagara; Mrs. Ronak Dudhagara THE OFFER INITIAL PUBLIC; Mr. Hitesh Dudhagara MOA; Mr. Krish Dudhagara; Mrs. Ronak Dudhagara Promoters Group Such; Mrs. Ronak Dudhagara Stakeholders,ISO certification mentioned,bse_sme_ipo_drhp_pipeline,drhp_companies_specified_format.csv+final_merged_dsir_promoters.csv,U24209GJ2023PLC145839,See DRHP ‘Industry / Business overview’ section.,iso_certification_mention|bse_sme_ipo_drhp_pipeline|iso_certification_mentioned,0,not_classified_manufacturer,0,weak_location_signal,1,cert_or_patent_evidence,1,named_individuals_in_promoter_field,1,sector_or_macro_tailwind_tags,1,growth_or_ipo_signal_in_text,4,67,70.0,2
Netanalytiks Technologies Limited,"91 Springboard Gopala Krishna, Complex No",unspecified_see_drhp,www.finshoregroup.com; www.integratedregistry.in; www.netanalytiks.com,Extract from restated financials in DRHP (pattern not matched).,iso_certification_mention,Mr. Shankara Anantharamaiah Chilkunda,ISO certification mentioned,bse_sme_ipo_drhp_pipeline,drhp_companies_specified_format.csv+final_merged_dsir_promoters.csv,,See DRHP ‘Industry / Business overview’ section.,iso_certification_mention|bse_sme_ipo_drhp_pipeline|iso_certification_mentioned,0,not_classified_manufacturer,0,weak_location_signal,1,cert_or_patent_evidence,1,named_individuals_in_promoter_field,1,sector_or_macro_tailwind_tags,1,growth_or_ipo_signal_in_text,4,67,70.0,2
NSB BPO Solutions Limited,"3rd Floor, Plot No",unspecified_see_drhp,www.nsbbpo.com,Extract from restated financials in DRHP (pattern not matched).,iso_certification_mention,DRHP: Ms. Anjali Shukla,ISO certification mentioned; subsidiary / group structure,bse_sme_ipo_drhp_pipeline,drhp_companies_specified_format.csv+final_merged_dsir_promoters.csv,,See DRHP ‘Industry / Business overview’ section.,iso_certification_mention|bse_sme_ipo_drhp_pipeline|iso_certification_mentioned|subsidiary|group_structure,0,not_classified_manufacturer,0,weak_location_signal,1,cert_or_patent_evidence,1,named_individuals_in_promoter_field,1,sector_or_macro_tailwind_tags,1,growth_or_ipo_signal_in_text,4,67,70.0,3
Om Metallogic Limited,"Sikri, Opp",unspecified_see_drhp,www.corporatemakers.in; www.ommetallogic.com; www.skylinerta.com,Extract from restated financials in DRHP (pattern not matched).,iso_certification_mention,DRHP: Ms. Prachi Gupta; Ms. Pachi Gupta; Mr. Tulsiram Company Secretary; Ms. Prachi Gupta. Corporate Identification Number; Mr. Manish Sharma. MOA; Mr. Manish Sharma; Mrs. Seema Sharma. Promoter Group Such,ISO certification mentioned,bse_sme_ipo_drhp_pipeline,drhp_companies_specified_format.csv+final_merged_dsir_promoters.csv,,See DRHP ‘Industry / Business overview’ section.,iso_certification_mention|bse_sme_ipo_drhp_pipeline|iso_certification_mentioned,0,not_classified_manufacturer,0,weak_location_signal,1,cert_or_patent_evidence,1,named_individuals_in_promoter_field,1,sector_or_macro_tailwind_tags,1,growth_or_ipo_signal_in_text,4,67,70.0,3
Park Smart Solutions Limited,"registered office of our company, please refer to section titled “",unspecified_see_drhp,www.cameoindia.com; www.finshoregroup.com; www.ltparksmart.com,Extract from restated financials in DRHP (pattern not matched).,iso_certification_mention,DRHP: Mr. Sandipan Lai Company Secretary; Mr. Arvind Gupta; Mrs. Usha Gupta; Mr. Yash Gupta DETAILS OF OFFER TO; Mr. S. Ramakrishna Iyengar Telephone; Ms. K. Sreepriya Telephone; Mr. Sandipan Lai; Mr. Yash Gupta. Promoter Group Includes; Mr. Umang Gupta; Mr. Vishal Yadav,ISO certification mentioned,bse_sme_ipo_drhp_pipeline,drhp_companies_specified_format.csv+final_merged_dsir_promoters.csv,,See DRHP ‘Industry / Business overview’ section.,iso_certification_mention|bse_sme_ipo_drhp_pipeline|iso_certification_mentioned,0,not_classified_manufacturer,0,weak_location_signal,1,cert_or_patent_evidence,1,named_individuals_in_promoter_field,1,sector_or_macro_tailwind_tags,1,growth_or_ipo_signal_in_text,4,67,70.0,2
PARMESHWAR METAL LIMITED,CORPORATE OFFICE CONTACT PERSON TELEPHONE AND EMAIL,unspecified_see_drhp,www.parmeshwarmetal.com,Extract from restated financials in DRHP (pattern not matched).,iso_certification_mention,Mr. Shantilal Kailashchandra Shah,capex / capital expenditure; ISO certification mentioned; subsidiary / group structure,bse_sme_ipo_drhp_pipeline|capacity_expansion_tailwind,drhp_companies_specified_format.csv+final_merged_dsir_promoters.csv,,See DRHP ‘Industry / Business overview’ section.,iso_certification_mention|bse_sme_ipo_drhp_pipeline|capacity_expansion_tailwind|capex|capital_expenditure|iso_certification_mentioned|subsidiary|group_structure,0,not_classified_manufacturer,0,weak_location_signal,1,cert_or_patent_evidence,1,named_individuals_in_promoter_field,1,sector_or_macro_tailwind_tags,1,growth_or_ipo_signal_in_text,4,67,70.0,2
Royal Sense Limited,Contact Person E-mail and Telephone,unspecified_see_drhp,www.bigshareonline.com; www.expertglobal.in; www.royalsense.in,Extract from restated financials in DRHP (pattern not matched).,iso_certification_mention,DRHP: Ms. Priyanka Bhutani Company Secretary; Mr. Gaurav Jain Email; Ms. Priyanka Bhutani; Mr. Rishabh Arora Promoter Group Such; Mr. Rishabh Arora Company Secretary; Ms. Priyanka Bhutani. Director,ISO certification mentioned; subsidiary / group structure,bse_sme_ipo_drhp_pipeline,drhp_companies_specified_format.csv+final_merged_dsir_promoters.csv,,See DRHP ‘Industry / Business overview’ section.,iso_certification_mention|bse_sme_ipo_drhp_pipeline|iso_certification_mentioned|subsidiary|group_structure,0,not_classified_manufacturer,0,weak_location_signal,1,cert_or_patent_evidence,1,named_individuals_in_promoter_field,1,sector_or_macro_tailwind_tags,1,growth_or_ipo_signal_in_text,4,67,70.0,2
Rudra Gas Enterprise Limited,"OFFICE CONTACT PERSON TELEPHONE AND EMAIL WEBSITE B-702, The Capital Building, Science City Road, Opp",unspecified_see_drhp,www.beelinemb.com; www.linkintime.co.in; www.rudragasenterprise.com,Extract from restated financials in DRHP (pattern not matched).,iso_certification_mention,Mrs. Manjulaben Sureshbhai Patel,ISO certification mentioned; subsidiary / group structure,bse_sme_ipo_drhp_pipeline,drhp_companies_specified_format.csv+final_merged_dsir_promoters.csv,,See DRHP ‘Industry / Business overview’ section.,iso_certification_mention|bse_sme_ipo_drhp_pipeline|iso_certification_mentioned|subsidiary|group_structure,0,not_classified_manufacturer,0,weak_location_signal,1,cert_or_patent_evidence,1,named_individuals_in_promoter_field,1,sector_or_macro_tailwind_tags,1,growth_or_ipo_signal_in_text,4,67,70.0,3
Satol Chemicals Limited,"name and registered office of our company, please refer to secti on titled “",unspecified_see_drhp,https://www.satol.net; www.blackfoxindia.com; www.finshoregroup.com,Extract from restated financials in DRHP (pattern not matched).,iso_certification_mention,DRHP: Mr. Nitin Vinayak Kore; Mr. S. Ramakrishna Iyengar KFIN TECHNOLOGIES LIMITED; Mr. S. Ramakrishna Iyengar SEBI Registration No; Mr. Suresh Bohra Telephone,ISO certification mentioned; subsidiary / group structure; facility expansion,bse_sme_ipo_drhp_pipeline|capacity_expansion_tailwind,drhp_companies_specified_format.csv+final_merged_dsir_promoters.csv,,See DRHP ‘Industry / Business overview’ section.,iso_certification_mention|bse_sme_ipo_drhp_pipeline|capacity_expansion_tailwind|iso_certification_mentioned|subsidiary|group_structure|facility_expansion,0,not_classified_manufacturer,0,weak_location_signal,1,cert_or_patent_evidence,1,named_individuals_in_promoter_field,1,sector_or_macro_tailwind_tags,1,growth_or_ipo_signal_in_text,4,67,70.0,2
Shipwaves Online Limited,identification number (,unspecified_see_drhp,www.cameoindia.com; www.finshoregroup.com; www.shipwaves.com,Extract from restated financials in DRHP (pattern not matched).,iso_certification_mention,DRHP: Mrs. Jessica Juliana Mendonca Company Secretary; Mr. Kalandan Mohammed Haris; Mr. Kalandan Mohammed Althaf; Mr. Kalandan Mohammad Arif; Mr. Abid Ali; Mrs. Bibi Hajira; Mr. Mohammed Sahim Haris DETAILS OF OFFER; Ms. K. Sreepriya Email; Mrs. Jessica Juliana Mendonca; Mr. Mohammed Sahim Haris THE ISSUE INITIAL,ISO certification mentioned,bse_sme_ipo_drhp_pipeline,drhp_companies_specified_format.csv+final_merged_dsir_promoters.csv,,See DRHP ‘Industry / Business overview’ section.,iso_certification_mention|bse_sme_ipo_drhp_pipeline|iso_certification_mentioned,0,not_classified_manufacturer,0,weak_location_signal,1,cert_or_patent_evidence,1,named_individuals_in_promoter_field,1,sector_or_macro_tailwind_tags,1,growth_or_ipo_signal_in_text,4,67,70.0,2
SK Minerals & Additives Limited,Company is situated.,unspecified_see_drhp,www.khambattasecurities.com; www.maashitla.com; www.skminerals.net,Extract from restated financials in DRHP (pattern not matched).,dsir_drhp_substantive_citation|iso_certification_mention,DRHP: Ms. Divya Company Secretary; Mr. Chandan Mishra Email; Mr. Mukul Agrawal Email; Mr. Neeraj Kumar Tuli. Company Secretary; Ms. Divya. Corporate Identification Number; Mr. Mohit Jindal. MOA; Mrs. Sunita Rani; Mr. Mohit Jindal; Mr. Rohit Jindal; Mr. Shubham Jindal. Promoter Group Such,capex / capital expenditure; ISO certification mentioned,bse_sme_ipo_drhp_pipeline|capacity_expansion_tailwind,drhp_companies_specified_format.csv+final_merged_dsir_promoters.csv,,See DRHP ‘Industry / Business overview’ section.,dsir_drhp_substantive_citation|iso_certification_mention|bse_sme_ipo_drhp_pipeline|capacity_expansion_tailwind|capex|capital_expenditure|iso_certification_mentioned,0,not_classified_manufacturer,0,weak_location_signal,1,dsir_substantive_drhp_citation,1,named_individuals_in_promoter_field,1,sector_or_macro_tailwind_tags,1,growth_or_ipo_signal_in_text,4,67,70.0,3
Spinaroo Commercial Limited,"company, please refer to section titled “",unspecified_see_drhp,www.cameoindia.com; www.finshoregroup.com; www.spino.co.in,Extract from restated financials in DRHP (pattern not matched).,iso_certification_mention,DRHP: Ms. Ankita Periwal Company Secretary; Mr. Amit Sultania; Mr. Aditya Todi; Mrs. Mridula Todi DETAILS OF OFFER TO; Mr. S. Ramakrishna Iyengar Telephone; Ms. K. Sreepriya Telephone; Ms. Ankita Periwal; Mrs. Mridula Todi Promoter Group Includes,ISO certification mentioned,bse_sme_ipo_drhp_pipeline,drhp_companies_specified_format.csv+final_merged_dsir_promoters.csv,,See DRHP ‘Industry / Business overview’ section.,iso_certification_mention|bse_sme_ipo_drhp_pipeline|iso_certification_mentioned,0,not_classified_manufacturer,0,weak_location_signal,1,cert_or_patent_evidence,1,named_individuals_in_promoter_field,1,sector_or_macro_tailwind_tags,1,growth_or_ipo_signal_in_text,4,67,70.0,2
STITCHED TEXTILES LIMITED,"1st Floor, Barcelona House, B/S",unspecified_see_drhp,www.barcelonaclub.in; www.bigshareonline.com; www.tcagroup.in,Extract from restated financials in DRHP (pattern not matched).,iso_certification_mention,DRHP: Ms. Shivani Pathak; Mr. Garvit Bhola Telephone; Mr. Swapnil Kate Telephone,ISO certification mentioned,bse_sme_ipo_drhp_pipeline,drhp_companies_specified_format.csv+final_merged_dsir_promoters.csv,,See DRHP ‘Industry / Business overview’ section.,iso_certification_mention|bse_sme_ipo_drhp_pipeline|iso_certification_mentioned,0,not_classified_manufacturer,0,weak_location_signal,1,cert_or_patent_evidence,1,named_individuals_in_promoter_field,1,sector_or_macro_tailwind_tags,1,growth_or_ipo_signal_in_text,4,67,70.0,2
Turtle Infratrade Limited,"Office Contact Person Email and Telephone Website Metropolitan Condominium, Plot No",unspecified_see_drhp,www.bigshareonline.com; www.inventuremerchantbanker.com; www.turtleinfra.com,Extract from restated financials in DRHP (pattern not matched).,iso_certification_mention,DRHP: Ms. Arati Virendra Bandi,ISO certification mentioned,bse_sme_ipo_drhp_pipeline,drhp_companies_specified_format.csv+final_merged_dsir_promoters.csv,,See DRHP ‘Industry / Business overview’ section.,iso_certification_mention|bse_sme_ipo_drhp_pipeline|iso_certification_mentioned,0,not_classified_manufacturer,0,weak_location_signal,1,cert_or_patent_evidence,1,named_individuals_in_promoter_field,1,sector_or_macro_tailwind_tags,1,growth_or_ipo_signal_in_text,4,67,70.0,2
Yash Highvoltage Limited,"Corporate Office: 603, 6th floor, Ozone Complex, Sarabhai Compound, Dr",unspecified_see_drhp,www.bigshareonline.com; www.indorient.in; www.yashhv.com,Extract from restated financials in DRHP (pattern not matched).,iso_certification_mention,Mr. Keyur Girishchandra Shah Promoter Selling; Mr. Tushar Janardan Lakhmapurkar Company Secretary; Mr. Tushar Janardan Lakhmapurkar Company Secretary,ISO certification mentioned,bse_sme_ipo_drhp_pipeline,drhp_companies_specified_format.csv+final_merged_dsir_promoters.csv,,See DRHP ‘Industry / Business overview’ section.,iso_certification_mention|bse_sme_ipo_drhp_pipeline|iso_certification_mentioned,0,not_classified_manufacturer,0,weak_location_signal,1,cert_or_patent_evidence,1,named_individuals_in_promoter_field,1,sector_or_macro_tailwind_tags,1,growth_or_ipo_signal_in_text,4,67,70.0,2
AA Plus Tradelink Limited,"Near Jain Temple, Jambli Gali, Borivali (West), Mumbai - 400092, Maharashtra, India",unspecified_see_drhp,www.aaplustradelink.com; www.inventuremerchantbanker.com; www.purvashare.com,Extract from restated financials in DRHP (pattern not matched).,iso_certification_mention,Promoter names not machine-extracted from sampled DRHP pages; verify in IPO prospectus or LinkedIn.,ISO certification mentioned,bse_sme_ipo_drhp_pipeline,drhp_companies_specified_format.csv+final_merged_dsir_promoters.csv,,See DRHP ‘Industry / Business overview’ section.,iso_certification_mention|bse_sme_ipo_drhp_pipeline|iso_certification_mentioned,0,not_classified_manufacturer,1,india_location_signal,1,cert_or_patent_evidence,0,no_promoter_extract,1,sector_or_macro_tailwind_tags,1,growth_or_ipo_signal_in_text,4,67,65.0,2
Aarav Defence Systems Ltd,Pune,Manufacturing / Industrial,aaravdefence.com,₹120–200 Cr,no_structured_differentiation_tag,,IPO filed Feb 2026,bse_sme_ipo_drhp_pipeline|make_in_india_manufacturing|capital_markets_ipo_activity,data_with_dsir_recognition.csv+final_merged_dsir_promoters.csv,,Specialty Manufacturing (Defence/Aerospace),no_structured_differentiation_tag|bse_sme_ipo_drhp_pipeline|make_in_india_manufacturing|capital_markets_ipo_activity|ipo_filed_feb_2026,1,manufacturer_or_industrial_segment,1,india_location_signal,0,no_differentiation_evidence,0,no_promoter_extract,1,sector_or_macro_tailwind_tags,1,growth_or_ipo_signal_in_text,4,67,65.0,2
Acetech E-Commerce Ltd,Mumbai,Manufacturing / Industrial,acetechecommerce.com,₹70–120 Cr,no_structured_differentiation_tag,,IPO filed Feb 2026,bse_sme_ipo_drhp_pipeline|make_in_india_manufacturing|capital_markets_ipo_activity,data_with_dsir_recognition.csv+final_merged_dsir_promoters.csv,,Specialty Manufacturing (IT/E-Commerce Tech),no_structured_differentiation_tag|bse_sme_ipo_drhp_pipeline|make_in_india_manufacturing|capital_markets_ipo_activity|ipo_filed_feb_2026,1,manufacturer_or_industrial_segment,1,india_location_signal,0,no_differentiation_evidence,0,no_promoter_extract,1,sector_or_macro_tailwind_tags,1,growth_or_ipo_signal_in_text,4,67,65.0,2
AeroDynamics Global Ltd,Bengaluru,Manufacturing / Industrial,aerodynamicsglobal.com,₹120–200 Cr,no_structured_differentiation_tag,,IPO filed Feb 2026,bse_sme_ipo_drhp_pipeline|make_in_india_manufacturing|capital_markets_ipo_activity,data_with_dsir_recognition.csv+final_merged_dsir_promoters.csv,,Specialty Manufacturing (Aerospace/Defence),no_structured_differentiation_tag|bse_sme_ipo_drhp_pipeline|make_in_india_manufacturing|capital_markets_ipo_activity|ipo_filed_feb_2026,1,manufacturer_or_industrial_segment,1,india_location_signal,0,no_differentiation_evidence,0,no_promoter_extract,1,sector_or_macro_tailwind_tags,1,growth_or_ipo_signal_in_text,4,67,65.0,3
AeroDynamics India Ltd,Bengaluru,Manufacturing / Industrial,aerodynamicsindia.com,₹120–200 Cr,no_structured_differentiation_tag,,IPO filed Feb 2026,bse_sme_ipo_drhp_pipeline|make_in_india_manufacturing|capital_markets_ipo_activity,data_with_dsir_recognition.csv+final_merged_dsir_promoters.csv,,Specialty Manufacturing (Aerospace/Defence),no_structured_differentiation_tag|bse_sme_ipo_drhp_pipeline|make_in_india_manufacturing|capital_markets_ipo_activity|ipo_filed_feb_2026,1,manufacturer_or_industrial_segment,1,india_location_signal,0,no_differentiation_evidence,0,no_promoter_extract,1,sector_or_macro_tailwind_tags,1,growth_or_ipo_signal_in_text,4,67,65.0,5
AeroDynamics Systems Ltd,Bengaluru,Manufacturing / Industrial,aerodynamicssystems.com,₹120–200 Cr,no_structured_differentiation_tag,,IPO filed Feb 2026,bse_sme_ipo_drhp_pipeline|make_in_india_manufacturing|capital_markets_ipo_activity,data_with_dsir_recognition.csv+final_merged_dsir_promoters.csv,,Specialty Manufacturing (Aerospace/Defence),no_structured_differentiation_tag|bse_sme_ipo_drhp_pipeline|make_in_india_manufacturing|capital_markets_ipo_activity|ipo_filed_feb_2026,1,manufacturer_or_industrial_segment,1,india_location_signal,0,no_differentiation_evidence,0,no_promoter_extract,1,sector_or_macro_tailwind_tags,1,growth_or_ipo_signal_in_text,4,67,65.0,11
AeroLink Advanced Ltd,Bengaluru,Manufacturing / Industrial,aerolinkadv.com,₹120–200 Cr,no_structured_differentiation_tag,,IPO filed Dec 2025,bse_sme_ipo_drhp_pipeline|make_in_india_manufacturing|capital_markets_ipo_activity,data_with_dsir_recognition.csv+final_merged_dsir_promoters.csv,,Specialty Manufacturing (Aerospace Systems),no_structured_differentiation_tag|bse_sme_ipo_drhp_pipeline|make_in_india_manufacturing|capital_markets_ipo_activity|ipo_filed_dec_2025,1,manufacturer_or_industrial_segment,1,india_location_signal,0,no_differentiation_evidence,0,no_promoter_extract,1,sector_or_macro_tailwind_tags,1,growth_or_ipo_signal_in_text,4,67,65.0,19
AeroLink Global Ltd,Bengaluru,Manufacturing / Industrial,aerolinkglobal.com,₹120–200 Cr,no_structured_differentiation_tag,,IPO filed Dec 2025,bse_sme_ipo_drhp_pipeline|make_in_india_manufacturing|capital_markets_ipo_activity,data_with_dsir_recognition.csv+final_merged_dsir_promoters.csv,,Specialty Manufacturing (Aerospace Systems),no_structured_differentiation_tag|bse_sme_ipo_drhp_pipeline|make_in_india_manufacturing|capital_markets_ipo_activity|ipo_filed_dec_2025,1,manufacturer_or_industrial_segment,1,india_location_signal,0,no_differentiation_evidence,0,no_promoter_extract,1,sector_or_macro_tailwind_tags,1,growth_or_ipo_signal_in_text,4,67,65.0,27
AeroLink India Ltd,Bengaluru,Manufacturing / Industrial,aerolinkindia.com,₹120–200 Cr,no_structured_differentiation_tag,,IPO filed Dec 2025,bse_sme_ipo_drhp_pipeline|make_in_india_manufacturing|capital_markets_ipo_activity,data_with_dsir_recognition.csv+final_merged_dsir_promoters.csv,,Specialty Manufacturing (Aerospace Systems),no_structured_differentiation_tag|bse_sme_ipo_drhp_pipeline|make_in_india_manufacturing|capital_markets_ipo_activity|ipo_filed_dec_2025,1,manufacturer_or_industrial_segment,1,india_location_signal,0,no_differentiation_evidence,0,no_promoter_extract,1,sector_or_macro_tailwind_tags,1,growth_or_ipo_signal_in_text,4,67,65.0,18
AeroLink Systems Ltd,Bengaluru,Manufacturing / Industrial,aerolinksystems.com,₹120–200 Cr,no_structured_differentiation_tag,,IPO filed Dec 2025,bse_sme_ipo_drhp_pipeline|make_in_india_manufacturing|capital_markets_ipo_activity,data_with_dsir_recognition.csv+final_merged_dsir_promoters.csv,,Specialty Manufacturing (Aerospace Systems),no_structured_differentiation_tag|bse_sme_ipo_drhp_pipeline|make_in_india_manufacturing|capital_markets_ipo_activity|ipo_filed_dec_2025,1,manufacturer_or_industrial_segment,1,india_location_signal,0,no_differentiation_evidence,0,no_promoter_extract,1,sector_or_macro_tailwind_tags,1,growth_or_ipo_signal_in_text,4,67,65.0,5
AeroParts Advanced Ltd,Bengaluru,Manufacturing / Industrial,aeropartsadv.com,₹120–200 Cr,no_structured_differentiation_tag,,IPO filed Dec 2025,bse_sme_ipo_drhp_pipeline|make_in_india_manufacturing|capital_markets_ipo_activity,data_with_dsir_recognition.csv+final_merged_dsir_promoters.csv,,Specialty Manufacturing (Aerospace Components),no_structured_differentiation_tag|bse_sme_ipo_drhp_pipeline|make_in_india_manufacturing|capital_markets_ipo_activity|ipo_filed_dec_2025,1,manufacturer_or_industrial_segment,1,india_location_signal,0,no_differentiation_evidence,0,no_promoter_extract,1,sector_or_macro_tailwind_tags,1,growth_or_ipo_signal_in_text,4,67,65.0,22
AeroParts Global Ltd,Bengaluru,Manufacturing / Industrial,aeropartsglobal.com,₹120–200 Cr,no_structured_differentiation_tag,,IPO filed Dec 2025,bse_sme_ipo_drhp_pipeline|make_in_india_manufacturing|capital_markets_ipo_activity,data_with_dsir_recognition.csv+final_merged_dsir_promoters.csv,,Specialty Manufacturing (Aerospace Components),no_structured_differentiation_tag|bse_sme_ipo_drhp_pipeline|make_in_india_manufacturing|capital_markets_ipo_activity|ipo_filed_dec_2025,1,manufacturer_or_industrial_segment,1,india_location_signal,0,no_differentiation_evidence,0,no_promoter_extract,1,sector_or_macro_tailwind_tags,1,growth_or_ipo_signal_in_text,4,67,65.0,22
AeroParts India Ltd,Mumbai,Manufacturing / Industrial,aeropartsindia.com,₹90–160 Cr,no_structured_differentiation_tag,,IPO filed Dec 2025,bse_sme_ipo_drhp_pipeline|make_in_india_manufacturing|capital_markets_ipo_activity,data_with_dsir_recognition.csv+final_merged_dsir_promoters.csv,,Specialty Manufacturing (Aerospace Components),no_structured_differentiation_tag|bse_sme_ipo_drhp_pipeline|make_in_india_manufacturing|capital_markets_ipo_activity|ipo_filed_dec_2025,1,manufacturer_or_industrial_segment,1,india_location_signal,0,no_differentiation_evidence,0,no_promoter_extract,1,sector_or_macro_tailwind_tags,1,growth_or_ipo_signal_in_text,4,67,65.0,2
Aeroquip Components Ltd,Mumbai,Manufacturing / Industrial,aeroquipcomponents.com,₹90–160 Cr,no_structured_differentiation_tag,,IPO filed Dec 2025,bse_sme_ipo_drhp_pipeline|make_in_india_manufacturing|capital_markets_ipo_activity,data_with_dsir_recognition.csv+final_merged_dsir_promoters.csv,,Specialty Manufacturing (Aerospace Components),no_structured_differentiation_tag|bse_sme_ipo_drhp_pipeline|make_in_india_manufacturing|capital_markets_ipo_activity|ipo_filed_dec_2025,1,manufacturer_or_industrial_segment,1,india_location_signal,0,no_differentiation_evidence,0,no_promoter_extract,1,sector_or_macro_tailwind_tags,1,growth_or_ipo_signal_in_text,4,67,65.0,4
AeroShield Defence Ltd,Pune,Manufacturing / Industrial,aeroshielddefence.com,₹120–200 Cr,no_structured_differentiation_tag,,IPO filed Feb 2026,bse_sme_ipo_drhp_pipeline|make_in_india_manufacturing|capital_markets_ipo_activity,data_with_dsir_recognition.csv+final_merged_dsir_promoters.csv,,Specialty Manufacturing (Defence Systems),no_structured_differentiation_tag|bse_sme_ipo_drhp_pipeline|make_in_india_manufacturing|capital_markets_ipo_activity|ipo_filed_feb_2026,1,manufacturer_or_industrial_segment,1,india_location_signal,0,no_differentiation_evidence,0,no_promoter_extract,1,sector_or_macro_tailwind_tags,1,growth_or_ipo_signal_in_text,4,67,65.0,2
AeroStruct Engineering Ltd,Hyderabad,Manufacturing / Industrial,aerostructengg.com,₹120–200 Cr,no_structured_differentiation_tag,,IPO filed Mar 2026,bse_sme_ipo_drhp_pipeline|make_in_india_manufacturing|capital_markets_ipo_activity,data_with_dsir_recognition.csv+final_merged_dsir_promoters.csv,,Specialty Manufacturing (Aerospace Structures),no_structured_differentiation_tag|bse_sme_ipo_drhp_pipeline|make_in_india_manufacturing|capital_markets_ipo_activity|ipo_filed_mar_2026,1,manufacturer_or_industrial_segment,1,india_location_signal,0,no_differentiation_evidence,0,no_promoter_extract,1,sector_or_macro_tailwind_tags,1,growth_or_ipo_signal_in_text,4,67,65.0,4
AeroStruct India Ltd,Hyderabad,Manufacturing / Industrial,aerostructindia.com,₹120–200 Cr,no_structured_differentiation_tag,,IPO filed Mar 2026,bse_sme_ipo_drhp_pipeline|make_in_india_manufacturing|capital_markets_ipo_activity,data_with_dsir_recognition.csv+final_merged_dsir_promoters.csv,,Specialty Manufacturing (Aerospace Structures),no_structured_differentiation_tag|bse_sme_ipo_drhp_pipeline|make_in_india_manufacturing|capital_markets_ipo_activity|ipo_filed_mar_2026,1,manufacturer_or_industrial_segment,1,india_location_signal,0,no_differentiation_evidence,0,no_promoter_extract,1,sector_or_macro_tailwind_tags,1,growth_or_ipo_signal_in_text,4,67,65.0,2
Amba Auto Sales & Services Ltd,Pune,Manufacturing / Industrial,ambaauto.com,₹30–60 Cr,no_structured_differentiation_tag,,IPO filed Sep 2025,bse_sme_ipo_drhp_pipeline|make_in_india_manufacturing|capital_markets_ipo_activity,data_with_dsir_recognition.csv+final_merged_dsir_promoters.csv,,Specialty Manufacturing (Auto/Services),no_structured_differentiation_tag|bse_sme_ipo_drhp_pipeline|make_in_india_manufacturing|capital_markets_ipo_activity|ipo_filed_sep_2025,1,manufacturer_or_industrial_segment,1,india_location_signal,0,no_differentiation_evidence,0,no_promoter_extract,1,sector_or_macro_tailwind_tags,1,growth_or_ipo_signal_in_text,4,67,65.0,2
Anawil Wire & Engineering Ltd,Pune,Manufacturing / Industrial,anawilwire.com,₹50–90 Cr,no_structured_differentiation_tag,,IPO filed Sep 2025,bse_sme_ipo_drhp_pipeline|make_in_india_manufacturing|capital_markets_ipo_activity,data_with_dsir_recognition.csv+final_merged_dsir_promoters.csv,,Specialty Manufacturing (Wire Products),no_structured_differentiation_tag|bse_sme_ipo_drhp_pipeline|make_in_india_manufacturing|capital_markets_ipo_activity|ipo_filed_sep_2025,1,manufacturer_or_industrial_segment,1,india_location_signal,0,no_differentiation_evidence,0,no_promoter_extract,1,sector_or_macro_tailwind_tags,1,growth_or_ipo_signal_in_text,4,67,65.0,3
Apsis Aerocom Ltd,Pune,Manufacturing / Industrial,apsisaerocom.com,₹80–150 Cr,no_structured_differentiation_tag,,IPO filed Mar 2026,bse_sme_ipo_drhp_pipeline|make_in_india_manufacturing|capital_markets_ipo_activity,data_with_dsir_recognition.csv+final_merged_dsir_promoters.csv,,Specialty Manufacturing (Aerospace),no_structured_differentiation_tag|bse_sme_ipo_drhp_pipeline|make_in_india_manufacturing|capital_markets_ipo_activity|ipo_filed_mar_2026,1,manufacturer_or_industrial_segment,1,india_location_signal,0,no_differentiation_evidence,0,no_promoter_extract,1,sector_or_macro_tailwind_tags,1,growth_or_ipo_signal_in_text,4,67,65.0,2
Arbuda Agrochemicals Ltd,Ahmedabad,Manufacturing / Industrial,arbudaagro.com,₹60–100 Cr,no_structured_differentiation_tag,,IPO filed Sep 2025,bse_sme_ipo_drhp_pipeline|make_in_india_manufacturing|capital_markets_ipo_activity,data_with_dsir_recognition.csv+final_merged_dsir_promoters.csv,,Specialty Manufacturing (Agrochemicals),no_structured_differentiation_tag|bse_sme_ipo_drhp_pipeline|make_in_india_manufacturing|capital_markets_ipo_activity|ipo_filed_sep_2025,1,manufacturer_or_industrial_segment,1,india_location_signal,0,no_differentiation_evidence,0,no_promoter_extract,1,sector_or_macro_tailwind_tags,1,growth_or_ipo_signal_in_text,4,67,65.0,3
Arete 22 Ltd,Mumbai,Manufacturing / Industrial,arete22.com,₹30–60 Cr,no_structured_differentiation_tag,,IPO filed Sep 2025,bse_sme_ipo_drhp_pipeline|make_in_india_manufacturing|capital_markets_ipo_activity,data_with_dsir_recognition.csv+final_merged_dsir_promoters.csv,,Specialty Manufacturing (Consulting/Business Services),no_structured_differentiation_tag|bse_sme_ipo_drhp_pipeline|make_in_india_manufacturing|capital_markets_ipo_activity|ipo_filed_sep_2025,1,manufacturer_or_industrial_segment,1,india_location_signal,0,no_differentiation_evidence,0,no_promoter_extract,1,sector_or_macro_tailwind_tags,1,growth_or_ipo_signal_in_text,4,67,65.0,2
Artemis Electricals Limited,"Maharashtra dated August 27, 2015 and name of our Company was changed to “Artemis Electricals Limited”",unspecified_see_drhp,www.artemiselectricals.com; www.cameoindia.com; www.fedsec.in,Extract from restated financials in DRHP (pattern not matched).,iso_certification_mention,DRHP: 1) Pravin Kumar Agarwal,ISO certification mentioned,bse_sme_ipo_drhp_pipeline,drhp_companies_specified_format.csv+final_merged_dsir_promoters.csv,U51505MH2009PLC196683,See DRHP ‘Industry / Business overview’ section.,iso_certification_mention|bse_sme_ipo_drhp_pipeline|iso_certification_mentioned,0,not_classified_manufacturer,1,india_location_signal,1,cert_or_patent_evidence,0,weak_promoter_signal,1,sector_or_macro_tailwind_tags,1,growth_or_ipo_signal_in_text,4,67,65.0,2
Ashutosh Fibre Ltd,Surat,Manufacturing / Industrial,ashutoshfibre.com,₹50–90 Cr,no_structured_differentiation_tag,,IPO filed Sep 2025,bse_sme_ipo_drhp_pipeline|make_in_india_manufacturing|capital_markets_ipo_activity,data_with_dsir_recognition.csv+final_merged_dsir_promoters.csv,,Specialty Manufacturing (Textiles/Fibre),no_structured_differentiation_tag|bse_sme_ipo_drhp_pipeline|make_in_india_manufacturing|capital_markets_ipo_activity|ipo_filed_sep_2025,1,manufacturer_or_industrial_segment,1,india_location_signal,0,no_differentiation_evidence,0,no_promoter_extract,1,sector_or_macro_tailwind_tags,1,growth_or_ipo_signal_in_text,4,67,65.0,2
Avana Electrosystems Ltd,Pune,Manufacturing / Industrial,avanaelectrosystems.com,₹80–150 Cr,no_structured_differentiation_tag,,IPO filed Dec 2025,bse_sme_ipo_drhp_pipeline|make_in_india_manufacturing|capital_markets_ipo_activity,data_with_dsir_recognition.csv+final_merged_dsir_promoters.csv,,Specialty Manufacturing (Electronics),no_structured_differentiation_tag|bse_sme_ipo_drhp_pipeline|make_in_india_manufacturing|capital_markets_ipo_activity|ipo_filed_dec_2025,1,manufacturer_or_industrial_segment,1,india_location_signal,0,no_differentiation_evidence,0,no_promoter_extract,1,sector_or_macro_tailwind_tags,1,growth_or_ipo_signal_in_text,4,67,65.0,2
Avience Biomedicals Ltd,Chennai,Manufacturing / Industrial,aviencebiomed.com,₹60–100 Cr,no_structured_differentiation_tag,,IPO filed Jul 2025,bse_sme_ipo_drhp_pipeline|make_in_india_manufacturing|capital_markets_ipo_activity,data_with_dsir_recognition.csv+final_merged_dsir_promoters.csv,,Specialty Manufacturing (Healthcare/Biotech),no_structured_differentiation_tag|bse_sme_ipo_drhp_pipeline|make_in_india_manufacturing|capital_markets_ipo_activity|ipo_filed_jul_2025,1,manufacturer_or_industrial_segment,1,india_location_signal,0,no_differentiation_evidence,0,no_promoter_extract,1,sector_or_macro_tailwind_tags,1,growth_or_ipo_signal_in_text,4,67,65.0,3
Bio Medica Laboratories Ltd,Pune,Manufacturing / Industrial,biomediacalabs.com,₹30–60 Cr,no_structured_differentiation_tag,,IPO filed Aug 2025,bse_sme_ipo_drhp_pipeline|make_in_india_manufacturing|capital_markets_ipo_activity,data_with_dsir_recognition.csv+final_merged_dsir_promoters.csv,,Specialty Manufacturing (Healthcare/Diagnostics),no_structured_differentiation_tag|bse_sme_ipo_drhp_pipeline|make_in_india_manufacturing|capital_markets_ipo_activity|ipo_filed_aug_2025,1,manufacturer_or_industrial_segment,1,india_location_signal,0,no_differentiation_evidence,0,no_promoter_extract,1,sector_or_macro_tailwind_tags,1,growth_or_ipo_signal_in_text,4,67,65.0,4
BioAxis Global Ltd,Mumbai,Manufacturing / Industrial,bioaxisglobal.com,₹90–160 Cr,no_structured_differentiation_tag,,IPO filed Nov 2025,bse_sme_ipo_drhp_pipeline|make_in_india_manufacturing|capital_markets_ipo_activity,data_with_dsir_recognition.csv+final_merged_dsir_promoters.csv,,Specialty Manufacturing (Biotech/Research),no_structured_differentiation_tag|bse_sme_ipo_drhp_pipeline|make_in_india_manufacturing|capital_markets_ipo_activity|ipo_filed_nov_2025,1,manufacturer_or_industrial_segment,1,india_location_signal,0,no_differentiation_evidence,0,no_promoter_extract,1,sector_or_macro_tailwind_tags,1,growth_or_ipo_signal_in_text,4,67,65.0,22
BioAxis Pharma Ltd,Bengaluru,Manufacturing / Industrial,bioaxispharma.com,₹100–180 Cr,no_structured_differentiation_tag,,IPO filed Mar 2026,bse_sme_ipo_drhp_pipeline|make_in_india_manufacturing|capital_markets_ipo_activity,data_with_dsir_recognition.csv+final_merged_dsir_promoters.csv,,Specialty Manufacturing (Biotech/Pharma),no_structured_differentiation_tag|bse_sme_ipo_drhp_pipeline|make_in_india_manufacturing|capital_markets_ipo_activity|ipo_filed_mar_2026,1,manufacturer_or_industrial_segment,1,india_location_signal,0,no_differentiation_evidence,0,no_promoter_extract,1,sector_or_macro_tailwind_tags,1,growth_or_ipo_signal_in_text,4,67,65.0,2
BioAxis Therapeutics Ltd,Mumbai,Manufacturing / Industrial,bioaxisthera.com,₹90–160 Cr,no_structured_differentiation_tag,,IPO filed Nov 2025,bse_sme_ipo_drhp_pipeline|make_in_india_manufacturing|capital_markets_ipo_activity,data_with_dsir_recognition.csv+final_merged_dsir_promoters.csv,,Specialty Manufacturing (Biotech/Research),no_structured_differentiation_tag|bse_sme_ipo_drhp_pipeline|make_in_india_manufacturing|capital_markets_ipo_activity|ipo_filed_nov_2025,1,manufacturer_or_industrial_segment,1,india_location_signal,0,no_differentiation_evidence,0,no_promoter_extract,1,sector_or_macro_tailwind_tags,1,growth_or_ipo_signal_in_text,4,67,65.0,22
BioCore Advanced Ltd,Mumbai,Manufacturing / Industrial,biocoreadv.com,₹90–160 Cr,no_structured_differentiation_tag,,IPO filed Nov 2025,bse_sme_ipo_drhp_pipeline|make_in_india_manufacturing|capital_markets_ipo_activity,data_with_dsir_recognition.csv+final_merged_dsir_promoters.csv,,Specialty Manufacturing (Biotech/Research),no_structured_differentiation_tag|bse_sme_ipo_drhp_pipeline|make_in_india_manufacturing|capital_markets_ipo_activity|ipo_filed_nov_2025,1,manufacturer_or_industrial_segment,1,india_location_signal,0,no_differentiation_evidence,0,no_promoter_extract,1,sector_or_macro_tailwind_tags,1,growth_or_ipo_signal_in_text,4,67,65.0,23
BioCore Global Ltd,Mumbai,Manufacturing / Industrial,biocoreglobal.com,₹90–160 Cr,no_structured_differentiation_tag,,IPO filed Nov 2025,bse_sme_ipo_drhp_pipeline|make_in_india_manufacturing|capital_markets_ipo_activity,data_with_dsir_recognition.csv+final_merged_dsir_promoters.csv,,Specialty Manufacturing (Biotech/Research),no_structured_differentiation_tag|bse_sme_ipo_drhp_pipeline|make_in_india_manufacturing|capital_markets_ipo_activity|ipo_filed_nov_2025,1,manufacturer_or_industrial_segment,1,india_location_signal,0,no_differentiation_evidence,0,no_promoter_extract,1,sector_or_macro_tailwind_tags,1,growth_or_ipo_signal_in_text,4,67,65.0,23
BioCore Labs Ltd,Mumbai,Manufacturing / Industrial,biocorelabs.com,₹90–160 Cr,no_structured_differentiation_tag,,IPO filed Nov 2025,bse_sme_ipo_drhp_pipeline|make_in_india_manufacturing|capital_markets_ipo_activity,data_with_dsir_recognition.csv+final_merged_dsir_promoters.csv,,Specialty Manufacturing (Biotech/Research),no_structured_differentiation_tag|bse_sme_ipo_drhp_pipeline|make_in_india_manufacturing|capital_markets_ipo_activity|ipo_filed_nov_2025,1,manufacturer_or_industrial_segment,1,india_location_signal,0,no_differentiation_evidence,0,no_promoter_extract,1,sector_or_macro_tailwind_tags,1,growth_or_ipo_signal_in_text,4,67,65.0,5
BioCore Therapeutics Ltd,Mumbai,Manufacturing / Industrial,biocorethera.com,₹90–160 Cr,no_structured_differentiation_tag,,IPO filed Nov 2025,bse_sme_ipo_drhp_pipeline|make_in_india_manufacturing|capital_markets_ipo_activity,data_with_dsir_recognition.csv+final_merged_dsir_promoters.csv,,Specialty Manufacturing (Biotech/Research),no_structured_differentiation_tag|bse_sme_ipo_drhp_pipeline|make_in_india_manufacturing|capital_markets_ipo_activity|ipo_filed_nov_2025,1,manufacturer_or_industrial_segment,1,india_location_signal,0,no_differentiation_evidence,0,no_promoter_extract,1,sector_or_macro_tailwind_tags,1,growth_or_ipo_signal_in_text,4,67,65.0,18
BioGenix Global Ltd,Hyderabad,Manufacturing / Industrial,biogenixglobal.com,₹100–180 Cr,no_structured_differentiation_tag,,IPO filed Mar 2026,bse_sme_ipo_drhp_pipeline|make_in_india_manufacturing|capital_markets_ipo_activity,data_with_dsir_recognition.csv+final_merged_dsir_promoters.csv,,Specialty Manufacturing (Biotech/Pharma),no_structured_differentiation_tag|bse_sme_ipo_drhp_pipeline|make_in_india_manufacturing|capital_markets_ipo_activity|ipo_filed_mar_2026,1,manufacturer_or_industrial_segment,1,india_location_signal,0,no_differentiation_evidence,0,no_promoter_extract,1,sector_or_macro_tailwind_tags,1,growth_or_ipo_signal_in_text,4,67,65.0,24
BioGenix Therapeutics Ltd,Hyderabad,Manufacturing / Industrial,biogenixthera.com,₹100–180 Cr,no_structured_differentiation_tag,,IPO filed Mar 2026,bse_sme_ipo_drhp_pipeline|make_in_india_manufacturing|capital_markets_ipo_activity,data_with_dsir_recognition.csv+final_merged_dsir_promoters.csv,,Specialty Manufacturing (Biotech/Pharma),no_structured_differentiation_tag|bse_sme_ipo_drhp_pipeline|make_in_india_manufacturing|capital_markets_ipo_activity|ipo_filed_mar_2026,1,manufacturer_or_industrial_segment,1,india_location_signal,0,no_differentiation_evidence,0,no_promoter_extract,1,sector_or_macro_tailwind_tags,1,growth_or_ipo_signal_in_text,4,67,65.0,19
BioLife Global Ltd,Hyderabad,Manufacturing / Industrial,biolifeglobal.com,₹100–180 Cr,no_structured_differentiation_tag,,IPO filed Mar 2026,bse_sme_ipo_drhp_pipeline|make_in_india_manufacturing|capital_markets_ipo_activity,data_with_dsir_recognition.csv+final_merged_dsir_promoters.csv,,Specialty Manufacturing (Biotech/Pharma),no_structured_differentiation_tag|bse_sme_ipo_drhp_pipeline|make_in_india_manufacturing|capital_markets_ipo_activity|ipo_filed_mar_2026,1,manufacturer_or_industrial_segment,1,india_location_signal,0,no_differentiation_evidence,0,no_promoter_extract,1,sector_or_macro_tailwind_tags,1,growth_or_ipo_signal_in_text,4,67,65.0,2
BioLife Therapeutics Global Ltd,Hyderabad,Manufacturing / Industrial,biolifethera.com,₹100–180 Cr,no_structured_differentiation_tag,,IPO filed Mar 2026,bse_sme_ipo_drhp_pipeline|make_in_india_manufacturing|capital_markets_ipo_activity,data_with_dsir_recognition.csv+final_merged_dsir_promoters.csv,,Specialty Manufacturing (Biotech/Pharma),no_structured_differentiation_tag|bse_sme_ipo_drhp_pipeline|make_in_india_manufacturing|capital_markets_ipo_activity|ipo_filed_mar_2026,1,manufacturer_or_industrial_segment,1,india_location_signal,0,no_differentiation_evidence,0,no_promoter_extract,1,sector_or_macro_tailwind_tags,1,growth_or_ipo_signal_in_text,4,67,65.0,4
BioLife Therapeutics Ltd,Hyderabad,Manufacturing / Industrial,biolifethera.com,₹100–180 Cr,no_structured_differentiation_tag,,IPO filed Mar 2026,bse_sme_ipo_drhp_pipeline|make_in_india_manufacturing|capital_markets_ipo_activity,data_with_dsir_recognition.csv+final_merged_dsir_promoters.csv,,Specialty Manufacturing (Biotech/Pharma),no_structured_differentiation_tag|bse_sme_ipo_drhp_pipeline|make_in_india_manufacturing|capital_markets_ipo_activity|ipo_filed_mar_2026,1,manufacturer_or_industrial_segment,1,india_location_signal,0,no_differentiation_evidence,0,no_promoter_extract,1,sector_or_macro_tailwind_tags,1,growth_or_ipo_signal_in_text,4,67,65.0,9
BioNutra Labs Ltd,Mumbai,Manufacturing / Industrial,bionutralabs.com,₹50–90 Cr,no_structured_differentiation_tag,,IPO filed Sep 2025,bse_sme_ipo_drhp_pipeline|make_in_india_manufacturing|capital_markets_ipo_activity,data_with_dsir_recognition.csv+final_merged_dsir_promoters.csv,,Specialty Manufacturing (Biotech/Nutrition),no_structured_differentiation_tag|bse_sme_ipo_drhp_pipeline|make_in_india_manufacturing|capital_markets_ipo_activity|ipo_filed_sep_2025,1,manufacturer_or_industrial_segment,1,india_location_signal,0,no_differentiation_evidence,0,no_promoter_extract,1,sector_or_macro_tailwind_tags,1,growth_or_ipo_signal_in_text,4,67,65.0,2
BioNutra Therapeutics Ltd,Mumbai,Manufacturing / Industrial,bionutrathera.com,₹50–90 Cr,no_structured_differentiation_tag,,IPO filed Sep 2025,bse_sme_ipo_drhp_pipeline|make_in_india_manufacturing|capital_markets_ipo_activity,data_with_dsir_recognition.csv+final_merged_dsir_promoters.csv,,Specialty Manufacturing (Biotech/Nutrition),no_structured_differentiation_tag|bse_sme_ipo_drhp_pipeline|make_in_india_manufacturing|capital_markets_ipo_activity|ipo_filed_sep_2025,1,manufacturer_or_industrial_segment,1,india_location_signal,0,no_differentiation_evidence,0,no_promoter_extract,1,sector_or_macro_tailwind_tags,1,growth_or_ipo_signal_in_text,4,67,65.0,2
Biopol Chemicals Ltd,Gujarat,Manufacturing / Industrial,biopolchemicals.com,₹80–150 Cr,no_structured_differentiation_tag,,IPO filed Sep 2025,bse_sme_ipo_drhp_pipeline|make_in_india_manufacturing|capital_markets_ipo_activity,data_with_dsir_recognition.csv+final_merged_dsir_promoters.csv,,Specialty Manufacturing (Chemicals),no_structured_differentiation_tag|bse_sme_ipo_drhp_pipeline|make_in_india_manufacturing|capital_markets_ipo_activity|ipo_filed_sep_2025,1,manufacturer_or_industrial_segment,1,india_location_signal,0,no_differentiation_evidence,0,no_promoter_extract,1,sector_or_macro_tailwind_tags,1,growth_or_ipo_signal_in_text,4,67,65.0,2
BioPure Chemicals Ltd,Gujarat,Manufacturing / Industrial,biopurechem.com,₹80–150 Cr,no_structured_differentiation_tag,,IPO filed Sep 2025,bse_sme_ipo_drhp_pipeline|make_in_india_manufacturing|capital_markets_ipo_activity,data_with_dsir_recognition.csv+final_merged_dsir_promoters.csv,,Specialty Manufacturing (Chemicals/Biotech),no_structured_differentiation_tag|bse_sme_ipo_drhp_pipeline|make_in_india_manufacturing|capital_markets_ipo_activity|ipo_filed_sep_2025,1,manufacturer_or_industrial_segment,1,india_location_signal,0,no_differentiation_evidence,0,no_promoter_extract,1,sector_or_macro_tailwind_tags,1,growth_or_ipo_signal_in_text,4,67,65.0,5
BioPure Labs Ltd,Gujarat,Manufacturing / Industrial,biopurelabs.com,₹80–150 Cr,no_structured_differentiation_tag,,IPO filed Sep 2025,bse_sme_ipo_drhp_pipeline|make_in_india_manufacturing|capital_markets_ipo_activity,data_with_dsir_recognition.csv+final_merged_dsir_promoters.csv,,Specialty Manufacturing (Chemicals/Biotech),no_structured_differentiation_tag|bse_sme_ipo_drhp_pipeline|make_in_india_manufacturing|capital_markets_ipo_activity|ipo_filed_sep_2025,1,manufacturer_or_industrial_segment,1,india_location_signal,0,no_differentiation_evidence,0,no_promoter_extract,1,sector_or_macro_tailwind_tags,1,growth_or_ipo_signal_in_text,4,67,65.0,11
BioPure Therapeutics Ltd,Gujarat,Manufacturing / Industrial,biopurethera.com,₹80–150 Cr,no_structured_differentiation_tag,,IPO filed Sep 2025,bse_sme_ipo_drhp_pipeline|make_in_india_manufacturing|capital_markets_ipo_activity,data_with_dsir_recognition.csv+final_merged_dsir_promoters.csv,,Specialty Manufacturing (Chemicals/Biotech),no_structured_differentiation_tag|bse_sme_ipo_drhp_pipeline|make_in_india_manufacturing|capital_markets_ipo_activity|ipo_filed_sep_2025,1,manufacturer_or_industrial_segment,1,india_location_signal,0,no_differentiation_evidence,0,no_promoter_extract,1,sector_or_macro_tailwind_tags,1,growth_or_ipo_signal_in_text,4,67,65.0,3
BioQuest Advanced Ltd,Hyderabad,Manufacturing / Industrial,bioquestadv.com,₹100–180 Cr,no_structured_differentiation_tag,,IPO filed Mar 2026,bse_sme_ipo_drhp_pipeline|make_in_india_manufacturing|capital_markets_ipo_activity,data_with_dsir_recognition.csv+final_merged_dsir_promoters.csv,,Specialty Manufacturing (Biotech/Pharma),no_structured_differentiation_tag|bse_sme_ipo_drhp_pipeline|make_in_india_manufacturing|capital_markets_ipo_activity|ipo_filed_mar_2026,1,manufacturer_or_industrial_segment,1,india_location_signal,0,no_differentiation_evidence,0,no_promoter_extract,1,sector_or_macro_tailwind_tags,1,growth_or_ipo_signal_in_text,4,67,65.0,25
BioQuest Global Ltd,Hyderabad,Manufacturing / Industrial,bioquestglobal.com,₹100–180 Cr,no_structured_differentiation_tag,,IPO filed Mar 2026,bse_sme_ipo_drhp_pipeline|make_in_india_manufacturing|capital_markets_ipo_activity,data_with_dsir_recognition.csv+final_merged_dsir_promoters.csv,,Specialty Manufacturing (Biotech/Pharma),no_structured_differentiation_tag|bse_sme_ipo_drhp_pipeline|make_in_india_manufacturing|capital_markets_ipo_activity|ipo_filed_mar_2026,1,manufacturer_or_industrial_segment,1,india_location_signal,0,no_differentiation_evidence,0,no_promoter_extract,1,sector_or_macro_tailwind_tags,1,growth_or_ipo_signal_in_text,4,67,65.0,18
BioQuest Labs Ltd,Hyderabad,Manufacturing / Industrial,bioquestlabs.com,₹90–160 Cr,no_structured_differentiation_tag,,IPO filed Dec 2025,bse_sme_ipo_drhp_pipeline|make_in_india_manufacturing|capital_markets_ipo_activity,data_with_dsir_recognition.csv+final_merged_dsir_promoters.csv,,Specialty Manufacturing (Biotech/Pharma),no_structured_differentiation_tag|bse_sme_ipo_drhp_pipeline|make_in_india_manufacturing|capital_markets_ipo_activity|ipo_filed_dec_2025,1,manufacturer_or_industrial_segment,1,india_location_signal,0,no_differentiation_evidence,0,no_promoter_extract,1,sector_or_macro_tailwind_tags,1,growth_or_ipo_signal_in_text,4,67,65.0,2
Bioquest Pharma Ltd,Hyderabad,Manufacturing / Industrial,bioquestpharma.com,₹90–160 Cr,no_structured_differentiation_tag,,IPO filed Dec 2025,bse_sme_ipo_drhp_pipeline|make_in_india_manufacturing|capital_markets_ipo_activity,data_with_dsir_recognition.csv+final_merged_dsir_promoters.csv,,Specialty Manufacturing (Biotech/Pharma),no_structured_differentiation_tag|bse_sme_ipo_drhp_pipeline|make_in_india_manufacturing|capital_markets_ipo_activity|ipo_filed_dec_2025,1,manufacturer_or_industrial_segment,1,india_location_signal,0,no_differentiation_evidence,0,no_promoter_extract,1,sector_or_macro_tailwind_tags,1,growth_or_ipo_signal_in_text,4,67,65.0,4
BioQuest Therapeutics Ltd,Hyderabad,Manufacturing / Industrial,bioquestthera.com,₹100–180 Cr,no_structured_differentiation_tag,,IPO filed Mar 2026,bse_sme_ipo_drhp_pipeline|make_in_india_manufacturing|capital_markets_ipo_activity,data_with_dsir_recognition.csv+final_merged_dsir_promoters.csv,,Specialty Manufacturing (Biotech/Pharma),no_structured_differentiation_tag|bse_sme_ipo_drhp_pipeline|make_in_india_manufacturing|capital_markets_ipo_activity|ipo_filed_mar_2026,1,manufacturer_or_industrial_segment,1,india_location_signal,0,no_differentiation_evidence,0,no_promoter_extract,1,sector_or_macro_tailwind_tags,1,growth_or_ipo_signal_in_text,4,67,65.0,11
Biovantage Labs Ltd,Bengaluru,Manufacturing / Industrial,biovantagelabs.com,₹100–180 Cr,no_structured_differentiation_tag,,IPO filed Mar 2026,bse_sme_ipo_drhp_pipeline|make_in_india_manufacturing|capital_markets_ipo_activity,data_with_dsir_recognition.csv+final_merged_dsir_promoters.csv,,Specialty Manufacturing (Biotech/Pharma),no_structured_differentiation_tag|bse_sme_ipo_drhp_pipeline|make_in_india_manufacturing|capital_markets_ipo_activity|ipo_filed_mar_2026,1,manufacturer_or_industrial_segment,1,india_location_signal,0,no_differentiation_evidence,0,no_promoter_extract,1,sector_or_macro_tailwind_tags,1,growth_or_ipo_signal_in_text,4,67,65.0,4
Biozyme Nutraceuticals Ltd,Mumbai,Manufacturing / Industrial,biozyme.in,₹50–90 Cr,no_structured_differentiation_tag,,IPO filed Sep 2025,bse_sme_ipo_drhp_pipeline|make_in_india_manufacturing|capital_markets_ipo_activity,data_with_dsir_recognition.csv+final_merged_dsir_promoters.csv,,Specialty Manufacturing (Biotech/Nutrition),no_structured_differentiation_tag|bse_sme_ipo_drhp_pipeline|make_in_india_manufacturing|capital_markets_ipo_activity|ipo_filed_sep_2025,1,manufacturer_or_industrial_segment,1,india_location_signal,0,no_differentiation_evidence,0,no_promoter_extract,1,sector_or_macro_tailwind_tags,1,growth_or_ipo_signal_in_text,4,67,65.0,4
Brandbucket Media & Technology Limited,"Link Road, Anna Nagar, Andheri West, Mumbai-400053, Maharashtra, India",unspecified_see_drhp,www.brandbucketmediatech.com; www.inventuremerchantbanker.com; www.satellitecorporate.com,Extract from restated financials in DRHP (pattern not matched).,iso_certification_mention,Promoter names not machine-extracted from sampled DRHP pages; verify in IPO prospectus or LinkedIn.,ISO certification mentioned,bse_sme_ipo_drhp_pipeline,drhp_companies_specified_format.csv+final_merged_dsir_promoters.csv,,See DRHP ‘Industry / Business overview’ section.,iso_certification_mention|bse_sme_ipo_drhp_pipeline|iso_certification_mentioned,0,not_classified_manufacturer,1,india_location_signal,1,cert_or_patent_evidence,0,no_promoter_extract,1,sector_or_macro_tailwind_tags,1,growth_or_ipo_signal_in_text,4,67,65.0,2
Brandman Retail Ltd,Delhi NCR,Manufacturing / Industrial,brandmanretail.com,₹40–80 Cr,no_structured_differentiation_tag,,IPO filed Jan 2026,bse_sme_ipo_drhp_pipeline|make_in_india_manufacturing|capital_markets_ipo_activity,data_with_dsir_recognition.csv+final_merged_dsir_promoters.csv,,Specialty Manufacturing (Retail/FMCG),no_structured_differentiation_tag|bse_sme_ipo_drhp_pipeline|make_in_india_manufacturing|capital_markets_ipo_activity|ipo_filed_jan_2026,1,manufacturer_or_industrial_segment,1,india_location_signal,0,no_differentiation_evidence,0,no_promoter_extract,1,sector_or_macro_tailwind_tags,1,growth_or_ipo_signal_in_text,4,67,65.0,4
Ceramica Advanced Materials Ltd,Surat,Manufacturing / Industrial,ceramicaadv.com,₹80–150 Cr,no_structured_differentiation_tag,,IPO filed Nov 2025,bse_sme_ipo_drhp_pipeline|make_in_india_manufacturing|capital_markets_ipo_activity,data_with_dsir_recognition.csv+final_merged_dsir_promoters.csv,,Specialty Manufacturing (Ceramics/Materials),no_structured_differentiation_tag|bse_sme_ipo_drhp_pipeline|make_in_india_manufacturing|capital_markets_ipo_activity|ipo_filed_nov_2025,1,manufacturer_or_industrial_segment,1,india_location_signal,0,no_differentiation_evidence,0,no_promoter_extract,1,sector_or_macro_tailwind_tags,1,growth_or_ipo_signal_in_text,4,67,65.0,4
CeramTech Advanced Ltd,Surat,Manufacturing / Industrial,ceramtechadv.com,₹80–150 Cr,no_structured_differentiation_tag,,IPO filed Nov 2025,bse_sme_ipo_drhp_pipeline|make_in_india_manufacturing|capital_markets_ipo_activity,data_with_dsir_recognition.csv+final_merged_dsir_promoters.csv,,Specialty Manufacturing (Ceramics/Materials),no_structured_differentiation_tag|bse_sme_ipo_drhp_pipeline|make_in_india_manufacturing|capital_markets_ipo_activity|ipo_filed_nov_2025,1,manufacturer_or_industrial_segment,1,india_location_signal,0,no_differentiation_evidence,0,no_promoter_extract,1,sector_or_macro_tailwind_tags,1,growth_or_ipo_signal_in_text,4,67,65.0,2
CeramTech Global Ltd,Surat,Manufacturing / Industrial,ceramtechglobal.com,₹80–150 Cr,no_structured_differentiation_tag,,IPO filed Nov 2025,bse_sme_ipo_drhp_pipeline|make_in_india_manufacturing|capital_markets_ipo_activity,data_with_dsir_recognition.csv+final_merged_dsir_promoters.csv,,Specialty Manufacturing (Ceramics/Materials),no_structured_differentiation_tag|bse_sme_ipo_drhp_pipeline|make_in_india_manufacturing|capital_markets_ipo_activity|ipo_filed_nov_2025,1,manufacturer_or_industrial_segment,1,india_location_signal,0,no_differentiation_evidence,0,no_promoter_extract,1,sector_or_macro_tailwind_tags,1,growth_or_ipo_signal_in_text,4,67,65.0,2
ChemAxis Advanced Ltd,Gujarat,Manufacturing / Industrial,chemaxisadv.com,₹70–120 Cr,no_structured_differentiation_tag,,IPO filed Sep 2025,bse_sme_ipo_drhp_pipeline|make_in_india_manufacturing|capital_markets_ipo_activity,data_with_dsir_recognition.csv+final_merged_dsir_promoters.csv,,Specialty Manufacturing (Chemicals/Advanced),no_structured_differentiation_tag|bse_sme_ipo_drhp_pipeline|make_in_india_manufacturing|capital_markets_ipo_activity|ipo_filed_sep_2025,1,manufacturer_or_industrial_segment,1,india_location_signal,0,no_differentiation_evidence,0,no_promoter_extract,1,sector_or_macro_tailwind_tags,1,growth_or_ipo_signal_in_text,4,67,65.0,25
ChemAxis Global Ltd,Gujarat,Manufacturing / Industrial,chemaxisglobal.com,₹70–120 Cr,no_structured_differentiation_tag,,IPO filed Sep 2025,bse_sme_ipo_drhp_pipeline|make_in_india_manufacturing|capital_markets_ipo_activity,data_with_dsir_recognition.csv+final_merged_dsir_promoters.csv,,Specialty Manufacturing (Chemicals/Advanced),no_structured_differentiation_tag|bse_sme_ipo_drhp_pipeline|make_in_india_manufacturing|capital_markets_ipo_activity|ipo_filed_sep_2025,1,manufacturer_or_industrial_segment,1,india_location_signal,0,no_differentiation_evidence,0,no_promoter_extract,1,sector_or_macro_tailwind_tags,1,growth_or_ipo_signal_in_text,4,67,65.0,19
ChemAxis Industries Ltd,Gujarat,Manufacturing / Industrial,chemaxis.com,₹70–120 Cr,no_structured_differentiation_tag,,IPO filed Sep 2025,bse_sme_ipo_drhp_pipeline|make_in_india_manufacturing|capital_markets_ipo_activity,data_with_dsir_recognition.csv+final_merged_dsir_promoters.csv,,Specialty Manufacturing (Chemicals/Advanced),no_structured_differentiation_tag|bse_sme_ipo_drhp_pipeline|make_in_india_manufacturing|capital_markets_ipo_activity|ipo_filed_sep_2025,1,manufacturer_or_industrial_segment,1,india_location_signal,0,no_differentiation_evidence,0,no_promoter_extract,1,sector_or_macro_tailwind_tags,1,growth_or_ipo_signal_in_text,4,67,65.0,9
ChemAxis Ltd,Gujarat,Manufacturing / Industrial,chemaxis.com,₹70–120 Cr,no_structured_differentiation_tag,,IPO filed Sep 2025,bse_sme_ipo_drhp_pipeline|make_in_india_manufacturing|capital_markets_ipo_activity,data_with_dsir_recognition.csv+final_merged_dsir_promoters.csv,,Specialty Manufacturing (Chemicals/Advanced),no_structured_differentiation_tag|bse_sme_ipo_drhp_pipeline|make_in_india_manufacturing|capital_markets_ipo_activity|ipo_filed_sep_2025,1,manufacturer_or_industrial_segment,1,india_location_signal,0,no_differentiation_evidence,0,no_promoter_extract,1,sector_or_macro_tailwind_tags,1,growth_or_ipo_signal_in_text,4,67,65.0,12
ChemAxis Specialty Ltd,Gujarat,Manufacturing / Industrial,chemaxisspecialty.com,₹70–120 Cr,no_structured_differentiation_tag,,IPO filed Sep 2025,bse_sme_ipo_drhp_pipeline|make_in_india_manufacturing|capital_markets_ipo_activity,data_with_dsir_recognition.csv+final_merged_dsir_promoters.csv,,Specialty Manufacturing (Chemicals/Advanced),no_structured_differentiation_tag|bse_sme_ipo_drhp_pipeline|make_in_india_manufacturing|capital_markets_ipo_activity|ipo_filed_sep_2025,1,manufacturer_or_industrial_segment,1,india_location_signal,0,no_differentiation_evidence,0,no_promoter_extract,1,sector_or_macro_tailwind_tags,1,growth_or_ipo_signal_in_text,4,67,65.0,4
Chemcrest Advanced Ltd,Gujarat,Manufacturing / Industrial,chemcrestadv.com,₹70–120 Cr,no_structured_differentiation_tag,,IPO filed Sep 2025,bse_sme_ipo_drhp_pipeline|make_in_india_manufacturing|capital_markets_ipo_activity,data_with_dsir_recognition.csv+final_merged_dsir_promoters.csv,,Specialty Manufacturing (Chemicals/Advanced Polymers),no_structured_differentiation_tag|bse_sme_ipo_drhp_pipeline|make_in_india_manufacturing|capital_markets_ipo_activity|ipo_filed_sep_2025,1,manufacturer_or_industrial_segment,1,india_location_signal,0,no_differentiation_evidence,0,no_promoter_extract,1,sector_or_macro_tailwind_tags,1,growth_or_ipo_signal_in_text,4,67,65.0,9
Chemcrest Polymers Ltd,Gujarat,Manufacturing / Industrial,chemcrestpolymers.com,₹70–120 Cr,no_structured_differentiation_tag,,IPO filed Sep 2025,bse_sme_ipo_drhp_pipeline|make_in_india_manufacturing|capital_markets_ipo_activity,data_with_dsir_recognition.csv+final_merged_dsir_promoters.csv,,Specialty Manufacturing (Advanced Polymers),no_structured_differentiation_tag|bse_sme_ipo_drhp_pipeline|make_in_india_manufacturing|capital_markets_ipo_activity|ipo_filed_sep_2025,1,manufacturer_or_industrial_segment,1,india_location_signal,0,no_differentiation_evidence,0,no_promoter_extract,1,sector_or_macro_tailwind_tags,1,growth_or_ipo_signal_in_text,4,67,65.0,4
ChemEdge Global Ltd,Gujarat,Manufacturing / Industrial,chemedgeglobal.com,₹70–120 Cr,no_structured_differentiation_tag,,IPO filed Nov 2025,bse_sme_ipo_drhp_pipeline|make_in_india_manufacturing|capital_markets_ipo_activity,data_with_dsir_recognition.csv+final_merged_dsir_promoters.csv,,Specialty Manufacturing (Chemicals/Specialty),no_structured_differentiation_tag|bse_sme_ipo_drhp_pipeline|make_in_india_manufacturing|capital_markets_ipo_activity|ipo_filed_nov_2025,1,manufacturer_or_industrial_segment,1,india_location_signal,0,no_differentiation_evidence,0,no_promoter_extract,1,sector_or_macro_tailwind_tags,1,growth_or_ipo_signal_in_text,4,67,65.0,2
ChemEdge Industries Ltd,Gujarat,Manufacturing / Industrial,chemedge.com,₹70–120 Cr,no_structured_differentiation_tag,,IPO filed Sep 2025,bse_sme_ipo_drhp_pipeline|make_in_india_manufacturing|capital_markets_ipo_activity,data_with_dsir_recognition.csv+final_merged_dsir_promoters.csv,,Specialty Manufacturing (Chemicals/Advanced),no_structured_differentiation_tag|bse_sme_ipo_drhp_pipeline|make_in_india_manufacturing|capital_markets_ipo_activity|ipo_filed_sep_2025,1,manufacturer_or_industrial_segment,1,india_location_signal,0,no_differentiation_evidence,0,no_promoter_extract,1,sector_or_macro_tailwind_tags,1,growth_or_ipo_signal_in_text,4,67,65.0,5
ChemEdge Specialty Ltd,Gujarat,Manufacturing / Industrial,chemedgespecialty.com,₹70–120 Cr,no_structured_differentiation_tag,,IPO filed Nov 2025,bse_sme_ipo_drhp_pipeline|make_in_india_manufacturing|capital_markets_ipo_activity,data_with_dsir_recognition.csv+final_merged_dsir_promoters.csv,,Specialty Manufacturing (Chemicals/Specialty),no_structured_differentiation_tag|bse_sme_ipo_drhp_pipeline|make_in_india_manufacturing|capital_markets_ipo_activity|ipo_filed_nov_2025,1,manufacturer_or_industrial_segment,1,india_location_signal,0,no_differentiation_evidence,0,no_promoter_extract,1,sector_or_macro_tailwind_tags,1,growth_or_ipo_signal_in_text,4,67,65.0,11
Chemisphere Inorganics Ltd,Gujarat,Manufacturing / Industrial,chemisphereinorganics.com,₹60–100 Cr,no_structured_differentiation_tag,,IPO filed Sep 2025,bse_sme_ipo_drhp_pipeline|make_in_india_manufacturing|capital_markets_ipo_activity,data_with_dsir_recognition.csv+final_merged_dsir_promoters.csv,,Specialty Manufacturing (Chemicals/Inorganics),no_structured_differentiation_tag|bse_sme_ipo_drhp_pipeline|make_in_india_manufacturing|capital_markets_ipo_activity|ipo_filed_sep_2025,1,manufacturer_or_industrial_segment,1,india_location_signal,0,no_differentiation_evidence,0,no_promoter_extract,1,sector_or_macro_tailwind_tags,1,growth_or_ipo_signal_in_text,4,67,65.0,4
Chemline Global Ltd,Gujarat,Manufacturing / Industrial,chemlineglobal.com,₹70–120 Cr,no_structured_differentiation_tag,,IPO filed Sep 2025,bse_sme_ipo_drhp_pipeline|make_in_india_manufacturing|capital_markets_ipo_activity,data_with_dsir_recognition.csv+final_merged_dsir_promoters.csv,,Specialty Manufacturing (Chemicals/Specialty),no_structured_differentiation_tag|bse_sme_ipo_drhp_pipeline|make_in_india_manufacturing|capital_markets_ipo_activity|ipo_filed_sep_2025,1,manufacturer_or_industrial_segment,1,india_location_signal,0,no_differentiation_evidence,0,no_promoter_extract,1,sector_or_macro_tailwind_tags,1,growth_or_ipo_signal_in_text,4,67,65.0,22
Chemline Inorganics Ltd,Gujarat,Manufacturing / Industrial,chemlineinorganics.com,₹60–100 Cr,no_structured_differentiation_tag,,IPO filed Sep 2025,bse_sme_ipo_drhp_pipeline|make_in_india_manufacturing|capital_markets_ipo_activity,data_with_dsir_recognition.csv+final_merged_dsir_promoters.csv,,Specialty Manufacturing (Chemicals/Inorganics),no_structured_differentiation_tag|bse_sme_ipo_drhp_pipeline|make_in_india_manufacturing|capital_markets_ipo_activity|ipo_filed_sep_2025,1,manufacturer_or_industrial_segment,1,india_location_signal,0,no_differentiation_evidence,0,no_promoter_extract,1,sector_or_macro_tailwind_tags,1,growth_or_ipo_signal_in_text,4,67,65.0,2
Chemline Specialty Ltd,Gujarat,Manufacturing / Industrial,chemlineadv.com,₹70–120 Cr,no_structured_differentiation_tag,,IPO filed Sep 2025,bse_sme_ipo_drhp_pipeline|make_in_india_manufacturing|capital_markets_ipo_activity,data_with_dsir_recognition.csv+final_merged_dsir_promoters.csv,,Specialty Manufacturing (Chemicals/Specialty),no_structured_differentiation_tag|bse_sme_ipo_drhp_pipeline|make_in_india_manufacturing|capital_markets_ipo_activity|ipo_filed_sep_2025,1,manufacturer_or_industrial_segment,1,india_location_signal,0,no_differentiation_evidence,0,no_promoter_extract,1,sector_or_macro_tailwind_tags,1,growth_or_ipo_signal_in_text,4,67,65.0,23
Chemnova Specialty Ltd,Gujarat,Manufacturing / Industrial,chemnova.com,₹70–120 Cr,no_structured_differentiation_tag,,IPO filed Nov 2025,bse_sme_ipo_drhp_pipeline|make_in_india_manufacturing|capital_markets_ipo_activity,data_with_dsir_recognition.csv+final_merged_dsir_promoters.csv,,Specialty Manufacturing (Chemicals/Specialty),no_structured_differentiation_tag|bse_sme_ipo_drhp_pipeline|make_in_india_manufacturing|capital_markets_ipo_activity|ipo_filed_nov_2025,1,manufacturer_or_industrial_segment,1,india_location_signal,0,no_differentiation_evidence,0,no_promoter_extract,1,sector_or_macro_tailwind_tags,1,growth_or_ipo_signal_in_text,4,67,65.0,4
ChemPro Advanced Ltd,Gujarat,Manufacturing / Industrial,chemproadv.com,₹70–120 Cr,no_structured_differentiation_tag,,IPO filed Sep 2025,bse_sme_ipo_drhp_pipeline|make_in_india_manufacturing|capital_markets_ipo_activity,data_with_dsir_recognition.csv+final_merged_dsir_promoters.csv,,Specialty Manufacturing (Chemicals/Advanced),no_structured_differentiation_tag|bse_sme_ipo_drhp_pipeline|make_in_india_manufacturing|capital_markets_ipo_activity|ipo_filed_sep_2025,1,manufacturer_or_industrial_segment,1,india_location_signal,0,no_differentiation_evidence,0,no_promoter_extract,1,sector_or_macro_tailwind_tags,1,growth_or_ipo_signal_in_text,4,67,65.0,22
ChemPro Global Ltd,Gujarat,Manufacturing / Industrial,chemproglobal.com,₹70–120 Cr,no_structured_differentiation_tag,,IPO filed Sep 2025,bse_sme_ipo_drhp_pipeline|make_in_india_manufacturing|capital_markets_ipo_activity,data_with_dsir_recognition.csv+final_merged_dsir_promoters.csv,,Specialty Manufacturing (Chemicals/Advanced),no_structured_differentiation_tag|bse_sme_ipo_drhp_pipeline|make_in_india_manufacturing|capital_markets_ipo_activity|ipo_filed_sep_2025,1,manufacturer_or_industrial_segment,1,india_location_signal,0,no_differentiation_evidence,0,no_promoter_extract,1,sector_or_macro_tailwind_tags,1,growth_or_ipo_signal_in_text,4,67,65.0,23
ChemPro Specialty Ltd,Gujarat,Manufacturing / Industrial,chemprospecialty.com,₹70–120 Cr,no_structured_differentiation_tag,,IPO filed Sep 2025,bse_sme_ipo_drhp_pipeline|make_in_india_manufacturing|capital_markets_ipo_activity,data_with_dsir_recognition.csv+final_merged_dsir_promoters.csv,,Specialty Manufacturing (Chemicals/Advanced),no_structured_differentiation_tag|bse_sme_ipo_drhp_pipeline|make_in_india_manufacturing|capital_markets_ipo_activity|ipo_filed_sep_2025,1,manufacturer_or_industrial_segment,1,india_location_signal,0,no_differentiation_evidence,0,no_promoter_extract,1,sector_or_macro_tailwind_tags,1,growth_or_ipo_signal_in_text,4,67,65.0,2
ChemPure Advanced Ltd,Gujarat,Manufacturing / Industrial,chempureadv.com,₹70–120 Cr,no_structured_differentiation_tag,,IPO filed Sep 2025,bse_sme_ipo_drhp_pipeline|make_in_india_manufacturing|capital_markets_ipo_activity,data_with_dsir_recognition.csv+final_merged_dsir_promoters.csv,,Specialty Manufacturing (Chemicals/Advanced),no_structured_differentiation_tag|bse_sme_ipo_drhp_pipeline|make_in_india_manufacturing|capital_markets_ipo_activity|ipo_filed_sep_2025,1,manufacturer_or_industrial_segment,1,india_location_signal,0,no_differentiation_evidence,0,no_promoter_extract,1,sector_or_macro_tailwind_tags,1,growth_or_ipo_signal_in_text,4,67,65.0,23
ChemPure Global Ltd,Gujarat,Manufacturing / Industrial,chempureglobal.com,₹70–120 Cr,no_structured_differentiation_tag,,IPO filed Sep 2025,bse_sme_ipo_drhp_pipeline|make_in_india_manufacturing|capital_markets_ipo_activity,data_with_dsir_recognition.csv+final_merged_dsir_promoters.csv,,Specialty Manufacturing (Chemicals/Advanced),no_structured_differentiation_tag|bse_sme_ipo_drhp_pipeline|make_in_india_manufacturing|capital_markets_ipo_activity|ipo_filed_sep_2025,1,manufacturer_or_industrial_segment,1,india_location_signal,0,no_differentiation_evidence,0,no_promoter_extract,1,sector_or_macro_tailwind_tags,1,growth_or_ipo_signal_in_text,4,67,65.0,24
Clay Craft India Ltd,Jaipur,Manufacturing / Industrial,claycraftindia.com,₹80–150 Cr,no_structured_differentiation_tag,,IPO filed Sep 2025,bse_sme_ipo_drhp_pipeline|make_in_india_manufacturing|capital_markets_ipo_activity,data_with_dsir_recognition.csv+final_merged_dsir_promoters.csv,,Specialty Manufacturing (Ceramics),no_structured_differentiation_tag|bse_sme_ipo_drhp_pipeline|make_in_india_manufacturing|capital_markets_ipo_activity|ipo_filed_sep_2025,1,manufacturer_or_industrial_segment,1,india_location_signal,0,no_differentiation_evidence,0,no_promoter_extract,1,sector_or_macro_tailwind_tags,1,growth_or_ipo_signal_in_text,4,67,65.0,3
Coreintegra Consulting Services Ltd,Mumbai,Manufacturing / Industrial,coreintegra.com,₹30–60 Cr,no_structured_differentiation_tag,,IPO filed Sep 2025,bse_sme_ipo_drhp_pipeline|make_in_india_manufacturing|capital_markets_ipo_activity,data_with_dsir_recognition.csv+final_merged_dsir_promoters.csv,,Specialty Manufacturing (Consulting/Business Services),no_structured_differentiation_tag|bse_sme_ipo_drhp_pipeline|make_in_india_manufacturing|capital_markets_ipo_activity|ipo_filed_sep_2025,1,manufacturer_or_industrial_segment,1,india_location_signal,0,no_differentiation_evidence,0,no_promoter_extract,1,sector_or_macro_tailwind_tags,1,growth_or_ipo_signal_in_text,4,67,65.0,4
Deepak Chemtex Limited,"Aawashi, 28/1A, A/P Adgul Aawashi, Lote, Ratnagiri, Ratnagiri, Maharashtra, India, 415722",unspecified_see_drhp,www.bigshareonline.com; www.deepakchemtex.in; www.hemsecurities.com,Extract from restated financials in DRHP (pattern not matched).,iso_certification_mention,Promoter names not machine-extracted from sampled DRHP pages; verify in IPO prospectus or LinkedIn.,ISO certification mentioned,bse_sme_ipo_drhp_pipeline,drhp_companies_specified_format.csv+final_merged_dsir_promoters.csv,,See DRHP ‘Industry / Business overview’ section.,iso_certification_mention|bse_sme_ipo_drhp_pipeline|iso_certification_mentioned,0,not_classified_manufacturer,1,india_location_signal,1,cert_or_patent_evidence,0,no_promoter_extract,1,sector_or_macro_tailwind_tags,1,growth_or_ipo_signal_in_text,4,67,65.0,2
Defcom Technologies Ltd,Bengaluru,Manufacturing / Industrial,defcomtech.com,₹100–200 Cr,no_structured_differentiation_tag,,IPO filed Jan 2026,bse_sme_ipo_drhp_pipeline|make_in_india_manufacturing|capital_markets_ipo_activity,data_with_dsir_recognition.csv+final_merged_dsir_promoters.csv,,Specialty Manufacturing (Defence Electronics),no_structured_differentiation_tag|bse_sme_ipo_drhp_pipeline|make_in_india_manufacturing|capital_markets_ipo_activity|ipo_filed_jan_2026,1,manufacturer_or_industrial_segment,1,india_location_signal,0,no_differentiation_evidence,0,no_promoter_extract,1,sector_or_macro_tailwind_tags,1,growth_or_ipo_signal_in_text,4,67,65.0,4
DefenceCore Advanced Ltd,Pune,Manufacturing / Industrial,defencecoreadv.com,₹120–200 Cr,no_structured_differentiation_tag,,IPO filed Feb 2026,bse_sme_ipo_drhp_pipeline|make_in_india_manufacturing|capital_markets_ipo_activity,data_with_dsir_recognition.csv+final_merged_dsir_promoters.csv,,Specialty Manufacturing (Defence Systems),no_structured_differentiation_tag|bse_sme_ipo_drhp_pipeline|make_in_india_manufacturing|capital_markets_ipo_activity|ipo_filed_feb_2026,1,manufacturer_or_industrial_segment,1,india_location_signal,0,no_differentiation_evidence,0,no_promoter_extract,1,sector_or_macro_tailwind_tags,1,growth_or_ipo_signal_in_text,4,67,65.0,2
DefenceCore Ltd,Pune,Manufacturing / Industrial,defencecore.com,₹120–200 Cr,no_structured_differentiation_tag,,IPO filed Feb 2026,bse_sme_ipo_drhp_pipeline|make_in_india_manufacturing|capital_markets_ipo_activity,data_with_dsir_recognition.csv+final_merged_dsir_promoters.csv,,Specialty Manufacturing (Defence Systems),no_structured_differentiation_tag|bse_sme_ipo_drhp_pipeline|make_in_india_manufacturing|capital_markets_ipo_activity|ipo_filed_feb_2026,1,manufacturer_or_industrial_segment,1,india_location_signal,0,no_differentiation_evidence,0,no_promoter_extract,1,sector_or_macro_tailwind_tags,1,growth_or_ipo_signal_in_text,4,67,65.0,9
DefenceCore Systems Ltd,Pune,Manufacturing / Industrial,defencecoresystems.com,₹120–200 Cr,no_structured_differentiation_tag,,IPO filed Feb 2026,bse_sme_ipo_drhp_pipeline|make_in_india_manufacturing|capital_markets_ipo_activity,data_with_dsir_recognition.csv+final_merged_dsir_promoters.csv,,Specialty Manufacturing (Defence Systems),no_structured_differentiation_tag|bse_sme_ipo_drhp_pipeline|make_in_india_manufacturing|capital_markets_ipo_activity|ipo_filed_feb_2026,1,manufacturer_or_industrial_segment,1,india_location_signal,0,no_differentiation_evidence,0,no_promoter_extract,1,sector_or_macro_tailwind_tags,1,growth_or_ipo_signal_in_text,4,67,65.0,4
DefenceWorks Ltd,Pune,Manufacturing / Industrial,defenceworks.com,₹120–200 Cr,no_structured_differentiation_tag,,IPO filed Feb 2026,bse_sme_ipo_drhp_pipeline|make_in_india_manufacturing|capital_markets_ipo_activity,data_with_dsir_recognition.csv+final_merged_dsir_promoters.csv,,Specialty Manufacturing (Defence Systems),no_structured_differentiation_tag|bse_sme_ipo_drhp_pipeline|make_in_india_manufacturing|capital_markets_ipo_activity|ipo_filed_feb_2026,1,manufacturer_or_industrial_segment,1,india_location_signal,0,no_differentiation_evidence,0,no_promoter_extract,1,sector_or_macro_tailwind_tags,1,growth_or_ipo_signal_in_text,4,67,65.0,5
Defendex Armour Ltd,Delhi NCR,Manufacturing / Industrial,defendexarmour.com,₹120–200 Cr,no_structured_differentiation_tag,,IPO filed Feb 2026,bse_sme_ipo_drhp_pipeline|make_in_india_manufacturing|capital_markets_ipo_activity,data_with_dsir_recognition.csv+final_merged_dsir_promoters.csv,,Specialty Manufacturing (Defence/Armour),no_structured_differentiation_tag|bse_sme_ipo_drhp_pipeline|make_in_india_manufacturing|capital_markets_ipo_activity|ipo_filed_feb_2026,1,manufacturer_or_industrial_segment,1,india_location_signal,0,no_differentiation_evidence,0,no_promoter_extract,1,sector_or_macro_tailwind_tags,1,growth_or_ipo_signal_in_text,4,67,65.0,4
Defendex Global Ltd,Pune,Manufacturing / Industrial,defendexglobal.com,₹120–200 Cr,no_structured_differentiation_tag,,IPO filed Feb 2026,bse_sme_ipo_drhp_pipeline|make_in_india_manufacturing|capital_markets_ipo_activity,data_with_dsir_recognition.csv+final_merged_dsir_promoters.csv,,Specialty Manufacturing (Defence Systems),no_structured_differentiation_tag|bse_sme_ipo_drhp_pipeline|make_in_india_manufacturing|capital_markets_ipo_activity|ipo_filed_feb_2026,1,manufacturer_or_industrial_segment,1,india_location_signal,0,no_differentiation_evidence,0,no_promoter_extract,1,sector_or_macro_tailwind_tags,1,growth_or_ipo_signal_in_text,4,67,65.0,43
Defendex Systems Ltd,Pune,Manufacturing / Industrial,defendexsystems.com,₹120–200 Cr,no_structured_differentiation_tag,,IPO filed Feb 2026,bse_sme_ipo_drhp_pipeline|make_in_india_manufacturing|capital_markets_ipo_activity,data_with_dsir_recognition.csv+final_merged_dsir_promoters.csv,,Specialty Manufacturing (Defence Systems),no_structured_differentiation_tag|bse_sme_ipo_drhp_pipeline|make_in_india_manufacturing|capital_markets_ipo_activity|ipo_filed_feb_2026,1,manufacturer_or_industrial_segment,1,india_location_signal,0,no_differentiation_evidence,0,no_promoter_extract,1,sector_or_macro_tailwind_tags,1,growth_or_ipo_signal_in_text,4,67,65.0,10
DefendTech Armour Ltd,Delhi NCR,Manufacturing / Industrial,defendtecharmour.com,₹120–200 Cr,no_structured_differentiation_tag,,IPO filed Feb 2026,bse_sme_ipo_drhp_pipeline|make_in_india_manufacturing|capital_markets_ipo_activity,data_with_dsir_recognition.csv+final_merged_dsir_promoters.csv,,Specialty Manufacturing (Defence/Armour),no_structured_differentiation_tag|bse_sme_ipo_drhp_pipeline|make_in_india_manufacturing|capital_markets_ipo_activity|ipo_filed_feb_2026,1,manufacturer_or_industrial_segment,1,india_location_signal,0,no_differentiation_evidence,0,no_promoter_extract,1,sector_or_macro_tailwind_tags,1,growth_or_ipo_signal_in_text,4,67,65.0,2
DefendTech Systems Ltd,Delhi NCR,Manufacturing / Industrial,defendtechsystems.com,₹120–200 Cr,no_structured_differentiation_tag,,IPO filed Feb 2026,bse_sme_ipo_drhp_pipeline|make_in_india_manufacturing|capital_markets_ipo_activity,data_with_dsir_recognition.csv+final_merged_dsir_promoters.csv,,Specialty Manufacturing (Defence/Armour),no_structured_differentiation_tag|bse_sme_ipo_drhp_pipeline|make_in_india_manufacturing|capital_markets_ipo_activity|ipo_filed_feb_2026,1,manufacturer_or_industrial_segment,1,india_location_signal,0,no_differentiation_evidence,0,no_promoter_extract,1,sector_or_macro_tailwind_tags,1,growth_or_ipo_signal_in_text,4,67,65.0,2
Deftron Advanced Ltd,Pune,Manufacturing / Industrial,deftronadv.com,₹120–200 Cr,no_structured_differentiation_tag,,IPO filed Feb 2026,bse_sme_ipo_drhp_pipeline|make_in_india_manufacturing|capital_markets_ipo_activity,data_with_dsir_recognition.csv+final_merged_dsir_promoters.csv,,Specialty Manufacturing (Defence Systems),no_structured_differentiation_tag|bse_sme_ipo_drhp_pipeline|make_in_india_manufacturing|capital_markets_ipo_activity|ipo_filed_feb_2026,1,manufacturer_or_industrial_segment,1,india_location_signal,0,no_differentiation_evidence,0,no_promoter_extract,1,sector_or_macro_tailwind_tags,1,growth_or_ipo_signal_in_text,4,67,65.0,24
Deftron Defence Ltd,Pune,Manufacturing / Industrial,deftrondefence.com,₹120–200 Cr,no_structured_differentiation_tag,,IPO filed Feb 2026,bse_sme_ipo_drhp_pipeline|make_in_india_manufacturing|capital_markets_ipo_activity,data_with_dsir_recognition.csv+final_merged_dsir_promoters.csv,,Specialty Manufacturing (Defence Systems),no_structured_differentiation_tag|bse_sme_ipo_drhp_pipeline|make_in_india_manufacturing|capital_markets_ipo_activity|ipo_filed_feb_2026,1,manufacturer_or_industrial_segment,1,india_location_signal,0,no_differentiation_evidence,0,no_promoter_extract,1,sector_or_macro_tailwind_tags,1,growth_or_ipo_signal_in_text,4,67,65.0,19
Deftronics Systems Ltd,Bengaluru,Manufacturing / Industrial,deftronics.com,₹100–200 Cr,no_structured_differentiation_tag,,IPO filed Jan 2026,bse_sme_ipo_drhp_pipeline|make_in_india_manufacturing|capital_markets_ipo_activity,data_with_dsir_recognition.csv+final_merged_dsir_promoters.csv,,Specialty Manufacturing (Defence Electronics),no_structured_differentiation_tag|bse_sme_ipo_drhp_pipeline|make_in_india_manufacturing|capital_markets_ipo_activity|ipo_filed_jan_2026,1,manufacturer_or_industrial_segment,1,india_location_signal,0,no_differentiation_evidence,0,no_promoter_extract,1,sector_or_macro_tailwind_tags,1,growth_or_ipo_signal_in_text,4,67,65.0,2
Dhara Rail Projects Ltd,Gujarat,Manufacturing / Industrial,dhararail.com,₹100–200 Cr,no_structured_differentiation_tag,,IPO filed Dec 2025,bse_sme_ipo_drhp_pipeline|make_in_india_manufacturing|capital_markets_ipo_activity,data_with_dsir_recognition.csv+final_merged_dsir_promoters.csv,,Specialty Manufacturing (Rail Infra),no_structured_differentiation_tag|bse_sme_ipo_drhp_pipeline|make_in_india_manufacturing|capital_markets_ipo_activity|ipo_filed_dec_2025,1,manufacturer_or_industrial_segment,1,india_location_signal,0,no_differentiation_evidence,0,no_promoter_extract,1,sector_or_macro_tailwind_tags,1,growth_or_ipo_signal_in_text,4,67,65.0,2
DNV Food Products Ltd,Gujarat,Manufacturing / Industrial,dnvfoods.com,₹40–70 Cr,no_structured_differentiation_tag,,IPO filed Sep 2025,bse_sme_ipo_drhp_pipeline|make_in_india_manufacturing|capital_markets_ipo_activity,data_with_dsir_recognition.csv+final_merged_dsir_promoters.csv,,Specialty Manufacturing (Food Processing),no_structured_differentiation_tag|bse_sme_ipo_drhp_pipeline|make_in_india_manufacturing|capital_markets_ipo_activity|ipo_filed_sep_2025,1,manufacturer_or_industrial_segment,1,india_location_signal,0,no_differentiation_evidence,0,no_promoter_extract,1,sector_or_macro_tailwind_tags,1,growth_or_ipo_signal_in_text,4,67,65.0,3
E To E Transportation Infrastructure Ltd,Delhi NCR,Manufacturing / Industrial,etoeinfra.com,₹100–200 Cr,no_structured_differentiation_tag,,IPO filed Dec 2025,bse_sme_ipo_drhp_pipeline|make_in_india_manufacturing|capital_markets_ipo_activity,data_with_dsir_recognition.csv+final_merged_dsir_promoters.csv,,Specialty Manufacturing (Infrastructure/Transportation),no_structured_differentiation_tag|bse_sme_ipo_drhp_pipeline|make_in_india_manufacturing|capital_markets_ipo_activity|ipo_filed_dec_2025,1,manufacturer_or_industrial_segment,1,india_location_signal,0,no_differentiation_evidence,0,no_promoter_extract,1,sector_or_macro_tailwind_tags,1,growth_or_ipo_signal_in_text,4,67,65.0,2
Ecoline Exim Ltd,Mumbai,Manufacturing / Industrial,ecolineexim.com,₹50–90 Cr,no_structured_differentiation_tag,,IPO filed Sep 2025,bse_sme_ipo_drhp_pipeline|make_in_india_manufacturing|capital_markets_ipo_activity,data_with_dsir_recognition.csv+final_merged_dsir_promoters.csv,,Specialty Manufacturing (Export/Trading),no_structured_differentiation_tag|bse_sme_ipo_drhp_pipeline|make_in_india_manufacturing|capital_markets_ipo_activity|ipo_filed_sep_2025,1,manufacturer_or_industrial_segment,1,india_location_signal,0,no_differentiation_evidence,0,no_promoter_extract,1,sector_or_macro_tailwind_tags,1,growth_or_ipo_signal_in_text,4,67,65.0,4
ElectraMed Instruments Ltd,Pune,Manufacturing / Industrial,electramed.com,₹70–120 Cr,no_structured_differentiation_tag,,IPO filed Jan 2026,bse_sme_ipo_drhp_pipeline|make_in_india_manufacturing|capital_markets_ipo_activity,data_with_dsir_recognition.csv+final_merged_dsir_promoters.csv,,Specialty Manufacturing (Medical Electronics),no_structured_differentiation_tag|bse_sme_ipo_drhp_pipeline|make_in_india_manufacturing|capital_markets_ipo_activity|ipo_filed_jan_2026,1,manufacturer_or_industrial_segment,1,india_location_signal,0,no_differentiation_evidence,0,no_promoter_extract,1,sector_or_macro_tailwind_tags,1,growth_or_ipo_signal_in_text,4,67,65.0,4
ElectroHeal Devices Ltd,Pune,Manufacturing / Industrial,electrohealdevices.com,₹70–120 Cr,no_structured_differentiation_tag,,IPO filed Jan 2026,bse_sme_ipo_drhp_pipeline|make_in_india_manufacturing|capital_markets_ipo_activity,data_with_dsir_recognition.csv+final_merged_dsir_promoters.csv,,Specialty Manufacturing (Medical Electronics),no_structured_differentiation_tag|bse_sme_ipo_drhp_pipeline|make_in_india_manufacturing|capital_markets_ipo_activity|ipo_filed_jan_2026,1,manufacturer_or_industrial_segment,1,india_location_signal,0,no_differentiation_evidence,0,no_promoter_extract,1,sector_or_macro_tailwind_tags,1,growth_or_ipo_signal_in_text,4,67,65.0,2
ElectroHeal Instruments Ltd,Pune,Manufacturing / Industrial,electroheal.com,₹70–120 Cr,no_structured_differentiation_tag,,IPO filed Jan 2026,bse_sme_ipo_drhp_pipeline|make_in_india_manufacturing|capital_markets_ipo_activity,data_with_dsir_recognition.csv+final_merged_dsir_promoters.csv,,Specialty Manufacturing (Medical Electronics),no_structured_differentiation_tag|bse_sme_ipo_drhp_pipeline|make_in_india_manufacturing|capital_markets_ipo_activity|ipo_filed_jan_2026,1,manufacturer_or_industrial_segment,1,india_location_signal,0,no_differentiation_evidence,0,no_promoter_extract,1,sector_or_macro_tailwind_tags,1,growth_or_ipo_signal_in_text,4,67,65.0,2
Encompass Design India Ltd,Gurugram,Manufacturing / Industrial,encompassdesign.in,₹30–60 Cr,no_structured_differentiation_tag,,IPO filed Nov 2025,bse_sme_ipo_drhp_pipeline|make_in_india_manufacturing|capital_markets_ipo_activity,data_with_dsir_recognition.csv+final_merged_dsir_promoters.csv,,Specialty Manufacturing (Design/Consulting),no_structured_differentiation_tag|bse_sme_ipo_drhp_pipeline|make_in_india_manufacturing|capital_markets_ipo_activity|ipo_filed_nov_2025,1,manufacturer_or_industrial_segment,1,india_location_signal,0,no_differentiation_evidence,0,no_promoter_extract,1,sector_or_macro_tailwind_tags,1,growth_or_ipo_signal_in_text,4,67,65.0,3
EPW India Ltd,Delhi NCR,Manufacturing / Industrial,epwindia.com,₹30–60 Cr,no_structured_differentiation_tag,,IPO filed Sep 2025,bse_sme_ipo_drhp_pipeline|make_in_india_manufacturing|capital_markets_ipo_activity,final_merged_dsir_promoters.csv,,Specialty Manufacturing (Publishing/Media),no_structured_differentiation_tag|bse_sme_ipo_drhp_pipeline|make_in_india_manufacturing|capital_markets_ipo_activity|ipo_filed_sep_2025,1,manufacturer_or_industrial_segment,1,india_location_signal,0,no_differentiation_evidence,0,no_promoter_extract,1,sector_or_macro_tailwind_tags,1,growth_or_ipo_signal_in_text,4,67,65.0,1
EPW India Ltd,Delhi NCR,Manufacturing / Industrial,epwindia.com,₹30–60 Cr,no_structured_differentiation_tag,,IPO filed Sep 2025,make_in_india_manufacturing|capital_markets_ipo_activity,data_with_dsir_recognition.csv,,Specialty Manufacturing (Publishing/Media),no_structured_differentiation_tag|make_in_india_manufacturing|capital_markets_ipo_activity|ipo_filed_sep_2025,1,manufacturer_or_industrial_segment,1,india_location_signal,0,no_differentiation_evidence,0,no_promoter_extract,1,sector_or_macro_tailwind_tags,1,growth_or_ipo_signal_in_text,4,67,65.0,1
EPW India Ltd,Delhi NCR,Manufacturing / Industrial,epwindia.com,₹30–60 Cr,no_structured_differentiation_tag,,IPO filed Sep 2025,make_in_india_manufacturing|capital_markets_ipo_activity,data_with_dsir_recognition.csv,,Specialty Manufacturing (Publishing/Media),no_structured_differentiation_tag|make_in_india_manufacturing|capital_markets_ipo_activity|ipo_filed_sep_2025,1,manufacturer_or_industrial_segment,1,india_location_signal,0,no_differentiation_evidence,0,no_promoter_extract,1,sector_or_macro_tailwind_tags,1,growth_or_ipo_signal_in_text,4,67,65.0,1
EPW India Ltd,Delhi NCR,Manufacturing / Industrial,epwindia.com,₹30–60 Cr,no_structured_differentiation_tag,,IPO filed Sep 2025,make_in_india_manufacturing|capital_markets_ipo_activity,data_with_dsir_recognition.csv,,Specialty Manufacturing (Publishing/Media),no_structured_differentiation_tag|make_in_india_manufacturing|capital_markets_ipo_activity|ipo_filed_sep_2025,1,manufacturer_or_industrial_segment,1,india_location_signal,0,no_differentiation_evidence,0,no_promoter_extract,1,sector_or_macro_tailwind_tags,1,growth_or_ipo_signal_in_text,4,67,65.0,1
Fascinate Textiles Ltd,Surat,Manufacturing / Industrial,fascinatetextiles.com,₹40–80 Cr,no_structured_differentiation_tag,,IPO filed Sep 2025,bse_sme_ipo_drhp_pipeline|make_in_india_manufacturing|capital_markets_ipo_activity,data_with_dsir_recognition.csv+final_merged_dsir_promoters.csv,,Specialty Manufacturing (Engineered Textiles),no_structured_differentiation_tag|bse_sme_ipo_drhp_pipeline|make_in_india_manufacturing|capital_markets_ipo_activity|ipo_filed_sep_2025,1,manufacturer_or_industrial_segment,1,india_location_signal,0,no_differentiation_evidence,0,no_promoter_extract,1,sector_or_macro_tailwind_tags,1,growth_or_ipo_signal_in_text,4,67,65.0,2
Finbud Financial Services Ltd,Mumbai,Manufacturing / Industrial,finbudfinance.com,₹50–90 Cr,no_structured_differentiation_tag,,IPO filed Oct 2025,bse_sme_ipo_drhp_pipeline|make_in_india_manufacturing|capital_markets_ipo_activity,data_with_dsir_recognition.csv+final_merged_dsir_promoters.csv,,Specialty Manufacturing (Financial Services),no_structured_differentiation_tag|bse_sme_ipo_drhp_pipeline|make_in_india_manufacturing|capital_markets_ipo_activity|ipo_filed_oct_2025,1,manufacturer_or_industrial_segment,1,india_location_signal,0,no_differentiation_evidence,0,no_promoter_extract,1,sector_or_macro_tailwind_tags,1,growth_or_ipo_signal_in_text,4,67,65.0,3
Fractal Industries Limited,"Kurla Rd, Andheri East, Mumbai - 400072, Maharashtra. Our Promoters 1. Pankaj Bishwanath Agrawal 2. Priti Pankaj Agrawal",unspecified_see_drhp,https://fractalindustries.in/,Extract from restated financials in DRHP (pattern not matched).,iso_certification_mention,Could not download DRHP PDF/ZIP for promoter extraction.,ISO certification mentioned; subsidiary / group structure,bse_sme_ipo_drhp_pipeline,drhp_companies_specified_format.csv+final_merged_dsir_promoters.csv,,See DRHP ‘Industry / Business overview’ section.,iso_certification_mention|bse_sme_ipo_drhp_pipeline|iso_certification_mentioned|subsidiary|group_structure,0,not_classified_manufacturer,1,india_location_signal,1,cert_or_patent_evidence,0,no_promoter_extract,1,sector_or_macro_tailwind_tags,1,growth_or_ipo_signal_in_text,4,67,65.0,2
Greenvolt Energy Systems Ltd,Chennai,Manufacturing / Industrial,greenvoltenergy.com,₹80–150 Cr,no_structured_differentiation_tag,,IPO filed Sep 2025,bse_sme_ipo_drhp_pipeline|make_in_india_manufacturing|capital_markets_ipo_activity,data_with_dsir_recognition.csv+final_merged_dsir_promoters.csv,,Specialty Manufacturing (Renewable Energy),no_structured_differentiation_tag|bse_sme_ipo_drhp_pipeline|make_in_india_manufacturing|capital_markets_ipo_activity|ipo_filed_sep_2025,1,manufacturer_or_industrial_segment,1,india_location_signal,0,no_differentiation_evidence,0,no_promoter_extract,1,sector_or_macro_tailwind_tags,1,growth_or_ipo_signal_in_text,4,67,65.0,4
Grover Jewells Ltd,Delhi NCR,Manufacturing / Industrial,groverjewells.com,₹80–150 Cr,no_structured_differentiation_tag,,IPO filed Jan 2026,bse_sme_ipo_drhp_pipeline|make_in_india_manufacturing|capital_markets_ipo_activity,data_with_dsir_recognition.csv+final_merged_dsir_promoters.csv,,Specialty Manufacturing (Jewellery),no_structured_differentiation_tag|bse_sme_ipo_drhp_pipeline|make_in_india_manufacturing|capital_markets_ipo_activity|ipo_filed_jan_2026,1,manufacturer_or_industrial_segment,1,india_location_signal,0,no_differentiation_evidence,0,no_promoter_extract,1,sector_or_macro_tailwind_tags,1,growth_or_ipo_signal_in_text,4,67,65.0,2
Himalayan Solar Ltd,Himachal Pradesh,Manufacturing / Industrial,himalayansolar.com,₹40–80 Cr,no_structured_differentiation_tag,,IPO filed Sep 2025,bse_sme_ipo_drhp_pipeline|make_in_india_manufacturing|capital_markets_ipo_activity,data_with_dsir_recognition.csv+final_merged_dsir_promoters.csv,,Specialty Manufacturing (Renewable Energy),no_structured_differentiation_tag|bse_sme_ipo_drhp_pipeline|make_in_india_manufacturing|capital_markets_ipo_activity|ipo_filed_sep_2025,1,manufacturer_or_industrial_segment,1,india_location_signal,0,no_differentiation_evidence,0,no_promoter_extract,1,sector_or_macro_tailwind_tags,1,growth_or_ipo_signal_in_text,4,67,65.0,2
Ic Electricals Company Ltd,Delhi NCR,Manufacturing / Industrial,icelectricals.com,₹50–100 Cr,no_structured_differentiation_tag,,IPO filed Sep 2025,bse_sme_ipo_drhp_pipeline|make_in_india_manufacturing|capital_markets_ipo_activity,data_with_dsir_recognition.csv+final_merged_dsir_promoters.csv,,Specialty Manufacturing (Electrical Equipment),no_structured_differentiation_tag|bse_sme_ipo_drhp_pipeline|make_in_india_manufacturing|capital_markets_ipo_activity|ipo_filed_sep_2025,1,manufacturer_or_industrial_segment,1,india_location_signal,0,no_differentiation_evidence,0,no_promoter_extract,1,sector_or_macro_tailwind_tags,1,growth_or_ipo_signal_in_text,4,67,65.0,2
Immunex Biotech Ltd,Pune,Manufacturing / Industrial,immunexbiotech.com,₹70–120 Cr,no_structured_differentiation_tag,,IPO filed Feb 2026,bse_sme_ipo_drhp_pipeline|make_in_india_manufacturing|capital_markets_ipo_activity,data_with_dsir_recognition.csv+final_merged_dsir_promoters.csv,,Specialty Manufacturing (Biotech/Immunology),no_structured_differentiation_tag|bse_sme_ipo_drhp_pipeline|make_in_india_manufacturing|capital_markets_ipo_activity|ipo_filed_feb_2026,1,manufacturer_or_industrial_segment,1,india_location_signal,0,no_differentiation_evidence,0,no_promoter_extract,1,sector_or_macro_tailwind_tags,1,growth_or_ipo_signal_in_text,4,67,65.0,4
ImmunoCare Biotech Ltd,Pune,Manufacturing / Industrial,immunocarebiotech.com,₹70–120 Cr,no_structured_differentiation_tag,,IPO filed Feb 2026,bse_sme_ipo_drhp_pipeline|make_in_india_manufacturing|capital_markets_ipo_activity,data_with_dsir_recognition.csv+final_merged_dsir_promoters.csv,,Specialty Manufacturing (Biotech/Immunology),no_structured_differentiation_tag|bse_sme_ipo_drhp_pipeline|make_in_india_manufacturing|capital_markets_ipo_activity|ipo_filed_feb_2026,1,manufacturer_or_industrial_segment,1,india_location_signal,0,no_differentiation_evidence,0,no_promoter_extract,1,sector_or_macro_tailwind_tags,1,growth_or_ipo_signal_in_text,4,67,65.0,2
Inspros Engineers Ltd,Pune,Manufacturing / Industrial,insprosengineers.com,₹40–70 Cr,no_structured_differentiation_tag,,IPO filed Jul 2025,bse_sme_ipo_drhp_pipeline|make_in_india_manufacturing|capital_markets_ipo_activity,data_with_dsir_recognition.csv+final_merged_dsir_promoters.csv,,Specialty Manufacturing (Engineering/Industrial Services),no_structured_differentiation_tag|bse_sme_ipo_drhp_pipeline|make_in_india_manufacturing|capital_markets_ipo_activity|ipo_filed_jul_2025,1,manufacturer_or_industrial_segment,1,india_location_signal,0,no_differentiation_evidence,0,no_promoter_extract,1,sector_or_macro_tailwind_tags,1,growth_or_ipo_signal_in_text,4,67,65.0,3
Jagdamba Polymers Ltd,Jaipur,Manufacturing / Industrial,jagdambapolymers.com,₹70–120 Cr,no_structured_differentiation_tag,,IPO filed Sep 2025,bse_sme_ipo_drhp_pipeline|make_in_india_manufacturing|capital_markets_ipo_activity,data_with_dsir_recognition.csv+final_merged_dsir_promoters.csv,,Specialty Manufacturing (Plastics),no_structured_differentiation_tag|bse_sme_ipo_drhp_pipeline|make_in_india_manufacturing|capital_markets_ipo_activity|ipo_filed_sep_2025,1,manufacturer_or_industrial_segment,1,india_location_signal,0,no_differentiation_evidence,0,no_promoter_extract,1,sector_or_macro_tailwind_tags,1,growth_or_ipo_signal_in_text,4,67,65.0,4
JKV SOLUTIONS LIMITED,"9th Floor - 903, B - Square, Near Neptune House, Iscon Ambli Brts Road, Ahmedabad - 380058, Gujarat, India",unspecified_see_drhp,www.aftertrade.in; www.bigshareonline.com; www.jkvsolutions.com,Extract from restated financials in DRHP (pattern not matched).,iso_certification_mention,Promoter names not machine-extracted from sampled DRHP pages; verify in IPO prospectus or LinkedIn.,ISO certification mentioned; subsidiary / group structure,bse_sme_ipo_drhp_pipeline,drhp_companies_specified_format.csv+final_merged_dsir_promoters.csv,,See DRHP ‘Industry / Business overview’ section.,iso_certification_mention|bse_sme_ipo_drhp_pipeline|iso_certification_mentioned|subsidiary|group_structure,0,not_classified_manufacturer,1,india_location_signal,1,cert_or_patent_evidence,0,no_promoter_extract,1,sector_or_macro_tailwind_tags,1,growth_or_ipo_signal_in_text,4,67,65.0,3
Kheria Autocomp Ltd,Gurugram,Manufacturing / Industrial,kheriaautocomp.com,₹70–120 Cr,no_structured_differentiation_tag,,IPO filed Sep 2025,bse_sme_ipo_drhp_pipeline|make_in_india_manufacturing|capital_markets_ipo_activity,data_with_dsir_recognition.csv+final_merged_dsir_promoters.csv,,Specialty Manufacturing (Auto Components),no_structured_differentiation_tag|bse_sme_ipo_drhp_pipeline|make_in_india_manufacturing|capital_markets_ipo_activity|ipo_filed_sep_2025,1,manufacturer_or_industrial_segment,1,india_location_signal,0,no_differentiation_evidence,0,no_promoter_extract,1,sector_or_macro_tailwind_tags,1,growth_or_ipo_signal_in_text,4,67,65.0,2
KRM Ayurveda Ltd,Kerala,Manufacturing / Industrial,krmayurveda.com,₹30–60 Cr,no_structured_differentiation_tag,,IPO filed Sep 2025,bse_sme_ipo_drhp_pipeline|make_in_india_manufacturing|capital_markets_ipo_activity,data_with_dsir_recognition.csv+final_merged_dsir_promoters.csv,,Specialty Manufacturing (Healthcare/Ayurveda),no_structured_differentiation_tag|bse_sme_ipo_drhp_pipeline|make_in_india_manufacturing|capital_markets_ipo_activity|ipo_filed_sep_2025,1,manufacturer_or_industrial_segment,1,india_location_signal,0,no_differentiation_evidence,0,no_promoter_extract,1,sector_or_macro_tailwind_tags,1,growth_or_ipo_signal_in_text,4,67,65.0,3
Manilam Industries India Ltd,Mumbai,Manufacturing / Industrial,manilamindustries.com,₹100–200 Cr,no_structured_differentiation_tag,,IPO filed Feb 2026,bse_sme_ipo_drhp_pipeline|make_in_india_manufacturing|capital_markets_ipo_activity,data_with_dsir_recognition.csv+final_merged_dsir_promoters.csv,,Specialty Manufacturing (Industrial Products),no_structured_differentiation_tag|bse_sme_ipo_drhp_pipeline|make_in_india_manufacturing|capital_markets_ipo_activity|ipo_filed_feb_2026,1,manufacturer_or_industrial_segment,1,india_location_signal,0,no_differentiation_evidence,0,no_promoter_extract,1,sector_or_macro_tailwind_tags,1,growth_or_ipo_signal_in_text,4,67,65.0,2
Marushika Technology Ltd,Bengaluru,Manufacturing / Industrial,marushikatech.com,₹60–100 Cr,no_structured_differentiation_tag,,IPO filed Jan 2026,bse_sme_ipo_drhp_pipeline|make_in_india_manufacturing|capital_markets_ipo_activity,data_with_dsir_recognition.csv+final_merged_dsir_promoters.csv,,Specialty Manufacturing (IT/Tech Services),no_structured_differentiation_tag|bse_sme_ipo_drhp_pipeline|make_in_india_manufacturing|capital_markets_ipo_activity|ipo_filed_jan_2026,1,manufacturer_or_industrial_segment,1,india_location_signal,0,no_differentiation_evidence,0,no_promoter_extract,1,sector_or_macro_tailwind_tags,1,growth_or_ipo_signal_in_text,4,67,65.0,4
MedEquip Devices Ltd,Delhi NCR,Manufacturing / Industrial,medequipdevices.com,₹70–120 Cr,no_structured_differentiation_tag,,IPO filed Dec 2025,bse_sme_ipo_drhp_pipeline|make_in_india_manufacturing|capital_markets_ipo_activity,data_with_dsir_recognition.csv+final_merged_dsir_promoters.csv,,Specialty Manufacturing (Medical Equipment),no_structured_differentiation_tag|bse_sme_ipo_drhp_pipeline|make_in_india_manufacturing|capital_markets_ipo_activity|ipo_filed_dec_2025,1,manufacturer_or_industrial_segment,1,india_location_signal,0,no_differentiation_evidence,0,no_promoter_extract,1,sector_or_macro_tailwind_tags,1,growth_or_ipo_signal_in_text,4,67,65.0,10
MedEquip Solutions Ltd,Delhi NCR,Manufacturing / Industrial,medequipsolutions.com,₹70–120 Cr,no_structured_differentiation_tag,,IPO filed Dec 2025,bse_sme_ipo_drhp_pipeline|make_in_india_manufacturing|capital_markets_ipo_activity,data_with_dsir_recognition.csv+final_merged_dsir_promoters.csv,,Specialty Manufacturing (Medical Equipment),no_structured_differentiation_tag|bse_sme_ipo_drhp_pipeline|make_in_india_manufacturing|capital_markets_ipo_activity|ipo_filed_dec_2025,1,manufacturer_or_industrial_segment,1,india_location_signal,0,no_differentiation_evidence,0,no_promoter_extract,1,sector_or_macro_tailwind_tags,1,growth_or_ipo_signal_in_text,4,67,65.0,5
MediCore Advanced Ltd,Chennai,Manufacturing / Industrial,medicoreadv.com,₹80–150 Cr,no_structured_differentiation_tag,,IPO filed Jan 2026,bse_sme_ipo_drhp_pipeline|make_in_india_manufacturing|capital_markets_ipo_activity,data_with_dsir_recognition.csv+final_merged_dsir_promoters.csv,,Specialty Manufacturing (MedTech/Diagnostics),no_structured_differentiation_tag|bse_sme_ipo_drhp_pipeline|make_in_india_manufacturing|capital_markets_ipo_activity|ipo_filed_jan_2026,1,manufacturer_or_industrial_segment,1,india_location_signal,0,no_differentiation_evidence,0,no_promoter_extract,1,sector_or_macro_tailwind_tags,1,growth_or_ipo_signal_in_text,4,67,65.0,22
MediCore Devices Ltd,Gurugram,Manufacturing / Industrial,medicoredevices.com,₹80–150 Cr,no_structured_differentiation_tag,,IPO filed Dec 2025,bse_sme_ipo_drhp_pipeline|make_in_india_manufacturing|capital_markets_ipo_activity,data_with_dsir_recognition.csv+final_merged_dsir_promoters.csv,,Specialty Manufacturing (Medical Devices),no_structured_differentiation_tag|bse_sme_ipo_drhp_pipeline|make_in_india_manufacturing|capital_markets_ipo_activity|ipo_filed_dec_2025,1,manufacturer_or_industrial_segment,1,india_location_signal,0,no_differentiation_evidence,0,no_promoter_extract,1,sector_or_macro_tailwind_tags,1,growth_or_ipo_signal_in_text,4,67,65.0,2
MediCore Global Ltd,Chennai,Manufacturing / Industrial,medicoreglobal.com,₹80–150 Cr,no_structured_differentiation_tag,,IPO filed Jan 2026,bse_sme_ipo_drhp_pipeline|make_in_india_manufacturing|capital_markets_ipo_activity,data_with_dsir_recognition.csv+final_merged_dsir_promoters.csv,,Specialty Manufacturing (MedTech/Diagnostics),no_structured_differentiation_tag|bse_sme_ipo_drhp_pipeline|make_in_india_manufacturing|capital_markets_ipo_activity|ipo_filed_jan_2026,1,manufacturer_or_industrial_segment,1,india_location_signal,0,no_differentiation_evidence,0,no_promoter_extract,1,sector_or_macro_tailwind_tags,1,growth_or_ipo_signal_in_text,4,67,65.0,23
MediEquip Global Ltd,Delhi NCR,Manufacturing / Industrial,mediequipglobal.com,₹70–120 Cr,no_structured_differentiation_tag,,IPO filed Dec 2025,bse_sme_ipo_drhp_pipeline|make_in_india_manufacturing|capital_markets_ipo_activity,data_with_dsir_recognition.csv+final_merged_dsir_promoters.csv,,Specialty Manufacturing (Medical Equipment),no_structured_differentiation_tag|bse_sme_ipo_drhp_pipeline|make_in_india_manufacturing|capital_markets_ipo_activity|ipo_filed_dec_2025,1,manufacturer_or_industrial_segment,1,india_location_signal,0,no_differentiation_evidence,0,no_promoter_extract,1,sector_or_macro_tailwind_tags,1,growth_or_ipo_signal_in_text,4,67,65.0,3
MediHeal Devices Ltd,Delhi NCR,Manufacturing / Industrial,medihealdevices.com,₹70–120 Cr,no_structured_differentiation_tag,,IPO filed Dec 2025,bse_sme_ipo_drhp_pipeline|make_in_india_manufacturing|capital_markets_ipo_activity,data_with_dsir_recognition.csv+final_merged_dsir_promoters.csv,,Specialty Manufacturing (Medical Equipment),no_structured_differentiation_tag|bse_sme_ipo_drhp_pipeline|make_in_india_manufacturing|capital_markets_ipo_activity|ipo_filed_dec_2025,1,manufacturer_or_industrial_segment,1,india_location_signal,0,no_differentiation_evidence,0,no_promoter_extract,1,sector_or_macro_tailwind_tags,1,growth_or_ipo_signal_in_text,4,67,65.0,23
MediHeal Global Ltd,Delhi NCR,Manufacturing / Industrial,medihealglobal.com,₹70–120 Cr,no_structured_differentiation_tag,,IPO filed Dec 2025,bse_sme_ipo_drhp_pipeline|make_in_india_manufacturing|capital_markets_ipo_activity,data_with_dsir_recognition.csv+final_merged_dsir_promoters.csv,,Specialty Manufacturing (Medical Equipment),no_structured_differentiation_tag|bse_sme_ipo_drhp_pipeline|make_in_india_manufacturing|capital_markets_ipo_activity|ipo_filed_dec_2025,1,manufacturer_or_industrial_segment,1,india_location_signal,0,no_differentiation_evidence,0,no_promoter_extract,1,sector_or_macro_tailwind_tags,1,growth_or_ipo_signal_in_text,4,67,65.0,22
Medinova Instruments Ltd,Hyderabad,Manufacturing / Industrial,medinovainstruments.com,₹80–150 Cr,no_structured_differentiation_tag,,IPO filed Jan 2026,bse_sme_ipo_drhp_pipeline|make_in_india_manufacturing|capital_markets_ipo_activity,data_with_dsir_recognition.csv+final_merged_dsir_promoters.csv,,Specialty Manufacturing (MedTech/Diagnostics),no_structured_differentiation_tag|bse_sme_ipo_drhp_pipeline|make_in_india_manufacturing|capital_markets_ipo_activity|ipo_filed_jan_2026,1,manufacturer_or_industrial_segment,1,india_location_signal,0,no_differentiation_evidence,0,no_promoter_extract,1,sector_or_macro_tailwind_tags,1,growth_or_ipo_signal_in_text,4,67,65.0,2
MediNova Labs Ltd,Bengaluru,Manufacturing / Industrial,medinovalabs.com,₹80–150 Cr,no_structured_differentiation_tag,,IPO filed Sep 2025,bse_sme_ipo_drhp_pipeline|make_in_india_manufacturing|capital_markets_ipo_activity,data_with_dsir_recognition.csv+final_merged_dsir_promoters.csv,,Specialty Manufacturing (MedTech Solutions),no_structured_differentiation_tag|bse_sme_ipo_drhp_pipeline|make_in_india_manufacturing|capital_markets_ipo_activity|ipo_filed_sep_2025,1,manufacturer_or_industrial_segment,1,india_location_signal,0,no_differentiation_evidence,0,no_promoter_extract,1,sector_or_macro_tailwind_tags,1,growth_or_ipo_signal_in_text,4,67,65.0,2
MediNova Solutions Ltd,Bengaluru,Manufacturing / Industrial,medinovasolutions.com,₹80–150 Cr,no_structured_differentiation_tag,,IPO filed Sep 2025,bse_sme_ipo_drhp_pipeline|make_in_india_manufacturing|capital_markets_ipo_activity,data_with_dsir_recognition.csv+final_merged_dsir_promoters.csv,,Specialty Manufacturing (MedTech Solutions),no_structured_differentiation_tag|bse_sme_ipo_drhp_pipeline|make_in_india_manufacturing|capital_markets_ipo_activity|ipo_filed_sep_2025,1,manufacturer_or_industrial_segment,1,india_location_signal,0,no_differentiation_evidence,0,no_promoter_extract,1,sector_or_macro_tailwind_tags,1,growth_or_ipo_signal_in_text,4,67,65.0,2
MediScan Devices Ltd,Delhi NCR,Manufacturing / Industrial,mediscandevices.com,₹70–120 Cr,no_structured_differentiation_tag,,IPO filed Dec 2025,bse_sme_ipo_drhp_pipeline|make_in_india_manufacturing|capital_markets_ipo_activity,data_with_dsir_recognition.csv+final_merged_dsir_promoters.csv,,Specialty Manufacturing (Medical Equipment),no_structured_differentiation_tag|bse_sme_ipo_drhp_pipeline|make_in_india_manufacturing|capital_markets_ipo_activity|ipo_filed_dec_2025,1,manufacturer_or_industrial_segment,1,india_location_signal,0,no_differentiation_evidence,0,no_promoter_extract,1,sector_or_macro_tailwind_tags,1,growth_or_ipo_signal_in_text,4,67,65.0,20
MediScan Global Ltd,Delhi NCR,Manufacturing / Industrial,mediscanglobal.com,₹70–120 Cr,no_structured_differentiation_tag,,IPO filed Dec 2025,bse_sme_ipo_drhp_pipeline|make_in_india_manufacturing|capital_markets_ipo_activity,data_with_dsir_recognition.csv+final_merged_dsir_promoters.csv,,Specialty Manufacturing (Medical Equipment),no_structured_differentiation_tag|bse_sme_ipo_drhp_pipeline|make_in_india_manufacturing|capital_markets_ipo_activity|ipo_filed_dec_2025,1,manufacturer_or_industrial_segment,1,india_location_signal,0,no_differentiation_evidence,0,no_promoter_extract,1,sector_or_macro_tailwind_tags,1,growth_or_ipo_signal_in_text,4,67,65.0,23
Medisurge Devices Ltd,Gurugram,Manufacturing / Industrial,medisurge.com,₹80–150 Cr,no_structured_differentiation_tag,,IPO filed Dec 2025,bse_sme_ipo_drhp_pipeline|make_in_india_manufacturing|capital_markets_ipo_activity,data_with_dsir_recognition.csv+final_merged_dsir_promoters.csv,,Specialty Manufacturing (Medical Devices),no_structured_differentiation_tag|bse_sme_ipo_drhp_pipeline|make_in_india_manufacturing|capital_markets_ipo_activity|ipo_filed_dec_2025,1,manufacturer_or_industrial_segment,1,india_location_signal,0,no_differentiation_evidence,0,no_promoter_extract,1,sector_or_macro_tailwind_tags,1,growth_or_ipo_signal_in_text,4,67,65.0,4
Meditech Solutions Ltd,Bengaluru,Manufacturing / Industrial,meditechsolutions.com,₹80–150 Cr,no_structured_differentiation_tag,,IPO filed Sep 2025,bse_sme_ipo_drhp_pipeline|make_in_india_manufacturing|capital_markets_ipo_activity,data_with_dsir_recognition.csv+final_merged_dsir_promoters.csv,,Specialty Manufacturing (MedTech Solutions),no_structured_differentiation_tag|bse_sme_ipo_drhp_pipeline|make_in_india_manufacturing|capital_markets_ipo_activity|ipo_filed_sep_2025,1,manufacturer_or_industrial_segment,1,india_location_signal,0,no_differentiation_evidence,0,no_promoter_extract,1,sector_or_macro_tailwind_tags,1,growth_or_ipo_signal_in_text,4,67,65.0,4
Mediview Diagnostics Ltd,Hyderabad,Manufacturing / Industrial,mediviewdiagnostics.com,₹80–150 Cr,no_structured_differentiation_tag,,IPO filed Jan 2026,bse_sme_ipo_drhp_pipeline|make_in_india_manufacturing|capital_markets_ipo_activity,data_with_dsir_recognition.csv+final_merged_dsir_promoters.csv,,Specialty Manufacturing (MedTech/Diagnostics),no_structured_differentiation_tag|bse_sme_ipo_drhp_pipeline|make_in_india_manufacturing|capital_markets_ipo_activity|ipo_filed_jan_2026,1,manufacturer_or_industrial_segment,1,india_location_signal,0,no_differentiation_evidence,0,no_promoter_extract,1,sector_or_macro_tailwind_tags,1,growth_or_ipo_signal_in_text,4,67,65.0,2
MediVision Advanced Ltd,Chennai,Manufacturing / Industrial,medivisionadv.com,₹80–150 Cr,no_structured_differentiation_tag,,IPO filed Jan 2026,bse_sme_ipo_drhp_pipeline|make_in_india_manufacturing|capital_markets_ipo_activity,data_with_dsir_recognition.csv+final_merged_dsir_promoters.csv,,Specialty Manufacturing (MedTech/Diagnostics),no_structured_differentiation_tag|bse_sme_ipo_drhp_pipeline|make_in_india_manufacturing|capital_markets_ipo_activity|ipo_filed_jan_2026,1,manufacturer_or_industrial_segment,1,india_location_signal,0,no_differentiation_evidence,0,no_promoter_extract,1,sector_or_macro_tailwind_tags,1,growth_or_ipo_signal_in_text,4,67,65.0,19
MediVision Global Ltd,Chennai,Manufacturing / Industrial,medivisionglobal.com,₹80–150 Cr,no_structured_differentiation_tag,,IPO filed Jan 2026,bse_sme_ipo_drhp_pipeline|make_in_india_manufacturing|capital_markets_ipo_activity,data_with_dsir_recognition.csv+final_merged_dsir_promoters.csv,,Specialty Manufacturing (MedTech/Diagnostics),no_structured_differentiation_tag|bse_sme_ipo_drhp_pipeline|make_in_india_manufacturing|capital_markets_ipo_activity|ipo_filed_jan_2026,1,manufacturer_or_industrial_segment,1,india_location_signal,0,no_differentiation_evidence,0,no_promoter_extract,1,sector_or_macro_tailwind_tags,1,growth_or_ipo_signal_in_text,4,67,65.0,27
MediVision Labs Ltd,Chennai,Manufacturing / Industrial,medivisionlabs.com,₹80–150 Cr,no_structured_differentiation_tag,,IPO filed Jan 2026,bse_sme_ipo_drhp_pipeline|make_in_india_manufacturing|capital_markets_ipo_activity,data_with_dsir_recognition.csv+final_merged_dsir_promoters.csv,,Specialty Manufacturing (MedTech/Diagnostics),no_structured_differentiation_tag|bse_sme_ipo_drhp_pipeline|make_in_india_manufacturing|capital_markets_ipo_activity|ipo_filed_jan_2026,1,manufacturer_or_industrial_segment,1,india_location_signal,0,no_differentiation_evidence,0,no_promoter_extract,1,sector_or_macro_tailwind_tags,1,growth_or_ipo_signal_in_text,4,67,65.0,8
MedVision Instruments Ltd,Chennai,Manufacturing / Industrial,medvision.in,₹80–150 Cr,no_structured_differentiation_tag,,IPO filed Jan 2026,bse_sme_ipo_drhp_pipeline|make_in_india_manufacturing|capital_markets_ipo_activity,data_with_dsir_recognition.csv+final_merged_dsir_promoters.csv,,Specialty Manufacturing (MedTech/Diagnostics),no_structured_differentiation_tag|bse_sme_ipo_drhp_pipeline|make_in_india_manufacturing|capital_markets_ipo_activity|ipo_filed_jan_2026,1,manufacturer_or_industrial_segment,1,india_location_signal,0,no_differentiation_evidence,0,no_promoter_extract,1,sector_or_macro_tailwind_tags,1,growth_or_ipo_signal_in_text,4,67,65.0,5
MedVision Labs Ltd,Chennai,Manufacturing / Industrial,medvisionlabs.com,₹80–150 Cr,no_structured_differentiation_tag,,IPO filed Jan 2026,bse_sme_ipo_drhp_pipeline|make_in_india_manufacturing|capital_markets_ipo_activity,data_with_dsir_recognition.csv+final_merged_dsir_promoters.csv,,Specialty Manufacturing (MedTech/Diagnostics),no_structured_differentiation_tag|bse_sme_ipo_drhp_pipeline|make_in_india_manufacturing|capital_markets_ipo_activity|ipo_filed_jan_2026,1,manufacturer_or_industrial_segment,1,india_location_signal,0,no_differentiation_evidence,0,no_promoter_extract,1,sector_or_macro_tailwind_tags,1,growth_or_ipo_signal_in_text,4,67,65.0,12
Mobilise App Lab Ltd,Pune,Manufacturing / Industrial,mobiliseapplab.com,₹40–70 Cr,no_structured_differentiation_tag,,IPO filed Feb 2026,bse_sme_ipo_drhp_pipeline|make_in_india_manufacturing|capital_markets_ipo_activity,data_with_dsir_recognition.csv+final_merged_dsir_promoters.csv,,Specialty Manufacturing (Mobile Applications),no_structured_differentiation_tag|bse_sme_ipo_drhp_pipeline|make_in_india_manufacturing|capital_markets_ipo_activity|ipo_filed_feb_2026,1,manufacturer_or_industrial_segment,1,india_location_signal,0,no_differentiation_evidence,0,no_promoter_extract,1,sector_or_macro_tailwind_tags,1,growth_or_ipo_signal_in_text,4,67,65.0,4
Nanocore Materials Ltd,Delhi NCR,Manufacturing / Industrial,nanocorematerials.com,₹60–100 Cr,no_structured_differentiation_tag,,IPO filed Nov 2025,bse_sme_ipo_drhp_pipeline|make_in_india_manufacturing|capital_markets_ipo_activity,data_with_dsir_recognition.csv+final_merged_dsir_promoters.csv,,Specialty Manufacturing (Nanomaterials),no_structured_differentiation_tag|bse_sme_ipo_drhp_pipeline|make_in_india_manufacturing|capital_markets_ipo_activity|ipo_filed_nov_2025,1,manufacturer_or_industrial_segment,1,india_location_signal,0,no_differentiation_evidence,0,no_promoter_extract,1,sector_or_macro_tailwind_tags,1,growth_or_ipo_signal_in_text,4,67,65.0,4
NanoEdge Global Ltd,Mumbai,Manufacturing / Industrial,nanoedgeglobal.com,₹90–160 Cr,no_structured_differentiation_tag,,IPO filed Nov 2025,bse_sme_ipo_drhp_pipeline|make_in_india_manufacturing|capital_markets_ipo_activity,data_with_dsir_recognition.csv+final_merged_dsir_promoters.csv,,Specialty Manufacturing (Nanotechnology),no_structured_differentiation_tag|bse_sme_ipo_drhp_pipeline|make_in_india_manufacturing|capital_markets_ipo_activity|ipo_filed_nov_2025,1,manufacturer_or_industrial_segment,1,india_location_signal,0,no_differentiation_evidence,0,no_promoter_extract,1,sector_or_macro_tailwind_tags,1,growth_or_ipo_signal_in_text,4,67,65.0,2
NanoEdge Labs Ltd,Mumbai,Manufacturing / Industrial,nanoedgelabs.com,₹90–160 Cr,no_structured_differentiation_tag,,IPO filed Nov 2025,bse_sme_ipo_drhp_pipeline|make_in_india_manufacturing|capital_markets_ipo_activity,data_with_dsir_recognition.csv+final_merged_dsir_promoters.csv,,Specialty Manufacturing (Nanotechnology),no_structured_differentiation_tag|bse_sme_ipo_drhp_pipeline|make_in_india_manufacturing|capital_markets_ipo_activity|ipo_filed_nov_2025,1,manufacturer_or_industrial_segment,1,india_location_signal,0,no_differentiation_evidence,0,no_promoter_extract,1,sector_or_macro_tailwind_tags,1,growth_or_ipo_signal_in_text,4,67,65.0,4
NanoEdge Materials Ltd,Mumbai,Manufacturing / Industrial,nanoedge.com,₹90–160 Cr,no_structured_differentiation_tag,,IPO filed Nov 2025,bse_sme_ipo_drhp_pipeline|make_in_india_manufacturing|capital_markets_ipo_activity,data_with_dsir_recognition.csv+final_merged_dsir_promoters.csv,,Specialty Manufacturing (Nanotechnology),no_structured_differentiation_tag|bse_sme_ipo_drhp_pipeline|make_in_india_manufacturing|capital_markets_ipo_activity|ipo_filed_nov_2025,1,manufacturer_or_industrial_segment,1,india_location_signal,0,no_differentiation_evidence,0,no_promoter_extract,1,sector_or_macro_tailwind_tags,1,growth_or_ipo_signal_in_text,4,67,65.0,9
NanoMatrix Global Ltd,Mumbai,Manufacturing / Industrial,nanomatrixglobal.com,₹90–160 Cr,no_structured_differentiation_tag,,IPO filed Nov 2025,bse_sme_ipo_drhp_pipeline|make_in_india_manufacturing|capital_markets_ipo_activity,data_with_dsir_recognition.csv+final_merged_dsir_promoters.csv,,Specialty Manufacturing (Nanotechnology),no_structured_differentiation_tag|bse_sme_ipo_drhp_pipeline|make_in_india_manufacturing|capital_markets_ipo_activity|ipo_filed_nov_2025,1,manufacturer_or_industrial_segment,1,india_location_signal,0,no_differentiation_evidence,0,no_promoter_extract,1,sector_or_macro_tailwind_tags,1,growth_or_ipo_signal_in_text,4,67,65.0,23
NanoMatrix Tech Ltd,Mumbai,Manufacturing / Industrial,nanomatrixtech.com,₹90–160 Cr,no_structured_differentiation_tag,,IPO filed Nov 2025,bse_sme_ipo_drhp_pipeline|make_in_india_manufacturing|capital_markets_ipo_activity,data_with_dsir_recognition.csv+final_merged_dsir_promoters.csv,,Specialty Manufacturing (Nanotechnology),no_structured_differentiation_tag|bse_sme_ipo_drhp_pipeline|make_in_india_manufacturing|capital_markets_ipo_activity|ipo_filed_nov_2025,1,manufacturer_or_industrial_segment,1,india_location_signal,0,no_differentiation_evidence,0,no_promoter_extract,1,sector_or_macro_tailwind_tags,1,growth_or_ipo_signal_in_text,4,67,65.0,20
NanoSphere Advanced Ltd,Mumbai,Manufacturing / Industrial,nanosphereadv.com,₹90–160 Cr,no_structured_differentiation_tag,,IPO filed Nov 2025,bse_sme_ipo_drhp_pipeline|make_in_india_manufacturing|capital_markets_ipo_activity,data_with_dsir_recognition.csv+final_merged_dsir_promoters.csv,,Specialty Manufacturing (Nanotechnology),no_structured_differentiation_tag|bse_sme_ipo_drhp_pipeline|make_in_india_manufacturing|capital_markets_ipo_activity|ipo_filed_nov_2025,1,manufacturer_or_industrial_segment,1,india_location_signal,0,no_differentiation_evidence,0,no_promoter_extract,1,sector_or_macro_tailwind_tags,1,growth_or_ipo_signal_in_text,4,67,65.0,26
NanoSphere Global Ltd,Mumbai,Manufacturing / Industrial,nanosphereglobal.com,₹90–160 Cr,no_structured_differentiation_tag,,IPO filed Nov 2025,bse_sme_ipo_drhp_pipeline|make_in_india_manufacturing|capital_markets_ipo_activity,data_with_dsir_recognition.csv+final_merged_dsir_promoters.csv,,Specialty Manufacturing (Nanotechnology),no_structured_differentiation_tag|bse_sme_ipo_drhp_pipeline|make_in_india_manufacturing|capital_markets_ipo_activity|ipo_filed_nov_2025,1,manufacturer_or_industrial_segment,1,india_location_signal,0,no_differentiation_evidence,0,no_promoter_extract,1,sector_or_macro_tailwind_tags,1,growth_or_ipo_signal_in_text,4,67,65.0,20
NanoSphere Materials Ltd,Delhi NCR,Manufacturing / Industrial,nanospherematerials.com,₹60–100 Cr,no_structured_differentiation_tag,,IPO filed Nov 2025,bse_sme_ipo_drhp_pipeline|make_in_india_manufacturing|capital_markets_ipo_activity,data_with_dsir_recognition.csv+final_merged_dsir_promoters.csv,,Specialty Manufacturing (Nanomaterials),no_structured_differentiation_tag|bse_sme_ipo_drhp_pipeline|make_in_india_manufacturing|capital_markets_ipo_activity|ipo_filed_nov_2025,1,manufacturer_or_industrial_segment,1,india_location_signal,0,no_differentiation_evidence,0,no_promoter_extract,1,sector_or_macro_tailwind_tags,1,growth_or_ipo_signal_in_text,4,67,65.0,2
NanoSphere Tech Ltd,Mumbai,Manufacturing / Industrial,nanospheretech.com,₹90–160 Cr,no_structured_differentiation_tag,,IPO filed Nov 2025,bse_sme_ipo_drhp_pipeline|make_in_india_manufacturing|capital_markets_ipo_activity,data_with_dsir_recognition.csv+final_merged_dsir_promoters.csv,,Specialty Manufacturing (Nanotechnology),no_structured_differentiation_tag|bse_sme_ipo_drhp_pipeline|make_in_india_manufacturing|capital_markets_ipo_activity|ipo_filed_nov_2025,1,manufacturer_or_industrial_segment,1,india_location_signal,0,no_differentiation_evidence,0,no_promoter_extract,1,sector_or_macro_tailwind_tags,1,growth_or_ipo_signal_in_text,4,67,65.0,10
NanoTech Materials Ltd,Mumbai,Manufacturing / Industrial,nanotechmaterials.com,₹90–160 Cr,no_structured_differentiation_tag,,IPO filed Nov 2025,bse_sme_ipo_drhp_pipeline|make_in_india_manufacturing|capital_markets_ipo_activity,data_with_dsir_recognition.csv+final_merged_dsir_promoters.csv,,Specialty Manufacturing (Nanotechnology),no_structured_differentiation_tag|bse_sme_ipo_drhp_pipeline|make_in_india_manufacturing|capital_markets_ipo_activity|ipo_filed_nov_2025,1,manufacturer_or_industrial_segment,1,india_location_signal,0,no_differentiation_evidence,0,no_promoter_extract,1,sector_or_macro_tailwind_tags,1,growth_or_ipo_signal_in_text,4,67,65.0,5
Navoday Enterprises Limited,"Maharashtra, on August 20, 2020. For details of changes in registered office please refer “History and Certain Other Corporate Matters’ on page 73.",unspecified_see_drhp,www.inventuremerchantbanker.com; www.navodayenterprise.com; www.satellitecorporate.com,Extract from restated financials in DRHP (pattern not matched).,iso_certification_mention,Promoter names not machine-extracted from sampled DRHP pages; verify in IPO prospectus or LinkedIn.,ISO certification mentioned,bse_sme_ipo_drhp_pipeline,drhp_companies_specified_format.csv+final_merged_dsir_promoters.csv,,See DRHP ‘Industry / Business overview’ section.,iso_certification_mention|bse_sme_ipo_drhp_pipeline|iso_certification_mentioned,0,not_classified_manufacturer,1,india_location_signal,1,cert_or_patent_evidence,0,no_promoter_extract,1,sector_or_macro_tailwind_tags,1,growth_or_ipo_signal_in_text,4,67,65.0,2
Neochem Bio Solutions Ltd,Hyderabad,Manufacturing / Industrial,neochembio.com,₹80–150 Cr,no_structured_differentiation_tag,,IPO filed Nov 2025,bse_sme_ipo_drhp_pipeline|make_in_india_manufacturing|capital_markets_ipo_activity,data_with_dsir_recognition.csv+final_merged_dsir_promoters.csv,,Specialty Manufacturing (Chemicals/Biotech),no_structured_differentiation_tag|bse_sme_ipo_drhp_pipeline|make_in_india_manufacturing|capital_markets_ipo_activity|ipo_filed_nov_2025,1,manufacturer_or_industrial_segment,1,india_location_signal,0,no_differentiation_evidence,0,no_promoter_extract,1,sector_or_macro_tailwind_tags,1,growth_or_ipo_signal_in_text,4,67,65.0,4
NeuroCare Devices Ltd,Hyderabad,Manufacturing / Industrial,neurocaredevices.com,₹60–100 Cr,no_structured_differentiation_tag,,IPO filed Jan 2026,bse_sme_ipo_drhp_pipeline|make_in_india_manufacturing|capital_markets_ipo_activity,data_with_dsir_recognition.csv+final_merged_dsir_promoters.csv,,Specialty Manufacturing (Neuro MedTech),no_structured_differentiation_tag|bse_sme_ipo_drhp_pipeline|make_in_india_manufacturing|capital_markets_ipo_activity|ipo_filed_jan_2026,1,manufacturer_or_industrial_segment,1,india_location_signal,0,no_differentiation_evidence,0,no_promoter_extract,1,sector_or_macro_tailwind_tags,1,growth_or_ipo_signal_in_text,4,67,65.0,11
NeuroCare Labs Ltd,Hyderabad,Manufacturing / Industrial,neurocarelabs.com,₹60–100 Cr,no_structured_differentiation_tag,,IPO filed Jan 2026,bse_sme_ipo_drhp_pipeline|make_in_india_manufacturing|capital_markets_ipo_activity,data_with_dsir_recognition.csv+final_merged_dsir_promoters.csv,,Specialty Manufacturing (Neuro MedTech),no_structured_differentiation_tag|bse_sme_ipo_drhp_pipeline|make_in_india_manufacturing|capital_markets_ipo_activity|ipo_filed_jan_2026,1,manufacturer_or_industrial_segment,1,india_location_signal,0,no_differentiation_evidence,0,no_promoter_extract,1,sector_or_macro_tailwind_tags,1,growth_or_ipo_signal_in_text,4,67,65.0,3
NeuroMed Devices Ltd,Hyderabad,Manufacturing / Industrial,neuromeddevices.com,₹60–100 Cr,no_structured_differentiation_tag,,IPO filed Jan 2026,bse_sme_ipo_drhp_pipeline|make_in_india_manufacturing|capital_markets_ipo_activity,data_with_dsir_recognition.csv+final_merged_dsir_promoters.csv,,Specialty Manufacturing (Neuro MedTech),no_structured_differentiation_tag|bse_sme_ipo_drhp_pipeline|make_in_india_manufacturing|capital_markets_ipo_activity|ipo_filed_jan_2026,1,manufacturer_or_industrial_segment,1,india_location_signal,0,no_differentiation_evidence,0,no_promoter_extract,1,sector_or_macro_tailwind_tags,1,growth_or_ipo_signal_in_text,4,67,65.0,5
Parmeshwar Recycling Ltd,Surat,Manufacturing / Industrial,parmeshwarrecycling.com,₹40–80 Cr,no_structured_differentiation_tag,,IPO filed Sep 2025,bse_sme_ipo_drhp_pipeline|make_in_india_manufacturing|capital_markets_ipo_activity,data_with_dsir_recognition.csv+final_merged_dsir_promoters.csv,,Specialty Manufacturing (Recycling/Materials),no_structured_differentiation_tag|bse_sme_ipo_drhp_pipeline|make_in_india_manufacturing|capital_markets_ipo_activity|ipo_filed_sep_2025,1,manufacturer_or_industrial_segment,1,india_location_signal,0,no_differentiation_evidence,0,no_promoter_extract,1,sector_or_macro_tailwind_tags,1,growth_or_ipo_signal_in_text,4,67,65.0,2
Phychem Technologies Limited,"Gat No. 172, Khatwad, Dindori, Nashik, Mumbai, Maharashtra, India – 422004 Pooja Sharma, Company Secretary & Compliance Officer Email: cs@phychem.com Telephone: +91-95187-20873 www.phychem.com Promoter of the Company Umakant Savadekar, Ulka Umakant Savadekar, Nivrutti Sonu Savdek...",unspecified_see_drhp,www.phychem.com,Extract from restated financials in DRHP (pattern not matched).,iso_certification_mention,Promoter names not machine-extracted from sampled DRHP pages; verify in IPO prospectus or LinkedIn.,ISO certification mentioned,bse_sme_ipo_drhp_pipeline,drhp_companies_specified_format.csv+final_merged_dsir_promoters.csv,,See DRHP ‘Industry / Business overview’ section.,iso_certification_mention|bse_sme_ipo_drhp_pipeline|iso_certification_mentioned,0,not_classified_manufacturer,1,india_location_signal,1,cert_or_patent_evidence,0,no_promoter_extract,1,sector_or_macro_tailwind_tags,1,growth_or_ipo_signal_in_text,4,67,65.0,2
Poojaa Precision Engg. Limited,"Gat No. 253/1A, Village-Kharabwadi, Chakan, Pune, Maharashtra, India, 410501 Office No. T3 -401 & T -2 407, Kohinoor World Tower, Opp. Empire Estate, Chinchwad, Chinchwad East, Pune, Pune City, Maharashtra, India, 411019 Bhavana Phoolchand Tak, Company Secretary & Compliance Offi...",unspecified_see_drhp,https://www.hemsecurities.com/Offerdocume; www.poojacastings.in,Extract from restated financials in DRHP (pattern not matched).,iso_certification_mention,Promoter names not machine-extracted — verify in IPO prospectus or LinkedIn.,ISO certification mentioned,bse_sme_ipo_drhp_pipeline,drhp_companies_specified_format.csv+final_merged_dsir_promoters.csv,,See DRHP ‘Industry / Business overview’ section.,iso_certification_mention|bse_sme_ipo_drhp_pipeline|iso_certification_mentioned,0,not_classified_manufacturer,1,india_location_signal,1,cert_or_patent_evidence,0,weak_promoter_signal,1,sector_or_macro_tailwind_tags,1,growth_or_ipo_signal_in_text,4,67,65.0,2
Q Line Biotech Ltd,Hyderabad,Manufacturing / Industrial,qlinebiotech.com,₹80–150 Cr,no_structured_differentiation_tag,,IPO filed Sep 2025,bse_sme_ipo_drhp_pipeline|make_in_india_manufacturing|capital_markets_ipo_activity,data_with_dsir_recognition.csv+final_merged_dsir_promoters.csv,,Specialty Manufacturing (Biotech/Pharma),no_structured_differentiation_tag|bse_sme_ipo_drhp_pipeline|make_in_india_manufacturing|capital_markets_ipo_activity|ipo_filed_sep_2025,1,manufacturer_or_industrial_segment,1,india_location_signal,0,no_differentiation_evidence,0,no_promoter_extract,1,sector_or_macro_tailwind_tags,1,growth_or_ipo_signal_in_text,4,67,65.0,2
Radiant Innovative Manufacturing Limited,"Unit No. 412-413, Best Business Park, Plot No. P- 2, Netaji Subhash Place, New Delhi- 110034, India N.A. Ms. Himanshi Saluja Company Secretary & Compliance Officer investors@radiantiml.com & 011-45952200 www.radiantiml.com NAME OF PROMOTER(S) OF THE COMPANY MR. NITIN BAHL AND MR....",unspecified_see_drhp,www.narnolia.com; www.radiantiml.com; www.skylinerta.com,Extract from restated financials in DRHP (pattern not matched).,iso_certification_mention,Could not download DRHP PDF/ZIP for promoter extraction.,ISO certification mentioned; subsidiary / group structure,bse_sme_ipo_drhp_pipeline,drhp_companies_specified_format.csv+final_merged_dsir_promoters.csv,,See DRHP ‘Industry / Business overview’ section.,iso_certification_mention|bse_sme_ipo_drhp_pipeline|iso_certification_mentioned|subsidiary|group_structure,0,not_classified_manufacturer,1,india_location_signal,1,cert_or_patent_evidence,0,no_promoter_extract,1,sector_or_macro_tailwind_tags,1,growth_or_ipo_signal_in_text,4,67,65.0,2
Railtech Systems Ltd,Kolkata,Manufacturing / Industrial,railtechsystems.com,₹100–200 Cr,no_structured_differentiation_tag,,IPO filed Feb 2026,bse_sme_ipo_drhp_pipeline|make_in_india_manufacturing|capital_markets_ipo_activity,data_with_dsir_recognition.csv+final_merged_dsir_promoters.csv,,Specialty Manufacturing (Railway Tech),no_structured_differentiation_tag|bse_sme_ipo_drhp_pipeline|make_in_india_manufacturing|capital_markets_ipo_activity|ipo_filed_feb_2026,1,manufacturer_or_industrial_segment,1,india_location_signal,0,no_differentiation_evidence,0,no_promoter_extract,1,sector_or_macro_tailwind_tags,1,growth_or_ipo_signal_in_text,4,67,65.0,4
RailWorks Engineering Ltd,Kolkata,Manufacturing / Industrial,railworksengg.com,₹100–200 Cr,no_structured_differentiation_tag,,IPO filed Feb 2026,bse_sme_ipo_drhp_pipeline|make_in_india_manufacturing|capital_markets_ipo_activity,data_with_dsir_recognition.csv+final_merged_dsir_promoters.csv,,Specialty Manufacturing (Railway Tech),no_structured_differentiation_tag|bse_sme_ipo_drhp_pipeline|make_in_india_manufacturing|capital_markets_ipo_activity|ipo_filed_feb_2026,1,manufacturer_or_industrial_segment,1,india_location_signal,0,no_differentiation_evidence,0,no_promoter_extract,1,sector_or_macro_tailwind_tags,1,growth_or_ipo_signal_in_text,4,67,65.0,2
RailWorks Systems Ltd,Kolkata,Manufacturing / Industrial,railworkssystems.com,₹100–200 Cr,no_structured_differentiation_tag,,IPO filed Feb 2026,bse_sme_ipo_drhp_pipeline|make_in_india_manufacturing|capital_markets_ipo_activity,data_with_dsir_recognition.csv+final_merged_dsir_promoters.csv,,Specialty Manufacturing (Railway Tech),no_structured_differentiation_tag|bse_sme_ipo_drhp_pipeline|make_in_india_manufacturing|capital_markets_ipo_activity|ipo_filed_feb_2026,1,manufacturer_or_industrial_segment,1,india_location_signal,0,no_differentiation_evidence,0,no_promoter_extract,1,sector_or_macro_tailwind_tags,1,growth_or_ipo_signal_in_text,4,67,65.0,2
Rajnandini Fashion India Limited,"Area, Jaipur, Rajasthan, India - 302022",unspecified_see_drhp,https://rfil.in,Extract from restated financials in DRHP (pattern not matched).,iso_certification_mention,Promoter names not machine-extracted from sampled DRHP pages; verify in IPO prospectus or LinkedIn.,ISO certification mentioned,bse_sme_ipo_drhp_pipeline,drhp_companies_specified_format.csv+final_merged_dsir_promoters.csv,,See DRHP ‘Industry / Business overview’ section.,iso_certification_mention|bse_sme_ipo_drhp_pipeline|iso_certification_mentioned,0,not_classified_manufacturer,1,india_location_signal,1,cert_or_patent_evidence,0,no_promoter_extract,1,sector_or_macro_tailwind_tags,1,growth_or_ipo_signal_in_text,4,67,65.0,2
Recode Studios Limited,"TELEPHONE WEBSITE R-89, Phase V, Focal Point, Ludhiana, Punjab, India - 141010 Mukta Ahuja Company Secretary and Compliance Officer E-mail: info@recodestudios.com Tel No: 0161- 4752672 Website: www.shop.recodestudios.com",unspecified_see_drhp,https://serencapital.in/; www.mudrarta.com; www.recodestudios.com,Extract from restated financials in DRHP (pattern not matched).,iso_certification_mention,Promoter names not machine-extracted from sampled DRHP pages; verify in IPO prospectus or LinkedIn.,ISO certification mentioned,bse_sme_ipo_drhp_pipeline,drhp_companies_specified_format.csv+final_merged_dsir_promoters.csv,,See DRHP ‘Industry / Business overview’ section.,iso_certification_mention|bse_sme_ipo_drhp_pipeline|iso_certification_mentioned,0,not_classified_manufacturer,1,india_location_signal,1,cert_or_patent_evidence,0,no_promoter_extract,1,sector_or_macro_tailwind_tags,1,growth_or_ipo_signal_in_text,4,67,65.0,2
REX SEALING AND PACKING INDUSTRIES LIMITED,"A-207, 2nd Floor, Plot No.711 A, Byculla Services Industries, D K Road, Ghodapdeo, Byculla (East) Mumbai - 400027",unspecified_see_drhp,www.afsl.co.in; www.bigshareonline.com; www.rexseal.com,Extract from restated financials in DRHP (pattern not matched).,iso_certification_mention,Promoter names not machine-extracted from sampled DRHP pages; verify in IPO prospectus or LinkedIn.,ISO certification mentioned,bse_sme_ipo_drhp_pipeline,drhp_companies_specified_format.csv+final_merged_dsir_promoters.csv,,See DRHP ‘Industry / Business overview’ section.,iso_certification_mention|bse_sme_ipo_drhp_pipeline|iso_certification_mentioned,0,not_classified_manufacturer,1,india_location_signal,1,cert_or_patent_evidence,0,no_promoter_extract,1,sector_or_macro_tailwind_tags,1,growth_or_ipo_signal_in_text,4,67,65.0,2
Saffron Speciality Papers Limited,"77/5, Village Aamne Near Indian Petrol Pump, Thane, Bhiwandi 421302, Maharashtra We / us / our Unless the context otherwise indicates or implies, refers to our Company. You / your / yours Prospective investors in this Issue.",unspecified_see_drhp,www.saffronindia.net,Extract from restated financials in DRHP (pattern not matched).,iso_certification_mention,Promoter names not machine-extracted from sampled DRHP pages; verify in IPO prospectus or LinkedIn.,capex / capital expenditure; ISO certification mentioned,bse_sme_ipo_drhp_pipeline|capacity_expansion_tailwind,drhp_companies_specified_format.csv+final_merged_dsir_promoters.csv,,See DRHP ‘Industry / Business overview’ section.,iso_certification_mention|bse_sme_ipo_drhp_pipeline|capacity_expansion_tailwind|capex|capital_expenditure|iso_certification_mentioned,0,not_classified_manufacturer,1,india_location_signal,1,cert_or_patent_evidence,0,no_promoter_extract,1,sector_or_macro_tailwind_tags,1,growth_or_ipo_signal_in_text,4,67,65.0,2
Shanti Inorganics Ltd,Gujarat,Manufacturing / Industrial,shantiinorganics.com,₹70–120 Cr,no_structured_differentiation_tag,,IPO filed Sep 2025,bse_sme_ipo_drhp_pipeline|make_in_india_manufacturing|capital_markets_ipo_activity,data_with_dsir_recognition.csv+final_merged_dsir_promoters.csv,,Specialty Manufacturing (Chemicals),no_structured_differentiation_tag|bse_sme_ipo_drhp_pipeline|make_in_india_manufacturing|capital_markets_ipo_activity|ipo_filed_sep_2025,1,manufacturer_or_industrial_segment,1,india_location_signal,0,no_differentiation_evidence,0,no_promoter_extract,1,sector_or_macro_tailwind_tags,1,growth_or_ipo_signal_in_text,4,67,65.0,2
SHREYAS FABTECH LIMITED,Ahmedabad,Manufacturing / Industrial,www.gretexcorporate.com; www.linkintime.co.in; www.shreyas.biz,Extract from restated financials in DRHP (pattern not matched).,no_structured_differentiation_tag,Could not download DRHP PDF/ZIP for promoter extraction.,capex / capital expenditure,bse_sme_ipo_drhp_pipeline|make_in_india_manufacturing|capacity_expansion_tailwind,data_with_dsir_recognition.csv+drhp_companies_specified_format.csv+final_merged_dsir_promoters.csv,,Specialty Manufacturing (Fabrication/Engineering),no_structured_differentiation_tag|bse_sme_ipo_drhp_pipeline|make_in_india_manufacturing|capacity_expansion_tailwind|capex|capital_expenditure,1,manufacturer_or_industrial_segment,1,india_location_signal,0,no_differentiation_evidence,0,no_promoter_extract,1,sector_or_macro_tailwind_tags,1,growth_or_ipo_signal_in_text,4,67,65.0,3
Shyam Dhani Industries Ltd,Delhi NCR,Manufacturing / Industrial,shyamdhani.com,₹60–100 Cr,no_structured_differentiation_tag,,IPO filed Dec 2025,bse_sme_ipo_drhp_pipeline|make_in_india_manufacturing|capital_markets_ipo_activity,data_with_dsir_recognition.csv+final_merged_dsir_promoters.csv,,Specialty Manufacturing (Industrial Products),no_structured_differentiation_tag|bse_sme_ipo_drhp_pipeline|make_in_india_manufacturing|capital_markets_ipo_activity|ipo_filed_dec_2025,1,manufacturer_or_industrial_segment,1,india_location_signal,0,no_differentiation_evidence,0,no_promoter_extract,1,sector_or_macro_tailwind_tags,1,growth_or_ipo_signal_in_text,4,67,65.0,4
Simran Agrovet Ltd,Punjab,Manufacturing / Industrial,simranagrovet.com,₹50–90 Cr,no_structured_differentiation_tag,,IPO filed Sep 2025,bse_sme_ipo_drhp_pipeline|make_in_india_manufacturing|capital_markets_ipo_activity,data_with_dsir_recognition.csv+final_merged_dsir_promoters.csv,,Specialty Manufacturing (Agro/Animal Feed),no_structured_differentiation_tag|bse_sme_ipo_drhp_pipeline|make_in_india_manufacturing|capital_markets_ipo_activity|ipo_filed_sep_2025,1,manufacturer_or_industrial_segment,1,india_location_signal,0,no_differentiation_evidence,0,no_promoter_extract,1,sector_or_macro_tailwind_tags,1,growth_or_ipo_signal_in_text,4,67,65.0,2
SolarEdge Renewables Ltd,Chennai,Manufacturing / Industrial,solaredgerenewables.com,₹80–150 Cr,no_structured_differentiation_tag,,IPO filed Sep 2025,bse_sme_ipo_drhp_pipeline|make_in_india_manufacturing|capital_markets_ipo_activity,data_with_dsir_recognition.csv+final_merged_dsir_promoters.csv,,Specialty Manufacturing (Renewable Energy),no_structured_differentiation_tag|bse_sme_ipo_drhp_pipeline|make_in_india_manufacturing|capital_markets_ipo_activity|ipo_filed_sep_2025,1,manufacturer_or_industrial_segment,1,india_location_signal,0,no_differentiation_evidence,0,no_promoter_extract,1,sector_or_macro_tailwind_tags,1,growth_or_ipo_signal_in_text,4,67,65.0,2
Sri Priyanka Geo Commex Ltd,Hyderabad,Manufacturing / Industrial,sripriyankageo.com,₹30–60 Cr,no_structured_differentiation_tag,,IPO filed Aug 2025,bse_sme_ipo_drhp_pipeline|make_in_india_manufacturing|capital_markets_ipo_activity,data_with_dsir_recognition.csv+final_merged_dsir_promoters.csv,,Specialty Manufacturing (Trading/Commodities),no_structured_differentiation_tag|bse_sme_ipo_drhp_pipeline|make_in_india_manufacturing|capital_markets_ipo_activity|ipo_filed_aug_2025,1,manufacturer_or_industrial_segment,1,india_location_signal,0,no_differentiation_evidence,0,no_promoter_extract,1,sector_or_macro_tailwind_tags,1,growth_or_ipo_signal_in_text,4,67,65.0,4
Srinibas Pradhan Constructions Ltd,Odisha,Manufacturing / Industrial,spconstructions.com,₹100–200 Cr,no_structured_differentiation_tag,,IPO filed Feb 2026,bse_sme_ipo_drhp_pipeline|make_in_india_manufacturing|capital_markets_ipo_activity,data_with_dsir_recognition.csv+final_merged_dsir_promoters.csv,,Specialty Manufacturing (Construction/Infra),no_structured_differentiation_tag|bse_sme_ipo_drhp_pipeline|make_in_india_manufacturing|capital_markets_ipo_activity|ipo_filed_feb_2026,1,manufacturer_or_industrial_segment,1,india_location_signal,0,no_differentiation_evidence,0,no_promoter_extract,1,sector_or_macro_tailwind_tags,1,growth_or_ipo_signal_in_text,4,67,65.0,4
SSG Furnishing Solutions Ltd,Mumbai,Manufacturing / Industrial,ssgfurnishings.com,₹40–80 Cr,no_structured_differentiation_tag,,IPO filed Sep 2025,bse_sme_ipo_drhp_pipeline|make_in_india_manufacturing|capital_markets_ipo_activity,data_with_dsir_recognition.csv+final_merged_dsir_promoters.csv,,Specialty Manufacturing (Furniture),no_structured_differentiation_tag|bse_sme_ipo_drhp_pipeline|make_in_india_manufacturing|capital_markets_ipo_activity|ipo_filed_sep_2025,1,manufacturer_or_industrial_segment,1,india_location_signal,0,no_differentiation_evidence,0,no_promoter_extract,1,sector_or_macro_tailwind_tags,1,growth_or_ipo_signal_in_text,4,67,65.0,4
Streebo Solutions Ltd,Ahmedabad,Manufacturing / Industrial,streebo.com,₹50–90 Cr,no_structured_differentiation_tag,,IPO filed Sep 2025,bse_sme_ipo_drhp_pipeline|make_in_india_manufacturing|capital_markets_ipo_activity,data_with_dsir_recognition.csv+final_merged_dsir_promoters.csv,,Specialty Manufacturing (IT/Software Development),no_structured_differentiation_tag|bse_sme_ipo_drhp_pipeline|make_in_india_manufacturing|capital_markets_ipo_activity|ipo_filed_sep_2025,1,manufacturer_or_industrial_segment,1,india_location_signal,0,no_differentiation_evidence,0,no_promoter_extract,1,sector_or_macro_tailwind_tags,1,growth_or_ipo_signal_in_text,4,67,65.0,4
Striders Impex Ltd,Mumbai,Manufacturing / Industrial,stridersimpex.com,₹50–100 Cr,no_structured_differentiation_tag,,IPO filed Feb 2026,bse_sme_ipo_drhp_pipeline|make_in_india_manufacturing|capital_markets_ipo_activity,data_with_dsir_recognition.csv+final_merged_dsir_promoters.csv,,Specialty Manufacturing (Advanced Materials),no_structured_differentiation_tag|bse_sme_ipo_drhp_pipeline|make_in_india_manufacturing|capital_markets_ipo_activity|ipo_filed_feb_2026,1,manufacturer_or_industrial_segment,1,india_location_signal,0,no_differentiation_evidence,0,no_promoter_extract,1,sector_or_macro_tailwind_tags,1,growth_or_ipo_signal_in_text,4,67,65.0,2
Sunkind India Ltd,Pune,Manufacturing / Industrial,sunkindindia.com,₹40–70 Cr,no_structured_differentiation_tag,,IPO filed Sep 2025,bse_sme_ipo_drhp_pipeline|make_in_india_manufacturing|capital_markets_ipo_activity,data_with_dsir_recognition.csv+final_merged_dsir_promoters.csv,,Specialty Manufacturing (Food Products),no_structured_differentiation_tag|bse_sme_ipo_drhp_pipeline|make_in_india_manufacturing|capital_markets_ipo_activity|ipo_filed_sep_2025,1,manufacturer_or_industrial_segment,1,india_location_signal,0,no_differentiation_evidence,0,no_promoter_extract,1,sector_or_macro_tailwind_tags,1,growth_or_ipo_signal_in_text,4,67,65.0,2
Teja Engineering Industries Ltd,Hyderabad,Manufacturing / Industrial,tejaengg.com,₹70–120 Cr,no_structured_differentiation_tag,,IPO filed Sep 2025,bse_sme_ipo_drhp_pipeline|make_in_india_manufacturing|capital_markets_ipo_activity,data_with_dsir_recognition.csv+final_merged_dsir_promoters.csv,,Specialty Manufacturing (Industrial Equipment),no_structured_differentiation_tag|bse_sme_ipo_drhp_pipeline|make_in_india_manufacturing|capital_markets_ipo_activity|ipo_filed_sep_2025,1,manufacturer_or_industrial_segment,1,india_location_signal,0,no_differentiation_evidence,0,no_promoter_extract,1,sector_or_macro_tailwind_tags,1,growth_or_ipo_signal_in_text,4,67,65.0,2
Utkal Speciality Industries India Ltd,Odisha,Manufacturing / Industrial,utkalspeciality.com,₹50–90 Cr,no_structured_differentiation_tag,,IPO filed Sep 2025,bse_sme_ipo_drhp_pipeline|make_in_india_manufacturing|capital_markets_ipo_activity,data_with_dsir_recognition.csv+final_merged_dsir_promoters.csv,,Specialty Manufacturing (Chemicals),no_structured_differentiation_tag|bse_sme_ipo_drhp_pipeline|make_in_india_manufacturing|capital_markets_ipo_activity|ipo_filed_sep_2025,1,manufacturer_or_industrial_segment,1,india_location_signal,0,no_differentiation_evidence,0,no_promoter_extract,1,sector_or_macro_tailwind_tags,1,growth_or_ipo_signal_in_text,4,67,65.0,3
Value 360 Communications Ltd,Delhi NCR,Manufacturing / Industrial,value360communications.com,₹100–200 Cr,no_structured_differentiation_tag,,IPO filed Apr 2026,bse_sme_ipo_drhp_pipeline|make_in_india_manufacturing|capital_markets_ipo_activity,data_with_dsir_recognition.csv+final_merged_dsir_promoters.csv,,Specialty Manufacturing (Media/PR Services),no_structured_differentiation_tag|bse_sme_ipo_drhp_pipeline|make_in_india_manufacturing|capital_markets_ipo_activity|ipo_filed_apr_2026,1,manufacturer_or_industrial_segment,1,india_location_signal,0,no_differentiation_evidence,0,no_promoter_extract,1,sector_or_macro_tailwind_tags,1,growth_or_ipo_signal_in_text,4,67,65.0,3
Vivid Electromech Ltd,Bengaluru,Manufacturing / Industrial,vividelectromech.com,₹80–150 Cr,no_structured_differentiation_tag,,IPO filed Mar 2026,bse_sme_ipo_drhp_pipeline|make_in_india_manufacturing|capital_markets_ipo_activity,data_with_dsir_recognition.csv+final_merged_dsir_promoters.csv,,Specialty Manufacturing (Electrical Equipment),no_structured_differentiation_tag|bse_sme_ipo_drhp_pipeline|make_in_india_manufacturing|capital_markets_ipo_activity|ipo_filed_mar_2026,1,manufacturer_or_industrial_segment,1,india_location_signal,0,no_differentiation_evidence,0,no_promoter_extract,1,sector_or_macro_tailwind_tags,1,growth_or_ipo_signal_in_text,4,67,65.0,2
Yaap Digital Ltd,Mumbai,Manufacturing / Industrial,yaapdigital.com,₹50–90 Cr,no_structured_differentiation_tag,,IPO filed Feb 2026,bse_sme_ipo_drhp_pipeline|make_in_india_manufacturing|capital_markets_ipo_activity,data_with_dsir_recognition.csv+final_merged_dsir_promoters.csv,,Specialty Manufacturing (Digital Marketing/IT Services),no_structured_differentiation_tag|bse_sme_ipo_drhp_pipeline|make_in_india_manufacturing|capital_markets_ipo_activity|ipo_filed_feb_2026,1,manufacturer_or_industrial_segment,1,india_location_signal,0,no_differentiation_evidence,0,no_promoter_extract,1,sector_or_macro_tailwind_tags,1,growth_or_ipo_signal_in_text,4,67,65.0,4
Yashhtej Industries (India) Limited,"Additional MIDC, Latur, Maharashtra - 413512 We / us / our Unless the context otherwise indicates or implies, refers to our Company",unspecified_see_drhp,www.erudorecapital.com; www.masserv.com; www.yashhtej.com,Extract from restated financials in DRHP (pattern not matched).,iso_certification_mention,Could not download DRHP PDF/ZIP for promoter extraction.,ISO certification mentioned,bse_sme_ipo_drhp_pipeline,drhp_companies_specified_format.csv+final_merged_dsir_promoters.csv,,See DRHP ‘Industry / Business overview’ section.,iso_certification_mention|bse_sme_ipo_drhp_pipeline|iso_certification_mentioned,0,not_classified_manufacturer,1,india_location_signal,1,cert_or_patent_evidence,0,no_promoter_extract,1,sector_or_macro_tailwind_tags,1,growth_or_ipo_signal_in_text,4,67,65.0,2
Archee Group Contracts Limited,"National Capital Territory of Delhi and Haryana pursuant to a certificate of incorporation dated May 16, 2011 bearing Corporate Identification Number (",unspecified_see_drhp,www.archeegroup.com,₹0–5 Cr (approx from lakhs),no_structured_differentiation_tag,DRHP: Ms. Monika Dhaka Promoter Selling Shareholder Up; Ms. Monika Dhaka. Later,No explicit expansion/hiring/certification keywords in sampled pages — check MD&A / risk factors in full DRHP.,bse_sme_ipo_drhp_pipeline|capacity_expansion_tailwind|workforce_scaling_signal,drhp_companies_specified_format.csv+final_merged_dsir_promoters.csv,,See DRHP ‘Industry / Business overview’ section.,no_structured_differentiation_tag|bse_sme_ipo_drhp_pipeline|capacity_expansion_tailwind|workforce_scaling_signal|no_explicit_expansion|hiring|certification_keywords_in_sampled_pages_—_check_md&a|risk_factors_in_full_drhp,0,not_classified_manufacturer,1,india_location_signal,0,no_differentiation_evidence,1,named_individuals_in_promoter_field,1,sector_or_macro_tailwind_tags,1,growth_or_ipo_signal_in_text,4,67,60.0,2
Autofurnish Limited,"K-55, Udyog Nagar, Peeragarhi, Nangloi, West Delhi, New Delhi-110041",unspecified_see_drhp,www.autofurnish.com; www.novuscaps.com; www.skylinerta.com,Extract from restated financials in DRHP (pattern not matched).,no_structured_differentiation_tag,DRHP: Ms. Srishti Narang Company Secretary; Mr. Puneet Arora; Mr. Ruppal Wadhwa DETAILS OF OFFER TO; Ms. Srishti Narang,capacity expansion; subsidiary / group structure,bse_sme_ipo_drhp_pipeline|capacity_expansion_tailwind,drhp_companies_specified_format.csv+final_merged_dsir_promoters.csv,,See DRHP ‘Industry / Business overview’ section.,no_structured_differentiation_tag|bse_sme_ipo_drhp_pipeline|capacity_expansion_tailwind|capacity_expansion|subsidiary|group_structure,0,not_classified_manufacturer,1,india_location_signal,0,no_differentiation_evidence,1,named_individuals_in_promoter_field,1,sector_or_macro_tailwind_tags,1,growth_or_ipo_signal_in_text,4,67,60.0,2
Cargotrans Maritime Limited,"DBZ-S-61A, 2nd Floor, Shyam Paragon, Gandhidham, Kachchh – 370 201, Gujarat Mrs",unspecified_see_drhp,www.bigshareonline.com; www.cargotrans.in; www.cargotrans.in/; www.hemsecurities.com,Extract from restated financials in DRHP (pattern not matched).,no_structured_differentiation_tag,DRHP: Mrs. Chhayaben Mulani,No explicit expansion/hiring/certification keywords in sampled pages — check MD&A / risk factors in full DRHP.,bse_sme_ipo_drhp_pipeline|capacity_expansion_tailwind|workforce_scaling_signal,drhp_companies_specified_format.csv+final_merged_dsir_promoters.csv,,See DRHP ‘Industry / Business overview’ section.,no_structured_differentiation_tag|bse_sme_ipo_drhp_pipeline|capacity_expansion_tailwind|workforce_scaling_signal|no_explicit_expansion|hiring|certification_keywords_in_sampled_pages_—_check_md&a|risk_factors_in_full_drhp,0,not_classified_manufacturer,1,india_location_signal,0,no_differentiation_evidence,1,named_individuals_in_promoter_field,1,sector_or_macro_tailwind_tags,1,growth_or_ipo_signal_in_text,4,67,60.0,2
CLN Energy Limited,"Plot-18, Sector-140, Phase-2, Nepz Post Office, Gautam Buddha Nagar, Dadri, 201305, Uttar Pradesh, India",unspecified_see_drhp,www.afsl.co.in; www.clnenergy.in,Extract from restated financials in DRHP (pattern not matched).,no_structured_differentiation_tag,DRHP: Mr. Jeevan Chand Managerial Remuneration; Mr. Sunil Gandhi Managerial Remuneration; Mr. Manish Shah; Mr. Jeevan Chand; Mr. Sunil Gandhi,No explicit expansion/hiring/certification keywords in sampled pages — check MD&A / risk factors in full DRHP.,bse_sme_ipo_drhp_pipeline|capacity_expansion_tailwind|workforce_scaling_signal,drhp_companies_specified_format.csv+final_merged_dsir_promoters.csv,,See DRHP ‘Industry / Business overview’ section.,no_structured_differentiation_tag|bse_sme_ipo_drhp_pipeline|capacity_expansion_tailwind|workforce_scaling_signal|no_explicit_expansion|hiring|certification_keywords_in_sampled_pages_—_check_md&a|risk_factors_in_full_drhp,0,not_classified_manufacturer,1,india_location_signal,0,no_differentiation_evidence,1,named_individuals_in_promoter_field,1,sector_or_macro_tailwind_tags,1,growth_or_ipo_signal_in_text,4,67,60.0,2
Dhillon Freight Carrier Limited,"– Kolkata. For further details of change in name and registered office of our company, please refer to section titled “",unspecified_see_drhp,www.dfclogistics.in,Extract from restated financials in DRHP (pattern not matched).,no_structured_differentiation_tag,DRHP: Mrs. Sneha Agarwal; Mr. S. Ramakrishna Iyengar KFIN TECHNOLOGIES LIMITED; Mr. Dhillon. Subsequently; Mr. Karan Singh Dhillon; Mrs. Rucheka Kothari; Mr. Javed Anw; Mr. Javed Anwar; Mr. Karamveer Dhillon,No explicit expansion/hiring/certification keywords in sampled pages — check MD&A / risk factors in full DRHP.,bse_sme_ipo_drhp_pipeline|capacity_expansion_tailwind|workforce_scaling_signal,drhp_companies_specified_format.csv+final_merged_dsir_promoters.csv,,See DRHP ‘Industry / Business overview’ section.,no_structured_differentiation_tag|bse_sme_ipo_drhp_pipeline|capacity_expansion_tailwind|workforce_scaling_signal|no_explicit_expansion|hiring|certification_keywords_in_sampled_pages_—_check_md&a|risk_factors_in_full_drhp,0,not_classified_manufacturer,1,india_location_signal,0,no_differentiation_evidence,1,named_individuals_in_promoter_field,1,sector_or_macro_tailwind_tags,1,growth_or_ipo_signal_in_text,4,67,60.0,2
Diksha Polymers Limited,Ahmedabad,unspecified_see_drhp,www.afsl.co.in; www.cameoindia.com; www.dikshagroup.in,₹5–25 Cr (approx from lakhs),rnd_mention,DRHP: Mrs. Anjana Mandelia. For,capacity expansion; backward integration,bse_sme_ipo_drhp_pipeline|capacity_expansion_tailwind,data_with_dsir_recognition.csv+drhp_companies_specified_format.csv+final_merged_dsir_promoters.csv,,See DRHP ‘Industry / Business overview’ section.,rnd_mention|bse_sme_ipo_drhp_pipeline|capacity_expansion_tailwind|capacity_expansion|backward_integration,0,not_classified_manufacturer,1,india_location_signal,0,no_differentiation_evidence,1,named_individuals_in_promoter_field,1,sector_or_macro_tailwind_tags,1,growth_or_ipo_signal_in_text,4,67,60.0,5
Droneacharya Aerial Innovations Limited,Karnataka,unspecified_see_drhp,www.bigshareonline.com; www.ccvindia.com; www.droneacharya.com,Extract from restated financials in DRHP (pattern not matched).,no_structured_differentiation_tag,DRHP: Ms. Mukula Jayanat Joshi; Ms. Mukula Jayant Joshi; Mr. Prateek Srivastava; Mrs. Nikita Srivastava; Mrs. Nikita Srivastava. For,No explicit expansion/hiring/certification keywords in sampled pages — check MD&A / risk factors in full DRHP.,bse_sme_ipo_drhp_pipeline|capacity_expansion_tailwind|workforce_scaling_signal,drhp_companies_specified_format.csv+final_merged_dsir_promoters.csv,U29308KA2017PLC101287,See DRHP ‘Industry / Business overview’ section.,no_structured_differentiation_tag|bse_sme_ipo_drhp_pipeline|capacity_expansion_tailwind|workforce_scaling_signal|no_explicit_expansion|hiring|certification_keywords_in_sampled_pages_—_check_md&a|risk_factors_in_full_drhp,0,not_classified_manufacturer,1,india_location_signal,0,no_differentiation_evidence,1,named_individuals_in_promoter_field,1,sector_or_macro_tailwind_tags,1,growth_or_ipo_signal_in_text,4,67,60.0,2
FINELISTINGS TECHNOLOGIES LIMITED,"G-07, Ground Floor, Ambience Mall, Nelson Mandela Road, Vasant Kunj, South West Delhi, New Delhi - 110070, India.",unspecified_see_drhp,https://www.finecars.co.in/; www.fedsec.in; www.skylinerta.com,Extract from restated financials in DRHP (pattern not matched).,no_structured_differentiation_tag,DRHP: ANEESH MATHUR AND ARJUN SINGH RAJPUT,No explicit expansion/hiring/certification keywords in sampled pages — check MD&A / risk factors in full DRHP.,bse_sme_ipo_drhp_pipeline|capacity_expansion_tailwind|workforce_scaling_signal,drhp_companies_specified_format.csv+final_merged_dsir_promoters.csv,,See DRHP ‘Industry / Business overview’ section.,no_structured_differentiation_tag|bse_sme_ipo_drhp_pipeline|capacity_expansion_tailwind|workforce_scaling_signal|no_explicit_expansion|hiring|certification_keywords_in_sampled_pages_—_check_md&a|risk_factors_in_full_drhp,0,not_classified_manufacturer,1,india_location_signal,0,no_differentiation_evidence,1,rich_drhp_promoter_blob,1,sector_or_macro_tailwind_tags,1,growth_or_ipo_signal_in_text,4,67,60.0,2
FLYWINGS SIMULATOR TRAINING CENTRE LIMITED,Bengaluru,unspecified_see_drhp,www.fwstc.co.in,Extract from restated financials in DRHP (pattern not matched).,no_structured_differentiation_tag,DRHP: Mr. Robbin Company Secretary; Ms. Rupal Sanjay Mandavia,No explicit expansion/hiring/certification keywords in sampled pages — check MD&A / risk factors in full DRHP.,bse_sme_ipo_drhp_pipeline|capacity_expansion_tailwind|workforce_scaling_signal,data_with_dsir_recognition.csv+drhp_companies_specified_format.csv+final_merged_dsir_promoters.csv,,See DRHP ‘Industry / Business overview’ section.,no_structured_differentiation_tag|bse_sme_ipo_drhp_pipeline|capacity_expansion_tailwind|workforce_scaling_signal|no_explicit_expansion|hiring|certification_keywords_in_sampled_pages_—_check_md&a|risk_factors_in_full_drhp,0,not_classified_manufacturer,1,india_location_signal,0,no_differentiation_evidence,1,named_individuals_in_promoter_field,1,sector_or_macro_tailwind_tags,1,growth_or_ipo_signal_in_text,4,67,60.0,5
GABION TECHNOLOGIES INDIA LIMITED,"Mumbai, Maharashtra to New Delhi and fresh certificate of incorporation was obtained from ROC, Delhi vide",unspecified_see_drhp,www.gyrcapitaladvisors.com; www.kfintech.com,Extract from restated financials in DRHP (pattern not matched).,no_structured_differentiation_tag,DRHP: Ms. Puja Aggarwal; Ms. Puja Aggarwal Company Secretary; Mr. Mohit Baid SEBI Registration Number; engaged in a similar line of business,capex / capital expenditure; hiring / recruitment; subsidiary / group structure,bse_sme_ipo_drhp_pipeline|capacity_expansion_tailwind|workforce_scaling_signal,drhp_companies_specified_format.csv+final_merged_dsir_promoters.csv,,See DRHP ‘Industry / Business overview’ section.,no_structured_differentiation_tag|bse_sme_ipo_drhp_pipeline|capacity_expansion_tailwind|workforce_scaling_signal|capex|capital_expenditure|hiring|recruitment|subsidiary|group_structure,0,not_classified_manufacturer,1,india_location_signal,0,no_differentiation_evidence,1,named_individuals_in_promoter_field,1,sector_or_macro_tailwind_tags,1,growth_or_ipo_signal_in_text,4,67,60.0,2
INTERIORS & MORE LIMITED,"Kumtha Street, off. Shahid Bhagat Singh Road, Ballard Estate, Fort Mumbai G.P.O. Mumbai Maharashtra 400001 India.",unspecified_see_drhp,www.inm.net.in,Extract from restated financials in DRHP (pattern not matched).,no_structured_differentiation_tag,DRHP: Ms. Kuntal Pankaj Sharma Company Secretary; Ms. Kuntal Pankaj Sharma; Mr. Manish Mohan Tibrewal; Mr. Rahul Jhunjhunwala,No explicit expansion/hiring/certification keywords in sampled pages — check MD&A / risk factors in full DRHP.,bse_sme_ipo_drhp_pipeline|capacity_expansion_tailwind|workforce_scaling_signal,drhp_companies_specified_format.csv+final_merged_dsir_promoters.csv,,See DRHP ‘Industry / Business overview’ section.,no_structured_differentiation_tag|bse_sme_ipo_drhp_pipeline|capacity_expansion_tailwind|workforce_scaling_signal|no_explicit_expansion|hiring|certification_keywords_in_sampled_pages_—_check_md&a|risk_factors_in_full_drhp,0,not_classified_manufacturer,1,india_location_signal,0,no_differentiation_evidence,1,named_individuals_in_promoter_field,1,sector_or_macro_tailwind_tags,1,growth_or_ipo_signal_in_text,4,67,60.0,2
JD Cables Limited,"DATE AND SHALL BE MADE AVAILABLE TO THE BSE LIMITED (“BSE”) FOR THE PURPOSES OF UPLOADING ON THEIR WEBSITE IN ACCORDANCE WITH SECURITIES AND EXCHANGE BOARD OF INDIA (OFFER OF CAPITAL AND DISCLOSURE REQUIREMENTS) REGULATIONS, 2018, AS AMENDED (THE “SEBI ICDR REGULATIONS”).",unspecified_see_drhp,https://jdcables.in/; www.gyrcapitaladvisors.com; www.linkintime.co.in,Extract from restated financials in DRHP (pattern not matched).,no_structured_differentiation_tag,Mr. Piyush Garodia Promoter Selling Shareholder; Mrs. Vrunda Pathak; Ms. Shanti Gopalkrishnan Telephone; Ms. Swati Mittal; Ms. Swati Mittal Company Secretary,capacity expansion; capex / capital expenditure; facility expansion,bse_sme_ipo_drhp_pipeline|capacity_expansion_tailwind,drhp_companies_specified_format.csv+final_merged_dsir_promoters.csv,,See DRHP ‘Industry / Business overview’ section.,no_structured_differentiation_tag|bse_sme_ipo_drhp_pipeline|capacity_expansion_tailwind|capacity_expansion|capex|capital_expenditure|facility_expansion,0,not_classified_manufacturer,1,india_location_signal,0,no_differentiation_evidence,1,named_individuals_in_promoter_field,1,sector_or_macro_tailwind_tags,1,growth_or_ipo_signal_in_text,4,67,60.0,2
Kanone Technologies Limited,"B4(1) 46/2678, Kaniyapilly Road, Chakkaraparambu Vennala P.O Ernakulam, Vennala, Ernakulam, Ernakulam, Kerala, India, 682028",unspecified_see_drhp,www.cameoindia.com; www.ftfinsec.com; www.kanone.in,Extract from restated financials in DRHP (pattern not matched).,no_structured_differentiation_tag,DRHP: Mrs. Sweety Jhunjhunwala Company Secretary; Mr. Faizal Bavaraparambil Abdul Khader; Mrs. Sruthi Muhammed Ali; Mr. Anaz Abdul Khader Bavaraparambil; Mrs. Sweety Jhunjhunwala; Mr. Vivek Vilas Joshi; Mr. Adarsh Punnakkattu Vinu,No explicit expansion/hiring/certification keywords in sampled pages — check MD&A / risk factors in full DRHP.,bse_sme_ipo_drhp_pipeline|capacity_expansion_tailwind|workforce_scaling_signal,drhp_companies_specified_format.csv+final_merged_dsir_promoters.csv,,See DRHP ‘Industry / Business overview’ section.,no_structured_differentiation_tag|bse_sme_ipo_drhp_pipeline|capacity_expansion_tailwind|workforce_scaling_signal|no_explicit_expansion|hiring|certification_keywords_in_sampled_pages_—_check_md&a|risk_factors_in_full_drhp,0,not_classified_manufacturer,1,india_location_signal,0,no_differentiation_evidence,1,named_individuals_in_promoter_field,1,sector_or_macro_tailwind_tags,1,growth_or_ipo_signal_in_text,4,67,60.0,2
Koura Fine Diamond Jewelry Limited,"304, Iscon Emporio, B/S Star India Bazar Near Jodhpur Cross Road, Satellite, Ahmedabad-380015, Gujarat, India.","which one can evaluate our business, future prospects and viability.",www.gyrcapitaladvisors.com; www.kfintech.com; www.kouradiamondjewelry.com,Extract from restated financials in DRHP (pattern not matched).,no_structured_differentiation_tag,Mr. Kamlesh Keshavlal Lodhiya,No explicit expansion/hiring/certification keywords in sampled pages — check MD&A / risk factors in full DRHP.,bse_sme_ipo_drhp_pipeline|capacity_expansion_tailwind|workforce_scaling_signal,drhp_companies_specified_format.csv+final_merged_dsir_promoters.csv,,"which one can evaluate our business, future prospects and viability.",no_structured_differentiation_tag|bse_sme_ipo_drhp_pipeline|capacity_expansion_tailwind|workforce_scaling_signal|no_explicit_expansion|hiring|certification_keywords_in_sampled_pages_—_check_md&a|risk_factors_in_full_drhp,0,not_classified_manufacturer,1,india_location_signal,0,no_differentiation_evidence,1,named_individuals_in_promoter_field,1,sector_or_macro_tailwind_tags,1,growth_or_ipo_signal_in_text,4,67,60.0,2
Leo Dryfruits & Spices Trading Limited,"Office Contact Person Email and Telephone Website A 812, MIDC Khairane, Thane Belapur Rd, TTC Industrial Area, Koperkhairane, Thane, Maharashtra-400705, India N.A. Ms. Pratibha Kumari Bharadia Company Secretary and Compliance Officer Email: info@leodryfruitsandspices.com",unspecified_see_drhp,www.leodryfruitsandspices.com,Extract from restated financials in DRHP (pattern not matched).,no_structured_differentiation_tag,DRHP: Ms. Pratibha Kumari Bharadia Company Secretary; Ms. Tanya Goyal E-mail; Ms. Pratibha Kumari Bharadia; Mr. Kaushik Sobhagchand Shah. MOA; Mr. Parth Ashish Mehta. NRIs; Mr. Kaushik Sobhagchand Shah; Mr. Ketan Sobhagchand Shah; Mr. Parth Ashish Mehta. For; Mr. Ashish Jaswantrai Mehta; Mr. Parth Ashish Mehta. Stakeholders Relationship Committee,No explicit expansion/hiring/certification keywords in sampled pages — check MD&A / risk factors in full DRHP.,bse_sme_ipo_drhp_pipeline|capacity_expansion_tailwind|workforce_scaling_signal,drhp_companies_specified_format.csv+final_merged_dsir_promoters.csv,,See DRHP ‘Industry / Business overview’ section.,no_structured_differentiation_tag|bse_sme_ipo_drhp_pipeline|capacity_expansion_tailwind|workforce_scaling_signal|no_explicit_expansion|hiring|certification_keywords_in_sampled_pages_—_check_md&a|risk_factors_in_full_drhp,0,not_classified_manufacturer,1,india_location_signal,0,no_differentiation_evidence,1,named_individuals_in_promoter_field,1,sector_or_macro_tailwind_tags,1,growth_or_ipo_signal_in_text,4,67,60.0,2
NACDAC Infrastructure Limited,"OFFICE CONTACT PERSON EMAIL ID AND TELEPHONE WEBSITE KF-120 Kavi Nagar, Ghaziabad, Uttar Pradesh, India, 201002 77, 2nd Floor, Navyug Market, Ghaziabad, Uttar Pradesh, India, 201001 Mr. Pradeep Singh Company Secretary and Compliance Officer Email-id: compliance.nacdac@gmail.com I...",unspecified_see_drhp,http://nacdacinfrastructure.com/; www.nacdacinfrstructure.com,Extract from restated financials in DRHP (pattern not matched).,no_structured_differentiation_tag,Mr. Ashish Saxena,No explicit expansion/hiring/certification keywords in sampled pages — check MD&A / risk factors in full DRHP.,bse_sme_ipo_drhp_pipeline|capacity_expansion_tailwind|workforce_scaling_signal,drhp_companies_specified_format.csv+final_merged_dsir_promoters.csv,,See DRHP ‘Industry / Business overview’ section.,no_structured_differentiation_tag|bse_sme_ipo_drhp_pipeline|capacity_expansion_tailwind|workforce_scaling_signal|no_explicit_expansion|hiring|certification_keywords_in_sampled_pages_—_check_md&a|risk_factors_in_full_drhp,0,not_classified_manufacturer,1,india_location_signal,0,no_differentiation_evidence,1,named_individuals_in_promoter_field,1,sector_or_macro_tailwind_tags,1,growth_or_ipo_signal_in_text,4,67,60.0,2
Naturewings Holidays Limited,"DGK- 417, 4th Floor, DLF Galleria Building, Newtown, Kolkata North 24 Parganas New Town - 700156, West Bengal, India Tel No. / Mob No: +91 931317505;",unspecified_see_drhp,www.bigshareonline.com; www.fedsec.in; www.naturewings.com,Extract from restated financials in DRHP (pattern not matched).,no_structured_differentiation_tag,DRHP: Mr. Aniket Chindarkar SEBI Registration No,No explicit expansion/hiring/certification keywords in sampled pages — check MD&A / risk factors in full DRHP.,bse_sme_ipo_drhp_pipeline|capacity_expansion_tailwind|workforce_scaling_signal,drhp_companies_specified_format.csv+final_merged_dsir_promoters.csv,,See DRHP ‘Industry / Business overview’ section.,no_structured_differentiation_tag|bse_sme_ipo_drhp_pipeline|capacity_expansion_tailwind|workforce_scaling_signal|no_explicit_expansion|hiring|certification_keywords_in_sampled_pages_—_check_md&a|risk_factors_in_full_drhp,0,not_classified_manufacturer,1,india_location_signal,0,no_differentiation_evidence,1,named_individuals_in_promoter_field,1,sector_or_macro_tailwind_tags,1,growth_or_ipo_signal_in_text,4,67,60.0,2
Neptune Logitek Limited,"EMAIL WEBSITE BBZ-N-62/A, WARD 12/A, Gandhidham, Kachchh - 370201, Gujarat, India Mrs",unspecified_see_drhp,www.bigshareonline.com; www.galacticocorp.com; www.neptunelogitek.com,Extract from restated financials in DRHP (pattern not matched).,no_structured_differentiation_tag,DRHP: Mrs. Manisha Jain Company Secretary; Mr. Vishal Sancheti CIN; Mr. Ganesh Shinde SEBI Registration No; Mr. Ankit Devidas Shah; Mrs. Reema Ankit Shah. For,No explicit expansion/hiring/certification keywords in sampled pages — check MD&A / risk factors in full DRHP.,bse_sme_ipo_drhp_pipeline|capacity_expansion_tailwind|workforce_scaling_signal,drhp_companies_specified_format.csv+final_merged_dsir_promoters.csv,,See DRHP ‘Industry / Business overview’ section.,no_structured_differentiation_tag|bse_sme_ipo_drhp_pipeline|capacity_expansion_tailwind|workforce_scaling_signal|no_explicit_expansion|hiring|certification_keywords_in_sampled_pages_—_check_md&a|risk_factors_in_full_drhp,0,not_classified_manufacturer,1,india_location_signal,0,no_differentiation_evidence,1,named_individuals_in_promoter_field,1,sector_or_macro_tailwind_tags,1,growth_or_ipo_signal_in_text,4,67,60.0,2
Nimstech Industries Limited,"Plot No. 38, GIDC Estate, Sector-25, Gandhinagar, Gujarat- 382024",unspecified_see_drhp,https://tcagroup.in; www.nimstech.com; www.skylinerta.com,Extract from restated financials in DRHP (pattern not matched).,no_structured_differentiation_tag,DRHP: Mr. Nimeshkumar Parsotambhai Patel; Mrs. Sonal Nimesh Patel DETAILS OF OFFER; Ms. Yashi Srivastava Telephone; Mr. Pawan Singh Bisht Telephone; Ms. Meena Omprakash Rangvani; Mrs. Sonal Nimesh Patel Promoter Group,No explicit expansion/hiring/certification keywords in sampled pages — check MD&A / risk factors in full DRHP.,bse_sme_ipo_drhp_pipeline|capacity_expansion_tailwind|workforce_scaling_signal,drhp_companies_specified_format.csv+final_merged_dsir_promoters.csv,,See DRHP ‘Industry / Business overview’ section.,no_structured_differentiation_tag|bse_sme_ipo_drhp_pipeline|capacity_expansion_tailwind|workforce_scaling_signal|no_explicit_expansion|hiring|certification_keywords_in_sampled_pages_—_check_md&a|risk_factors_in_full_drhp,0,not_classified_manufacturer,1,india_location_signal,0,no_differentiation_evidence,1,named_individuals_in_promoter_field,1,sector_or_macro_tailwind_tags,1,growth_or_ipo_signal_in_text,4,67,60.0,2
Paradeep Parivahan Limited,"Odisha. Subsequently, our Company was converted into a Public Limited Company pursuant to shareholders resolution passed at the Extra Ordinary General Meeting of the Company held on March 06, 2024 and the name of our Company was changed from “Paradeep Parivahan Private Limited” t...",unspecified_see_drhp,www.paradeepparivahan.com,Extract from restated financials in DRHP (pattern not matched).,no_structured_differentiation_tag,DRHP: Mr. Khalid Khan Managing Director Tel No; Mr. Khalid Khan PROMOTERS OF OUR; Mr. Khalid Khan; Ms. Fouzia Khan; Mr. Pravat Kumar Nandi; Ms. Parbati Priya Nandi; Ms. Alka Bothra; Mr. Faisal Khan; Mr. Nasir Uddin Khan,capex / capital expenditure; subsidiary / group structure,bse_sme_ipo_drhp_pipeline|capacity_expansion_tailwind,drhp_companies_specified_format.csv+final_merged_dsir_promoters.csv,,See DRHP ‘Industry / Business overview’ section.,no_structured_differentiation_tag|bse_sme_ipo_drhp_pipeline|capacity_expansion_tailwind|capex|capital_expenditure|subsidiary|group_structure,0,not_classified_manufacturer,1,india_location_signal,0,no_differentiation_evidence,1,named_individuals_in_promoter_field,1,sector_or_macro_tailwind_tags,1,growth_or_ipo_signal_in_text,4,67,60.0,2
Phytochem Remedies (India) Limited,"Nagar Main Road, Udaipur City, Udaipur, Girwa, Rajasthan-313001",unspecified_see_drhp,www.bigshareonline.com; www.mefcomcap.in; www.phytochem.co.in,Extract from restated financials in DRHP (pattern not matched).,no_structured_differentiation_tag,DRHP: ADITI BOHRA; BOHRA AGRIFILMS PRIVATE LIMITED,No explicit expansion/hiring/certification keywords in sampled pages — check MD&A / risk factors in full DRHP.,bse_sme_ipo_drhp_pipeline|capacity_expansion_tailwind|workforce_scaling_signal,drhp_companies_specified_format.csv+final_merged_dsir_promoters.csv,,See DRHP ‘Industry / Business overview’ section.,no_structured_differentiation_tag|bse_sme_ipo_drhp_pipeline|capacity_expansion_tailwind|workforce_scaling_signal|no_explicit_expansion|hiring|certification_keywords_in_sampled_pages_—_check_md&a|risk_factors_in_full_drhp,0,not_classified_manufacturer,1,india_location_signal,0,no_differentiation_evidence,1,rich_drhp_promoter_blob,1,sector_or_macro_tailwind_tags,1,growth_or_ipo_signal_in_text,4,67,60.0,2
Popular Foundations limited,"New No. 32/1, 32/2, Old No. 9/1, 9/2, Kamatchi Apartment, 10th Avenue, Ashok Nagar, Chennai- 600083, Tamilnadu, India N.A Ms. Soniya Sharma, Company Secretary and Compliance Officer Tel: +91 9414987318 Email: info@grouppopular.com",unspecified_see_drhp,www.bigshareonline.com; www.grouppopular.com; www.srujanalpha.com,Extract from restated financials in DRHP (pattern not matched).,no_structured_differentiation_tag,DRHP: Ms. Soniya Sharma; Mr. Jinesh Doshi Telephone; Mr Jinesh Doshi E-mail; Mr. Vinayak Morbale SEBI Registration Number,No explicit expansion/hiring/certification keywords in sampled pages — check MD&A / risk factors in full DRHP.,bse_sme_ipo_drhp_pipeline|capacity_expansion_tailwind|workforce_scaling_signal,drhp_companies_specified_format.csv+final_merged_dsir_promoters.csv,,See DRHP ‘Industry / Business overview’ section.,no_structured_differentiation_tag|bse_sme_ipo_drhp_pipeline|capacity_expansion_tailwind|workforce_scaling_signal|no_explicit_expansion|hiring|certification_keywords_in_sampled_pages_—_check_md&a|risk_factors_in_full_drhp,0,not_classified_manufacturer,1,india_location_signal,0,no_differentiation_evidence,1,named_individuals_in_promoter_field,1,sector_or_macro_tailwind_tags,1,growth_or_ipo_signal_in_text,4,67,60.0,2
Rajeshwari Cans Limited,"96 Mahagujarat Industrial Esta te, Moraiya, Ta: Sanand, Ahmedaba d - 382210, Gujarat, India Promoter(s) / Core Promoter(s) 1",unspecified_see_drhp,www.bigshareonline.com; www.fedsec.in; www.rajeshwaricans.com,Extract from restated financials in DRHP (pattern not matched).,no_structured_differentiation_tag,DRHP: Ms. Vishakha Gujrati,No explicit expansion/hiring/certification keywords in sampled pages — check MD&A / risk factors in full DRHP.,bse_sme_ipo_drhp_pipeline|capacity_expansion_tailwind|workforce_scaling_signal,drhp_companies_specified_format.csv+final_merged_dsir_promoters.csv,,See DRHP ‘Industry / Business overview’ section.,no_structured_differentiation_tag|bse_sme_ipo_drhp_pipeline|capacity_expansion_tailwind|workforce_scaling_signal|no_explicit_expansion|hiring|certification_keywords_in_sampled_pages_—_check_md&a|risk_factors_in_full_drhp,0,not_classified_manufacturer,1,india_location_signal,0,no_differentiation_evidence,1,named_individuals_in_promoter_field,1,sector_or_macro_tailwind_tags,1,growth_or_ipo_signal_in_text,4,67,60.0,2
Repono Limited,up 1020 Sq,unspecified_see_drhp,https://repono.in/; www.cameoindia.com; www.wealthminenetworks.com,Extract from restated financials in DRHP (pattern not matched).,no_structured_differentiation_tag,DRHP: Mr. Mistry Jinesh Deepakkumar; Mr. Sankalpa Bhattacherjee,No explicit expansion/hiring/certification keywords in sampled pages — check MD&A / risk factors in full DRHP.,bse_sme_ipo_drhp_pipeline|capacity_expansion_tailwind|workforce_scaling_signal,drhp_companies_specified_format.csv+final_merged_dsir_promoters.csv,,See DRHP ‘Industry / Business overview’ section.,no_structured_differentiation_tag|bse_sme_ipo_drhp_pipeline|capacity_expansion_tailwind|workforce_scaling_signal|no_explicit_expansion|hiring|certification_keywords_in_sampled_pages_—_check_md&a|risk_factors_in_full_drhp,0,not_classified_manufacturer,1,india_location_signal,0,no_differentiation_evidence,1,named_individuals_in_promoter_field,1,sector_or_macro_tailwind_tags,1,growth_or_ipo_signal_in_text,4,67,60.0,2
SATTRIX INFORMATION SECURITY LIMITED,"28, Damubhai Colony , Bhattha Paldi, Ahmedabad- 380007 Gujarat, India Ms.Rina Kumari Company Secretary and Compliance Officer",unspecified_see_drhp,www.bigshareonline.com; www.iskadvisors.com; www.sattrix.com,Extract from restated financials in DRHP (pattern not matched).,no_structured_differentiation_tag,DRHP: Mr. Sachhin Kishorbhai Gajjaer; Mrs. Ronak Sachin Gajjar THE ISSUE INITIAL; Mrs. Ronak Sachin Gajjar Promoter Group Such; Mrs. Ronak Sachin Gajjar Company Secretary; Ms. Rina Kumari. Director,No explicit expansion/hiring/certification keywords in sampled pages — check MD&A / risk factors in full DRHP.,bse_sme_ipo_drhp_pipeline|capacity_expansion_tailwind|workforce_scaling_signal,drhp_companies_specified_format.csv+final_merged_dsir_promoters.csv,,See DRHP ‘Industry / Business overview’ section.,no_structured_differentiation_tag|bse_sme_ipo_drhp_pipeline|capacity_expansion_tailwind|workforce_scaling_signal|no_explicit_expansion|hiring|certification_keywords_in_sampled_pages_—_check_md&a|risk_factors_in_full_drhp,0,not_classified_manufacturer,1,india_location_signal,0,no_differentiation_evidence,1,named_individuals_in_promoter_field,1,sector_or_macro_tailwind_tags,1,growth_or_ipo_signal_in_text,4,67,60.0,2
Seemax Resources Limited,"Registered Office: 403, Mayfair Corporate Park, Behind DPS School, Kalali, Vadodara, Gujarat, India,390012; Tel",unspecified_see_drhp,www.cameoindia.com; www.seemaxresources.com; www.wealthminenetworks.com,₹5–25 Cr (approx from lakhs),no_structured_differentiation_tag,Mr. Amit Naldev Trivedi; Mr. Amit Naldev Trivedi Managing Director; Mr. Pankaj Kewalramani; Mr. Pankaj Kewalramani Company Secretary; Mr. Sanjay Chindu Patil Chief Financial; Mr. Srinivasan Venkateshmurthy Non; Mrs. Sapna Jain Non; Mrs. Aishwarya Singhvi Non; Mrs. Seema Trivedi Whole,No explicit expansion/hiring/certification keywords in sampled pages — check MD&A / risk factors in full DRHP.,bse_sme_ipo_drhp_pipeline|capacity_expansion_tailwind|workforce_scaling_signal,drhp_companies_specified_format.csv+final_merged_dsir_promoters.csv,,See DRHP ‘Industry / Business overview’ section.,no_structured_differentiation_tag|bse_sme_ipo_drhp_pipeline|capacity_expansion_tailwind|workforce_scaling_signal|no_explicit_expansion|hiring|certification_keywords_in_sampled_pages_—_check_md&a|risk_factors_in_full_drhp,0,not_classified_manufacturer,1,india_location_signal,0,no_differentiation_evidence,1,named_individuals_in_promoter_field,1,sector_or_macro_tailwind_tags,1,growth_or_ipo_signal_in_text,4,67,60.0,2
Shree Refrigerations Limited,"at Plot. No. 131/1+2, Opp. MSEB Stores, Virwade Road, Ogalewadi, Karad, Maharashtr a-415105, India. For details of change in name and registered office of our Company, please refer to chapter titled “",unspecified_see_drhp,https://linkintime.co.in; www.narnolia.com; www.shreeref.com,Extract from restated financials in DRHP (pattern not matched).,no_structured_differentiation_tag,Mr. Ravalnath Gopinath Shende,No explicit expansion/hiring/certification keywords in sampled pages — check MD&A / risk factors in full DRHP.,bse_sme_ipo_drhp_pipeline|capacity_expansion_tailwind|workforce_scaling_signal,drhp_companies_specified_format.csv+final_merged_dsir_promoters.csv,,See DRHP ‘Industry / Business overview’ section.,no_structured_differentiation_tag|bse_sme_ipo_drhp_pipeline|capacity_expansion_tailwind|workforce_scaling_signal|no_explicit_expansion|hiring|certification_keywords_in_sampled_pages_—_check_md&a|risk_factors_in_full_drhp,0,not_classified_manufacturer,1,india_location_signal,0,no_differentiation_evidence,1,named_individuals_in_promoter_field,1,sector_or_macro_tailwind_tags,1,growth_or_ipo_signal_in_text,4,67,60.0,2
SMR Jewels Limited,"Office Contact Person Email and Telephone Website 3, Vrindavan Appartments, Gulbai Tekra Ahmedabad Gujarat, India 380006. -",unspecified_see_drhp,https://smrjewels.in; www.smrjewels.in,Extract from restated financials in DRHP (pattern not matched).,no_structured_differentiation_tag,Mr. Vismay Manojkumar Soni Promoter; Mrs. Bhanumati Ramanlal Parekh; Mrs. Dipikaben Virendra Soni Promoter; Mrs. Drashti Pal Modi Promoter; Mrs. Parul Manoj Soni Promoter,No explicit expansion/hiring/certification keywords in sampled pages — check MD&A / risk factors in full DRHP.,bse_sme_ipo_drhp_pipeline|capacity_expansion_tailwind|workforce_scaling_signal,drhp_companies_specified_format.csv+final_merged_dsir_promoters.csv,,See DRHP ‘Industry / Business overview’ section.,no_structured_differentiation_tag|bse_sme_ipo_drhp_pipeline|capacity_expansion_tailwind|workforce_scaling_signal|no_explicit_expansion|hiring|certification_keywords_in_sampled_pages_—_check_md&a|risk_factors_in_full_drhp,0,not_classified_manufacturer,1,india_location_signal,0,no_differentiation_evidence,1,named_individuals_in_promoter_field,1,sector_or_macro_tailwind_tags,1,growth_or_ipo_signal_in_text,4,67,60.0,2
STAR IMAGING AND PATH LAB LIMITED,"Registered Office: 4B/4, Tilak Nagar, Near Sant Pura, Tilak Nagar West Delhi, New Delhi- 110018, India Tel",unspecified_see_drhp,www.kfintech.com; www.shareindia.com; www.starimaging.in,Extract from restated financials in DRHP (pattern not matched).,no_structured_differentiation_tag,DRHP: Ms. Chhaya Gupta; Mr. Kunal Bansal Investor Grievances Email; Mr. Murali Krishna BID; Mr. Pawan Gupta; Mr. Kunal Bansal Email; Mr. Murali Krishna Email,No explicit expansion/hiring/certification keywords in sampled pages — check MD&A / risk factors in full DRHP.,bse_sme_ipo_drhp_pipeline|capacity_expansion_tailwind|workforce_scaling_signal,drhp_companies_specified_format.csv+final_merged_dsir_promoters.csv,,See DRHP ‘Industry / Business overview’ section.,no_structured_differentiation_tag|bse_sme_ipo_drhp_pipeline|capacity_expansion_tailwind|workforce_scaling_signal|no_explicit_expansion|hiring|certification_keywords_in_sampled_pages_—_check_md&a|risk_factors_in_full_drhp,0,not_classified_manufacturer,1,india_location_signal,0,no_differentiation_evidence,1,named_individuals_in_promoter_field,1,sector_or_macro_tailwind_tags,1,growth_or_ipo_signal_in_text,4,67,60.0,2
Sunsky Logistics Limited,"Sola, Ahmedabad-380060, Gujarat, India, on leave and license basis through a leave and license agreement entered between our Company with Mrs",unspecified_see_drhp,www.kfintech.com; www.nirbhaycapital.com; www.sunskylogistics.com,Extract from restated financials in DRHP (pattern not matched).,no_structured_differentiation_tag,DRHP: Mr. Kunjal Soni CIN,No explicit expansion/hiring/certification keywords in sampled pages — check MD&A / risk factors in full DRHP.,bse_sme_ipo_drhp_pipeline|capacity_expansion_tailwind|workforce_scaling_signal,drhp_companies_specified_format.csv+final_merged_dsir_promoters.csv,,See DRHP ‘Industry / Business overview’ section.,no_structured_differentiation_tag|bse_sme_ipo_drhp_pipeline|capacity_expansion_tailwind|workforce_scaling_signal|no_explicit_expansion|hiring|certification_keywords_in_sampled_pages_—_check_md&a|risk_factors_in_full_drhp,0,not_classified_manufacturer,1,india_location_signal,0,no_differentiation_evidence,1,named_individuals_in_promoter_field,1,sector_or_macro_tailwind_tags,1,growth_or_ipo_signal_in_text,4,67,60.0,2
Susan Electricals India Limited,"Flat No. 1703, 17th Floor, Nirmal Tower 26, Barakhamba Road, New Delhi-110001, Delhi (admeasuring 450.00 Sqft) Rent Mr. Aman Singh Panwar Obtained on rent from Mr. Aman Singh Panwar for a period of eleven (11) months commen",unspecified_see_drhp,https://seil.net.in/; https://serencapital.in/; www.mudrarta.com,Extract from restated financials in DRHP (pattern not matched).,no_structured_differentiation_tag,DRHP: Ms. Mahak Jain,capacity expansion,bse_sme_ipo_drhp_pipeline|capacity_expansion_tailwind,drhp_companies_specified_format.csv+final_merged_dsir_promoters.csv,,See DRHP ‘Industry / Business overview’ section.,no_structured_differentiation_tag|bse_sme_ipo_drhp_pipeline|capacity_expansion_tailwind|capacity_expansion,0,not_classified_manufacturer,1,india_location_signal,0,no_differentiation_evidence,1,named_individuals_in_promoter_field,1,sector_or_macro_tailwind_tags,1,growth_or_ipo_signal_in_text,4,67,60.0,2
Taiyo Feed Mill Limited,"at No. 17 A, South Mada Street, Kolathur, Chennai-600099, Tamil Nadu, India. For further details, please refer to section titled “",unspecified_see_drhp,www.purvashare.com; www.shareindia.com; www.taiyogroup.in,Extract from restated financials in DRHP (pattern not matched).,no_structured_differentiation_tag,DRHP: Mr. Andrew Gerard Barrington; Mr. Kunal Bansal SEBI Registration No; Ms. Deepali Dhuri SEBI Registration No; Mr. Ramasamy Prabakar On Incorporation Subscription; Mr. Ramesh Kumar; Mrs. Swetha November; Mrs. Sowmiya August; Mrs. R. Nalayini; Mr. Ramasamy Prabakar. Taiyo Feed Mill Limited,No explicit expansion/hiring/certification keywords in sampled pages — check MD&A / risk factors in full DRHP.,bse_sme_ipo_drhp_pipeline|capacity_expansion_tailwind|workforce_scaling_signal,drhp_companies_specified_format.csv+final_merged_dsir_promoters.csv,,See DRHP ‘Industry / Business overview’ section.,no_structured_differentiation_tag|bse_sme_ipo_drhp_pipeline|capacity_expansion_tailwind|workforce_scaling_signal|no_explicit_expansion|hiring|certification_keywords_in_sampled_pages_—_check_md&a|risk_factors_in_full_drhp,0,not_classified_manufacturer,1,india_location_signal,0,no_differentiation_evidence,1,named_individuals_in_promoter_field,1,sector_or_macro_tailwind_tags,1,growth_or_ipo_signal_in_text,4,67,60.0,2
Udaan Paper Industries Limited,"Pithampur, Madhya Pradesh, India - 454774.",unspecified_see_drhp,https://serencapital.in/; https://www.udaanindustries.com/; www.bigshareonline.com,Extract from restated financials in DRHP (pattern not matched).,no_structured_differentiation_tag,DRHP: Mr. Babu Rapheal; Mr. Yash Bakliwal; Mr. Sapan Bakliwal; Ms. Shubhangi Jain,No explicit expansion/hiring/certification keywords in sampled pages — check MD&A / risk factors in full DRHP.,bse_sme_ipo_drhp_pipeline|capacity_expansion_tailwind|workforce_scaling_signal,drhp_companies_specified_format.csv+final_merged_dsir_promoters.csv,,See DRHP ‘Industry / Business overview’ section.,no_structured_differentiation_tag|bse_sme_ipo_drhp_pipeline|capacity_expansion_tailwind|workforce_scaling_signal|no_explicit_expansion|hiring|certification_keywords_in_sampled_pages_—_check_md&a|risk_factors_in_full_drhp,0,not_classified_manufacturer,1,india_location_signal,0,no_differentiation_evidence,1,named_individuals_in_promoter_field,1,sector_or_macro_tailwind_tags,1,growth_or_ipo_signal_in_text,4,67,60.0,2
Vectras Enprocon Limited,"2025. The corporate identification number of our Company is U45309 GJ2021PLC122680. Registered Office: Office No. 601-602, Amrakunj Avis, Near Tapovan Circle, Chandkheda, Ahmedabad – 382424, Gujarat. Website: www.vectrasgroup.com; E-Mail: compliance@vectrasgroup.com; Telephone No...",unspecified_see_drhp,www.beelinemb.com; www.vectrasgroup.com,Extract from restated financials in DRHP (pattern not matched).,no_structured_differentiation_tag,DRHP: also directors on the Board; Mr. Nikhil Shah Upto; Mrs. Khushbu Shah SEBI Registration No. INZ,No explicit expansion/hiring/certification keywords in sampled pages — check MD&A / risk factors in full DRHP.,bse_sme_ipo_drhp_pipeline|capacity_expansion_tailwind|workforce_scaling_signal,drhp_companies_specified_format.csv+final_merged_dsir_promoters.csv,,See DRHP ‘Industry / Business overview’ section.,no_structured_differentiation_tag|bse_sme_ipo_drhp_pipeline|capacity_expansion_tailwind|workforce_scaling_signal|no_explicit_expansion|hiring|certification_keywords_in_sampled_pages_—_check_md&a|risk_factors_in_full_drhp,0,not_classified_manufacturer,1,india_location_signal,0,no_differentiation_evidence,1,named_individuals_in_promoter_field,1,sector_or_macro_tailwind_tags,1,growth_or_ipo_signal_in_text,4,67,60.0,2
YAASHVI JEWELLERS LIMITED,"Colony Vaishali Nagar, Jaipur, Rajasthan, India, 302021",unspecified_see_drhp,www.bigshareonline.com; www.shcapl.com; www.yaashvijewellers.com,Extract from restated financials in DRHP (pattern not matched).,no_structured_differentiation_tag,DRHP: Mr. Parth Shah Website; ANKITA AGARWAL AND ANKIT AGGARWAL; held in dematerialized form; Mr. Parth Shah; Mr. Parth Shah E-mail,No explicit expansion/hiring/certification keywords in sampled pages — check MD&A / risk factors in full DRHP.,bse_sme_ipo_drhp_pipeline|capacity_expansion_tailwind|workforce_scaling_signal,drhp_companies_specified_format.csv+final_merged_dsir_promoters.csv,,See DRHP ‘Industry / Business overview’ section.,no_structured_differentiation_tag|bse_sme_ipo_drhp_pipeline|capacity_expansion_tailwind|workforce_scaling_signal|no_explicit_expansion|hiring|certification_keywords_in_sampled_pages_—_check_md&a|risk_factors_in_full_drhp,0,not_classified_manufacturer,1,india_location_signal,0,no_differentiation_evidence,1,named_individuals_in_promoter_field,1,sector_or_macro_tailwind_tags,1,growth_or_ipo_signal_in_text,4,67,60.0,2
Artemis Electricals Limited,"of our Company, please refer to the chapter titled “General Information” and “History and Certain Other Corporate Matters” beginning on page 54 and 156 respectively of this Draft Red Herring Prospectus",unspecified_see_drhp,www.artemiselectricals.com; www.cameoindia.com; www.fedsec.in,Extract from restated financials in DRHP (pattern not matched).,iso_certification_mention,DRHP: 1) Pravin Kumar Agarwal,ISO certification mentioned,bse_sme_ipo_drhp_pipeline,drhp_companies_specified_format.csv,,See DRHP ‘Industry / Business overview’ section.,iso_certification_mention|bse_sme_ipo_drhp_pipeline|iso_certification_mentioned,0,not_classified_manufacturer,0,weak_location_signal,1,cert_or_patent_evidence,0,weak_promoter_signal,1,sector_or_macro_tailwind_tags,1,growth_or_ipo_signal_in_text,3,50,55.0,1
B. D. Industries (Pune) Limited,The registered office of B D INNO Ventures Private Limited (BDIVPL) is situated at Unit No,unspecified_see_drhp,www.bdi-group.org,Extract from restated financials in DRHP (pattern not matched).,iso_certification_mention,DRHP: subject to any pledge,ISO certification mentioned; subsidiary / group structure,bse_sme_ipo_drhp_pipeline,drhp_companies_specified_format.csv+final_merged_dsir_promoters.csv,,See DRHP ‘Industry / Business overview’ section.,iso_certification_mention|bse_sme_ipo_drhp_pipeline|iso_certification_mentioned|subsidiary|group_structure,0,not_classified_manufacturer,0,weak_location_signal,1,cert_or_patent_evidence,0,weak_promoter_signal,1,sector_or_macro_tailwind_tags,1,growth_or_ipo_signal_in_text,3,50,55.0,2
Cian Healthcare Limited,"of our Company, please refer to the chapter titled “General Information” and “Our History and Certain Other Corporate Matters” beginning on page 52 and 157 respectively of this Draft Red Herring Prospectus",unspecified_see_drhp,www.bigshareonline.com; www.cian.co; www.fedsec.in,Extract from restated financials in DRHP (pattern not matched).,iso_certification_mention,DRHP: Suraj Zanwar; Kavita,ISO certification mentioned,bse_sme_ipo_drhp_pipeline,drhp_companies_specified_format.csv+final_merged_dsir_promoters.csv,,See DRHP ‘Industry / Business overview’ section.,iso_certification_mention|bse_sme_ipo_drhp_pipeline|iso_certification_mentioned,0,not_classified_manufacturer,0,weak_location_signal,1,cert_or_patent_evidence,0,weak_promoter_signal,1,sector_or_macro_tailwind_tags,1,growth_or_ipo_signal_in_text,3,50,55.0,2
Durgadevi Raiment Limited,"A5, Calcutta Land Premises No",unspecified_see_drhp,www.ddrl.in; www.inventuremerchantbanker.com; www.purvashare.com,Extract from restated financials in DRHP (pattern not matched).,iso_certification_mention,Could not download DRHP PDF/ZIP for promoter extraction.,ISO certification mentioned,bse_sme_ipo_drhp_pipeline,drhp_companies_specified_format.csv+final_merged_dsir_promoters.csv,,See DRHP ‘Industry / Business overview’ section.,iso_certification_mention|bse_sme_ipo_drhp_pipeline|iso_certification_mentioned,0,not_classified_manufacturer,0,weak_location_signal,1,cert_or_patent_evidence,0,no_promoter_extract,1,sector_or_macro_tailwind_tags,1,growth_or_ipo_signal_in_text,3,50,55.0,2
Emiac Technologies Limited,please refer to the chapter titled “History and Certain Corporate Matters” beginning on page 162 of the Draft Red Herring Prospectus.,unspecified_see_drhp,https://emiactech.com/; www.bigshareonline.com; www.shcapl.com,Extract from restated financials in DRHP (pattern not matched).,iso_certification_mention,Could not download DRHP PDF/ZIP for promoter extraction.,capacity expansion; ISO certification mentioned; digital / hiring channel mention,bse_sme_ipo_drhp_pipeline|capacity_expansion_tailwind|workforce_scaling_signal,drhp_companies_specified_format.csv+final_merged_dsir_promoters.csv,,See DRHP ‘Industry / Business overview’ section.,iso_certification_mention|bse_sme_ipo_drhp_pipeline|capacity_expansion_tailwind|workforce_scaling_signal|capacity_expansion|iso_certification_mentioned|digital|hiring_channel_mention,0,not_classified_manufacturer,0,weak_location_signal,1,cert_or_patent_evidence,0,no_promoter_extract,1,sector_or_macro_tailwind_tags,1,growth_or_ipo_signal_in_text,3,50,55.0,2
FFS Defence Engineering Limited,Office Contact Person Email and Telephone Website Plot No,unspecified_see_drhp,www.ffsdefence.com; www.inventuremerchantbanker.com; www.linkintime.co.in,Extract from restated financials in DRHP (pattern not matched).,iso_certification_mention,Promoter names not machine-extracted from sampled DRHP pages; verify in IPO prospectus or LinkedIn.,ISO certification mentioned,bse_sme_ipo_drhp_pipeline,drhp_companies_specified_format.csv+final_merged_dsir_promoters.csv,,See DRHP ‘Industry / Business overview’ section.,iso_certification_mention|bse_sme_ipo_drhp_pipeline|iso_certification_mentioned,0,not_classified_manufacturer,0,weak_location_signal,1,cert_or_patent_evidence,0,no_promoter_extract,1,sector_or_macro_tailwind_tags,1,growth_or_ipo_signal_in_text,3,50,55.0,2
G V ELECTRICALS LIMITED,"Hammersmith Industrial Premises Co-op Society Ltd, Narayan Pathare Marg, Off",unspecified_see_drhp,www.gvelectricals.com,Extract from restated financials in DRHP (pattern not matched).,iso_certification_mention,Promoter names not machine-extracted — verify in IPO prospectus or LinkedIn.,ISO certification mentioned,bse_sme_ipo_drhp_pipeline,drhp_companies_specified_format.csv+final_merged_dsir_promoters.csv,,See DRHP ‘Industry / Business overview’ section.,iso_certification_mention|bse_sme_ipo_drhp_pipeline|iso_certification_mentioned,0,not_classified_manufacturer,0,weak_location_signal,1,cert_or_patent_evidence,0,weak_promoter_signal,1,sector_or_macro_tailwind_tags,1,growth_or_ipo_signal_in_text,3,50,55.0,2
Grandmaa International Limited,Little or no extractable text (likely scanned PDF — needs OCR).,unspecified_see_drhp,www.grandmaa.in; www.ifinservices.in; www.skylinerta.com,Extract from restated financials in DRHP (pattern not matched).,iso_certification_mention,DRHP: Jaideep Jain; Seema Jain,ISO certification mentioned; subsidiary / group structure,bse_sme_ipo_drhp_pipeline,drhp_companies_specified_format.csv+final_merged_dsir_promoters.csv,,See DRHP ‘Industry / Business overview’ section.,iso_certification_mention|bse_sme_ipo_drhp_pipeline|iso_certification_mentioned|subsidiary|group_structure,0,not_classified_manufacturer,0,weak_location_signal,1,cert_or_patent_evidence,0,weak_promoter_signal,1,sector_or_macro_tailwind_tags,1,growth_or_ipo_signal_in_text,3,50,55.0,3
Gujarat Peanut and Agri Products Limited,"Peanut and Agri Products Limited” vide a fresh Certificate of Incorporation dated November 12, 2024 issued by the Registrar of Companies, Central Processing Centre. For further details of change in name and registered office of our company , please refer to section titled “",unspecified_see_drhp,www.finshoregroup.com; www.gujaratpeanut.com; www.integratedregistry.in,Extract from restated financials in DRHP (pattern not matched).,iso_certification_mention,Could not download DRHP PDF/ZIP for promoter extraction.,ISO certification mentioned,bse_sme_ipo_drhp_pipeline,drhp_companies_specified_format.csv+final_merged_dsir_promoters.csv,,See DRHP ‘Industry / Business overview’ section.,iso_certification_mention|bse_sme_ipo_drhp_pipeline|iso_certification_mentioned,0,not_classified_manufacturer,0,weak_location_signal,1,cert_or_patent_evidence,0,no_promoter_extract,1,sector_or_macro_tailwind_tags,1,growth_or_ipo_signal_in_text,3,50,55.0,3
HGI AUTOMOTIVES LIMITED,"alia, (i) forms in respect of the allotment of 128,300 and 65,000 equity shares on March 31, 1999, and (ii) filings of profit and loss accounts in Form 23ACA for the financial years 2005-06 to 2013-14. We have obtained a search report dated September 29, 2025, issued by B. S. Vya...",unspecified_see_drhp,www.hgiautomotives.com; www.kfintech.com; www.nirbhaycapital.com,Extract from restated financials in DRHP (pattern not matched).,iso_certification_mention,Could not download DRHP PDF/ZIP for promoter extraction.,capacity expansion; ISO certification mentioned; subsidiary / group structure,bse_sme_ipo_drhp_pipeline|capacity_expansion_tailwind,drhp_companies_specified_format.csv+final_merged_dsir_promoters.csv,,See DRHP ‘Industry / Business overview’ section.,iso_certification_mention|bse_sme_ipo_drhp_pipeline|capacity_expansion_tailwind|capacity_expansion|iso_certification_mentioned|subsidiary|group_structure,0,not_classified_manufacturer,0,weak_location_signal,1,cert_or_patent_evidence,0,no_promoter_extract,1,sector_or_macro_tailwind_tags,1,growth_or_ipo_signal_in_text,3,50,55.0,2
HRS Aluglaze Limited,"located), at least two working days prior to the Bid / Issue Opening Date and shall be available to the Stock Exchange for the purpose of uploading on their respective websites. “Pri",unspecified_see_drhp,www.hrsaluglaze.com,₹3 Cr (stated),iso_certification_mention,Promoter names not machine-extracted from sampled DRHP pages; verify in IPO prospectus or LinkedIn.,ISO certification mentioned; facility expansion,bse_sme_ipo_drhp_pipeline|capacity_expansion_tailwind,drhp_companies_specified_format.csv+final_merged_dsir_promoters.csv,,See DRHP ‘Industry / Business overview’ section.,iso_certification_mention|bse_sme_ipo_drhp_pipeline|capacity_expansion_tailwind|iso_certification_mentioned|facility_expansion,0,not_classified_manufacturer,0,weak_location_signal,1,cert_or_patent_evidence,0,no_promoter_extract,1,sector_or_macro_tailwind_tags,1,growth_or_ipo_signal_in_text,3,50,55.0,2
JEE Pumps Limited,"details, see “Our Business – Our Properties” on page 130 of the Draft Red Herring Prospectus.",Manufacturing / Industrial,www.ib.marwadichandaranagroup.com; www.jeepumps.com,Extract from restated financials in DRHP (pattern not matched).,no_structured_differentiation_tag,Promoter names not machine-extracted — verify in IPO prospectus or LinkedIn.,No explicit expansion/hiring/certification keywords in sampled pages — check MD&A / risk factors in full DRHP.,bse_sme_ipo_drhp_pipeline|make_in_india_manufacturing|capacity_expansion_tailwind|workforce_scaling_signal,drhp_companies_specified_format.csv+final_merged_dsir_promoters.csv,,"(a) Business Overview – Products We are engaged in manufacturing and assembly of metallic and non - metallic customized pumps like centrifugal pump, chemical process pump, self -priming pump and mud p",no_structured_differentiation_tag|bse_sme_ipo_drhp_pipeline|make_in_india_manufacturing|capacity_expansion_tailwind|workforce_scaling_signal|no_explicit_expansion|hiring|certification_keywords_in_sampled_pages_—_check_md&a|risk_factors_in_full_drhp,1,manufacturer_or_industrial_segment,0,weak_location_signal,0,no_differentiation_evidence,0,weak_promoter_signal,1,sector_or_macro_tailwind_tags,1,growth_or_ipo_signal_in_text,3,50,55.0,2
Justo Realfintech Limited,"El Tara Building, Powai, Off",unspecified_see_drhp,www.justo.co.in; www.purvashare.com; www.vivro.net,Extract from restated financials in DRHP (pattern not matched).,iso_certification_mention,Promoter names not machine-extracted from sampled DRHP pages; verify in IPO prospectus or LinkedIn.,ISO certification mentioned; subsidiary / group structure,bse_sme_ipo_drhp_pipeline,drhp_companies_specified_format.csv+final_merged_dsir_promoters.csv,,See DRHP ‘Industry / Business overview’ section.,iso_certification_mention|bse_sme_ipo_drhp_pipeline|iso_certification_mentioned|subsidiary|group_structure,0,not_classified_manufacturer,0,weak_location_signal,1,cert_or_patent_evidence,0,no_promoter_extract,1,sector_or_macro_tailwind_tags,1,growth_or_ipo_signal_in_text,3,50,55.0,3
Metalic Technoforge Ltd,Rajkot,Manufacturing / Industrial,metalictechnoforge.com,₹100–200 Cr,no_structured_differentiation_tag,,IPO filed Mar 2026,bse_sme_ipo_drhp_pipeline|make_in_india_manufacturing|capital_markets_ipo_activity,data_with_dsir_recognition.csv+final_merged_dsir_promoters.csv,,Specialty Manufacturing (Forging),no_structured_differentiation_tag|bse_sme_ipo_drhp_pipeline|make_in_india_manufacturing|capital_markets_ipo_activity|ipo_filed_mar_2026,1,manufacturer_or_industrial_segment,0,weak_location_signal,0,no_differentiation_evidence,0,no_promoter_extract,1,sector_or_macro_tailwind_tags,1,growth_or_ipo_signal_in_text,3,50,55.0,2
Mish Designs Limited,"“we”, “us” or “our” Unless the context otherwise indicates or implies, refers to our Company",unspecified_see_drhp,www.afsl.co.in; www.bigshareonline.com; www.kfintech.com; www.mishindia.com,Extract from restated financials in DRHP (pattern not matched).,iso_certification_mention,Promoter names not machine-extracted from sampled DRHP pages; verify in IPO prospectus or LinkedIn.,ISO certification mentioned,bse_sme_ipo_drhp_pipeline,drhp_companies_specified_format.csv+final_merged_dsir_promoters.csv,,See DRHP ‘Industry / Business overview’ section.,iso_certification_mention|bse_sme_ipo_drhp_pipeline|iso_certification_mentioned,0,not_classified_manufacturer,0,weak_location_signal,1,cert_or_patent_evidence,0,no_promoter_extract,1,sector_or_macro_tailwind_tags,1,growth_or_ipo_signal_in_text,3,50,55.0,2
Msafe Equipments Limited,"Central Registration Centre August 19, 2019 Valid till Cancelled 2",Manufacturing / Industrial,https://serencapital.in/; www.maashitla.com; www.msafegroup.com,Extract from restated financials in DRHP (pattern not matched).,no_structured_differentiation_tag,Promoter names not machine-extracted from sampled DRHP pages; verify in IPO prospectus or LinkedIn.,facility expansion,bse_sme_ipo_drhp_pipeline|make_in_india_manufacturing|capacity_expansion_tailwind,drhp_companies_specified_format.csv+final_merged_dsir_promoters.csv,U29309DL2019PLC353936,"the business of manufacturing, sales and rental of access and height-safety equipments, primarily",no_structured_differentiation_tag|bse_sme_ipo_drhp_pipeline|make_in_india_manufacturing|capacity_expansion_tailwind|facility_expansion,1,manufacturer_or_industrial_segment,0,weak_location_signal,0,no_differentiation_evidence,0,no_promoter_extract,1,sector_or_macro_tailwind_tags,1,growth_or_ipo_signal_in_text,3,50,55.0,2
NATRINAI VENTURES LIMITED,vide Certificate of Incorporation bearing,"Offer Size and Pre-Offer Shareholding of Promoters, Promoter Group and Promoter Selling Shareholder as a percentage of",https://www.kreocapital.com; www.cameoindia.com; www.ngegreenenergy.com,Extract from restated financials in DRHP (pattern not matched).,iso_certification_mention,Could not download DRHP PDF/ZIP for promoter extraction.,ISO certification mentioned,bse_sme_ipo_drhp_pipeline,drhp_companies_specified_format.csv+final_merged_dsir_promoters.csv,,"Offer Size and Pre-Offer Shareholding of Promoters, Promoter Group and Promoter Selling Shareholder as a percentage of",iso_certification_mention|bse_sme_ipo_drhp_pipeline|iso_certification_mentioned,0,not_classified_manufacturer,0,weak_location_signal,1,cert_or_patent_evidence,0,no_promoter_extract,1,sector_or_macro_tailwind_tags,1,growth_or_ipo_signal_in_text,3,50,55.0,2
Omnipotent Industries Limited,"“History and Certain Other Corporate Matters’ on pages 34 and 73, respectively.",unspecified_see_drhp,www.bigshareonline.com; www.inventuremerchantbanker.com; www.omnipotent.co.in,Extract from restated financials in DRHP (pattern not matched).,iso_certification_mention,Promoter names not machine-extracted from sampled DRHP pages; verify in IPO prospectus or LinkedIn.,ISO certification mentioned,bse_sme_ipo_drhp_pipeline,drhp_companies_specified_format.csv+final_merged_dsir_promoters.csv,,See DRHP ‘Industry / Business overview’ section.,iso_certification_mention|bse_sme_ipo_drhp_pipeline|iso_certification_mentioned,0,not_classified_manufacturer,0,weak_location_signal,1,cert_or_patent_evidence,0,no_promoter_extract,1,sector_or_macro_tailwind_tags,1,growth_or_ipo_signal_in_text,3,50,55.0,2
PATEL CHEM SPECIALITIES LIMITED,"There have been some instances of delayed filing in the past with the Registrar of Companies of Form CHG-1, MGT-14 and INC-27 with additional fees which may attract penalties.",unspecified_see_drhp,www.cumulativecapital.group; www.linkintime.co.in; www.patelchem.com; www.unistonecapital.com,Extract from restated financials in DRHP (pattern not matched).,iso_certification_mention,Promoter names not machine-extracted from sampled DRHP pages; verify in IPO prospectus or LinkedIn.,ISO certification mentioned; digital / hiring channel mention,bse_sme_ipo_drhp_pipeline|workforce_scaling_signal,drhp_companies_specified_format.csv+final_merged_dsir_promoters.csv,,See DRHP ‘Industry / Business overview’ section.,iso_certification_mention|bse_sme_ipo_drhp_pipeline|workforce_scaling_signal|iso_certification_mentioned|digital|hiring_channel_mention,0,not_classified_manufacturer,0,weak_location_signal,1,cert_or_patent_evidence,0,no_promoter_extract,1,sector_or_macro_tailwind_tags,1,growth_or_ipo_signal_in_text,3,50,55.0,2
Peshwa Wheat Limited,"of filing of the Draft Red Herring Prospectus with BSE SME and inviting the public to provide their comments to the BSE SME Exchange, our Company or the Book Running Lead Manager(s) in respect of the disclosures made in this Draft Red Herring Prospectus.",unspecified_see_drhp,www.peshwawheat.com,Extract from restated financials in DRHP (pattern not matched).,iso_certification_mention,Could not download DRHP PDF/ZIP for promoter extraction.,ISO certification mentioned; subsidiary / group structure,bse_sme_ipo_drhp_pipeline,drhp_companies_specified_format.csv+final_merged_dsir_promoters.csv,,See DRHP ‘Industry / Business overview’ section.,iso_certification_mention|bse_sme_ipo_drhp_pipeline|iso_certification_mentioned|subsidiary|group_structure,0,not_classified_manufacturer,0,weak_location_signal,1,cert_or_patent_evidence,0,no_promoter_extract,1,sector_or_macro_tailwind_tags,1,growth_or_ipo_signal_in_text,3,50,55.0,2
PRODOCS SOLUTIONS LIMITED,"Information” and “History and Certain Corporate Matters’ on pages 65 and 173, respectively of this Draft Red Herring Prospectus.",page 23 of the Draft Red Herring Prospectus as follows:,www.cumulativecapital.group; www.prodocssolution.com,₹5–25 Cr (approx from lakhs),iso_certification_mention,Promoter names not machine-extracted from sampled DRHP pages; verify in IPO prospectus or LinkedIn.,ISO certification mentioned; subsidiary / group structure,bse_sme_ipo_drhp_pipeline,drhp_companies_specified_format.csv+final_merged_dsir_promoters.csv,,page 23 of the Draft Red Herring Prospectus as follows:,iso_certification_mention|bse_sme_ipo_drhp_pipeline|iso_certification_mentioned|subsidiary|group_structure,0,not_classified_manufacturer,0,weak_location_signal,1,cert_or_patent_evidence,0,no_promoter_extract,1,sector_or_macro_tailwind_tags,1,growth_or_ipo_signal_in_text,3,50,55.0,2
Quanto Agroworld Limited,Little or no extractable text (likely scanned PDF — needs OCR).,unspecified_see_drhp,https://in.mpms.mufg.com/; www.quantoagro.com; www.sobhagyacapital.com,Extract from restated financials in DRHP (pattern not matched).,iso_certification_mention,DRHP PDF could not be downloaded.,ISO certification mentioned; subsidiary / group structure,bse_sme_ipo_drhp_pipeline,drhp_companies_specified_format.csv+final_merged_dsir_promoters.csv,,See DRHP ‘Industry / Business overview’ section.,iso_certification_mention|bse_sme_ipo_drhp_pipeline|iso_certification_mentioned|subsidiary|group_structure,0,not_classified_manufacturer,0,weak_location_signal,1,cert_or_patent_evidence,0,no_promoter_extract,1,sector_or_macro_tailwind_tags,1,growth_or_ipo_signal_in_text,3,50,55.0,3
Riddhi Display Equipments Limited,PDF parse error: PdfStreamError,unspecified_see_drhp,www.jawacapital.in; www.riddhidisplay.com,Extract from restated financials in DRHP (pattern not matched).,iso_certification_mention,Could not download DRHP PDF/ZIP for promoter extraction.,ISO certification mentioned,bse_sme_ipo_drhp_pipeline,drhp_companies_specified_format.csv+final_merged_dsir_promoters.csv,,See DRHP ‘Industry / Business overview’ section.,iso_certification_mention|bse_sme_ipo_drhp_pipeline|iso_certification_mentioned,0,not_classified_manufacturer,0,weak_location_signal,1,cert_or_patent_evidence,0,no_promoter_extract,1,sector_or_macro_tailwind_tags,1,growth_or_ipo_signal_in_text,3,50,55.0,3
Shining Tools Ltd,"For further details, please refer to chapter titled “",unspecified_see_drhp,https://accuratesecurities.com/; www.sobhagyacapital.com; www.tixnatools.com,Extract from restated financials in DRHP (pattern not matched).,iso_certification_mention,Could not download DRHP PDF/ZIP for promoter extraction.,ISO certification mentioned,bse_sme_ipo_drhp_pipeline,drhp_companies_specified_format.csv+final_merged_dsir_promoters.csv,,See DRHP ‘Industry / Business overview’ section.,iso_certification_mention|bse_sme_ipo_drhp_pipeline|iso_certification_mentioned,0,not_classified_manufacturer,0,weak_location_signal,1,cert_or_patent_evidence,0,no_promoter_extract,1,sector_or_macro_tailwind_tags,1,growth_or_ipo_signal_in_text,3,50,55.0,3
STANBIK AGRO LIMITED,to section titled “Our History and Certain Corporate Matters” beginning on page number 136 of the Draft Prospectus.,Manufacturing / Industrial,https://growhousewealth.com; https://stanbikagro.com,Extract from restated financials in DRHP (pattern not matched).,no_structured_differentiation_tag,Could not download DRHP PDF/ZIP for promoter extraction.,No explicit expansion/hiring/certification keywords in sampled pages — check MD&A / risk factors in full DRHP.,bse_sme_ipo_drhp_pipeline|make_in_india_manufacturing|capacity_expansion_tailwind|workforce_scaling_signal,drhp_companies_specified_format.csv+final_merged_dsir_promoters.csv,,"“manufacturing” has been replaced with “contract farming.” Further, in paragraph 3, an additional line has been inserted.",no_structured_differentiation_tag|bse_sme_ipo_drhp_pipeline|make_in_india_manufacturing|capacity_expansion_tailwind|workforce_scaling_signal|no_explicit_expansion|hiring|certification_keywords_in_sampled_pages_—_check_md&a|risk_factors_in_full_drhp,1,manufacturer_or_industrial_segment,0,weak_location_signal,0,no_differentiation_evidence,0,no_promoter_extract,1,sector_or_macro_tailwind_tags,1,growth_or_ipo_signal_in_text,3,50,55.0,2
Tipco Engineering India Limited,"taken by any regulatory authorities in future, for such delay filings/non filings with provisions of corporate or any other law could impact the financial position of the Company to that extent.",unspecified_see_drhp,https://tipcoengineering.com/; www.maashitla.com; www.shcapl.com,Extract from restated financials in DRHP (pattern not matched).,iso_certification_mention,Could not download DRHP PDF/ZIP for promoter extraction.,ISO certification mentioned,bse_sme_ipo_drhp_pipeline,drhp_companies_specified_format.csv+final_merged_dsir_promoters.csv,,See DRHP ‘Industry / Business overview’ section.,iso_certification_mention|bse_sme_ipo_drhp_pipeline|iso_certification_mentioned,0,not_classified_manufacturer,0,weak_location_signal,1,cert_or_patent_evidence,0,no_promoter_extract,1,sector_or_macro_tailwind_tags,1,growth_or_ipo_signal_in_text,3,50,55.0,2
Vinod Texworld Ltd,Ludhiana,Manufacturing / Industrial,vinodtexworld.com,₹40–70 Cr,no_structured_differentiation_tag,,IPO filed Sep 2025,bse_sme_ipo_drhp_pipeline|make_in_india_manufacturing|capital_markets_ipo_activity,data_with_dsir_recognition.csv+final_merged_dsir_promoters.csv,,Specialty Manufacturing (Textiles/Apparel),no_structured_differentiation_tag|bse_sme_ipo_drhp_pipeline|make_in_india_manufacturing|capital_markets_ipo_activity|ipo_filed_sep_2025,1,manufacturer_or_industrial_segment,0,weak_location_signal,0,no_differentiation_evidence,0,no_promoter_extract,1,sector_or_macro_tailwind_tags,1,growth_or_ipo_signal_in_text,3,50,55.0,2
Vruddhi Engineering Works Limited,"LOCATED), AT LEAST TWO WORKING DAYS PRIOR TO THE BID/ISSUE OPENING DATE AND SHALL BE MADE AVAILABLE TO THE SME PLATFORM OF BSE (“BSE SME”) FOR THE PURPOSES OF UPLOADING ON THEIR",unspecified_see_drhp,www.bigshareonline.com; www.fedsec.in; www.vruddhicouplers.com,Extract from restated financials in DRHP (pattern not matched).,iso_certification_mention,Promoter names not machine-extracted from sampled DRHP pages; verify in IPO prospectus or LinkedIn.,capex / capital expenditure; ISO certification mentioned,bse_sme_ipo_drhp_pipeline|capacity_expansion_tailwind,drhp_companies_specified_format.csv+final_merged_dsir_promoters.csv,,See DRHP ‘Industry / Business overview’ section.,iso_certification_mention|bse_sme_ipo_drhp_pipeline|capacity_expansion_tailwind|capex|capital_expenditure|iso_certification_mentioned,0,not_classified_manufacturer,0,weak_location_signal,1,cert_or_patent_evidence,0,no_promoter_extract,1,sector_or_macro_tailwind_tags,1,growth_or_ipo_signal_in_text,3,50,55.0,2
Access Point India Limited,"Registrar of Companies/ Registrar of Companies, Central Processing Centre vide bearing",unspecified_see_drhp,https://www.myaccessp.net; www.finaaxcapital.com; www.in.mpms.mufg.com,₹5–25 Cr (approx from lakhs),no_structured_differentiation_tag,DRHP: Ms. Reena Sharma NOTICE TO INVESTORS; Mr. Bherusingh Rajput Managing Director DIN; Mr. Ikshit Shah; Mr. Yash Doshi CIN; Mr. Pravinbhai Chandubhai Chandulal Patel; Mr. Pankajkumar Chandubhai,hiring / recruitment,bse_sme_ipo_drhp_pipeline|workforce_scaling_signal,drhp_companies_specified_format.csv+final_merged_dsir_promoters.csv,,See DRHP ‘Industry / Business overview’ section.,no_structured_differentiation_tag|bse_sme_ipo_drhp_pipeline|workforce_scaling_signal|hiring|recruitment,0,not_classified_manufacturer,0,weak_location_signal,0,no_differentiation_evidence,1,named_individuals_in_promoter_field,1,sector_or_macro_tailwind_tags,1,growth_or_ipo_signal_in_text,3,50,50.0,2
ACCORD TRANSFORMER & SWITCHGEAR LIMITED,"December 04, 2024",unspecified_see_drhp,https://atsgroup.in/; www.gyrcapitaladvisors.com; www.kfintech.com,Extract from restated financials in DRHP (pattern not matched).,no_structured_differentiation_tag,DRHP: Ms. Tulsi Sharma; Ms. Tulsi Sharma Company Secretary; Mr. Mohit Baid; Ms. Maitri Thakkar SEBI Registration Number; Mr. Pradeep Kumar Verma; Mrs. Shalini Singh; Mr. Pradeep Kumar Verma Chief Financial Officer; Mr. Ranjan Kumar Samal. Company Secretary; Ms. Tulsi Sharma. Depositories Act The Depositories,No explicit expansion/hiring/certification keywords in sampled pages — check MD&A / risk factors in full DRHP.,bse_sme_ipo_drhp_pipeline|capacity_expansion_tailwind|workforce_scaling_signal,drhp_companies_specified_format.csv+final_merged_dsir_promoters.csv,U31500HR2014PLC052544,See DRHP ‘Industry / Business overview’ section.,no_structured_differentiation_tag|bse_sme_ipo_drhp_pipeline|capacity_expansion_tailwind|workforce_scaling_signal|no_explicit_expansion|hiring|certification_keywords_in_sampled_pages_—_check_md&a|risk_factors_in_full_drhp,0,not_classified_manufacturer,0,weak_location_signal,0,no_differentiation_evidence,1,named_individuals_in_promoter_field,1,sector_or_macro_tailwind_tags,1,growth_or_ipo_signal_in_text,3,50,50.0,2
Accretion Nutraveda Limited,2013: 1. Form DPT-3,unspecified_see_drhp,www.accretionnutraveda.com,Extract from restated financials in DRHP (pattern not matched).,no_structured_differentiation_tag,Mr. Harshad Nanubhai Rathod,No explicit expansion/hiring/certification keywords in sampled pages — check MD&A / risk factors in full DRHP.,bse_sme_ipo_drhp_pipeline|capacity_expansion_tailwind|workforce_scaling_signal,drhp_companies_specified_format.csv+final_merged_dsir_promoters.csv,,See DRHP ‘Industry / Business overview’ section.,no_structured_differentiation_tag|bse_sme_ipo_drhp_pipeline|capacity_expansion_tailwind|workforce_scaling_signal|no_explicit_expansion|hiring|certification_keywords_in_sampled_pages_—_check_md&a|risk_factors_in_full_drhp,0,not_classified_manufacturer,0,weak_location_signal,0,no_differentiation_evidence,1,named_individuals_in_promoter_field,1,sector_or_macro_tailwind_tags,1,growth_or_ipo_signal_in_text,3,50,50.0,2
AEGEUS TECHNOLOGIES LIMITED,"Central Processing Centre has issued a new certificate of incorporation consequent upon conversion dated August 08, 2024, bearing",unspecified_see_drhp,https://tcagroup.in; www.aegeustechnologies.com; www.skylinerta.com,Extract from restated financials in DRHP (pattern not matched).,no_structured_differentiation_tag,Mr. Suraj Vernekar,capacity expansion; hiring / recruitment; subsidiary / group structure,bse_sme_ipo_drhp_pipeline|capacity_expansion_tailwind|workforce_scaling_signal,drhp_companies_specified_format.csv+final_merged_dsir_promoters.csv,,See DRHP ‘Industry / Business overview’ section.,no_structured_differentiation_tag|bse_sme_ipo_drhp_pipeline|capacity_expansion_tailwind|workforce_scaling_signal|capacity_expansion|hiring|recruitment|subsidiary|group_structure,0,not_classified_manufacturer,0,weak_location_signal,0,no_differentiation_evidence,1,named_individuals_in_promoter_field,1,sector_or_macro_tailwind_tags,1,growth_or_ipo_signal_in_text,3,50,50.0,2
Ajwa Projects Limited,"details on incorporation and registered office of our Company, see “",unspecified_see_drhp,www.ajwaprojects.com; www.kfintech.com; www.wealthminenetworks.com,Extract from restated financials in DRHP (pattern not matched).,no_structured_differentiation_tag,Mr. Mohammad Khurshid Alam Khan,No explicit expansion/hiring/certification keywords in sampled pages — check MD&A / risk factors in full DRHP.,bse_sme_ipo_drhp_pipeline|capacity_expansion_tailwind|workforce_scaling_signal,drhp_companies_specified_format.csv+final_merged_dsir_promoters.csv,,See DRHP ‘Industry / Business overview’ section.,no_structured_differentiation_tag|bse_sme_ipo_drhp_pipeline|capacity_expansion_tailwind|workforce_scaling_signal|no_explicit_expansion|hiring|certification_keywords_in_sampled_pages_—_check_md&a|risk_factors_in_full_drhp,0,not_classified_manufacturer,0,weak_location_signal,0,no_differentiation_evidence,1,named_individuals_in_promoter_field,1,sector_or_macro_tailwind_tags,1,growth_or_ipo_signal_in_text,3,50,50.0,2
Amtech Esters Limited,"Restated Financial Statements The financial information of the Company which comprises of the restated statement of assets and liabilities, Profit and Loss and Cash Flows for the financial year ended March 31, 2024, March 31, 2023 and March 31, 2022 and for the period ended June ...",unspecified_see_drhp,https://www.amtechesters.com/; www.maashitla.com; www.sobhagyacapital.com,Extract from restated financials in DRHP (pattern not matched).,no_structured_differentiation_tag,DRHP: Ms. Anjali Bansal; Ajit Singh Bawa; Mandeep Singh; Meenakshi; Mr. Avtar Singh Bawa; Mr. Ajit Singh Bawa. WTD,capex / capital expenditure; subsidiary / group structure,bse_sme_ipo_drhp_pipeline|capacity_expansion_tailwind,drhp_companies_specified_format.csv+final_merged_dsir_promoters.csv,,See DRHP ‘Industry / Business overview’ section.,no_structured_differentiation_tag|bse_sme_ipo_drhp_pipeline|capacity_expansion_tailwind|capex|capital_expenditure|subsidiary|group_structure,0,not_classified_manufacturer,0,weak_location_signal,0,no_differentiation_evidence,1,named_individuals_in_promoter_field,1,sector_or_macro_tailwind_tags,1,growth_or_ipo_signal_in_text,3,50,50.0,2
Apana Logistics Limited,please refer to the section title “History and Corporate Structure” on page no. Error! Bookmark not defined. of this Draft Prospectus.,unspecified_see_drhp,www.apanalogistics.com; www.corporatemakers.in; www.kfintech.com,Extract from restated financials in DRHP (pattern not matched).,no_structured_differentiation_tag,DRHP: Ms. Neelam Damji Shah; Mr. Rohit Pareek; Mr. Manish Kumar Singh SEBI Registration Number; Mr. Pratyaksh Sureka; Mr. Adarsh Sureka; Mr. Shrawan Kumar Sureka Date; Mr. Shrawan Kumar Sureka; Mrs. Devika Sureka,No explicit expansion/hiring/certification keywords in sampled pages — check MD&A / risk factors in full DRHP.,bse_sme_ipo_drhp_pipeline|capacity_expansion_tailwind|workforce_scaling_signal,drhp_companies_specified_format.csv+final_merged_dsir_promoters.csv,,See DRHP ‘Industry / Business overview’ section.,no_structured_differentiation_tag|bse_sme_ipo_drhp_pipeline|capacity_expansion_tailwind|workforce_scaling_signal|no_explicit_expansion|hiring|certification_keywords_in_sampled_pages_—_check_md&a|risk_factors_in_full_drhp,0,not_classified_manufacturer,0,weak_location_signal,0,no_differentiation_evidence,1,named_individuals_in_promoter_field,1,sector_or_macro_tailwind_tags,1,growth_or_ipo_signal_in_text,3,50,50.0,2
Astonea Labs Ltd,House No,unspecified_see_drhp,https://www.astonea.org/,Extract from restated financials in DRHP (pattern not matched).,no_structured_differentiation_tag,DRHP: Ms. Avneet Kaur; Ms. Alka Mishra Email; Mr. Murali Krishna; Mr. Ashish Gulati,No explicit expansion/hiring/certification keywords in sampled pages — check MD&A / risk factors in full DRHP.,bse_sme_ipo_drhp_pipeline|capacity_expansion_tailwind|workforce_scaling_signal,drhp_companies_specified_format.csv+final_merged_dsir_promoters.csv,,See DRHP ‘Industry / Business overview’ section.,no_structured_differentiation_tag|bse_sme_ipo_drhp_pipeline|capacity_expansion_tailwind|workforce_scaling_signal|no_explicit_expansion|hiring|certification_keywords_in_sampled_pages_—_check_md&a|risk_factors_in_full_drhp,0,not_classified_manufacturer,0,weak_location_signal,0,no_differentiation_evidence,1,named_individuals_in_promoter_field,1,sector_or_macro_tailwind_tags,1,growth_or_ipo_signal_in_text,3,50,50.0,2
Avtar Career Creators Limited,"relation to use of the pr emises could have a material adverse effect on our business and results of operations Our Registered Office, located at No",unspecified_see_drhp,https://in.mpms.mufg.com/; www.avtarcc.com; www.mefcomcap.in,Extract from restated financials in DRHP (pattern not matched).,no_structured_differentiation_tag,DRHP: Dr. Saundarya Rajesh; Mr. Akshey Rajesh; Mr. Umasanker Kandaswamy DETAILS OF THE ISSUE; Mr. Umasanker Kandaswamy THE ISSUE INITIAL PUBLIC,hiring / recruitment; subsidiary / group structure,bse_sme_ipo_drhp_pipeline|workforce_scaling_signal,drhp_companies_specified_format.csv+final_merged_dsir_promoters.csv,,See DRHP ‘Industry / Business overview’ section.,no_structured_differentiation_tag|bse_sme_ipo_drhp_pipeline|workforce_scaling_signal|hiring|recruitment|subsidiary|group_structure,0,not_classified_manufacturer,0,weak_location_signal,0,no_differentiation_evidence,1,named_individuals_in_promoter_field,1,sector_or_macro_tailwind_tags,1,growth_or_ipo_signal_in_text,3,50,50.0,2
Beezaasan Explotech Limited,"5th Floor, 511, Pramukh Tangent Complex, Sargasan Cross Road, S",unspecified_see_drhp,www.beezaasan.com,Extract from restated financials in DRHP (pattern not matched).,no_structured_differentiation_tag,DRHP: Ms. Ankita Choudhury Company Secretary; Ms. Ankita Choudhury; Mr. Navneetkumar Radheshyam Somani MOA; Mr. Navneetkumar Radheshyam Somani; Mr. Sunilkumar Radheshyam Somani; Mr. Rajan Sunilkumar Somani; Mr. Devi Singh Kachhwaha; Mr. Satya Prakash Heda; Ms. Manisha Navneet Somani; Ms. Komalben Sunilkumar Somani,No explicit expansion/hiring/certification keywords in sampled pages — check MD&A / risk factors in full DRHP.,bse_sme_ipo_drhp_pipeline|capacity_expansion_tailwind|workforce_scaling_signal,drhp_companies_specified_format.csv+final_merged_dsir_promoters.csv,,See DRHP ‘Industry / Business overview’ section.,no_structured_differentiation_tag|bse_sme_ipo_drhp_pipeline|capacity_expansion_tailwind|workforce_scaling_signal|no_explicit_expansion|hiring|certification_keywords_in_sampled_pages_—_check_md&a|risk_factors_in_full_drhp,0,not_classified_manufacturer,0,weak_location_signal,0,no_differentiation_evidence,1,named_individuals_in_promoter_field,1,sector_or_macro_tailwind_tags,1,growth_or_ipo_signal_in_text,3,50,50.0,2
Bhavik Enterprises Limited,Corporate Office Contact Person Email and Telephone Website Office No,unspecified_see_drhp,https://bhavikenterprises.com/; www.bigshareonline.com; www.shcapl.com,Extract from restated financials in DRHP (pattern not matched).,no_structured_differentiation_tag,DRHP: Mr. Mukesh Natverlal Thakkar Chairman; Mr. Parth Shah Website; Mr. Asif Sayyed SEBI Registration No; Ms. Shruti Shah March; Mr. Mukesh Natverlal Thakkar Late Natverlal Chaturdas; Ms. Purnima Mukesh Thakkar Late Madhusudan Chhotalal; Mr. Mukesh Natverlal Thakkar,No explicit expansion/hiring/certification keywords in sampled pages — check MD&A / risk factors in full DRHP.,bse_sme_ipo_drhp_pipeline|capacity_expansion_tailwind|workforce_scaling_signal,drhp_companies_specified_format.csv+final_merged_dsir_promoters.csv,,See DRHP ‘Industry / Business overview’ section.,no_structured_differentiation_tag|bse_sme_ipo_drhp_pipeline|capacity_expansion_tailwind|workforce_scaling_signal|no_explicit_expansion|hiring|certification_keywords_in_sampled_pages_—_check_md&a|risk_factors_in_full_drhp,0,not_classified_manufacturer,0,weak_location_signal,0,no_differentiation_evidence,1,named_individuals_in_promoter_field,1,sector_or_macro_tailwind_tags,1,growth_or_ipo_signal_in_text,3,50,50.0,2
Bipin Offset Limited,"into Public Limited Company and name of company was changed from “Bipin Offset Private Limited” to “Bipin Offset Limited” vide fresh certificate of incorporation dated July 01, 2025. For further details, please see chapter titled """,unspecified_see_drhp,https://bipinoffset.com/,Extract from restated financials in DRHP (pattern not matched).,no_structured_differentiation_tag,DRHP: Mrs. Radhika Parth Soni; Mr. Rakesh Bhogilal Patel; Mrs. Zinnal Rakeshkumar Patel; Mr. Rikin Bipinchandra Patel. For; Mrs. Zinnal Rakeshkumar Patel. For,No explicit expansion/hiring/certification keywords in sampled pages — check MD&A / risk factors in full DRHP.,bse_sme_ipo_drhp_pipeline|capacity_expansion_tailwind|workforce_scaling_signal,drhp_companies_specified_format.csv+final_merged_dsir_promoters.csv,,See DRHP ‘Industry / Business overview’ section.,no_structured_differentiation_tag|bse_sme_ipo_drhp_pipeline|capacity_expansion_tailwind|workforce_scaling_signal|no_explicit_expansion|hiring|certification_keywords_in_sampled_pages_—_check_md&a|risk_factors_in_full_drhp,0,not_classified_manufacturer,0,weak_location_signal,0,no_differentiation_evidence,1,named_individuals_in_promoter_field,1,sector_or_macro_tailwind_tags,1,growth_or_ipo_signal_in_text,3,50,50.0,2
Broach Lifecare Hospital Limited,See DRHP ‘General Information’ — address not matched by pattern.,unspecified_see_drhp,www.fedsec.in; www.kfintech.com; www.maplehospital.in,Extract from restated financials in DRHP (pattern not matched).,no_structured_differentiation_tag,DRHP: Mrs. Swati Sharma,No explicit expansion/hiring/certification keywords in sampled pages — check MD&A / risk factors in full DRHP.,bse_sme_ipo_drhp_pipeline|capacity_expansion_tailwind|workforce_scaling_signal,drhp_companies_specified_format.csv+final_merged_dsir_promoters.csv,,See DRHP ‘Industry / Business overview’ section.,no_structured_differentiation_tag|bse_sme_ipo_drhp_pipeline|capacity_expansion_tailwind|workforce_scaling_signal|no_explicit_expansion|hiring|certification_keywords_in_sampled_pages_—_check_md&a|risk_factors_in_full_drhp,0,not_classified_manufacturer,0,weak_location_signal,0,no_differentiation_evidence,1,named_individuals_in_promoter_field,1,sector_or_macro_tailwind_tags,1,growth_or_ipo_signal_in_text,3,50,50.0,2
Citichem India Limited,Little or no extractable text (likely scanned PDF — needs OCR).,"3. Majority of our revenues are dependent on few customers and the loss of, or a significant reduction in purchases by s",www.citichemindia.com; www.horizonmanagement.in; www.kfintech.com,Extract from restated financials in DRHP (pattern not matched).,no_structured_differentiation_tag,DRHP: Mrs. Puja Sharma; Mr. Arif Esmail Merchant Managing Director BOOK; Mr. Arif Esmail Merchant; Mr. Hashim Arif Merchant; Mrs. Fozia Arif Esmail Merchant; Mrs. Saima Hashim Merchant. For; Mrs Fozia Arif Merchant,No explicit expansion/hiring/certification keywords in sampled pages — check MD&A / risk factors in full DRHP.,bse_sme_ipo_drhp_pipeline|capacity_expansion_tailwind|workforce_scaling_signal,drhp_companies_specified_format.csv+final_merged_dsir_promoters.csv,,"3. Majority of our revenues are dependent on few customers and the loss of, or a significant reduction in purchases by such customers could adversely affect",no_structured_differentiation_tag|bse_sme_ipo_drhp_pipeline|capacity_expansion_tailwind|workforce_scaling_signal|no_explicit_expansion|hiring|certification_keywords_in_sampled_pages_—_check_md&a|risk_factors_in_full_drhp,0,not_classified_manufacturer,0,weak_location_signal,0,no_differentiation_evidence,1,named_individuals_in_promoter_field,1,sector_or_macro_tailwind_tags,1,growth_or_ipo_signal_in_text,3,50,50.0,3
Craftech Paper Mills Limited,"Karwa Complex, Opp",unspecified_see_drhp,www.craftechpaper.com; www.horizonmanagement.in; www.maashitla.com,Extract from restated financials in DRHP (pattern not matched).,no_structured_differentiation_tag,DRHP: Mr. Narendra Bajaj SEBI Registration No; Mr. Mukul Agrawal SEB,No explicit expansion/hiring/certification keywords in sampled pages — check MD&A / risk factors in full DRHP.,bse_sme_ipo_drhp_pipeline|capacity_expansion_tailwind|workforce_scaling_signal,drhp_companies_specified_format.csv+final_merged_dsir_promoters.csv,,See DRHP ‘Industry / Business overview’ section.,no_structured_differentiation_tag|bse_sme_ipo_drhp_pipeline|capacity_expansion_tailwind|workforce_scaling_signal|no_explicit_expansion|hiring|certification_keywords_in_sampled_pages_—_check_md&a|risk_factors_in_full_drhp,0,not_classified_manufacturer,0,weak_location_signal,0,no_differentiation_evidence,1,named_individuals_in_promoter_field,1,sector_or_macro_tailwind_tags,1,growth_or_ipo_signal_in_text,3,50,50.0,2
Datasol (Bangalore) Limited,"company, please refer to section titled “",unspecified_see_drhp,www.datasolindia.com,Extract from restated financials in DRHP (pattern not matched).,no_structured_differentiation_tag,DRHP: Ms. Sachi Shrikumar Lakhotia Company Secretary; Mr. Satish Reddy; Mr. Balakuntlam Sathyanarayana Sureshkumar; Mrs. Basavana Palli Ambika Soni; Mrs. Shyalaja Ramamurthy DETAILS OF OFFER TO; Mr. S. Ramakrishna Iyengar Email; Ms. Sachi Shrikumar Lakhotia; Mrs. Shyalaja Ramamurthy. Promoter Group Includes,No explicit expansion/hiring/certification keywords in sampled pages — check MD&A / risk factors in full DRHP.,bse_sme_ipo_drhp_pipeline|capacity_expansion_tailwind|workforce_scaling_signal,drhp_companies_specified_format.csv+final_merged_dsir_promoters.csv,,See DRHP ‘Industry / Business overview’ section.,no_structured_differentiation_tag|bse_sme_ipo_drhp_pipeline|capacity_expansion_tailwind|workforce_scaling_signal|no_explicit_expansion|hiring|certification_keywords_in_sampled_pages_—_check_md&a|risk_factors_in_full_drhp,0,not_classified_manufacturer,0,weak_location_signal,0,no_differentiation_evidence,1,named_individuals_in_promoter_field,1,sector_or_macro_tailwind_tags,1,growth_or_ipo_signal_in_text,3,50,50.0,2
Defrail Technologies Limited,"Manufactu ring Plant- 2 3,330 sq. yards 1,51503.33 sq. yards",unspecified_see_drhp,www.defrailtech.in; www.maashitla.com; www.nexgenfin.com,Extract from restated financials in DRHP (pattern not matched).,no_structured_differentiation_tag,Ms. Ashi Aggarwal,No explicit expansion/hiring/certification keywords in sampled pages — check MD&A / risk factors in full DRHP.,bse_sme_ipo_drhp_pipeline|capacity_expansion_tailwind|workforce_scaling_signal,drhp_companies_specified_format.csv+final_merged_dsir_promoters.csv,,See DRHP ‘Industry / Business overview’ section.,no_structured_differentiation_tag|bse_sme_ipo_drhp_pipeline|capacity_expansion_tailwind|workforce_scaling_signal|no_explicit_expansion|hiring|certification_keywords_in_sampled_pages_—_check_md&a|risk_factors_in_full_drhp,0,not_classified_manufacturer,0,weak_location_signal,0,no_differentiation_evidence,1,named_individuals_in_promoter_field,1,sector_or_macro_tailwind_tags,1,growth_or_ipo_signal_in_text,3,50,50.0,2
Dhnawel Hybrid Seeds Limited,Corporate Identification Number of our Company is U46101GJ2024PLC148851.,unspecified_see_drhp,www.cameoindia.com; www.dhanwelseeds.com; www.wealthminenetworks.com,Extract from restated financials in DRHP (pattern not matched).,no_structured_differentiation_tag,Mr. Kishankumar Gordhanbhai Meghani Chairman; Mr. Nikunj Mansukhlal Suvagiya Non; Mr. Sudhir Mohanbhai Pipaliya Non; Mr. Vimal Mansukhbhai Vekariya Whole; Ms. Dixita Rajendrasinh Chauhan Chief Financial; Ms. Keshvi Akshay Barasiya Non; Ms. Parul Agarwal; Ms. Parul Agarwal Company Secretary,No explicit expansion/hiring/certification keywords in sampled pages — check MD&A / risk factors in full DRHP.,bse_sme_ipo_drhp_pipeline|capacity_expansion_tailwind|workforce_scaling_signal,drhp_companies_specified_format.csv+final_merged_dsir_promoters.csv,U46101GJ2024PLC148851,See DRHP ‘Industry / Business overview’ section.,no_structured_differentiation_tag|bse_sme_ipo_drhp_pipeline|capacity_expansion_tailwind|workforce_scaling_signal|no_explicit_expansion|hiring|certification_keywords_in_sampled_pages_—_check_md&a|risk_factors_in_full_drhp,0,not_classified_manufacturer,0,weak_location_signal,0,no_differentiation_evidence,1,named_individuals_in_promoter_field,1,sector_or_macro_tailwind_tags,1,growth_or_ipo_signal_in_text,3,50,50.0,2
DSM Fresh Foods Limited,"consequent upon conversion dated July 09, 2024, bearing",unspecified_see_drhp,https://www.zappfresh.com/; www.maashitla.com; www.narnolia.com,Extract from restated financials in DRHP (pattern not matched).,no_structured_differentiation_tag,DRHP: Mr. DEEPANSHU MANCHANDA; Mrs. PRIYA AGGARWAL ADDENDUM TO THE DRAFT; Mr. Rajveer Singh Website; Mr. Mukul Agrawal CIN; Mr. Deepanshu Manchanda; Mrs. Priya Aggarwal. For; Mr. Sandeep Kumar; Mr. Sajit Kumar; Ms. Shruti Gochhwal; Mr. Mange Ram Gochhwal,No explicit expansion/hiring/certification keywords in sampled pages — check MD&A / risk factors in full DRHP.,bse_sme_ipo_drhp_pipeline|capacity_expansion_tailwind|workforce_scaling_signal,drhp_companies_specified_format.csv+final_merged_dsir_promoters.csv,,See DRHP ‘Industry / Business overview’ section.,no_structured_differentiation_tag|bse_sme_ipo_drhp_pipeline|capacity_expansion_tailwind|workforce_scaling_signal|no_explicit_expansion|hiring|certification_keywords_in_sampled_pages_—_check_md&a|risk_factors_in_full_drhp,0,not_classified_manufacturer,0,weak_location_signal,0,no_differentiation_evidence,1,named_individuals_in_promoter_field,1,sector_or_macro_tailwind_tags,1,growth_or_ipo_signal_in_text,3,50,50.0,2
Efficient Fire and Security Solutions Limited,Centre. The present,unspecified_see_drhp,www.bigshareonline.com; www.efficientfire.in; www.swastika.co.in,Extract from restated financials in DRHP (pattern not matched).,no_structured_differentiation_tag,DRHP: ANAND BABRUVAN GADEKAR AND AARTI ANAND GADEKAR,No explicit expansion/hiring/certification keywords in sampled pages — check MD&A / risk factors in full DRHP.,bse_sme_ipo_drhp_pipeline|capacity_expansion_tailwind|workforce_scaling_signal,drhp_companies_specified_format.csv+final_merged_dsir_promoters.csv,,See DRHP ‘Industry / Business overview’ section.,no_structured_differentiation_tag|bse_sme_ipo_drhp_pipeline|capacity_expansion_tailwind|workforce_scaling_signal|no_explicit_expansion|hiring|certification_keywords_in_sampled_pages_—_check_md&a|risk_factors_in_full_drhp,0,not_classified_manufacturer,0,weak_location_signal,0,no_differentiation_evidence,1,rich_drhp_promoter_blob,1,sector_or_macro_tailwind_tags,1,growth_or_ipo_signal_in_text,3,50,50.0,2
Emmforce Autotech Limited,"2. Plot No.3&5 EPIP Phase- I, Jharmajri, Baddi Distt",unspecified_see_drhp,www.beelinemb.com; www.emmforce.com; www.linkintime.co.in,Extract from restated financials in DRHP (pattern not matched).,no_structured_differentiation_tag,DRHP: Ms. Parul Gupta; Mr. Ashok Mehta Place; Mr. Nikhil Shah SEBI Registration No; Mr. Ashok Mehta; Mrs. Neetu Mehta; Mr. Azeez Mehta. For; Mr. Azeez Mehta. E. PRE-ISSUE SHAREHOLDING OF; Mr. Azeez Mehta; Ms. Navya Mehta; Mr. Narinder Krishan Miglani,No explicit expansion/hiring/certification keywords in sampled pages — check MD&A / risk factors in full DRHP.,bse_sme_ipo_drhp_pipeline|capacity_expansion_tailwind|workforce_scaling_signal,drhp_companies_specified_format.csv+final_merged_dsir_promoters.csv,,See DRHP ‘Industry / Business overview’ section.,no_structured_differentiation_tag|bse_sme_ipo_drhp_pipeline|capacity_expansion_tailwind|workforce_scaling_signal|no_explicit_expansion|hiring|certification_keywords_in_sampled_pages_—_check_md&a|risk_factors_in_full_drhp,0,not_classified_manufacturer,0,weak_location_signal,0,no_differentiation_evidence,1,named_individuals_in_promoter_field,1,sector_or_macro_tailwind_tags,1,growth_or_ipo_signal_in_text,3,50,50.0,2
ENPROCON ENTERPRISE LIMITED,"EnProCon Enterprise Limited B-705 Mondeal heights, Nr",unspecified_see_drhp,https://enprocon.com/,Extract from restated financials in DRHP (pattern not matched).,no_structured_differentiation_tag,DRHP: Ms Dhwani Mahendra Bothra; Mr. Mukhtiyarhusain Ruknudin Shaikh Company Secretary,No explicit expansion/hiring/certification keywords in sampled pages — check MD&A / risk factors in full DRHP.,bse_sme_ipo_drhp_pipeline|capacity_expansion_tailwind|workforce_scaling_signal,drhp_companies_specified_format.csv+final_merged_dsir_promoters.csv,,See DRHP ‘Industry / Business overview’ section.,no_structured_differentiation_tag|bse_sme_ipo_drhp_pipeline|capacity_expansion_tailwind|workforce_scaling_signal|no_explicit_expansion|hiring|certification_keywords_in_sampled_pages_—_check_md&a|risk_factors_in_full_drhp,0,not_classified_manufacturer,0,weak_location_signal,0,no_differentiation_evidence,1,named_individuals_in_promoter_field,1,sector_or_macro_tailwind_tags,1,growth_or_ipo_signal_in_text,3,50,50.0,2
ENS Enterprises Limited,"May 08, 2025",unspecified_see_drhp,www.abhipra.com; www.corporatemakers.in; www.ens.enterprises,Extract from restated financials in DRHP (pattern not matched).,no_structured_differentiation_tag,DRHP: Mr. Akhil Jain; Mr. Manish Kumar Srivastava July; Mr. Avinash Kumar Singh July; Mr. Anupam Kumar Srivastava July; Mr. Avinash Kumar Singh; Mr. Manish Kumar Srivastava For; Mr. Anupam Kuma; Mr. Anupam Kumar Srivastava,No explicit expansion/hiring/certification keywords in sampled pages — check MD&A / risk factors in full DRHP.,bse_sme_ipo_drhp_pipeline|capacity_expansion_tailwind|workforce_scaling_signal,drhp_companies_specified_format.csv+final_merged_dsir_promoters.csv,U74120UP2016PLC075577,See DRHP ‘Industry / Business overview’ section.,no_structured_differentiation_tag|bse_sme_ipo_drhp_pipeline|capacity_expansion_tailwind|workforce_scaling_signal|no_explicit_expansion|hiring|certification_keywords_in_sampled_pages_—_check_md&a|risk_factors_in_full_drhp,0,not_classified_manufacturer,0,weak_location_signal,0,no_differentiation_evidence,1,named_individuals_in_promoter_field,1,sector_or_macro_tailwind_tags,1,growth_or_ipo_signal_in_text,3,50,50.0,2
Fly-Hi Maritime Travels Limited,Our Company” on page no 166:,unspecified_see_drhp,www.corporatemakers.in; www.kfintech.com,₹1 Cr (stated),no_structured_differentiation_tag,DRHP: unable or unwilling to continue in their present position; we may not be able to replace them; Mr. Satish Kumar Gupta SEBI Registration No,No explicit expansion/hiring/certification keywords in sampled pages — check MD&A / risk factors in full DRHP.,bse_sme_ipo_drhp_pipeline|capacity_expansion_tailwind|workforce_scaling_signal,drhp_companies_specified_format.csv+final_merged_dsir_promoters.csv,,See DRHP ‘Industry / Business overview’ section.,no_structured_differentiation_tag|bse_sme_ipo_drhp_pipeline|capacity_expansion_tailwind|workforce_scaling_signal|no_explicit_expansion|hiring|certification_keywords_in_sampled_pages_—_check_md&a|risk_factors_in_full_drhp,0,not_classified_manufacturer,0,weak_location_signal,0,no_differentiation_evidence,1,named_individuals_in_promoter_field,1,sector_or_macro_tailwind_tags,1,growth_or_ipo_signal_in_text,3,50,50.0,2
GAME CHANGERS TEXFAB LIMITED,Working Days from the date of the Red Herring Prospectus until the Issue Closing Date.,unspecified_see_drhp,www.corpwis.com; www.skylinerta.com; www.tradeuno.com,Extract from restated financials in DRHP (pattern not matched).,no_structured_differentiation_tag,DRHP: Mr. Nikunj Gupta; Mrs. Santhanam Subhashini; Mr. Vijay Rajagopalan. Accordingly; Mr. Sanjeev Goel; Mr. Ankur Aggarwal; Mr. Sanjeev Goel. Mr. Ankur Agarwal; Mr. Ved Parkash Goel,No explicit expansion/hiring/certification keywords in sampled pages — check MD&A / risk factors in full DRHP.,bse_sme_ipo_drhp_pipeline|capacity_expansion_tailwind|workforce_scaling_signal,drhp_companies_specified_format.csv+final_merged_dsir_promoters.csv,,See DRHP ‘Industry / Business overview’ section.,no_structured_differentiation_tag|bse_sme_ipo_drhp_pipeline|capacity_expansion_tailwind|workforce_scaling_signal|no_explicit_expansion|hiring|certification_keywords_in_sampled_pages_—_check_md&a|risk_factors_in_full_drhp,0,not_classified_manufacturer,0,weak_location_signal,0,no_differentiation_evidence,1,named_individuals_in_promoter_field,1,sector_or_macro_tailwind_tags,1,growth_or_ipo_signal_in_text,3,50,50.0,3
Goel Construction Company Limited,Structure” beginning on page no. 177 of the Draft Red Herring Prospectus.,unspecified_see_drhp,https://in.mpms.mufg.com/; www.goelconstruction.co.in; www.srujanalpha.com,Extract from restated financials in DRHP (pattern not matched).,no_structured_differentiation_tag,DRHP: Ms. Surbhi Maloo; Mr. Purushottam Dass Goel; Mr. Arun Kumar Goel; Mr. Naresh Kumar Goel; Mrs. Nirmala Goel; Mr. Anuj Goel; Mr. Amit Goel; Mr. Ashwani Goel; Mr. Prem Goel; Mr. Vijay Kumar Goel,No explicit expansion/hiring/certification keywords in sampled pages — check MD&A / risk factors in full DRHP.,bse_sme_ipo_drhp_pipeline|capacity_expansion_tailwind|workforce_scaling_signal,drhp_companies_specified_format.csv+final_merged_dsir_promoters.csv,,See DRHP ‘Industry / Business overview’ section.,no_structured_differentiation_tag|bse_sme_ipo_drhp_pipeline|capacity_expansion_tailwind|workforce_scaling_signal|no_explicit_expansion|hiring|certification_keywords_in_sampled_pages_—_check_md&a|risk_factors_in_full_drhp,0,not_classified_manufacturer,0,weak_location_signal,0,no_differentiation_evidence,1,named_individuals_in_promoter_field,1,sector_or_macro_tailwind_tags,1,growth_or_ipo_signal_in_text,3,50,50.0,2
Haru Worldwide Limited,Sukun Business Centre Nr,unspecified_see_drhp,www.bigshareonline.com; www.haruworldwide.com; www.ifinservices.in,Extract from restated financials in DRHP (pattern not matched).,no_structured_differentiation_tag,DRHP: Mr. Anil Runthala; Mrs. Harsha Sharma Type Fresh Issue Size; Mrs. Krishna Naik; Mr. Anilkumar Runthala; Mrs. Harsha Sharma Promoter Group Companies; Mr. Rakesh Dutta Companies Act Companies Act; Mrs. Harsha Sharma. For,No explicit expansion/hiring/certification keywords in sampled pages — check MD&A / risk factors in full DRHP.,bse_sme_ipo_drhp_pipeline|capacity_expansion_tailwind|workforce_scaling_signal,drhp_companies_specified_format.csv+final_merged_dsir_promoters.csv,,See DRHP ‘Industry / Business overview’ section.,no_structured_differentiation_tag|bse_sme_ipo_drhp_pipeline|capacity_expansion_tailwind|workforce_scaling_signal|no_explicit_expansion|hiring|certification_keywords_in_sampled_pages_—_check_md&a|risk_factors_in_full_drhp,0,not_classified_manufacturer,0,weak_location_signal,0,no_differentiation_evidence,1,named_individuals_in_promoter_field,1,sector_or_macro_tailwind_tags,1,growth_or_ipo_signal_in_text,3,50,50.0,2
Horizon Reclaim  (India) Limited,"2025. Our Company’s Corporate Identity Number is U25206UP2006PLC032294. For details of change in Registered office of our Company, please refer to the chapter titled “History and Certain Corporate Matters” on page 149 of the Draft Red Herring Prospectus.",unspecified_see_drhp,https://horizonreclaim.com/; www.gyrcapitaladvisors.com; www.kfintech.com,Extract from restated financials in DRHP (pattern not matched).,no_structured_differentiation_tag,DRHP: Ms. Deeksha Thakral Company Secretary; Mr. Mohit Baid SEBI Registration Number; Ms. Neha Ahuja; Mr. Raj Mehta,capacity expansion,bse_sme_ipo_drhp_pipeline|capacity_expansion_tailwind,drhp_companies_specified_format.csv+final_merged_dsir_promoters.csv,U25206UP2006PLC032294,See DRHP ‘Industry / Business overview’ section.,no_structured_differentiation_tag|bse_sme_ipo_drhp_pipeline|capacity_expansion_tailwind|capacity_expansion,0,not_classified_manufacturer,0,weak_location_signal,0,no_differentiation_evidence,1,named_individuals_in_promoter_field,1,sector_or_macro_tailwind_tags,1,growth_or_ipo_signal_in_text,3,50,50.0,2
Icon Facilitators Limited,in Form GNL 2 with SRN: AB2710819 AOC-4 (For the FY2015-2016),unspecified_see_drhp,www.iconf.in; www.khambattasecurities.com; www.maashitla.com,Extract from restated financials in DRHP (pattern not matched).,no_structured_differentiation_tag,DRHP: Ms. Mamzuza Malia; Mrs. Pooja Makhija; Mr. Sunil Bharihoke,hiring / recruitment,bse_sme_ipo_drhp_pipeline|workforce_scaling_signal,drhp_companies_specified_format.csv+final_merged_dsir_promoters.csv,,See DRHP ‘Industry / Business overview’ section.,no_structured_differentiation_tag|bse_sme_ipo_drhp_pipeline|workforce_scaling_signal|hiring|recruitment,0,not_classified_manufacturer,0,weak_location_signal,0,no_differentiation_evidence,1,named_individuals_in_promoter_field,1,sector_or_macro_tailwind_tags,1,growth_or_ipo_signal_in_text,3,50,50.0,2
Jain International Power Limited,and takeover the existing proprietorship business of a sole proprietorship as going concern carried by Mr,unspecified_see_drhp,www.in.mpms.mufg.com; www.jainint.com; www.shareindia.com,₹100+ Cr (approx from lakhs),no_structured_differentiation_tag,DRHP: Mrs. Juhi Gupta; Mrs. Juhi Gupta Company Secretary,hiring / recruitment,bse_sme_ipo_drhp_pipeline|workforce_scaling_signal,drhp_companies_specified_format.csv+final_merged_dsir_promoters.csv,U31909WB2022PLC253094,See DRHP ‘Industry / Business overview’ section.,no_structured_differentiation_tag|bse_sme_ipo_drhp_pipeline|workforce_scaling_signal|hiring|recruitment,0,not_classified_manufacturer,0,weak_location_signal,0,no_differentiation_evidence,1,named_individuals_in_promoter_field,1,sector_or_macro_tailwind_tags,1,growth_or_ipo_signal_in_text,3,50,50.0,2
Jay Kailash Namkeen Limited,Number U15549GJ2021PLC123708,unspecified_see_drhp,www.expertglobal.in; www.jaykailashnamkeen.com; www.skylinerta.com,Extract from restated financials in DRHP (pattern not matched).,no_structured_differentiation_tag,DRHP: Ms. Anushree Vijay Company Secretary; Mr. Gaurav Jain SEBI; Ms. Anushree Vijay; Mr. Neel Narendrabhai Pujara. Promoter Group Such; Mr. Neel Narendrabhai Pujara. CIN Corporate Identity; Mrs. Tulsi Neel Pujara. Companies Act; Ms. Anushree Vijay. DIN Directors Identification Number; Mr. Neel Narendrabhai Pujara. MOA,No explicit expansion/hiring/certification keywords in sampled pages — check MD&A / risk factors in full DRHP.,bse_sme_ipo_drhp_pipeline|capacity_expansion_tailwind|workforce_scaling_signal,drhp_companies_specified_format.csv+final_merged_dsir_promoters.csv,U15549GJ2021PLC123708,See DRHP ‘Industry / Business overview’ section.,no_structured_differentiation_tag|bse_sme_ipo_drhp_pipeline|capacity_expansion_tailwind|workforce_scaling_signal|no_explicit_expansion|hiring|certification_keywords_in_sampled_pages_—_check_md&a|risk_factors_in_full_drhp,0,not_classified_manufacturer,0,weak_location_signal,0,no_differentiation_evidence,1,named_individuals_in_promoter_field,1,sector_or_macro_tailwind_tags,1,growth_or_ipo_signal_in_text,3,50,50.0,2
Jay Kailash Namkeen Limited,CORPORATE OFFICE CONTACT PERSON EMAIL & TELEPHONE,unspecified_see_drhp,www.expertglobal.in; www.jaykailashnamkeen.com; www.skylinerta.com,Extract from restated financials in DRHP (pattern not matched).,no_structured_differentiation_tag,DRHP: Ms. Anushree Vijay Company Secretary; Mr. Gaurav Jain SEBI; Ms. Anushree Vijay; Mr. Neel Narendrabhai Pujara. Promoter Group Such; Mr. Neel Narendrabhai Pujara. CIN Corporate Identity; Mrs. Tulsi Neel Pujara. Companies Act; Ms. Anushree Vijay. DIN Directors Identification Number; Mr. Neel Narendrabhai Pujara. MOA,No explicit expansion/hiring/certification keywords in sampled pages — check MD&A / risk factors in full DRHP.,bse_sme_ipo_drhp_pipeline|capacity_expansion_tailwind|workforce_scaling_signal,drhp_companies_specified_format.csv,,See DRHP ‘Industry / Business overview’ section.,no_structured_differentiation_tag|bse_sme_ipo_drhp_pipeline|capacity_expansion_tailwind|workforce_scaling_signal|no_explicit_expansion|hiring|certification_keywords_in_sampled_pages_—_check_md&a|risk_factors_in_full_drhp,0,not_classified_manufacturer,0,weak_location_signal,0,no_differentiation_evidence,1,named_individuals_in_promoter_field,1,sector_or_macro_tailwind_tags,1,growth_or_ipo_signal_in_text,3,50,50.0,1
Jinaam’s Dress Limited,Certain Corporate Matters” beginning on page 106 of this Draft Prospectus.,unspecified_see_drhp,www.bigshareonline.com; www.jinaam.comCorporate; www.smccapitals.com,Extract from restated financials in DRHP (pattern not matched).,no_structured_differentiation_tag,DRHP: Rahul Hemraj Oswal; Vishal Hemraj Oswal; Pritam Hemraj Oswal,No explicit expansion/hiring/certification keywords in sampled pages — check MD&A / risk factors in full DRHP.,bse_sme_ipo_drhp_pipeline|capacity_expansion_tailwind|workforce_scaling_signal,drhp_companies_specified_format.csv+final_merged_dsir_promoters.csv,,See DRHP ‘Industry / Business overview’ section.,no_structured_differentiation_tag|bse_sme_ipo_drhp_pipeline|capacity_expansion_tailwind|workforce_scaling_signal|no_explicit_expansion|hiring|certification_keywords_in_sampled_pages_—_check_md&a|risk_factors_in_full_drhp,0,not_classified_manufacturer,0,weak_location_signal,0,no_differentiation_evidence,1,rich_drhp_promoter_blob,1,sector_or_macro_tailwind_tags,1,growth_or_ipo_signal_in_text,3,50,50.0,2
Jungle Camps India Limited,"Jungle Resorts Private Limited” and “Jungle Camps Private Limited”, the same are required to be updated/ changed with various government/semi government authorities and various organizations.",unspecified_see_drhp,www.junglecampsindia.com; www.khambattasecurities.com; www.skylinerta.com,Extract from restated financials in DRHP (pattern not matched).,no_structured_differentiation_tag,DRHP: Ms. Parul Shekhawat; Mr. Chandan Mishra; Ms. Nisha Shaw SEBI Registration No; Mr. Anuj Rana Website,No explicit expansion/hiring/certification keywords in sampled pages — check MD&A / risk factors in full DRHP.,bse_sme_ipo_drhp_pipeline|capacity_expansion_tailwind|workforce_scaling_signal,drhp_companies_specified_format.csv+final_merged_dsir_promoters.csv,,See DRHP ‘Industry / Business overview’ section.,no_structured_differentiation_tag|bse_sme_ipo_drhp_pipeline|capacity_expansion_tailwind|workforce_scaling_signal|no_explicit_expansion|hiring|certification_keywords_in_sampled_pages_—_check_md&a|risk_factors_in_full_drhp,0,not_classified_manufacturer,0,weak_location_signal,0,no_differentiation_evidence,1,named_individuals_in_promoter_field,1,sector_or_macro_tailwind_tags,1,growth_or_ipo_signal_in_text,3,50,50.0,2
K K Silk Mills Limited,Corporate Structure” beginning on page no,unspecified_see_drhp,www.axialcapital.in; www.kksilkmills.com; www.linkintime.co.in,Extract from restated financials in DRHP (pattern not matched).,no_structured_differentiation_tag,DRHP: Ms. Saachi Rajesh Madnani PROMOTERS OF; Mr. Ashish Roongta CIN; Ms. Shanti Gopalkrishnan Email Id; Mrs. Asha Manish Shah; Ms. Saachi Rajesh Madnani; Ms. Saachi Rajesh Madnani Membership No,No explicit expansion/hiring/certification keywords in sampled pages — check MD&A / risk factors in full DRHP.,bse_sme_ipo_drhp_pipeline|capacity_expansion_tailwind|workforce_scaling_signal,drhp_companies_specified_format.csv+final_merged_dsir_promoters.csv,,See DRHP ‘Industry / Business overview’ section.,no_structured_differentiation_tag|bse_sme_ipo_drhp_pipeline|capacity_expansion_tailwind|workforce_scaling_signal|no_explicit_expansion|hiring|certification_keywords_in_sampled_pages_—_check_md&a|risk_factors_in_full_drhp,0,not_classified_manufacturer,0,weak_location_signal,0,no_differentiation_evidence,1,named_individuals_in_promoter_field,1,sector_or_macro_tailwind_tags,1,growth_or_ipo_signal_in_text,3,50,50.0,2
K. V. TOYS INDIA LIMITED,LOCATED) AT LEAST TWO WORKING DAYS PRIOR TO THE BID/ISSUE OPENING DATE WITH THE RELEVANT FINANCIAL RATIOS CALCULATED AT THE FLOOR PRICE AND THE CAP PRICE AND SHALL BE MADE AVAILABLE TO THE SME PLATFORM OF BSE LIMITED (“BSE”) FOR THE PURPOSES OF UPLOADING ON ITS,unspecified_see_drhp,https://kvtoys.com/; www.gyrcapitaladvisors.com; www.purvashare.com,Extract from restated financials in DRHP (pattern not matched).,no_structured_differentiation_tag,Ms. Namita Narang,No explicit expansion/hiring/certification keywords in sampled pages — check MD&A / risk factors in full DRHP.,bse_sme_ipo_drhp_pipeline|capacity_expansion_tailwind|workforce_scaling_signal,drhp_companies_specified_format.csv+final_merged_dsir_promoters.csv,,See DRHP ‘Industry / Business overview’ section.,no_structured_differentiation_tag|bse_sme_ipo_drhp_pipeline|capacity_expansion_tailwind|workforce_scaling_signal|no_explicit_expansion|hiring|certification_keywords_in_sampled_pages_—_check_md&a|risk_factors_in_full_drhp,0,not_classified_manufacturer,0,weak_location_signal,0,no_differentiation_evidence,1,named_individuals_in_promoter_field,1,sector_or_macro_tailwind_tags,1,growth_or_ipo_signal_in_text,3,50,50.0,2
Kalyani Cast-Tech Limited,Little or no extractable text (likely scanned PDF — needs OCR).,unspecified_see_drhp,www.bigshareonline.com; www.gretexcorporate.com; www.kalyanicasttech.com,Extract from restated financials in DRHP (pattern not matched).,no_structured_differentiation_tag,DRHP: Mr. Pankaj Kumar Company Secretary; Ms. Neha Maiya; Mr. Pankaj Kumar; Mr. Naresh Kumar; Mr. Javed Aslam; Mr. Nathmal Bangani; Ms. Kamala Kumari Jain; Ms. Muskan Bangani DETAILS OF THE ISSUE; Ms. Muskan Bangani,No explicit expansion/hiring/certification keywords in sampled pages — check MD&A / risk factors in full DRHP.,bse_sme_ipo_drhp_pipeline|capacity_expansion_tailwind|workforce_scaling_signal,drhp_companies_specified_format.csv+final_merged_dsir_promoters.csv,,See DRHP ‘Industry / Business overview’ section.,no_structured_differentiation_tag|bse_sme_ipo_drhp_pipeline|capacity_expansion_tailwind|workforce_scaling_signal|no_explicit_expansion|hiring|certification_keywords_in_sampled_pages_—_check_md&a|risk_factors_in_full_drhp,0,not_classified_manufacturer,0,weak_location_signal,0,no_differentiation_evidence,1,named_individuals_in_promoter_field,1,sector_or_macro_tailwind_tags,1,growth_or_ipo_signal_in_text,3,50,50.0,3
Kanishk Aluminium India Limited,Processing Centre. Our Company’s Corporate Identity Number is,unspecified_see_drhp,https://kanishkindia.co.in/; www.kfintech.com; www.suncapitalservices.co.in,Extract from restated financials in DRHP (pattern not matched).,no_structured_differentiation_tag,DRHP: Ms. Prachi Mittal PROMOTERS OF OUR; Mr. Parmanand Agarwal Date,No explicit expansion/hiring/certification keywords in sampled pages — check MD&A / risk factors in full DRHP.,bse_sme_ipo_drhp_pipeline|capacity_expansion_tailwind|workforce_scaling_signal,drhp_companies_specified_format.csv+final_merged_dsir_promoters.csv,,See DRHP ‘Industry / Business overview’ section.,no_structured_differentiation_tag|bse_sme_ipo_drhp_pipeline|capacity_expansion_tailwind|workforce_scaling_signal|no_explicit_expansion|hiring|certification_keywords_in_sampled_pages_—_check_md&a|risk_factors_in_full_drhp,0,not_classified_manufacturer,0,weak_location_signal,0,no_differentiation_evidence,1,named_individuals_in_promoter_field,1,sector_or_macro_tailwind_tags,1,growth_or_ipo_signal_in_text,3,50,50.0,2
KASLIWAL PROJECTS LIMITED,wide circulation,unspecified_see_drhp,https://kasliwalprojects.com/; www.corpwis.com; www.purvashare.com,Extract from restated financials in DRHP (pattern not matched).,no_structured_differentiation_tag,DRHP: Mr. Padam Kumar Jain; Mr. Nitish Padam Jain; Mrs. Jyoti Jain; Mrs. Poonam Anish Jain; Mrs. Mina Devi Jain; Mr. Anish Padam Jain,capacity expansion; subsidiary / group structure,bse_sme_ipo_drhp_pipeline|capacity_expansion_tailwind,drhp_companies_specified_format.csv+final_merged_dsir_promoters.csv,,See DRHP ‘Industry / Business overview’ section.,no_structured_differentiation_tag|bse_sme_ipo_drhp_pipeline|capacity_expansion_tailwind|capacity_expansion|subsidiary|group_structure,0,not_classified_manufacturer,0,weak_location_signal,0,no_differentiation_evidence,1,named_individuals_in_promoter_field,1,sector_or_macro_tailwind_tags,1,growth_or_ipo_signal_in_text,3,50,50.0,2
Kenrik Industries Limited,"of Our Company, please refer to section titled “Our History and Certain Corporate Matters” beginning on page no",unspecified_see_drhp,https://tcagroup.in; www.kenrikindustries.net; www.skylinerta.com,₹25–100 Cr (approx from lakhs),no_structured_differentiation_tag,DRHP: Mrs. Kiran Nitesh Prajapati; Mrs. Kiran Nitesh Prajapati Company Secretary; Mr. Heemadri Mukerjea Telephone; Mr. Anuj Rana Telephone; Mr. Nitin Dalpat Lal Shah; Mr. Nihar Nitinbhai Shah; Ms. Manisha Nitinkumar Shah,No explicit expansion/hiring/certification keywords in sampled pages — check MD&A / risk factors in full DRHP.,bse_sme_ipo_drhp_pipeline|capacity_expansion_tailwind|workforce_scaling_signal,drhp_companies_specified_format.csv+final_merged_dsir_promoters.csv,,See DRHP ‘Industry / Business overview’ section.,no_structured_differentiation_tag|bse_sme_ipo_drhp_pipeline|capacity_expansion_tailwind|workforce_scaling_signal|no_explicit_expansion|hiring|certification_keywords_in_sampled_pages_—_check_md&a|risk_factors_in_full_drhp,0,not_classified_manufacturer,0,weak_location_signal,0,no_differentiation_evidence,1,named_individuals_in_promoter_field,1,sector_or_macro_tailwind_tags,1,growth_or_ipo_signal_in_text,3,50,50.0,2
Kizi Apparels Limited,"dated August 09, 2023. The Corporate Identification Number of our Company is U14109RJ2023PLC086522.",unspecified_see_drhp,www.bigshareonline.com; www.ifinservices.in; www.kiziapparels.co.in,Extract from restated financials in DRHP (pattern not matched).,no_structured_differentiation_tag,DRHP: Ms. Kiran Nathani; Mr. Pradip Sandhir SEBI Reg. No; Mr. Asif Sayyed SEBI Reg. No; Mr. Abhishek Nathani,No explicit expansion/hiring/certification keywords in sampled pages — check MD&A / risk factors in full DRHP.,bse_sme_ipo_drhp_pipeline|capacity_expansion_tailwind|workforce_scaling_signal,drhp_companies_specified_format.csv+final_merged_dsir_promoters.csv,U14109RJ2023PLC086522,See DRHP ‘Industry / Business overview’ section.,no_structured_differentiation_tag|bse_sme_ipo_drhp_pipeline|capacity_expansion_tailwind|workforce_scaling_signal|no_explicit_expansion|hiring|certification_keywords_in_sampled_pages_—_check_md&a|risk_factors_in_full_drhp,0,not_classified_manufacturer,0,weak_location_signal,0,no_differentiation_evidence,1,named_individuals_in_promoter_field,1,sector_or_macro_tailwind_tags,1,growth_or_ipo_signal_in_text,3,50,50.0,2
KVS Castings Limited,INTELLECTUAL PROPERTY RIGHTS,unspecified_see_drhp,https://kvscastings.com/; www.narnolia.com; www.skylinerta.com,Extract from restated financials in DRHP (pattern not matched).,no_structured_differentiation_tag,Mr. Arpan Jindal,No explicit expansion/hiring/certification keywords in sampled pages — check MD&A / risk factors in full DRHP.,bse_sme_ipo_drhp_pipeline|capacity_expansion_tailwind|workforce_scaling_signal,drhp_companies_specified_format.csv+final_merged_dsir_promoters.csv,,See DRHP ‘Industry / Business overview’ section.,no_structured_differentiation_tag|bse_sme_ipo_drhp_pipeline|capacity_expansion_tailwind|workforce_scaling_signal|no_explicit_expansion|hiring|certification_keywords_in_sampled_pages_—_check_md&a|risk_factors_in_full_drhp,0,not_classified_manufacturer,0,weak_location_signal,0,no_differentiation_evidence,1,named_individuals_in_promoter_field,1,sector_or_macro_tailwind_tags,1,growth_or_ipo_signal_in_text,3,50,50.0,2
Kwick Forensic Solutions Limited,Sales & Marketing (On-site),unspecified_see_drhp,https://ccvindia.com/mb/; https://kwickforensic.com/; www.bigshareonline.com,Extract from restated financials in DRHP (pattern not matched).,no_structured_differentiation_tag,DRHP: Ms. Selvakumar Krithika; Ms. Harpreet Parashar Tel. No; Mr. Babu Rapheal C. Tel No,No explicit expansion/hiring/certification keywords in sampled pages — check MD&A / risk factors in full DRHP.,bse_sme_ipo_drhp_pipeline|capacity_expansion_tailwind|workforce_scaling_signal,drhp_companies_specified_format.csv+final_merged_dsir_promoters.csv,,See DRHP ‘Industry / Business overview’ section.,no_structured_differentiation_tag|bse_sme_ipo_drhp_pipeline|capacity_expansion_tailwind|workforce_scaling_signal|no_explicit_expansion|hiring|certification_keywords_in_sampled_pages_—_check_md&a|risk_factors_in_full_drhp,0,not_classified_manufacturer,0,weak_location_signal,0,no_differentiation_evidence,1,named_individuals_in_promoter_field,1,sector_or_macro_tailwind_tags,1,growth_or_ipo_signal_in_text,3,50,50.0,3
Landmark Immigration Consultants Limited,over such premises,unspecified_see_drhp,www.kfintech.com; www.landmarkimmigration.com; www.shreni.in,₹3 Cr (stated),no_structured_differentiation_tag,DRHP: Ms. Charanchit Kaur; Mr. Jasmeet Singh Bhatia Chairman; Ms. Tanya Goyal Website,hiring / recruitment,bse_sme_ipo_drhp_pipeline|workforce_scaling_signal,drhp_companies_specified_format.csv+final_merged_dsir_promoters.csv,,See DRHP ‘Industry / Business overview’ section.,no_structured_differentiation_tag|bse_sme_ipo_drhp_pipeline|workforce_scaling_signal|hiring|recruitment,0,not_classified_manufacturer,0,weak_location_signal,0,no_differentiation_evidence,1,named_individuals_in_promoter_field,1,sector_or_macro_tailwind_tags,1,growth_or_ipo_signal_in_text,3,50,50.0,2
Logiciel Solutions Limited,The registered office of our company is situated at H,unspecified_see_drhp,www.fintellectualadvisors.com; www.logiciel.io; www.maashitla.com,Extract from restated financials in DRHP (pattern not matched).,no_structured_differentiation_tag,DRHP: Mrs. Geetanjali Nerchehal PROMOTER OF OUR; Mrs. Geetanjali Nerchehal Company Secretary; Mr. Amit Puri; Mr. Pramod Negi SEBI Registration Number,digital / hiring channel mention; facility expansion,bse_sme_ipo_drhp_pipeline|capacity_expansion_tailwind|workforce_scaling_signal,drhp_companies_specified_format.csv+final_merged_dsir_promoters.csv,,See DRHP ‘Industry / Business overview’ section.,no_structured_differentiation_tag|bse_sme_ipo_drhp_pipeline|capacity_expansion_tailwind|workforce_scaling_signal|digital|hiring_channel_mention|facility_expansion,0,not_classified_manufacturer,0,weak_location_signal,0,no_differentiation_evidence,1,named_individuals_in_promoter_field,1,sector_or_macro_tailwind_tags,1,growth_or_ipo_signal_in_text,3,50,50.0,2
M P K STEELS (I) LIMITED,Corporate Identification Number of the Company is U27109AS2005PLC007674,unspecified_see_drhp,www.gretexcorporate.com; www.maashitla.com; www.mpksteels.com,Extract from restated financials in DRHP (pattern not matched).,no_structured_differentiation_tag,DRHP: Ms. Priyanka Jain Company Secretary; Mr. Manoj Upadhyay; Mr. Suresh Kumar Sharma; Mrs. Nidhi Upadhyay; Mrs. Santosh Devi Sharma; Ms. Priyanka Jain,No explicit expansion/hiring/certification keywords in sampled pages — check MD&A / risk factors in full DRHP.,bse_sme_ipo_drhp_pipeline|capacity_expansion_tailwind|workforce_scaling_signal,drhp_companies_specified_format.csv,U27109AS2005PLC007674,See DRHP ‘Industry / Business overview’ section.,no_structured_differentiation_tag|bse_sme_ipo_drhp_pipeline|capacity_expansion_tailwind|workforce_scaling_signal|no_explicit_expansion|hiring|certification_keywords_in_sampled_pages_—_check_md&a|risk_factors_in_full_drhp,0,not_classified_manufacturer,0,weak_location_signal,0,no_differentiation_evidence,1,named_individuals_in_promoter_field,1,sector_or_macro_tailwind_tags,1,growth_or_ipo_signal_in_text,3,50,50.0,1
M P K STEELS (I) LIMITED,100% Book Built Issue,unspecified_see_drhp,www.mpksteels.com,Extract from restated financials in DRHP (pattern not matched).,no_structured_differentiation_tag,DRHP: Ms. Priyanka Jain Company Secretary; Mr. Manoj Upadhyay; Mr. Suresh Kumar Sharma; Mrs. Nidhi Upadhyay; Mrs. Santosh Devi Sharma; Ms. Priyanka Jain,No explicit expansion/hiring/certification keywords in sampled pages — check MD&A / risk factors in full DRHP.,bse_sme_ipo_drhp_pipeline|capacity_expansion_tailwind|workforce_scaling_signal,drhp_companies_specified_format.csv+final_merged_dsir_promoters.csv,,See DRHP ‘Industry / Business overview’ section.,no_structured_differentiation_tag|bse_sme_ipo_drhp_pipeline|capacity_expansion_tailwind|workforce_scaling_signal|no_explicit_expansion|hiring|certification_keywords_in_sampled_pages_—_check_md&a|risk_factors_in_full_drhp,0,not_classified_manufacturer,0,weak_location_signal,0,no_differentiation_evidence,1,named_individuals_in_promoter_field,1,sector_or_macro_tailwind_tags,1,growth_or_ipo_signal_in_text,3,50,50.0,2
MILLWORKS TECHNOLOGIES LIMITED,PERSON EMAIL ID AND TELEPHONE WEBSITE No,unspecified_see_drhp,https://millworksindia.com/,Extract from restated financials in DRHP (pattern not matched).,no_structured_differentiation_tag,Mr. Sridhar Acharya,No explicit expansion/hiring/certification keywords in sampled pages — check MD&A / risk factors in full DRHP.,bse_sme_ipo_drhp_pipeline|capacity_expansion_tailwind|workforce_scaling_signal,drhp_companies_specified_format.csv+final_merged_dsir_promoters.csv,,See DRHP ‘Industry / Business overview’ section.,no_structured_differentiation_tag|bse_sme_ipo_drhp_pipeline|capacity_expansion_tailwind|workforce_scaling_signal|no_explicit_expansion|hiring|certification_keywords_in_sampled_pages_—_check_md&a|risk_factors_in_full_drhp,0,not_classified_manufacturer,0,weak_location_signal,0,no_differentiation_evidence,1,named_individuals_in_promoter_field,1,sector_or_macro_tailwind_tags,1,growth_or_ipo_signal_in_text,3,50,50.0,2
Mittal Sections Limited,with the Registrar of Companies,unspecified_see_drhp,www.bigshareonline.com; www.mittalsectionslimited.com; www.wealthminenetworks.com,Extract from restated financials in DRHP (pattern not matched).,no_structured_differentiation_tag,DRHP: Mr. Hirenkumar Babubahi Patel PROMOTERS OF,No explicit expansion/hiring/certification keywords in sampled pages — check MD&A / risk factors in full DRHP.,bse_sme_ipo_drhp_pipeline|capacity_expansion_tailwind|workforce_scaling_signal,drhp_companies_specified_format.csv+final_merged_dsir_promoters.csv,,See DRHP ‘Industry / Business overview’ section.,no_structured_differentiation_tag|bse_sme_ipo_drhp_pipeline|capacity_expansion_tailwind|workforce_scaling_signal|no_explicit_expansion|hiring|certification_keywords_in_sampled_pages_—_check_md&a|risk_factors_in_full_drhp,0,not_classified_manufacturer,0,weak_location_signal,0,no_differentiation_evidence,1,named_individuals_in_promoter_field,1,sector_or_macro_tailwind_tags,1,growth_or_ipo_signal_in_text,3,50,50.0,2
MRC Infracon Limited,"Registered Office: MRC Group,",unspecified_see_drhp,www.cumulativecapital.group; www.kfintech.com; www.mrcgroup.in,Extract from restated financials in DRHP (pattern not matched).,no_structured_differentiation_tag,DRHP: Mr. Mukesh Ranjan; in dematerialized form,No explicit expansion/hiring/certification keywords in sampled pages — check MD&A / risk factors in full DRHP.,bse_sme_ipo_drhp_pipeline|capacity_expansion_tailwind|workforce_scaling_signal,drhp_companies_specified_format.csv+final_merged_dsir_promoters.csv,,See DRHP ‘Industry / Business overview’ section.,no_structured_differentiation_tag|bse_sme_ipo_drhp_pipeline|capacity_expansion_tailwind|workforce_scaling_signal|no_explicit_expansion|hiring|certification_keywords_in_sampled_pages_—_check_md&a|risk_factors_in_full_drhp,0,not_classified_manufacturer,0,weak_location_signal,0,no_differentiation_evidence,1,named_individuals_in_promoter_field,1,sector_or_macro_tailwind_tags,1,growth_or_ipo_signal_in_text,3,50,50.0,2
Neopolitan Pizza Limited,"of the Company was situated at 104, Ashwamegh Avenue, Nr",unspecified_see_drhp,https://tcagroup.in; www.bigshareonline.com; www.neopolitanpizza.in,Extract from restated financials in DRHP (pattern not matched).,no_structured_differentiation_tag,DRHP: Mr. Mukund Purohit; Mrs. Arti Mukund Purohit ADDENDUM TO; Mrs. Arti Mukund Purohit DETAILS OF OFFER; Mrs. Arti Mukund Purohit,No explicit expansion/hiring/certification keywords in sampled pages — check MD&A / risk factors in full DRHP.,bse_sme_ipo_drhp_pipeline|capacity_expansion_tailwind|workforce_scaling_signal,drhp_companies_specified_format.csv+final_merged_dsir_promoters.csv,,See DRHP ‘Industry / Business overview’ section.,no_structured_differentiation_tag|bse_sme_ipo_drhp_pipeline|capacity_expansion_tailwind|workforce_scaling_signal|no_explicit_expansion|hiring|certification_keywords_in_sampled_pages_—_check_md&a|risk_factors_in_full_drhp,0,not_classified_manufacturer,0,weak_location_signal,0,no_differentiation_evidence,1,named_individuals_in_promoter_field,1,sector_or_macro_tailwind_tags,1,growth_or_ipo_signal_in_text,3,50,50.0,2
Neptune Holidays Limited,Download failed (timeout or HTTP error).,unspecified_see_drhp,www.neptuneholidays.com/,Extract from restated financials in DRHP (pattern not matched).,no_structured_differentiation_tag,DRHP: NOVELTY MERCHANTS PRIVATE LIMITED; NEPTUNE AVIATIONS PRIVATE LIMITED; NEPTUNE,No explicit expansion/hiring/certification keywords in sampled pages — check MD&A / risk factors in full DRHP.,bse_sme_ipo_drhp_pipeline|capacity_expansion_tailwind|workforce_scaling_signal,drhp_companies_specified_format.csv+final_merged_dsir_promoters.csv,,See DRHP ‘Industry / Business overview’ section.,no_structured_differentiation_tag|bse_sme_ipo_drhp_pipeline|capacity_expansion_tailwind|workforce_scaling_signal|no_explicit_expansion|hiring|certification_keywords_in_sampled_pages_—_check_md&a|risk_factors_in_full_drhp,0,not_classified_manufacturer,0,weak_location_signal,0,no_differentiation_evidence,1,rich_drhp_promoter_blob,1,sector_or_macro_tailwind_tags,1,growth_or_ipo_signal_in_text,3,50,50.0,3
Nilachal Carbo Metalicks Limited,"February 13, 2003, vide certificate of incor poration bearing",unspecified_see_drhp,https://nilachalcoke.com/; www.kfintech.com; www.suncapitalservices.co.in,Extract from restated financials in DRHP (pattern not matched).,no_structured_differentiation_tag,DRHP: Mr. Haraprasad Rout PROMOTERS OF OUR; Mr. Bibhu Datta Panda; Mrs. Geeta Rani Panda; Mrs. Geeta Rani Panda Nil Not Applicable,capacity expansion; subsidiary / group structure,bse_sme_ipo_drhp_pipeline|capacity_expansion_tailwind,drhp_companies_specified_format.csv+final_merged_dsir_promoters.csv,,See DRHP ‘Industry / Business overview’ section.,no_structured_differentiation_tag|bse_sme_ipo_drhp_pipeline|capacity_expansion_tailwind|capacity_expansion|subsidiary|group_structure,0,not_classified_manufacturer,0,weak_location_signal,0,no_differentiation_evidence,1,named_individuals_in_promoter_field,1,sector_or_macro_tailwind_tags,1,growth_or_ipo_signal_in_text,3,50,50.0,2
Oremet Alloys And Castings Limited,Telephone Website C/o,unspecified_see_drhp,https://oremetalloys.com/,Extract from restated financials in DRHP (pattern not matched).,no_structured_differentiation_tag,DRHP: Ms. Amisha Company Secretary; Mr. Yash Vardhan Birla Promoter Selling Shareholder; Mr. Abhishek Birla Promoter Selling Shareholder Upto; Mr. Yash Vardhan Birla; Mr. Abhishek Birla,No explicit expansion/hiring/certification keywords in sampled pages — check MD&A / risk factors in full DRHP.,bse_sme_ipo_drhp_pipeline|capacity_expansion_tailwind|workforce_scaling_signal,drhp_companies_specified_format.csv+final_merged_dsir_promoters.csv,,See DRHP ‘Industry / Business overview’ section.,no_structured_differentiation_tag|bse_sme_ipo_drhp_pipeline|capacity_expansion_tailwind|workforce_scaling_signal|no_explicit_expansion|hiring|certification_keywords_in_sampled_pages_—_check_md&a|risk_factors_in_full_drhp,0,not_classified_manufacturer,0,weak_location_signal,0,no_differentiation_evidence,1,named_individuals_in_promoter_field,1,sector_or_macro_tailwind_tags,1,growth_or_ipo_signal_in_text,3,50,50.0,2
Paluck Technologies Limited,"Company, please refer to the chapter titled “History and Certain Corporate Matters” on page 176 of this Draft Red Herring Prospectus.",unspecified_see_drhp,https://palucktechno.com/; www.horizonmanagement.in,Extract from restated financials in DRHP (pattern not matched).,no_structured_differentiation_tag,DRHP: Mr. Ganesh Shinde SEBI Registration No; Mr. Sumit Kumar Bajaj; in dematerialized form,No explicit expansion/hiring/certification keywords in sampled pages — check MD&A / risk factors in full DRHP.,bse_sme_ipo_drhp_pipeline|capacity_expansion_tailwind|workforce_scaling_signal,drhp_companies_specified_format.csv+final_merged_dsir_promoters.csv,,See DRHP ‘Industry / Business overview’ section.,no_structured_differentiation_tag|bse_sme_ipo_drhp_pipeline|capacity_expansion_tailwind|workforce_scaling_signal|no_explicit_expansion|hiring|certification_keywords_in_sampled_pages_—_check_md&a|risk_factors_in_full_drhp,0,not_classified_manufacturer,0,weak_location_signal,0,no_differentiation_evidence,1,named_individuals_in_promoter_field,1,sector_or_macro_tailwind_tags,1,growth_or_ipo_signal_in_text,3,50,50.0,2
Pentech Metals Limited,Certain Corporate Matters” on page no. 92 of this Draft Prospectus.,unspecified_see_drhp,www.afsl.co.in; www.bigshareonline.com; www.pentechmetals.co.in,Extract from restated financials in DRHP (pattern not matched).,no_structured_differentiation_tag,DRHP: Ms. Surabhi Agrawal; Mrs. Tina Gandhi THE ISSUE PUBLIC ISSUE; Mrs. Tina Gandhi Promoter Group Such; Mr. Nikhil Chaudhari Company Secretary; Ms. Surabhi Agrawal Director,No explicit expansion/hiring/certification keywords in sampled pages — check MD&A / risk factors in full DRHP.,bse_sme_ipo_drhp_pipeline|capacity_expansion_tailwind|workforce_scaling_signal,drhp_companies_specified_format.csv+final_merged_dsir_promoters.csv,,See DRHP ‘Industry / Business overview’ section.,no_structured_differentiation_tag|bse_sme_ipo_drhp_pipeline|capacity_expansion_tailwind|workforce_scaling_signal|no_explicit_expansion|hiring|certification_keywords_in_sampled_pages_—_check_md&a|risk_factors_in_full_drhp,0,not_classified_manufacturer,0,weak_location_signal,0,no_differentiation_evidence,1,named_individuals_in_promoter_field,1,sector_or_macro_tailwind_tags,1,growth_or_ipo_signal_in_text,3,50,50.0,3
Pind Hospitality Limited,CORPORATE OFFICE CONTACT PERSON EMAIL Plot no,unspecified_see_drhp,www.bigshareonline.com; www.fedsec.in; www.pindpunjab.in,Extract from restated financials in DRHP (pattern not matched).,no_structured_differentiation_tag,DRHP: NIMISH PARVEEN MALHOTRA; CHIRAG PARVEEN MALHOTRA AND ANITA,capex / capital expenditure,bse_sme_ipo_drhp_pipeline|capacity_expansion_tailwind,drhp_companies_specified_format.csv+final_merged_dsir_promoters.csv,,See DRHP ‘Industry / Business overview’ section.,no_structured_differentiation_tag|bse_sme_ipo_drhp_pipeline|capacity_expansion_tailwind|capex|capital_expenditure,0,not_classified_manufacturer,0,weak_location_signal,0,no_differentiation_evidence,1,rich_drhp_promoter_blob,1,sector_or_macro_tailwind_tags,1,growth_or_ipo_signal_in_text,3,50,50.0,2
Praruh Technologies Limited,refer to the section title “History and Corporate Structure” on page no,unspecified_see_drhp,www.corporatemakers.in; www.maashitla.com; www.praruh.in,Extract from restated financials in DRHP (pattern not matched).,no_structured_differentiation_tag,DRHP: Ms. Geeta Kumari OUR; Ms. Geeta Kumari Company Secretary; Mr. Jitender Kumar ISSUE RELATED TERMS Term; Mr. Visal Prakash; Mr. Amar Deep Sharma; Ms. Pariza Chaturvedi; Ms. Nilam Pandey; Mr. Vikash Prakash,No explicit expansion/hiring/certification keywords in sampled pages — check MD&A / risk factors in full DRHP.,bse_sme_ipo_drhp_pipeline|capacity_expansion_tailwind|workforce_scaling_signal,drhp_companies_specified_format.csv+final_merged_dsir_promoters.csv,,See DRHP ‘Industry / Business overview’ section.,no_structured_differentiation_tag|bse_sme_ipo_drhp_pipeline|capacity_expansion_tailwind|workforce_scaling_signal|no_explicit_expansion|hiring|certification_keywords_in_sampled_pages_—_check_md&a|risk_factors_in_full_drhp,0,not_classified_manufacturer,0,weak_location_signal,0,no_differentiation_evidence,1,named_individuals_in_promoter_field,1,sector_or_macro_tailwind_tags,1,growth_or_ipo_signal_in_text,3,50,50.0,2
Purple Wave Infocom Limited,"minutes, reporting in number of board meetings in annual returns and typographical errors in forms filed in ROC filing made by our company.",unspecified_see_drhp,www.maashitla.com; www.purplewave.in; www.shcapl.com,Extract from restated financials in DRHP (pattern not matched).,no_structured_differentiation_tag,DRHP: Ms. Shivani Gupta; Mr. Parth Shah SEBI Registration No; Mr. Mukul Agrawal SEBI Registration No; MANOJ KUMAR SINGH; SANDHYA SINGH AND ANANYA SINGH; Ms. Shivani Gupta Company Secretary,No explicit expansion/hiring/certification keywords in sampled pages — check MD&A / risk factors in full DRHP.,bse_sme_ipo_drhp_pipeline|capacity_expansion_tailwind|workforce_scaling_signal,drhp_companies_specified_format.csv+final_merged_dsir_promoters.csv,,See DRHP ‘Industry / Business overview’ section.,no_structured_differentiation_tag|bse_sme_ipo_drhp_pipeline|capacity_expansion_tailwind|workforce_scaling_signal|no_explicit_expansion|hiring|certification_keywords_in_sampled_pages_—_check_md&a|risk_factors_in_full_drhp,0,not_classified_manufacturer,0,weak_location_signal,0,no_differentiation_evidence,1,named_individuals_in_promoter_field,1,sector_or_macro_tailwind_tags,1,growth_or_ipo_signal_in_text,3,50,50.0,2
R. P. Multimetals Limited,"While the Company has generally complied with applicable statutory provisions, ce rtain discrepancies were noted in past filings with the Registrar of Companies, which have since been rectified by payment of additional fees:",unspecified_see_drhp,https://rpmultimetals.in/; www.fintellectualadvisors.com; www.skylinerta.com,Extract from restated financials in DRHP (pattern not matched).,no_structured_differentiation_tag,DRHP: Ms. Rajwinder Kaur PROMOTER OF OUR,No explicit expansion/hiring/certification keywords in sampled pages — check MD&A / risk factors in full DRHP.,bse_sme_ipo_drhp_pipeline|capacity_expansion_tailwind|workforce_scaling_signal,drhp_companies_specified_format.csv+final_merged_dsir_promoters.csv,,See DRHP ‘Industry / Business overview’ section.,no_structured_differentiation_tag|bse_sme_ipo_drhp_pipeline|capacity_expansion_tailwind|workforce_scaling_signal|no_explicit_expansion|hiring|certification_keywords_in_sampled_pages_—_check_md&a|risk_factors_in_full_drhp,0,not_classified_manufacturer,0,weak_location_signal,0,no_differentiation_evidence,1,named_individuals_in_promoter_field,1,sector_or_macro_tailwind_tags,1,growth_or_ipo_signal_in_text,3,50,50.0,2
Rachit Prints Limited,Number of our Company is U22190UP2003PLC027364.,unspecified_see_drhp,www.khambattasecurities.com; www.maashitla.com; www.rachitprints.co.in,₹0–5 Cr (approx from lakhs),no_structured_differentiation_tag,DRHP: Ms. Ayushi Verma,No explicit expansion/hiring/certification keywords in sampled pages — check MD&A / risk factors in full DRHP.,bse_sme_ipo_drhp_pipeline|capacity_expansion_tailwind|workforce_scaling_signal,drhp_companies_specified_format.csv+final_merged_dsir_promoters.csv,U22190UP2003PLC027364,See DRHP ‘Industry / Business overview’ section.,no_structured_differentiation_tag|bse_sme_ipo_drhp_pipeline|capacity_expansion_tailwind|workforce_scaling_signal|no_explicit_expansion|hiring|certification_keywords_in_sampled_pages_—_check_md&a|risk_factors_in_full_drhp,0,not_classified_manufacturer,0,weak_location_signal,0,no_differentiation_evidence,1,named_individuals_in_promoter_field,1,sector_or_macro_tailwind_tags,1,growth_or_ipo_signal_in_text,3,50,50.0,2
Rajesh Power Services Limited,"380/3, Siddhi House, Opp",unspecified_see_drhp,www.bigshareonline.com; www.iskadvisors.com; www.rajeshpower.com,Extract from restated financials in DRHP (pattern not matched).,no_structured_differentiation_tag,Mr. Rajendra Baldevbhai Patel,No explicit expansion/hiring/certification keywords in sampled pages — check MD&A / risk factors in full DRHP.,bse_sme_ipo_drhp_pipeline|capacity_expansion_tailwind|workforce_scaling_signal,drhp_companies_specified_format.csv+final_merged_dsir_promoters.csv,,See DRHP ‘Industry / Business overview’ section.,no_structured_differentiation_tag|bse_sme_ipo_drhp_pipeline|capacity_expansion_tailwind|workforce_scaling_signal|no_explicit_expansion|hiring|certification_keywords_in_sampled_pages_—_check_md&a|risk_factors_in_full_drhp,0,not_classified_manufacturer,0,weak_location_signal,0,no_differentiation_evidence,1,named_individuals_in_promoter_field,1,sector_or_macro_tailwind_tags,1,growth_or_ipo_signal_in_text,3,50,50.0,2
REETECH INTERNATIONAL CARGO AND COURIER LIMITED,"U51100CT2008PLC020983. For further Details of Incorporation and Change in Registered Office of our Company, please refer to s ection titled ‘",unspecified_see_drhp,www.bigshareonline.com; www.gretexcorporate.com; www.reetechinternational.com,Extract from restated financials in DRHP (pattern not matched).,no_structured_differentiation_tag,DRHP: Ms. Chhaya Verma Company Secretary; Mr. Mahendra Ahuja Equity; Ms. Roma Ahuja Equity; Ms. Chhaya Verma; Mr. Mahendra Ahuja; Ms. Roma Ahuja THE ISSUE PUBLIC ISSUE; Ms. Roma Ahuja,No explicit expansion/hiring/certification keywords in sampled pages — check MD&A / risk factors in full DRHP.,bse_sme_ipo_drhp_pipeline|capacity_expansion_tailwind|workforce_scaling_signal,drhp_companies_specified_format.csv+final_merged_dsir_promoters.csv,U51100CT2008PLC020983,See DRHP ‘Industry / Business overview’ section.,no_structured_differentiation_tag|bse_sme_ipo_drhp_pipeline|capacity_expansion_tailwind|workforce_scaling_signal|no_explicit_expansion|hiring|certification_keywords_in_sampled_pages_—_check_md&a|risk_factors_in_full_drhp,0,not_classified_manufacturer,0,weak_location_signal,0,no_differentiation_evidence,1,named_individuals_in_promoter_field,1,sector_or_macro_tailwind_tags,1,growth_or_ipo_signal_in_text,3,50,50.0,2
RETAGGIO INDUSTRIES LIMITED,"Unit-204, Options Primo, Plot No",unspecified_see_drhp,www.bigshareonline.com; www.gretexcorporate.com; www.retaggioindustries.com,Extract from restated financials in DRHP (pattern not matched).,no_structured_differentiation_tag,DRHP: Mr. Savinay Lodha Managing Director Email Id; Ms. Dimple Magharam Slun; Ms. Rashmi Ranjan Email; Mr. Vinayak Morbale Email; Mr. Savinay Lodha; Ms. Nidhi Lodha,No explicit expansion/hiring/certification keywords in sampled pages — check MD&A / risk factors in full DRHP.,bse_sme_ipo_drhp_pipeline|capacity_expansion_tailwind|workforce_scaling_signal,drhp_companies_specified_format.csv+final_merged_dsir_promoters.csv,,See DRHP ‘Industry / Business overview’ section.,no_structured_differentiation_tag|bse_sme_ipo_drhp_pipeline|capacity_expansion_tailwind|workforce_scaling_signal|no_explicit_expansion|hiring|certification_keywords_in_sampled_pages_—_check_md&a|risk_factors_in_full_drhp,0,not_classified_manufacturer,0,weak_location_signal,0,no_differentiation_evidence,1,named_individuals_in_promoter_field,1,sector_or_macro_tailwind_tags,1,growth_or_ipo_signal_in_text,3,50,50.0,2
Safecure Services Limited,Registered Office: Office No,unspecified_see_drhp,www.linkintime.co.in; www.safecure.in; www.suncapitalservices.co.in,Extract from restated financials in DRHP (pattern not matched).,no_structured_differentiation_tag,DRHP: Mr. Shailendra Pandey; Mrs. Ranju Pandey; Mr. Nikit Pandey; Mr. Revati Raman Sharma; Mr. Satish Pandey; Mr. Raju Mishra,hiring / recruitment; subsidiary / group structure,bse_sme_ipo_drhp_pipeline|workforce_scaling_signal,drhp_companies_specified_format.csv+final_merged_dsir_promoters.csv,,See DRHP ‘Industry / Business overview’ section.,no_structured_differentiation_tag|bse_sme_ipo_drhp_pipeline|workforce_scaling_signal|hiring|recruitment|subsidiary|group_structure,0,not_classified_manufacturer,0,weak_location_signal,0,no_differentiation_evidence,1,named_individuals_in_promoter_field,1,sector_or_macro_tailwind_tags,1,growth_or_ipo_signal_in_text,3,50,50.0,2
Sahara Maritime Limited,CORPORATE OFFICE CONTACT PERSON EMAIL TELEPHONE,unspecified_see_drhp,www.bigshareonline.com; www.saharamaritime.com; www.swarajshares.com,Extract from restated financials in DRHP (pattern not matched).,no_structured_differentiation_tag,DRHP: Mr. Stallone Marshal Gonsalves; Mr. Sohrab Rustom Sayed; Mr. Nadeem Aboobakar Hira. For; Mr. Nadeem Aboobakar Hira; Mr. Harish Laxmana Poojary,capex / capital expenditure,bse_sme_ipo_drhp_pipeline|capacity_expansion_tailwind,drhp_companies_specified_format.csv+final_merged_dsir_promoters.csv,,See DRHP ‘Industry / Business overview’ section.,no_structured_differentiation_tag|bse_sme_ipo_drhp_pipeline|capacity_expansion_tailwind|capex|capital_expenditure,0,not_classified_manufacturer,0,weak_location_signal,0,no_differentiation_evidence,1,named_individuals_in_promoter_field,1,sector_or_macro_tailwind_tags,1,growth_or_ipo_signal_in_text,3,50,50.0,2
SANJEEVANI AGROFOODS LIMITED,of Central Processing Centre bearing Corporate identification number U15122UR2008PLC032737,unspecified_see_drhp,www.bigshareonline.com; www.sanjeevaniagrofoods.com; www.shareindia.com,Extract from restated financials in DRHP (pattern not matched).,no_structured_differentiation_tag,DRHP: Mr. Kunal Bansal Email Id; Mr. Vinayak Morbale Email Id; Mr. Shrikant Sharma Chairman; Mr. Tara Singh Director Mr. Vijay Kannojiya; Mr. Jogindar Chief Financial Officer Ms. Megha; Mrs. Anjali Wife; Mr. Shrikant Sharma; Mr. Tara Singh; Mr. Vijay Kannojiya; Ms. Shreen Katyan,digital / hiring channel mention; subsidiary / group structure,bse_sme_ipo_drhp_pipeline|workforce_scaling_signal,drhp_companies_specified_format.csv+final_merged_dsir_promoters.csv,U15122UR2008PLC032737,See DRHP ‘Industry / Business overview’ section.,no_structured_differentiation_tag|bse_sme_ipo_drhp_pipeline|workforce_scaling_signal|digital|hiring_channel_mention|subsidiary|group_structure,0,not_classified_manufacturer,0,weak_location_signal,0,no_differentiation_evidence,1,named_individuals_in_promoter_field,1,sector_or_macro_tailwind_tags,1,growth_or_ipo_signal_in_text,3,50,50.0,2
Sham Foam Limited,Promoters and the same property has been used as security for loan taken by our Company for its machineries:,"As on date of the Draft Prospectus, our Company has been using the following brand names for marketing and distribution ",www.alankitassignments.com; www.corporatemakers.in; www.navigantcorp.com; www.shamfoam.com,Extract from restated financials in DRHP (pattern not matched).,no_structured_differentiation_tag,DRHP: Ms. Reetika Dhain; Mr. Manish Kumar Singh SEBI Registration Number; Mr. Gagan Goel CIN; Mr. Harish Chandra Agrawal SEBI Registration No; Ms. Reetika Dhain Company Secretary; Mr. Rajinder Kumar Jindal; Mr. Sanjeev Kumar Jindal; Ms. Monica Jindal; Ms. Deepika Jindal; Mr. Abhinav Jindal,capacity expansion,bse_sme_ipo_drhp_pipeline|capacity_expansion_tailwind,drhp_companies_specified_format.csv+final_merged_dsir_promoters.csv,,"As on date of the Draft Prospectus, our Company has been using the following brand names for marketing and distribution of",no_structured_differentiation_tag|bse_sme_ipo_drhp_pipeline|capacity_expansion_tailwind|capacity_expansion,0,not_classified_manufacturer,0,weak_location_signal,0,no_differentiation_evidence,1,named_individuals_in_promoter_field,1,sector_or_macro_tailwind_tags,1,growth_or_ipo_signal_in_text,3,50,50.0,2
SHREENATH PAPER PRODUCTS LIMITED,CORPORATE OFFICE CONTACT PERSON EMAIL Shop no,unspecified_see_drhp,www.bigshareonline.com; www.fedsec.in; www.shreenathpaper.com,Extract from restated financials in DRHP (pattern not matched).,no_structured_differentiation_tag,DRHP: ALOK PAREKH; RONAK PAREKH; NAVNEETDAS PAREKH; HASUMATI,No explicit expansion/hiring/certification keywords in sampled pages — check MD&A / risk factors in full DRHP.,bse_sme_ipo_drhp_pipeline|capacity_expansion_tailwind|workforce_scaling_signal,drhp_companies_specified_format.csv+final_merged_dsir_promoters.csv,,See DRHP ‘Industry / Business overview’ section.,no_structured_differentiation_tag|bse_sme_ipo_drhp_pipeline|capacity_expansion_tailwind|workforce_scaling_signal|no_explicit_expansion|hiring|certification_keywords_in_sampled_pages_—_check_md&a|risk_factors_in_full_drhp,0,not_classified_manufacturer,0,weak_location_signal,0,no_differentiation_evidence,1,rich_drhp_promoter_blob,1,sector_or_macro_tailwind_tags,1,growth_or_ipo_signal_in_text,3,50,50.0,2
Sollfege Smart Electronics Limited,See DRHP ‘General Information’ — address not matched by pattern.,unspecified_see_drhp,www.finshoregroup.com; www.sollfege.com,Extract from restated financials in DRHP (pattern not matched).,no_structured_differentiation_tag,Mr. Umesh Kumar Agarwal,No explicit expansion/hiring/certification keywords in sampled pages — check MD&A / risk factors in full DRHP.,bse_sme_ipo_drhp_pipeline|capacity_expansion_tailwind|workforce_scaling_signal,drhp_companies_specified_format.csv+final_merged_dsir_promoters.csv,,See DRHP ‘Industry / Business overview’ section.,no_structured_differentiation_tag|bse_sme_ipo_drhp_pipeline|capacity_expansion_tailwind|workforce_scaling_signal|no_explicit_expansion|hiring|certification_keywords_in_sampled_pages_—_check_md&a|risk_factors_in_full_drhp,0,not_classified_manufacturer,0,weak_location_signal,0,no_differentiation_evidence,1,named_individuals_in_promoter_field,1,sector_or_macro_tailwind_tags,1,growth_or_ipo_signal_in_text,3,50,50.0,2
SSMD Agrotech India Limited,CORPORATE OFFICE CONTACT PERSON EMAIL AND TELEPHONE WEBSITE Khasra No,unspecified_see_drhp,www.houseofmanohar.com,Extract from restated financials in DRHP (pattern not matched).,no_structured_differentiation_tag,DRHP: Mr. Rajesh Thakur; Mr. Ishu Munjal; Mrs. Surbhi Munjal; Mr. Jai Gopal Munjal DETAILS OF; Mr. Jai Gopal Munjal; Mrs. Surbhi Munjal WTD Whole- Time Director; Mrs. Surbhi Munjal Issue Related Terms Term,No explicit expansion/hiring/certification keywords in sampled pages — check MD&A / risk factors in full DRHP.,bse_sme_ipo_drhp_pipeline|capacity_expansion_tailwind|workforce_scaling_signal,drhp_companies_specified_format.csv+final_merged_dsir_promoters.csv,,See DRHP ‘Industry / Business overview’ section.,no_structured_differentiation_tag|bse_sme_ipo_drhp_pipeline|capacity_expansion_tailwind|workforce_scaling_signal|no_explicit_expansion|hiring|certification_keywords_in_sampled_pages_—_check_md&a|risk_factors_in_full_drhp,0,not_classified_manufacturer,0,weak_location_signal,0,no_differentiation_evidence,1,named_individuals_in_promoter_field,1,sector_or_macro_tailwind_tags,1,growth_or_ipo_signal_in_text,3,50,50.0,2
SUBAM PAPERS LIMITED,"For details in relation to the incorporation, Change in Registered Office and other details, please refer to the chapter titled “","c) Under the head Overview of Our Business on Page 135, the standalone revenue breakup and State wise revenue breakup ha",www.gretexcorporate.com; www.subampapers.com,Extract from restated financials in DRHP (pattern not matched).,no_structured_differentiation_tag,DRHP: Mr. Poovalingam Nagarajan; Ms. Sudha Alagarsamy DETAILS OF THE OFFER,capex / capital expenditure; subsidiary / group structure,bse_sme_ipo_drhp_pipeline|capacity_expansion_tailwind,drhp_companies_specified_format.csv+final_merged_dsir_promoters.csv,,"c) Under the head Overview of Our Business on Page 135, the standalone revenue breakup and State wise revenue breakup has been inserted; d) Under the head Overview of",no_structured_differentiation_tag|bse_sme_ipo_drhp_pipeline|capacity_expansion_tailwind|capex|capital_expenditure|subsidiary|group_structure,0,not_classified_manufacturer,0,weak_location_signal,0,no_differentiation_evidence,1,named_individuals_in_promoter_field,1,sector_or_macro_tailwind_tags,1,growth_or_ipo_signal_in_text,3,50,50.0,2
Swastika Castal Ltd,"Public Limited Company on June 10, 1996",unspecified_see_drhp,https://sclcasting.com/; www.accuratesecurities.com; www.horizonmanagement.in,Extract from restated financials in DRHP (pattern not matched).,no_structured_differentiation_tag,DRHP: Mr. Varun Sharda; Ms. Indra Sharda ADDENDUM TO THE DRAFT; Ms. Indra Sharda; in dematerialized form,capex / capital expenditure; subsidiary / group structure,bse_sme_ipo_drhp_pipeline|capacity_expansion_tailwind,drhp_companies_specified_format.csv+final_merged_dsir_promoters.csv,,See DRHP ‘Industry / Business overview’ section.,no_structured_differentiation_tag|bse_sme_ipo_drhp_pipeline|capacity_expansion_tailwind|capex|capital_expenditure|subsidiary|group_structure,0,not_classified_manufacturer,0,weak_location_signal,0,no_differentiation_evidence,1,named_individuals_in_promoter_field,1,sector_or_macro_tailwind_tags,1,growth_or_ipo_signal_in_text,3,50,50.0,2
Taldar Hotels and Resorts Limited,"Company, see “History and Certain Corporate Matters” on page 206 of the DP.",unspecified_see_drhp,https://socradamus.in/; www.bigshareonline.com; www.mumbaihousehotels.com,Extract from restated financials in DRHP (pattern not matched).,no_structured_differentiation_tag,DRHP: RATAN TALDAR; SAPNA TALDAR AND DOLLY TALDAR,hiring / recruitment,bse_sme_ipo_drhp_pipeline|workforce_scaling_signal,drhp_companies_specified_format.csv+final_merged_dsir_promoters.csv,,See DRHP ‘Industry / Business overview’ section.,no_structured_differentiation_tag|bse_sme_ipo_drhp_pipeline|workforce_scaling_signal|hiring|recruitment,0,not_classified_manufacturer,0,weak_location_signal,0,no_differentiation_evidence,1,rich_drhp_promoter_blob,1,sector_or_macro_tailwind_tags,1,growth_or_ipo_signal_in_text,3,50,50.0,2
Technopack Polymers Ltd.,"M/s Gokul Industries, Rafaleshvar Industrial Estate, Nr",unspecified_see_drhp,www.bigshareonline.com; www.iskadvisors.com; www.technopackltd.com,Extract from restated financials in DRHP (pattern not matched).,no_structured_differentiation_tag,DRHP: Ms. Deepali Malpani; Mr. Kalpeshkumar Ishwarlal Pandya; Mr. Chetankumar Ishvarlal Pandya THE ISSUE INITIAL; Mr. Chetankumar Ishvarlal Pandya Promoter Group Such; Mr. Kalpesh Ishwarlal Pandya Company Secretary; Ms. Deepali Malpani Director,No explicit expansion/hiring/certification keywords in sampled pages — check MD&A / risk factors in full DRHP.,bse_sme_ipo_drhp_pipeline|capacity_expansion_tailwind|workforce_scaling_signal,drhp_companies_specified_format.csv+final_merged_dsir_promoters.csv,,See DRHP ‘Industry / Business overview’ section.,no_structured_differentiation_tag|bse_sme_ipo_drhp_pipeline|capacity_expansion_tailwind|workforce_scaling_signal|no_explicit_expansion|hiring|certification_keywords_in_sampled_pages_—_check_md&a|risk_factors_in_full_drhp,0,not_classified_manufacturer,0,weak_location_signal,0,no_differentiation_evidence,1,named_individuals_in_promoter_field,1,sector_or_macro_tailwind_tags,1,growth_or_ipo_signal_in_text,3,50,50.0,2
Technowire Data Science Limited,"EMAIL WEBSITE 1815, Block-B, Navratna Corporate Park, Opp",unspecified_see_drhp,https://technowire.in/; www.galacticocorp.com; www.linkintime.co.in,Extract from restated financials in DRHP (pattern not matched).,no_structured_differentiation_tag,DRHP: Ms. Mahima Bhati; Mr. Prabhat Vishnu Somani; Mrs. Asha Vishnu Somani. For,capex / capital expenditure; subsidiary / group structure,bse_sme_ipo_drhp_pipeline|capacity_expansion_tailwind,drhp_companies_specified_format.csv+final_merged_dsir_promoters.csv,,See DRHP ‘Industry / Business overview’ section.,no_structured_differentiation_tag|bse_sme_ipo_drhp_pipeline|capacity_expansion_tailwind|capex|capital_expenditure|subsidiary|group_structure,0,not_classified_manufacturer,0,weak_location_signal,0,no_differentiation_evidence,1,named_individuals_in_promoter_field,1,sector_or_macro_tailwind_tags,1,growth_or_ipo_signal_in_text,3,50,50.0,2
TGIF Agribusiness Ltd,"A-52, 5th Floor, Corporate House, Opp",unspecified_see_drhp,www.bigshareonline.com; www.hemsecurities.com; www.tgifagri.com,. lakhs,no_structured_differentiation_tag,DRHP: Mr. Sapan Smitesh Dalal; Mr. Niraj Chhaganraj Gemawat; Mr. Sourabh Garg SEBI Regn. No. INM; Mr. Babu Rapheal SEBI Registration Number,No explicit expansion/hiring/certification keywords in sampled pages — check MD&A / risk factors in full DRHP.,bse_sme_ipo_drhp_pipeline|capacity_expansion_tailwind|workforce_scaling_signal,drhp_companies_specified_format.csv+final_merged_dsir_promoters.csv,,See DRHP ‘Industry / Business overview’ section.,no_structured_differentiation_tag|bse_sme_ipo_drhp_pipeline|capacity_expansion_tailwind|workforce_scaling_signal|no_explicit_expansion|hiring|certification_keywords_in_sampled_pages_—_check_md&a|risk_factors_in_full_drhp,0,not_classified_manufacturer,0,weak_location_signal,0,no_differentiation_evidence,1,named_individuals_in_promoter_field,1,sector_or_macro_tailwind_tags,1,growth_or_ipo_signal_in_text,3,50,50.0,2
Three M Paper Boards Limited,AND SHALL BE MADE AVAILABLE TO THE SME PLATFORM OF BSE (“BSE SME”) FOR THE PURPOSES OF UPLOADING ON THEIR WEBSITE.,unspecified_see_drhp,www.bigshareonlince.com; www.bsesme.com; www.comfortsecurities.co.in; www.threempaper.com,Extract from restated financials in DRHP (pattern not matched).,no_structured_differentiation_tag,DRHP: Ms. Sneha Parth Shah NOTICE TO INVESTORS; Ms. Sneha Parth Shah Tel. No,capex / capital expenditure,bse_sme_ipo_drhp_pipeline|capacity_expansion_tailwind,drhp_companies_specified_format.csv+final_merged_dsir_promoters.csv,,See DRHP ‘Industry / Business overview’ section.,no_structured_differentiation_tag|bse_sme_ipo_drhp_pipeline|capacity_expansion_tailwind|capex|capital_expenditure,0,not_classified_manufacturer,0,weak_location_signal,0,no_differentiation_evidence,1,named_individuals_in_promoter_field,1,sector_or_macro_tailwind_tags,1,growth_or_ipo_signal_in_text,3,50,50.0,2
Topsun Energy Limited,by the Company may result in regulatory or enforcement issues.,unspecified_see_drhp,www.bigshareonline.com; www.ifinservices.in; www.topsunenergy.com,Extract from restated financials in DRHP (pattern not matched).,no_structured_differentiation_tag,DRHP: Chintan Patel; Chanakyakumar Patel; Kalpeshbhai Patel; Kesul Patel,No explicit expansion/hiring/certification keywords in sampled pages — check MD&A / risk factors in full DRHP.,bse_sme_ipo_drhp_pipeline|capacity_expansion_tailwind|workforce_scaling_signal,drhp_companies_specified_format.csv+final_merged_dsir_promoters.csv,,See DRHP ‘Industry / Business overview’ section.,no_structured_differentiation_tag|bse_sme_ipo_drhp_pipeline|capacity_expansion_tailwind|workforce_scaling_signal|no_explicit_expansion|hiring|certification_keywords_in_sampled_pages_—_check_md&a|risk_factors_in_full_drhp,0,not_classified_manufacturer,0,weak_location_signal,0,no_differentiation_evidence,1,rich_drhp_promoter_blob,1,sector_or_macro_tailwind_tags,1,growth_or_ipo_signal_in_text,3,50,50.0,2
Toss the Coin Limited,which inter-alia include clerical errors by our Company with the ROC,unspecified_see_drhp,www.beelinemb.com; www.linkintime.co.in; www.tossthe.co.in,₹0–5 Cr (approx from lakhs),no_structured_differentiation_tag,DRHP: Ms. Pooja Jain; Mr. Narayanan Jayan Place; Mr. Nikhil Shah SEBI Registration No; Mr. Nikhil Shah CIN,hiring / recruitment; subsidiary / group structure,bse_sme_ipo_drhp_pipeline|workforce_scaling_signal,drhp_companies_specified_format.csv+final_merged_dsir_promoters.csv,,See DRHP ‘Industry / Business overview’ section.,no_structured_differentiation_tag|bse_sme_ipo_drhp_pipeline|workforce_scaling_signal|hiring|recruitment|subsidiary|group_structure,0,not_classified_manufacturer,0,weak_location_signal,0,no_differentiation_evidence,1,named_individuals_in_promoter_field,1,sector_or_macro_tailwind_tags,1,growth_or_ipo_signal_in_text,3,50,50.0,2
Travels & rentals Limited,titled “Our History and Certain Corporate Matters ” beginning on page no 137 of the Prospectus.,unspecified_see_drhp,www.cameoindia.com; www.finshoregroup.com; www.travelsandrentals.in,Extract from restated financials in DRHP (pattern not matched).,no_structured_differentiation_tag,DRHP: Ms. Jaya Jain,No explicit expansion/hiring/certification keywords in sampled pages — check MD&A / risk factors in full DRHP.,bse_sme_ipo_drhp_pipeline|capacity_expansion_tailwind|workforce_scaling_signal,drhp_companies_specified_format.csv+final_merged_dsir_promoters.csv,,See DRHP ‘Industry / Business overview’ section.,no_structured_differentiation_tag|bse_sme_ipo_drhp_pipeline|capacity_expansion_tailwind|workforce_scaling_signal|no_explicit_expansion|hiring|certification_keywords_in_sampled_pages_—_check_md&a|risk_factors_in_full_drhp,0,not_classified_manufacturer,0,weak_location_signal,0,no_differentiation_evidence,1,named_individuals_in_promoter_field,1,sector_or_macro_tailwind_tags,1,growth_or_ipo_signal_in_text,3,50,50.0,2
TRUE COLORS LIMITED,"Stakeholders Relationship Committee The Stakeholders Relationship Committee of our Board of Directors constituted in accordance with Section 178 of the Companies Act, 2013. For details refer section titled “Our Management” on page 146 of this Draft Red Herring Prospectus. WTD Who...",unspecified_see_drhp,https://truecolorsgroup.com/; www.bigshareonline.com; www.gyrcapitaladvisors.com,Extract from restated financials in DRHP (pattern not matched).,no_structured_differentiation_tag,DRHP: Ms. Gandharva Javanika; Ms. Gandharva Javanika Company Secretary; Mr. Babu Rapheal C. SEBI Registration Number,No explicit expansion/hiring/certification keywords in sampled pages — check MD&A / risk factors in full DRHP.,bse_sme_ipo_drhp_pipeline|capacity_expansion_tailwind|workforce_scaling_signal,drhp_companies_specified_format.csv+final_merged_dsir_promoters.csv,,See DRHP ‘Industry / Business overview’ section.,no_structured_differentiation_tag|bse_sme_ipo_drhp_pipeline|capacity_expansion_tailwind|workforce_scaling_signal|no_explicit_expansion|hiring|certification_keywords_in_sampled_pages_—_check_md&a|risk_factors_in_full_drhp,0,not_classified_manufacturer,0,weak_location_signal,0,no_differentiation_evidence,1,named_individuals_in_promoter_field,1,sector_or_macro_tailwind_tags,1,growth_or_ipo_signal_in_text,3,50,50.0,2
Umiya Mobile Limited,Office Contact Person Email and Telephone Website Plot No,unspecified_see_drhp,www.bigshareonline.com; www.shcapl.com; www.umiyamobile.com,Extract from restated financials in DRHP (pattern not matched).,no_structured_differentiation_tag,DRHP: Mr. Jadwani Kishorbhai Premjibhai; Mr. Jadvani Girishkumar Premjibhai; Mr. Vijesh Premjibhai Patel,No explicit expansion/hiring/certification keywords in sampled pages — check MD&A / risk factors in full DRHP.,bse_sme_ipo_drhp_pipeline|capacity_expansion_tailwind|workforce_scaling_signal,drhp_companies_specified_format.csv+final_merged_dsir_promoters.csv,,See DRHP ‘Industry / Business overview’ section.,no_structured_differentiation_tag|bse_sme_ipo_drhp_pipeline|capacity_expansion_tailwind|workforce_scaling_signal|no_explicit_expansion|hiring|certification_keywords_in_sampled_pages_—_check_md&a|risk_factors_in_full_drhp,0,not_classified_manufacturer,0,weak_location_signal,0,no_differentiation_evidence,1,named_individuals_in_promoter_field,1,sector_or_macro_tailwind_tags,1,growth_or_ipo_signal_in_text,3,50,50.0,2
United Cotfab Limited,See DRHP ‘General Information’ — address not matched by pattern.,unspecified_see_drhp,www.beelinemb.com; www.purvashare.com; www.unitedcotfab.com,Extract from restated financials in DRHP (pattern not matched).,no_structured_differentiation_tag,DRHP: Ms. Muskan Kashyap PROMOTERS OF OUR; Mr. Nirmalkumar Mangalchand Mittal; Mr. Gagan Nirmalkumar Mittal; Ms. Muskan Kashyap Mobile No; Mr. Nikhil Shah Email; Ms. Deepali Dhuri Email,capex / capital expenditure,bse_sme_ipo_drhp_pipeline|capacity_expansion_tailwind,drhp_companies_specified_format.csv+final_merged_dsir_promoters.csv,,See DRHP ‘Industry / Business overview’ section.,no_structured_differentiation_tag|bse_sme_ipo_drhp_pipeline|capacity_expansion_tailwind|capex|capital_expenditure,0,not_classified_manufacturer,0,weak_location_signal,0,no_differentiation_evidence,1,named_individuals_in_promoter_field,1,sector_or_macro_tailwind_tags,1,growth_or_ipo_signal_in_text,3,50,50.0,2
Valencia India Limited,U91990GJ2017PLC096165,unspecified_see_drhp,www.ifinservices.in; www.kfintech.com; www.valenciaindia.in,Extract from restated financials in DRHP (pattern not matched).,no_structured_differentiation_tag,DRHP: Mr. Keyur Patel Type Fresh Issue Size; Mr. Keyur Patel. For,No explicit expansion/hiring/certification keywords in sampled pages — check MD&A / risk factors in full DRHP.,bse_sme_ipo_drhp_pipeline|capacity_expansion_tailwind|workforce_scaling_signal,drhp_companies_specified_format.csv+final_merged_dsir_promoters.csv,U91990GJ2017PLC096165,See DRHP ‘Industry / Business overview’ section.,no_structured_differentiation_tag|bse_sme_ipo_drhp_pipeline|capacity_expansion_tailwind|workforce_scaling_signal|no_explicit_expansion|hiring|certification_keywords_in_sampled_pages_—_check_md&a|risk_factors_in_full_drhp,0,not_classified_manufacturer,0,weak_location_signal,0,no_differentiation_evidence,1,named_individuals_in_promoter_field,1,sector_or_macro_tailwind_tags,1,growth_or_ipo_signal_in_text,3,50,50.0,2
Vegorama Punjabi Angithi Limited,"Below are the Forms which were filed in delay, the details are as below:",unspecified_see_drhp,www.bigshareonline.com; www.corporatemakers.in; www.punjabiangithi.in,Extract from restated financials in DRHP (pattern not matched).,no_structured_differentiation_tag,DRHP: Ms. Karuna Sharma OUR; Mr. Rohit Pareek; Mr. Manish Kumar Singh SEBI Registration Number; Mr. Babu Rapheal; Ms. Karuna Sharma,No explicit expansion/hiring/certification keywords in sampled pages — check MD&A / risk factors in full DRHP.,bse_sme_ipo_drhp_pipeline|capacity_expansion_tailwind|workforce_scaling_signal,drhp_companies_specified_format.csv+final_merged_dsir_promoters.csv,,See DRHP ‘Industry / Business overview’ section.,no_structured_differentiation_tag|bse_sme_ipo_drhp_pipeline|capacity_expansion_tailwind|workforce_scaling_signal|no_explicit_expansion|hiring|certification_keywords_in_sampled_pages_—_check_md&a|risk_factors_in_full_drhp,0,not_classified_manufacturer,0,weak_location_signal,0,no_differentiation_evidence,1,named_individuals_in_promoter_field,1,sector_or_macro_tailwind_tags,1,growth_or_ipo_signal_in_text,3,50,50.0,2
VK TYRE INDIA LIMITED,"Pradesh, on December 15, 2025, vide Service Request Number (SRN) AB9977117. The said application is currently pending with the Registrar of Companies.",unspecified_see_drhp,www.bigshareonline.com; www.hemsecurities.com; www.vktyre.com,Extract from restated financials in DRHP (pattern not matched).,no_structured_differentiation_tag,DRHP: Mr. Rahul Puri,No explicit expansion/hiring/certification keywords in sampled pages — check MD&A / risk factors in full DRHP.,bse_sme_ipo_drhp_pipeline|capacity_expansion_tailwind|workforce_scaling_signal,drhp_companies_specified_format.csv+final_merged_dsir_promoters.csv,,See DRHP ‘Industry / Business overview’ section.,no_structured_differentiation_tag|bse_sme_ipo_drhp_pipeline|capacity_expansion_tailwind|workforce_scaling_signal|no_explicit_expansion|hiring|certification_keywords_in_sampled_pages_—_check_md&a|risk_factors_in_full_drhp,0,not_classified_manufacturer,0,weak_location_signal,0,no_differentiation_evidence,1,named_individuals_in_promoter_field,1,sector_or_macro_tailwind_tags,1,growth_or_ipo_signal_in_text,3,50,50.0,2
Vyara Tiles Limited,"converted into a Public L imited Company vide Special Resolution passed by the Shareholders at the Extra - Ordinary General Meeting, held on August 07, 2024, and consequently the name of our Company was changed from “Vyara Tiles Private Limited” to “Vyara Tiles Limited” vide a fr...",unspecified_see_drhp,www.kfintech.com; www.shareindia.com; www.vyaratiles.i; www.vyaratiles.in,Extract from restated financials in DRHP (pattern not matched).,no_structured_differentiation_tag,Mr. Padamkumar Babulal Jain,capacity expansion; capex / capital expenditure,bse_sme_ipo_drhp_pipeline|capacity_expansion_tailwind,drhp_companies_specified_format.csv+final_merged_dsir_promoters.csv,,See DRHP ‘Industry / Business overview’ section.,no_structured_differentiation_tag|bse_sme_ipo_drhp_pipeline|capacity_expansion_tailwind|capacity_expansion|capex|capital_expenditure,0,not_classified_manufacturer,0,weak_location_signal,0,no_differentiation_evidence,1,named_individuals_in_promoter_field,1,sector_or_macro_tailwind_tags,1,growth_or_ipo_signal_in_text,3,50,50.0,4
Wagons Learning Limited,Office No,unspecified_see_drhp,www.cameoindia.com; www.kslindia.in; www.wagonslearning.co; www.wagonslearning.com,Extract from restated financials in DRHP (pattern not matched).,no_structured_differentiation_tag,DRHP: Ms. Neeru Saini; Mr. Uday Shetty Promoter Up; Mr. Raviraj Poojary Promoter Up; Mr. Alok Desai Telephone; Mr. K. Sreepriya Telephone; Mr. Raviraj Poojary; Mr. Uday Shetty,No explicit expansion/hiring/certification keywords in sampled pages — check MD&A / risk factors in full DRHP.,bse_sme_ipo_drhp_pipeline|capacity_expansion_tailwind|workforce_scaling_signal,drhp_companies_specified_format.csv+final_merged_dsir_promoters.csv,,See DRHP ‘Industry / Business overview’ section.,no_structured_differentiation_tag|bse_sme_ipo_drhp_pipeline|capacity_expansion_tailwind|workforce_scaling_signal|no_explicit_expansion|hiring|certification_keywords_in_sampled_pages_—_check_md&a|risk_factors_in_full_drhp,0,not_classified_manufacturer,0,weak_location_signal,0,no_differentiation_evidence,1,named_individuals_in_promoter_field,1,sector_or_macro_tailwind_tags,1,growth_or_ipo_signal_in_text,3,50,50.0,3
ADMACH SYSTEMS LIMITED,"Survey No 122, Village Nandoshi, Off Pune Sinhagad Road, Khadakwasla R",unspecified_see_drhp,https://maashitla.com; www.admach.co.in; www.aftertrade.in,Extract from restated financials in DRHP (pattern not matched).,no_structured_differentiation_tag,Could not download DRHP PDF/ZIP for promoter extraction.,capex / capital expenditure; facility expansion,bse_sme_ipo_drhp_pipeline|capacity_expansion_tailwind,drhp_companies_specified_format.csv+final_merged_dsir_promoters.csv,,See DRHP ‘Industry / Business overview’ section.,no_structured_differentiation_tag|bse_sme_ipo_drhp_pipeline|capacity_expansion_tailwind|capex|capital_expenditure|facility_expansion,0,not_classified_manufacturer,1,india_location_signal,0,no_differentiation_evidence,0,no_promoter_extract,1,sector_or_macro_tailwind_tags,1,growth_or_ipo_signal_in_text,3,50,45.0,2
Advantal Technologies Limited,"Unit No. 527 & 528, 5th Floor, Vipul Trade Centre, Sector 48, Sohna Road, Gurgaon, Haryana, India-122018. 17A Electronic Complex, Pardeshipura, Indore - 452010, Madhya Pradesh, India Prajakta Ashish Lapalikar, Company Secretary & Compliance Officer E-mail: cs@advantal.net Tel No:...",unspecified_see_drhp,https://www.hemsecurities.com/Offerdocumen; www.advantaltechnologies.com,Extract from restated financials in DRHP (pattern not matched).,no_structured_differentiation_tag,Promoter names not machine-extracted — verify in IPO prospectus or LinkedIn.,No explicit expansion/hiring/certification keywords in sampled pages — check MD&A / risk factors in full DRHP.,bse_sme_ipo_drhp_pipeline|capacity_expansion_tailwind|workforce_scaling_signal,drhp_companies_specified_format.csv+final_merged_dsir_promoters.csv,,See DRHP ‘Industry / Business overview’ section.,no_structured_differentiation_tag|bse_sme_ipo_drhp_pipeline|capacity_expansion_tailwind|workforce_scaling_signal|no_explicit_expansion|hiring|certification_keywords_in_sampled_pages_—_check_md&a|risk_factors_in_full_drhp,0,not_classified_manufacturer,1,india_location_signal,0,no_differentiation_evidence,0,weak_promoter_signal,1,sector_or_macro_tailwind_tags,1,growth_or_ipo_signal_in_text,3,50,45.0,2
Amwill Health Care Limited,"Chamrajpet, Bangalore – 560 018, Karnataka, India.",Pharma / Biotech,https://www.ibef.org/news/premiumisation-internet-drive-growth-of-beauty-industry-in-india-report; www.amwillhealthcare.com; www.bigshareonline.com; www.unistonecapital.com,Extract from restated financials in DRHP (pattern not matched).,no_structured_differentiation_tag,Promoter names not machine-extracted from sampled DRHP pages; verify in IPO prospectus or LinkedIn.,subsidiary / group structure,bse_sme_ipo_drhp_pipeline|pharma_formulations_tailwind,drhp_companies_specified_format.csv+final_merged_dsir_promoters.csv,,"derma-cosmetic company, engaged in the business of product formulation and development of diverse dermatological",no_structured_differentiation_tag|bse_sme_ipo_drhp_pipeline|pharma_formulations_tailwind|subsidiary|group_structure,1,manufacturer_or_industrial_segment,1,india_location_signal,0,no_differentiation_evidence,0,no_promoter_extract,1,sector_or_macro_tailwind_tags,0,weak_growth_signal,3,50,45.0,2
Aztec Fluids & Machinery Limited,"Part H Plinth,4th Floor, Takshashila Square, Near Krishnabag Four Rd, Maninagar, Ahmedabad, Gujarat-380028",unspecified_see_drhp,https://www.fbil.org.in/#/home; www.aztecindia.org; www.bigshareonline.com; www.hemsecurities.com,Extract from restated financials in DRHP (pattern not matched).,no_structured_differentiation_tag,Promoter names not machine-extracted from sampled DRHP pages; verify in IPO prospectus or LinkedIn.,No explicit expansion/hiring/certification keywords in sampled pages — check MD&A / risk factors in full DRHP.,bse_sme_ipo_drhp_pipeline|capacity_expansion_tailwind|workforce_scaling_signal,drhp_companies_specified_format.csv+final_merged_dsir_promoters.csv,,See DRHP ‘Industry / Business overview’ section.,no_structured_differentiation_tag|bse_sme_ipo_drhp_pipeline|capacity_expansion_tailwind|workforce_scaling_signal|no_explicit_expansion|hiring|certification_keywords_in_sampled_pages_—_check_md&a|risk_factors_in_full_drhp,0,not_classified_manufacturer,1,india_location_signal,0,no_differentiation_evidence,0,no_promoter_extract,1,sector_or_macro_tailwind_tags,1,growth_or_ipo_signal_in_text,3,50,45.0,2
DAVIN SONS RETAIL LIMITED,"2 years w.e.f. 1st April, 2023 2. WZ-410/2, Second Floor, Shakurpur Village, Near Britania Chowk, Delhi- 110034.",unspecified_see_drhp,www.davinsonsretail.com; www.focl.in; www.kfintech.com; www.navigantcorp.com,Extract from restated financials in DRHP (pattern not matched).,no_structured_differentiation_tag,Could not download DRHP PDF/ZIP for promoter extraction.,No explicit expansion/hiring/certification keywords in sampled pages — check MD&A / risk factors in full DRHP.,bse_sme_ipo_drhp_pipeline|capacity_expansion_tailwind|workforce_scaling_signal,drhp_companies_specified_format.csv+final_merged_dsir_promoters.csv,,See DRHP ‘Industry / Business overview’ section.,no_structured_differentiation_tag|bse_sme_ipo_drhp_pipeline|capacity_expansion_tailwind|workforce_scaling_signal|no_explicit_expansion|hiring|certification_keywords_in_sampled_pages_—_check_md&a|risk_factors_in_full_drhp,0,not_classified_manufacturer,1,india_location_signal,0,no_differentiation_evidence,0,no_promoter_extract,1,sector_or_macro_tailwind_tags,1,growth_or_ipo_signal_in_text,3,50,45.0,3
FAALCON CONCEPTS LIMITED,"We operate from our registered office situated N-75, Ground Floor, Mayfield Garden, Sector -51, Gurugram, Haryana",unspecified_see_drhp,www.beetalfinancial.com; www.faalcon.in; www.navigantcorp.com,Extract from restated financials in DRHP (pattern not matched).,no_structured_differentiation_tag,Could not download DRHP PDF/ZIP for promoter extraction.,No explicit expansion/hiring/certification keywords in sampled pages — check MD&A / risk factors in full DRHP.,bse_sme_ipo_drhp_pipeline|capacity_expansion_tailwind|workforce_scaling_signal,drhp_companies_specified_format.csv+final_merged_dsir_promoters.csv,,See DRHP ‘Industry / Business overview’ section.,no_structured_differentiation_tag|bse_sme_ipo_drhp_pipeline|capacity_expansion_tailwind|workforce_scaling_signal|no_explicit_expansion|hiring|certification_keywords_in_sampled_pages_—_check_md&a|risk_factors_in_full_drhp,0,not_classified_manufacturer,1,india_location_signal,0,no_differentiation_evidence,0,no_promoter_extract,1,sector_or_macro_tailwind_tags,1,growth_or_ipo_signal_in_text,3,50,45.0,2
FCML Distributors Limited,"OFFICE CONTACT PERSON TELEPHONE AND EMAIL WEBSITE A-217 Okhla Industrial Area Phase I, New Delhi- 110020, India",unspecified_see_drhp,www.fcmlindia.com,Extract from restated financials in DRHP (pattern not matched).,no_structured_differentiation_tag,Promoter names not machine-extracted from sampled DRHP pages; verify in IPO prospectus or LinkedIn.,No explicit expansion/hiring/certification keywords in sampled pages — check MD&A / risk factors in full DRHP.,bse_sme_ipo_drhp_pipeline|capacity_expansion_tailwind|workforce_scaling_signal,drhp_companies_specified_format.csv+final_merged_dsir_promoters.csv,,See DRHP ‘Industry / Business overview’ section.,no_structured_differentiation_tag|bse_sme_ipo_drhp_pipeline|capacity_expansion_tailwind|workforce_scaling_signal|no_explicit_expansion|hiring|certification_keywords_in_sampled_pages_—_check_md&a|risk_factors_in_full_drhp,0,not_classified_manufacturer,1,india_location_signal,0,no_differentiation_evidence,0,no_promoter_extract,1,sector_or_macro_tailwind_tags,1,growth_or_ipo_signal_in_text,3,50,45.0,2
GOVINDAH NUTRITION LIMITED,Bengaluru,unspecified_see_drhp,www.govindahnutrition.com,Extract from restated financials in DRHP (pattern not matched).,no_structured_differentiation_tag,Could not download DRHP PDF/ZIP for promoter extraction.,No explicit expansion/hiring/certification keywords in sampled pages — check MD&A / risk factors in full DRHP.,bse_sme_ipo_drhp_pipeline|capacity_expansion_tailwind|workforce_scaling_signal,data_with_dsir_recognition.csv+drhp_companies_specified_format.csv+final_merged_dsir_promoters.csv,,See DRHP ‘Industry / Business overview’ section.,no_structured_differentiation_tag|bse_sme_ipo_drhp_pipeline|capacity_expansion_tailwind|workforce_scaling_signal|no_explicit_expansion|hiring|certification_keywords_in_sampled_pages_—_check_md&a|risk_factors_in_full_drhp,0,not_classified_manufacturer,1,india_location_signal,0,no_differentiation_evidence,0,no_promoter_extract,1,sector_or_macro_tailwind_tags,1,growth_or_ipo_signal_in_text,3,50,45.0,3
Grace Renewable Energy Limited,"Hotel, S G Highway, Bodakdev, Ahmedabad, Gujarat, India, 380054 “we”, “us” and “our” Unless the context otherwise indicates or implies, refers to our Company. “you”, “your” or “yours” Prospective investors in this Issue",unspecified_see_drhp,www.gracerenew.com,Extract from restated financials in DRHP (pattern not matched).,no_structured_differentiation_tag,Promoter names not machine-extracted from sampled DRHP pages; verify in IPO prospectus or LinkedIn.,No explicit expansion/hiring/certification keywords in sampled pages — check MD&A / risk factors in full DRHP.,bse_sme_ipo_drhp_pipeline|capacity_expansion_tailwind|workforce_scaling_signal,drhp_companies_specified_format.csv+final_merged_dsir_promoters.csv,,See DRHP ‘Industry / Business overview’ section.,no_structured_differentiation_tag|bse_sme_ipo_drhp_pipeline|capacity_expansion_tailwind|workforce_scaling_signal|no_explicit_expansion|hiring|certification_keywords_in_sampled_pages_—_check_md&a|risk_factors_in_full_drhp,0,not_classified_manufacturer,1,india_location_signal,0,no_differentiation_evidence,0,no_promoter_extract,1,sector_or_macro_tailwind_tags,1,growth_or_ipo_signal_in_text,3,50,45.0,2
H. R. Hygiene Products Limited,"no. 1 to 3, Village: Lothada, Rajkot - 360002, Gujarat, India. “we”, “us” and “our” Unless the context otherwise indicates or implies, refers to our Company “you”, “your” or “yours” Prospective Investors in this Offer",unspecified_see_drhp,www.hrhygiene.com,Extract from restated financials in DRHP (pattern not matched).,no_structured_differentiation_tag,Could not download DRHP PDF/ZIP for promoter extraction.,No explicit expansion/hiring/certification keywords in sampled pages — check MD&A / risk factors in full DRHP.,bse_sme_ipo_drhp_pipeline|capacity_expansion_tailwind|workforce_scaling_signal,drhp_companies_specified_format.csv+final_merged_dsir_promoters.csv,,See DRHP ‘Industry / Business overview’ section.,no_structured_differentiation_tag|bse_sme_ipo_drhp_pipeline|capacity_expansion_tailwind|workforce_scaling_signal|no_explicit_expansion|hiring|certification_keywords_in_sampled_pages_—_check_md&a|risk_factors_in_full_drhp,0,not_classified_manufacturer,1,india_location_signal,0,no_differentiation_evidence,0,no_promoter_extract,1,sector_or_macro_tailwind_tags,1,growth_or_ipo_signal_in_text,3,50,45.0,2
Home Zone Rubber Solutions Limited,"100 Sarjan Plaza Dr Annie Besant Road, Worli, Mumbai, Maharashtra- 400018 We/ us/ our Unless the context otherwise indicates or implies, refers to our Company",unspecified_see_drhp,www.homezone.co.in; www.horizonmanagement.in; www.maashitla.com,Extract from restated financials in DRHP (pattern not matched).,no_structured_differentiation_tag,DRHP PDF could not be downloaded.,No explicit expansion/hiring/certification keywords in sampled pages — check MD&A / risk factors in full DRHP.,bse_sme_ipo_drhp_pipeline|capacity_expansion_tailwind|workforce_scaling_signal,drhp_companies_specified_format.csv+final_merged_dsir_promoters.csv,,See DRHP ‘Industry / Business overview’ section.,no_structured_differentiation_tag|bse_sme_ipo_drhp_pipeline|capacity_expansion_tailwind|workforce_scaling_signal|no_explicit_expansion|hiring|certification_keywords_in_sampled_pages_—_check_md&a|risk_factors_in_full_drhp,0,not_classified_manufacturer,1,india_location_signal,0,no_differentiation_evidence,0,no_promoter_extract,1,sector_or_macro_tailwind_tags,1,growth_or_ipo_signal_in_text,3,50,45.0,3
MAGENTA LIFECARE LIMITED,"N P Patel Estate, A & T Padamla, Vadodara – 391350, Gujarat, India. NA Anita Kumawat , Company Secretary & Compliance Officer info@magentalifecare.com",unspecified_see_drhp,https://wisdom.cameoindia.com; https://www.magentamattresses.com; www.cameoindia.com; www.fedsec.in,Extract from restated financials in DRHP (pattern not matched).,no_structured_differentiation_tag,Promoter names not machine-extracted from sampled DRHP pages; verify in IPO prospectus or LinkedIn.,No explicit expansion/hiring/certification keywords in sampled pages — check MD&A / risk factors in full DRHP.,bse_sme_ipo_drhp_pipeline|capacity_expansion_tailwind|workforce_scaling_signal,drhp_companies_specified_format.csv+final_merged_dsir_promoters.csv,,See DRHP ‘Industry / Business overview’ section.,no_structured_differentiation_tag|bse_sme_ipo_drhp_pipeline|capacity_expansion_tailwind|workforce_scaling_signal|no_explicit_expansion|hiring|certification_keywords_in_sampled_pages_—_check_md&a|risk_factors_in_full_drhp,0,not_classified_manufacturer,1,india_location_signal,0,no_differentiation_evidence,0,no_promoter_extract,1,sector_or_macro_tailwind_tags,1,growth_or_ipo_signal_in_text,3,50,45.0,2
Mehul Colours Limited,"TELEPHONE WEBSITE Unit No - A 305,306, Kemp Plaza, Link Road, Chincholi Bunder Road, Mind Space, Near Evershine Mall, Malad West, Mumbai, Maharashtra - 400064 Shilpa Karan Mehta, Company Secretary & Compliance Officer E-mail: info@mehulcolours.com Tel No: +91-22-2872 3555 / 2872 ...",unspecified_see_drhp,https://serencapital.in/; https://www.mehulcolours.com; www.bigshareonline.com,Extract from restated financials in DRHP (pattern not matched).,no_structured_differentiation_tag,Promoter names not machine-extracted from sampled DRHP pages; verify in IPO prospectus or LinkedIn.,facility expansion,bse_sme_ipo_drhp_pipeline|capacity_expansion_tailwind,drhp_companies_specified_format.csv+final_merged_dsir_promoters.csv,,See DRHP ‘Industry / Business overview’ section.,no_structured_differentiation_tag|bse_sme_ipo_drhp_pipeline|capacity_expansion_tailwind|facility_expansion,0,not_classified_manufacturer,1,india_location_signal,0,no_differentiation_evidence,0,no_promoter_extract,1,sector_or_macro_tailwind_tags,1,growth_or_ipo_signal_in_text,3,50,45.0,2
MEHUL TELECOM LIMITED,Ahmedabad,unspecified_see_drhp,www.cumulativecapital.group; www.kfintech.com; www.mehultelecom.com,Extract from restated financials in DRHP (pattern not matched).,no_structured_differentiation_tag,Could not download DRHP PDF/ZIP for promoter extraction.,No explicit expansion/hiring/certification keywords in sampled pages — check MD&A / risk factors in full DRHP.,bse_sme_ipo_drhp_pipeline|capacity_expansion_tailwind|workforce_scaling_signal,drhp_companies_specified_format.csv+final_merged_dsir_promoters.csv,,See DRHP ‘Industry / Business overview’ section.,no_structured_differentiation_tag|bse_sme_ipo_drhp_pipeline|capacity_expansion_tailwind|workforce_scaling_signal|no_explicit_expansion|hiring|certification_keywords_in_sampled_pages_—_check_md&a|risk_factors_in_full_drhp,0,not_classified_manufacturer,1,india_location_signal,0,no_differentiation_evidence,0,no_promoter_extract,1,sector_or_macro_tailwind_tags,1,growth_or_ipo_signal_in_text,3,50,45.0,2
Neev Credit Limited,"PERSON TELEPHONE AND EMAIL WEBSITE Room number 408, 4th Floor, PS IXL Building, Atghora, Chinar Park, Parganas North 24, Kolkata, West Bengal- 700136 India Srivatsa Arcade, No. 6, Ground Floor, 12 th Cross, Wilson Garden, Bangalore- 560027, Karnataka, India. Deepika Bhutra Tel. N...",unspecified_see_drhp,www.neevfinance.com,Extract from restated financials in DRHP (pattern not matched).,no_structured_differentiation_tag,Could not download DRHP PDF/ZIP for promoter extraction.,No explicit expansion/hiring/certification keywords in sampled pages — check MD&A / risk factors in full DRHP.,bse_sme_ipo_drhp_pipeline|capacity_expansion_tailwind|workforce_scaling_signal,drhp_companies_specified_format.csv+final_merged_dsir_promoters.csv,,See DRHP ‘Industry / Business overview’ section.,no_structured_differentiation_tag|bse_sme_ipo_drhp_pipeline|capacity_expansion_tailwind|workforce_scaling_signal|no_explicit_expansion|hiring|certification_keywords_in_sampled_pages_—_check_md&a|risk_factors_in_full_drhp,0,not_classified_manufacturer,1,india_location_signal,0,no_differentiation_evidence,0,no_promoter_extract,1,sector_or_macro_tailwind_tags,1,growth_or_ipo_signal_in_text,3,50,45.0,2
NTL India Limited,"DAYS PRIOR TO THE BID/ISSUE OPENING DATE AND SHALL BE MADE AVAILABLE TO SME PLATFORM OF BSE LIMITED FOR THE PURPOSES OF UPLOADING ON THEIR WEBSITES IN ACCORDANCE WITH THE SECURITIES AND EXCHANGE BOARD OF INDIA (ISSUE OF CAPITAL AND DISCLOSURE REQUIREMENTS REGULATIONS, 2018, AS AM...",unspecified_see_drhp,www.cameoindia.com; www.cumulativecapital.group; www.ntlchennai.net,Extract from restated financials in DRHP (pattern not matched).,no_structured_differentiation_tag,DRHP: D RAMESH AND DAYANITHI,No explicit expansion/hiring/certification keywords in sampled pages — check MD&A / risk factors in full DRHP.,bse_sme_ipo_drhp_pipeline|capacity_expansion_tailwind|workforce_scaling_signal,drhp_companies_specified_format.csv,,See DRHP ‘Industry / Business overview’ section.,no_structured_differentiation_tag|bse_sme_ipo_drhp_pipeline|capacity_expansion_tailwind|workforce_scaling_signal|no_explicit_expansion|hiring|certification_keywords_in_sampled_pages_—_check_md&a|risk_factors_in_full_drhp,0,not_classified_manufacturer,1,india_location_signal,0,no_differentiation_evidence,0,weak_promoter_signal,1,sector_or_macro_tailwind_tags,1,growth_or_ipo_signal_in_text,3,50,45.0,1
NTL India Limited,"DAYS PRIOR TO THE BID/ISSUE OPENING DATE AND SHALL BE MADE AVAILABLE TO SME PLATFORM OF BSE LIMITED FOR THE PURPOSES OF UPLOADING ON THEIR WEBSITES IN ACCORDANCE WITH THE SECURITIES AND EXCHANGE BOARD OF INDIA (ISSUE OF CAPITAL AND DISCLOSURE REQUIREMENTS REGULATIONS, 2018, AS AM...",unspecified_see_drhp,www.cameoindia.com; www.cumulativecapital.group; www.ntlchennai.net,Extract from restated financials in DRHP (pattern not matched).,no_structured_differentiation_tag,DRHP: D RAMESH AND DAYANITHI,No explicit expansion/hiring/certification keywords in sampled pages — check MD&A / risk factors in full DRHP.,bse_sme_ipo_drhp_pipeline|capacity_expansion_tailwind|workforce_scaling_signal,final_merged_dsir_promoters.csv,,See DRHP ‘Industry / Business overview’ section.,no_structured_differentiation_tag|bse_sme_ipo_drhp_pipeline|capacity_expansion_tailwind|workforce_scaling_signal|no_explicit_expansion|hiring|certification_keywords_in_sampled_pages_—_check_md&a|risk_factors_in_full_drhp,0,not_classified_manufacturer,1,india_location_signal,0,no_differentiation_evidence,0,weak_promoter_signal,1,sector_or_macro_tailwind_tags,1,growth_or_ipo_signal_in_text,3,50,45.0,1
Nukleus Office Solutions Limited,"1102, Barakhamba Tower, 22 Barakhamba Road, Connaught Place, New Delhi - 110 001, India Nukleus Co-working & Managed Offices, Plot No 29, Sector 142, Noida - 201 305, Uttar Pradesh, India Pooja Jaiswal, Company Secretary & Compliance Officer Tel.: +91 96 6704 9487 E-mail: cs@nukl...",unspecified_see_drhp,www.bigshareonline.com; www.nukleus.work; www.sundaecapital.com,Extract from restated financials in DRHP (pattern not matched).,no_structured_differentiation_tag,Could not download DRHP PDF/ZIP for promoter extraction.,No explicit expansion/hiring/certification keywords in sampled pages — check MD&A / risk factors in full DRHP.,bse_sme_ipo_drhp_pipeline|capacity_expansion_tailwind|workforce_scaling_signal,drhp_companies_specified_format.csv+final_merged_dsir_promoters.csv,,See DRHP ‘Industry / Business overview’ section.,no_structured_differentiation_tag|bse_sme_ipo_drhp_pipeline|capacity_expansion_tailwind|workforce_scaling_signal|no_explicit_expansion|hiring|certification_keywords_in_sampled_pages_—_check_md&a|risk_factors_in_full_drhp,0,not_classified_manufacturer,1,india_location_signal,0,no_differentiation_evidence,0,no_promoter_extract,1,sector_or_macro_tailwind_tags,1,growth_or_ipo_signal_in_text,3,50,45.0,2
Pajson Agro India Limited,"Contact Person Email and Telephone Website 510, 5th Floor, Pearl Omaxe Tower, Netaji Subhash Place, Pitampura, Shakur Pur I Block, North West Delhi, Delhi, India, 110034. Roopal Saxena , Company Secretary and Compliance Officer Email: investor@pajsonagro.com",unspecified_see_drhp,www.pajsonagro.com,Extract from restated financials in DRHP (pattern not matched).,no_structured_differentiation_tag,Could not download DRHP PDF/ZIP for promoter extraction.,No explicit expansion/hiring/certification keywords in sampled pages — check MD&A / risk factors in full DRHP.,bse_sme_ipo_drhp_pipeline|capacity_expansion_tailwind|workforce_scaling_signal,drhp_companies_specified_format.csv+final_merged_dsir_promoters.csv,,See DRHP ‘Industry / Business overview’ section.,no_structured_differentiation_tag|bse_sme_ipo_drhp_pipeline|capacity_expansion_tailwind|workforce_scaling_signal|no_explicit_expansion|hiring|certification_keywords_in_sampled_pages_—_check_md&a|risk_factors_in_full_drhp,0,not_classified_manufacturer,1,india_location_signal,0,no_differentiation_evidence,0,no_promoter_extract,1,sector_or_macro_tailwind_tags,1,growth_or_ipo_signal_in_text,3,50,45.0,2
PAN HR Solution Limited,"Nagar, Noida - 201301, Uttar Pradesh, India",unspecified_see_drhp,www.panhr.in,Extract from restated financials in DRHP (pattern not matched).,no_structured_differentiation_tag,Could not download DRHP PDF/ZIP for promoter extraction.,No explicit expansion/hiring/certification keywords in sampled pages — check MD&A / risk factors in full DRHP.,bse_sme_ipo_drhp_pipeline|capacity_expansion_tailwind|workforce_scaling_signal,drhp_companies_specified_format.csv+final_merged_dsir_promoters.csv,,See DRHP ‘Industry / Business overview’ section.,no_structured_differentiation_tag|bse_sme_ipo_drhp_pipeline|capacity_expansion_tailwind|workforce_scaling_signal|no_explicit_expansion|hiring|certification_keywords_in_sampled_pages_—_check_md&a|risk_factors_in_full_drhp,0,not_classified_manufacturer,1,india_location_signal,0,no_differentiation_evidence,0,no_promoter_extract,1,sector_or_macro_tailwind_tags,1,growth_or_ipo_signal_in_text,3,50,45.0,2
RAKSAN TRANSFORMERS LIMITED,"PERSON EMAIL AND TELEPHONE WEBSITE Shop No. 16, Local Shopping Centre-3, Sector-8, Rohini, North Delhi, New Delhi, Delhi, India, 110085",unspecified_see_drhp,www.raksantransformers.com,Extract from restated financials in DRHP (pattern not matched).,no_structured_differentiation_tag,Could not download DRHP PDF/ZIP for promoter extraction.,No explicit expansion/hiring/certification keywords in sampled pages — check MD&A / risk factors in full DRHP.,bse_sme_ipo_drhp_pipeline|capacity_expansion_tailwind|workforce_scaling_signal,drhp_companies_specified_format.csv+final_merged_dsir_promoters.csv,,See DRHP ‘Industry / Business overview’ section.,no_structured_differentiation_tag|bse_sme_ipo_drhp_pipeline|capacity_expansion_tailwind|workforce_scaling_signal|no_explicit_expansion|hiring|certification_keywords_in_sampled_pages_—_check_md&a|risk_factors_in_full_drhp,0,not_classified_manufacturer,1,india_location_signal,0,no_differentiation_evidence,0,no_promoter_extract,1,sector_or_macro_tailwind_tags,1,growth_or_ipo_signal_in_text,3,50,45.0,2
Ravelcare Limited,"Malad, Mumbai - 400064, Maharashtra, India",unspecified_see_drhp,www.ravelcare.com,Extract from restated financials in DRHP (pattern not matched).,no_structured_differentiation_tag,Promoter names not machine-extracted from sampled DRHP pages; verify in IPO prospectus or LinkedIn.,No explicit expansion/hiring/certification keywords in sampled pages — check MD&A / risk factors in full DRHP.,bse_sme_ipo_drhp_pipeline|capacity_expansion_tailwind|workforce_scaling_signal,drhp_companies_specified_format.csv+final_merged_dsir_promoters.csv,,See DRHP ‘Industry / Business overview’ section.,no_structured_differentiation_tag|bse_sme_ipo_drhp_pipeline|capacity_expansion_tailwind|workforce_scaling_signal|no_explicit_expansion|hiring|certification_keywords_in_sampled_pages_—_check_md&a|risk_factors_in_full_drhp,0,not_classified_manufacturer,1,india_location_signal,0,no_differentiation_evidence,0,no_promoter_extract,1,sector_or_macro_tailwind_tags,1,growth_or_ipo_signal_in_text,3,50,45.0,2
REET PROJECTS LIMITED,"Shop No. 327, Third Floor, Ishana the Business Hub, Al than Surat City, Surat- 395017, Gujarat NA Poorvi Jain, Company Secretary & Compliance Officer info@reetprojects.com",unspecified_see_drhp,www.fedsec.in; www.kfintech.com; www.reetprojects.com,Extract from restated financials in DRHP (pattern not matched).,no_structured_differentiation_tag,Promoter names not machine-extracted from sampled DRHP pages; verify in IPO prospectus or LinkedIn.,No explicit expansion/hiring/certification keywords in sampled pages — check MD&A / risk factors in full DRHP.,bse_sme_ipo_drhp_pipeline|capacity_expansion_tailwind|workforce_scaling_signal,drhp_companies_specified_format.csv+final_merged_dsir_promoters.csv,,See DRHP ‘Industry / Business overview’ section.,no_structured_differentiation_tag|bse_sme_ipo_drhp_pipeline|capacity_expansion_tailwind|workforce_scaling_signal|no_explicit_expansion|hiring|certification_keywords_in_sampled_pages_—_check_md&a|risk_factors_in_full_drhp,0,not_classified_manufacturer,1,india_location_signal,0,no_differentiation_evidence,0,no_promoter_extract,1,sector_or_macro_tailwind_tags,1,growth_or_ipo_signal_in_text,3,50,45.0,2
Sampark India Logistics Limited,"Plot No. 48, Bhule Ram Colony, Block B, Gali No. 7, Rangpuri Extension, Palam Airport, South West Delhi, New Delhi - 110037, India 17/3, Mathura Road, Ground & Second Floor, Faridabad City, Haryana-121002, India Ms. Ritika Bachhawat Company Secretary & Compliance Officer Email ID...",unspecified_see_drhp,https://silpl.rathigroup.info; https://silpl.rathigroup.info/,Extract from restated financials in DRHP (pattern not matched).,no_structured_differentiation_tag,Could not download DRHP PDF/ZIP for promoter extraction.,No explicit expansion/hiring/certification keywords in sampled pages — check MD&A / risk factors in full DRHP.,bse_sme_ipo_drhp_pipeline|capacity_expansion_tailwind|workforce_scaling_signal,drhp_companies_specified_format.csv+final_merged_dsir_promoters.csv,,See DRHP ‘Industry / Business overview’ section.,no_structured_differentiation_tag|bse_sme_ipo_drhp_pipeline|capacity_expansion_tailwind|workforce_scaling_signal|no_explicit_expansion|hiring|certification_keywords_in_sampled_pages_—_check_md&a|risk_factors_in_full_drhp,0,not_classified_manufacturer,1,india_location_signal,0,no_differentiation_evidence,0,no_promoter_extract,1,sector_or_macro_tailwind_tags,1,growth_or_ipo_signal_in_text,3,50,45.0,2
Silverstorm Parks and Resorts Limited,"India. Furthermore, unless the context otherwise indicates, all references to the terms, “we”, “us” and “our” are to our Company.",unspecified_see_drhp,https://silverstorm.in/,Extract from restated financials in DRHP (pattern not matched).,no_structured_differentiation_tag,Promoter names not machine-extracted from sampled DRHP pages; verify in IPO prospectus or LinkedIn.,No explicit expansion/hiring/certification keywords in sampled pages — check MD&A / risk factors in full DRHP.,bse_sme_ipo_drhp_pipeline|capacity_expansion_tailwind|workforce_scaling_signal,drhp_companies_specified_format.csv+final_merged_dsir_promoters.csv,,See DRHP ‘Industry / Business overview’ section.,no_structured_differentiation_tag|bse_sme_ipo_drhp_pipeline|capacity_expansion_tailwind|workforce_scaling_signal|no_explicit_expansion|hiring|certification_keywords_in_sampled_pages_—_check_md&a|risk_factors_in_full_drhp,0,not_classified_manufacturer,1,india_location_signal,0,no_differentiation_evidence,0,no_promoter_extract,1,sector_or_macro_tailwind_tags,1,growth_or_ipo_signal_in_text,3,50,45.0,2
SJP ULTRASONICS LIMITED,"Maharashtra, Mumbai.",investors may not have access to comparable industry metrics when evaluating,www.kslindia.com; www.maashitla.com; www.sjpultrasonics.in,Extract from restated financials in DRHP (pattern not matched).,no_structured_differentiation_tag,Could not download DRHP PDF/ZIP for promoter extraction.,No explicit expansion/hiring/certification keywords in sampled pages — check MD&A / risk factors in full DRHP.,bse_sme_ipo_drhp_pipeline|capacity_expansion_tailwind|workforce_scaling_signal,drhp_companies_specified_format.csv+final_merged_dsir_promoters.csv,,investors may not have access to comparable industry metrics when evaluating,no_structured_differentiation_tag|bse_sme_ipo_drhp_pipeline|capacity_expansion_tailwind|workforce_scaling_signal|no_explicit_expansion|hiring|certification_keywords_in_sampled_pages_—_check_md&a|risk_factors_in_full_drhp,0,not_classified_manufacturer,1,india_location_signal,0,no_differentiation_evidence,0,no_promoter_extract,1,sector_or_macro_tailwind_tags,1,growth_or_ipo_signal_in_text,3,50,45.0,2
Sotefin Bharat Limited,"Kalikapur, Kolkata, West Bengal, India, 700099",unspecified_see_drhp,www.sotefinbharat.com,Extract from restated financials in DRHP (pattern not matched).,no_structured_differentiation_tag,Promoter names not machine-extracted from sampled DRHP pages; verify in IPO prospectus or LinkedIn.,No explicit expansion/hiring/certification keywords in sampled pages — check MD&A / risk factors in full DRHP.,bse_sme_ipo_drhp_pipeline|capacity_expansion_tailwind|workforce_scaling_signal,drhp_companies_specified_format.csv+final_merged_dsir_promoters.csv,,See DRHP ‘Industry / Business overview’ section.,no_structured_differentiation_tag|bse_sme_ipo_drhp_pipeline|capacity_expansion_tailwind|workforce_scaling_signal|no_explicit_expansion|hiring|certification_keywords_in_sampled_pages_—_check_md&a|risk_factors_in_full_drhp,0,not_classified_manufacturer,1,india_location_signal,0,no_differentiation_evidence,0,no_promoter_extract,1,sector_or_macro_tailwind_tags,1,growth_or_ipo_signal_in_text,3,50,45.0,2
Takyon Networks Limited,"CP 37, Viraj Khand Gomti Nagar, Lucknow – 226 010, Uttar Pradesh, India Pooja Sharma Company Secretary & Compliance Officer E-mail: cs@takyon",unspecified_see_drhp,www.cameoindia.com; www.hemsecurities.com; www.takyon.co.in,Extract from restated financials in DRHP (pattern not matched).,no_structured_differentiation_tag,Promoter names not machine-extracted from sampled DRHP pages; verify in IPO prospectus or LinkedIn.,No explicit expansion/hiring/certification keywords in sampled pages — check MD&A / risk factors in full DRHP.,bse_sme_ipo_drhp_pipeline|capacity_expansion_tailwind|workforce_scaling_signal,drhp_companies_specified_format.csv+final_merged_dsir_promoters.csv,,See DRHP ‘Industry / Business overview’ section.,no_structured_differentiation_tag|bse_sme_ipo_drhp_pipeline|capacity_expansion_tailwind|workforce_scaling_signal|no_explicit_expansion|hiring|certification_keywords_in_sampled_pages_—_check_md&a|risk_factors_in_full_drhp,0,not_classified_manufacturer,1,india_location_signal,0,no_differentiation_evidence,0,no_promoter_extract,1,sector_or_macro_tailwind_tags,1,growth_or_ipo_signal_in_text,3,50,45.0,2
Twinkle Papers limited,Delhi-110001 Telephone: +91 9910990488 Email: mb@ftfinsec,unspecified_see_drhp,https://twinklepapers.com/; https://www.alankit.com/; www.novuscaps.com,Extract from restated financials in DRHP (pattern not matched).,no_structured_differentiation_tag,Could not download DRHP PDF/ZIP for promoter extraction.,capacity expansion; hiring / recruitment; facility expansion,bse_sme_ipo_drhp_pipeline|capacity_expansion_tailwind|workforce_scaling_signal,drhp_companies_specified_format.csv+final_merged_dsir_promoters.csv,,See DRHP ‘Industry / Business overview’ section.,no_structured_differentiation_tag|bse_sme_ipo_drhp_pipeline|capacity_expansion_tailwind|workforce_scaling_signal|capacity_expansion|hiring|recruitment|facility_expansion,0,not_classified_manufacturer,1,india_location_signal,0,no_differentiation_evidence,0,no_promoter_extract,1,sector_or_macro_tailwind_tags,1,growth_or_ipo_signal_in_text,3,50,45.0,3
Workmates Core2Cloud Solution Limited,"Flat 7, 3rd Floor, 3A Rammohan Mullick Garden Lane Kolkata - 700010, West Bengal, India Purbali Saha Company Secretary and Compliance Officer + 91 33 450 84924",unspecified_see_drhp,www.cloudworkmates.com; www.horizonmanagement.in,Extract from restated financials in DRHP (pattern not matched).,no_structured_differentiation_tag,Promoter names not machine-extracted from sampled DRHP pages; verify in IPO prospectus or LinkedIn.,hiring / recruitment; subsidiary / group structure,bse_sme_ipo_drhp_pipeline|workforce_scaling_signal,drhp_companies_specified_format.csv+final_merged_dsir_promoters.csv,,See DRHP ‘Industry / Business overview’ section.,no_structured_differentiation_tag|bse_sme_ipo_drhp_pipeline|workforce_scaling_signal|hiring|recruitment|subsidiary|group_structure,0,not_classified_manufacturer,1,india_location_signal,0,no_differentiation_evidence,0,no_promoter_extract,1,sector_or_macro_tailwind_tags,1,growth_or_ipo_signal_in_text,3,50,45.0,2
3B FILMS LIMITED,"CORPORATE OFFICE CONTACT PERSON TELEPHONE AND EMAIL WEBSITE Registered Office: SF 220, Pancham Icon, Besides D-Mart, Vasna Road, Vadodara, Gujarat, India, 390007 Corporate Office: Block No 1241, 1242, 1243, 1244, Padra Jambusar Highway, Masar, Padra, Vadodara, Gujarat, India, 391...",unspecified_see_drhp,www.3bfilms.com; www.maashitla.com; www.nirbhaycapital.com,Extract from restated financials in DRHP (pattern not matched).,no_structured_differentiation_tag,Mr. Ashokbhai Dhanjibhai Babariya,subsidiary / group structure,bse_sme_ipo_drhp_pipeline,drhp_companies_specified_format.csv+final_merged_dsir_promoters.csv,,See DRHP ‘Industry / Business overview’ section.,no_structured_differentiation_tag|bse_sme_ipo_drhp_pipeline|subsidiary|group_structure,0,not_classified_manufacturer,1,india_location_signal,0,no_differentiation_evidence,1,named_individuals_in_promoter_field,1,sector_or_macro_tailwind_tags,0,weak_growth_signal,3,50,40.0,2
Adishakti Loha and Ispat Limited.,"Subsequently our Company was converted into a Public Limited Company and a fresh certificate of incorporation consequent upon conversion of the Company to public limited company in the name of the “Adishakti Loha and Ispat Limited” was granted by the Registrar of Companies, Delhi...",unspecified_see_drhp,http://adishaktiloha.com/; www.bigshareonline.com; www.tcagroup.in,Extract from restated financials in DRHP (pattern not matched).,no_structured_differentiation_tag,DRHP: Mr. Bhuwan Singh Taragi; Mr. Pawan Kumar Mittal Promoter Group; Mr. Pawan Kumar Mittal; Mrs. Kiran Mittal; Mrs. Rukmani Devi Mittal,subsidiary / group structure,bse_sme_ipo_drhp_pipeline,drhp_companies_specified_format.csv+final_merged_dsir_promoters.csv,,See DRHP ‘Industry / Business overview’ section.,no_structured_differentiation_tag|bse_sme_ipo_drhp_pipeline|subsidiary|group_structure,0,not_classified_manufacturer,1,india_location_signal,0,no_differentiation_evidence,1,named_individuals_in_promoter_field,1,sector_or_macro_tailwind_tags,0,weak_growth_signal,3,50,40.0,2
AMRUT DREDGING AND SHIPPING LIMITED,"Harihar Chowk, Sadar Bazar, Rajkot - 360 001, Gujarat, India “We” or “us” or “our” Unless the context otherwise indicates or implies, refers to our Company “You” or “your” or “yours” Prospective investors in this issue",unspecified_see_drhp,www.amrutdredging.com; www.kfintech.com,Extract from restated financials in DRHP (pattern not matched).,no_structured_differentiation_tag,DRHP: Mr Pavan Anilbhai Gandhi Materiality Policy,subsidiary / group structure,bse_sme_ipo_drhp_pipeline,drhp_companies_specified_format.csv+final_merged_dsir_promoters.csv,,See DRHP ‘Industry / Business overview’ section.,no_structured_differentiation_tag|bse_sme_ipo_drhp_pipeline|subsidiary|group_structure,0,not_classified_manufacturer,1,india_location_signal,0,no_differentiation_evidence,1,rich_drhp_promoter_blob,1,sector_or_macro_tailwind_tags,0,weak_growth_signal,3,50,40.0,2
Archit Nuwood Industries Limited,"Company was converted into Public Limited Company and name of company was changed to “Archit Nuwood Industries Limited” vide fresh certificate of incorporation dated December 27, 2023 issued by the Registrar of Companies, Delhi. For further details, pleas e refer to chapter title...","21. In Chapter titled “Our Management” beginning on Page 163 of the Draft Red Herring Prospectus, table of ‘ Family Rela",www.architnuwood.com; www.maashitla.com; www.shareindia.com,Extract from restated financials in DRHP (pattern not matched).,no_structured_differentiation_tag,DRHP: Mr. Rahul Kumar; Mr. Vineet Kumar Whole Time Director; Mr. Vinod Kumar Singla Managing Director; Mr. Prem Chand Director; Mr. Ravinder Sharma Director; Mr. Sahil Arora Independent Director; Mr. Ajay Kumar Independent Director; Mr. Anisha Modi Independent Director; Mrs. Roopa Garg Independent Director; Mr. Rahul Kumar Company Secretary,subsidiary / group structure,bse_sme_ipo_drhp_pipeline,drhp_companies_specified_format.csv+final_merged_dsir_promoters.csv,,"21. In Chapter titled “Our Management” beginning on Page 163 of the Draft Red Herring Prospectus, table of ‘ Family Relationship Between Directors’ has been inserted, Organization Structure has been u",no_structured_differentiation_tag|bse_sme_ipo_drhp_pipeline|subsidiary|group_structure,0,not_classified_manufacturer,1,india_location_signal,0,no_differentiation_evidence,1,named_individuals_in_promoter_field,1,sector_or_macro_tailwind_tags,0,weak_growth_signal,3,50,40.0,2
ASSTON PHARMACEUTICALS LIMITED,"Bhavan, Plot No 42A Sector -11 CBD Bel apur, Navi Mumbai, Thane – 400 614, 3 | P a g e",unspecified_see_drhp,www.asstonpharmaceuticals.com; www.sobhagyacapital.com,Extract from restated financials in DRHP (pattern not matched).,no_structured_differentiation_tag,Dr. Ashish Narayan Sakalkar,subsidiary / group structure,bse_sme_ipo_drhp_pipeline,drhp_companies_specified_format.csv+final_merged_dsir_promoters.csv,,See DRHP ‘Industry / Business overview’ section.,no_structured_differentiation_tag|bse_sme_ipo_drhp_pipeline|subsidiary|group_structure,0,not_classified_manufacturer,1,india_location_signal,0,no_differentiation_evidence,1,named_individuals_in_promoter_field,1,sector_or_macro_tailwind_tags,0,weak_growth_signal,3,50,40.0,2
Aten Papers and Foam Limited,"Madhav Nagar, 11/12 S V Road, Andheri West, Mumbai City – 400058 (Maharashtra)",unspecified_see_drhp,www.atenpapers.com; www.skylinerta.com; www.swastika.co.in,Extract from restated financials in DRHP (pattern not matched).,no_structured_differentiation_tag,DRHP: Ms. Neha Munot. PROMOTERS OF OUR,subsidiary / group structure,bse_sme_ipo_drhp_pipeline,drhp_companies_specified_format.csv+final_merged_dsir_promoters.csv,,See DRHP ‘Industry / Business overview’ section.,no_structured_differentiation_tag|bse_sme_ipo_drhp_pipeline|subsidiary|group_structure,0,not_classified_manufacturer,1,india_location_signal,0,no_differentiation_evidence,1,named_individuals_in_promoter_field,1,sector_or_macro_tailwind_tags,0,weak_growth_signal,3,50,40.0,2
Avax Apparels And Ornaments Limited,"& Haryana. For further details, please refer to """,unspecified_see_drhp,https://www.avaxapparels.com,Extract from restated financials in DRHP (pattern not matched).,rnd_mention,DRHP: Mrs. Shruti Jain Company Secretary; Mrs. Rati Gupta SKI CAPITAL SERVICES LIMITED; Dr Joshi Road; Mr. Manick Wadhwa; Mr. Ghanisht Nagpal ISSUE PROGRAMME ISSUE OPENS; Mr. Vinod Malhotra; Mrs. Dipti Malhotra; Mr. Harinderpal Singh Sodhi,backward integration,bse_sme_ipo_drhp_pipeline,drhp_companies_specified_format.csv+final_merged_dsir_promoters.csv,,See DRHP ‘Industry / Business overview’ section.,rnd_mention|bse_sme_ipo_drhp_pipeline|backward_integration,0,not_classified_manufacturer,1,india_location_signal,0,no_differentiation_evidence,1,named_individuals_in_promoter_field,1,sector_or_macro_tailwind_tags,0,weak_growth_signal,3,50,40.0,2
Avyukta Dairy Products Limited,"the conversion of our Company to public limited Company, the name of our Company has been changed to “Avyukta Dairy Products Limited” vide fresh Certificate of Incorporation dated July 09, 2021 issued by the Registrar of Companies, Delhi. For further details of Incorporation, cha...",unspecified_see_drhp,www.avyuktadairy.com; www.masserv.com; www.navigantcorp.com,Extract from restated financials in DRHP (pattern not matched).,no_structured_differentiation_tag,DRHP: Ms. Nisha Singh; Ms. Anjani Mittal Promoters Group Companies; Mr. Avdhesh Mittal. Companies Act; Ms. Nisha Singh. Depositories Act The Depositories; Mr. Avdhesh Mittal; Ms. Anjani Mittal. For; Ms. Anjani Mittal,subsidiary / group structure,bse_sme_ipo_drhp_pipeline,drhp_companies_specified_format.csv+final_merged_dsir_promoters.csv,,See DRHP ‘Industry / Business overview’ section.,no_structured_differentiation_tag|bse_sme_ipo_drhp_pipeline|subsidiary|group_structure,0,not_classified_manufacturer,1,india_location_signal,0,no_differentiation_evidence,1,named_individuals_in_promoter_field,1,sector_or_macro_tailwind_tags,0,weak_growth_signal,3,50,40.0,2
BharatRohan Airborne Innovations Limited,"Fourth Floor B -117, DDA Sheds , Okhla Industrial Area Phase - I, South Delhi, New Delhi- 110020, India",unspecified_see_drhp,https://bharatrohan.in/,Extract from restated financials in DRHP (pattern not matched).,no_structured_differentiation_tag,DRHP: Ms. Aakansha Singh; Mr. Amandeep Panwar; Mr. Rishabh Choudhary. For; Mr. Rishabh Choudhary. ISSUE RELATED TERMS,subsidiary / group structure,bse_sme_ipo_drhp_pipeline,drhp_companies_specified_format.csv+final_merged_dsir_promoters.csv,,See DRHP ‘Industry / Business overview’ section.,no_structured_differentiation_tag|bse_sme_ipo_drhp_pipeline|subsidiary|group_structure,0,not_classified_manufacturer,1,india_location_signal,0,no_differentiation_evidence,1,named_individuals_in_promoter_field,1,sector_or_macro_tailwind_tags,0,weak_growth_signal,3,50,40.0,2
Desco Infratech Limited,"in the same building i.e., A -703, Swastik Universal, Next to Valentine Theatre, Dumas Road, Umra, Surat -395007, Gujarat, India (Area",unspecified_see_drhp,www.bigshareonline.com; www.descoinfra.co.in; www.shcapl.com,Extract from restated financials in DRHP (pattern not matched).,no_structured_differentiation_tag,DRHP: Ms. Gandharva Javanika; Ms. Sonal Jhaveri; Ms. Sonali Jhaveri; Ms. Prinkle Jain; Mr. Pankaj Pruthu Desai; Mr. Pankaj Pruthu Desai Chairman; Mr. Parth Shah Website; Mr. Babu Rapheal C. SEBI Registration No,subsidiary / group structure,bse_sme_ipo_drhp_pipeline,drhp_companies_specified_format.csv+final_merged_dsir_promoters.csv,,See DRHP ‘Industry / Business overview’ section.,no_structured_differentiation_tag|bse_sme_ipo_drhp_pipeline|subsidiary|group_structure,0,not_classified_manufacturer,1,india_location_signal,0,no_differentiation_evidence,1,named_individuals_in_promoter_field,1,sector_or_macro_tailwind_tags,0,weak_growth_signal,3,50,40.0,2
EverestIMS Technologies Limited,"No.759, Sree Gururaya Mansion, South Wing 8th Main, J.P.Nagar, III Phase, Bangalore, Karnataka, India, 560078 Ms. Vijayalaxmi Sangayya Salimath Company Secretary and Compliance Officer Email: cs@everestims.com Tel No: 080 - 46567100",unspecified_see_drhp,https://everestims.com/,Extract from restated financials in DRHP (pattern not matched).,no_structured_differentiation_tag,Mr. Sudhakar Aruchamy,subsidiary / group structure,bse_sme_ipo_drhp_pipeline,drhp_companies_specified_format.csv+final_merged_dsir_promoters.csv,,See DRHP ‘Industry / Business overview’ section.,no_structured_differentiation_tag|bse_sme_ipo_drhp_pipeline|subsidiary|group_structure,0,not_classified_manufacturer,1,india_location_signal,0,no_differentiation_evidence,1,named_individuals_in_promoter_field,1,sector_or_macro_tailwind_tags,0,weak_growth_signal,3,50,40.0,2
Glen Industries Limited,"Registrar of Companies, West Bengal Shareholders Shareholders of our company Stakeholders Relationship Committee The Stakeholders Relationship Committee of our Board of Directors constituted in accordance with Section 178 of the Companies Act, 2013 and Listing Regulations. For de...",unspecified_see_drhp,www.glen-india.com; www.gyrcapitaladvisors.com; www.kfintech.com,Extract from restated financials in DRHP (pattern not matched).,no_structured_differentiation_tag,DRHP: Ms. Shikha Sureka Company Secretary; Mr. Mohit Baid SEBI Registration Number,subsidiary / group structure,bse_sme_ipo_drhp_pipeline,drhp_companies_specified_format.csv+final_merged_dsir_promoters.csv,,See DRHP ‘Industry / Business overview’ section.,no_structured_differentiation_tag|bse_sme_ipo_drhp_pipeline|subsidiary|group_structure,0,not_classified_manufacturer,1,india_location_signal,0,no_differentiation_evidence,1,named_individuals_in_promoter_field,1,sector_or_macro_tailwind_tags,0,weak_growth_signal,3,50,40.0,2
Globtier Infotech limited,"company is situated at B-67, 3rd Floor, Sector 67, Gautam Buddha Nagar, Noida, Uttar Pradesh, India, 201301",unspecified_see_drhp,www.globtierinfotech.com; www.shannon.co.in; www.skylinerta.com,Extract from restated financials in DRHP (pattern not matched).,no_structured_differentiation_tag,DRHP: Mr. Rajiv Shukla; Ms. Rekha Shukla; Mr. Rajiv Shukla. As,subsidiary / group structure,bse_sme_ipo_drhp_pipeline,drhp_companies_specified_format.csv+final_merged_dsir_promoters.csv,,See DRHP ‘Industry / Business overview’ section.,no_structured_differentiation_tag|bse_sme_ipo_drhp_pipeline|subsidiary|group_structure,0,not_classified_manufacturer,1,india_location_signal,0,no_differentiation_evidence,1,named_individuals_in_promoter_field,1,sector_or_macro_tailwind_tags,0,weak_growth_signal,3,50,40.0,2
INFRAPRIME LOGISTICS TECHNOLOGIES LIMITED,"Registered Office 418, 4th Floor, Tower B, Emaar Digital Greens, Golf Course Extension, Sector 61, Bhondsi, Gurgaon - 122102, Haryana, India",unspecified_see_drhp,https://www.infraprimelogistics.com; www.infraprimelogistics.com,Extract from restated financials in DRHP (pattern not matched).,no_structured_differentiation_tag,Mr. Chetan Singhal,subsidiary / group structure,bse_sme_ipo_drhp_pipeline,drhp_companies_specified_format.csv+final_merged_dsir_promoters.csv,,See DRHP ‘Industry / Business overview’ section.,no_structured_differentiation_tag|bse_sme_ipo_drhp_pipeline|subsidiary|group_structure,0,not_classified_manufacturer,1,india_location_signal,0,no_differentiation_evidence,1,named_individuals_in_promoter_field,1,sector_or_macro_tailwind_tags,0,weak_growth_signal,3,50,40.0,2
NAKSHATRA ASSET VENTURES LIMITED,"Ho. No. 1016/Pl. No. 377, Flat No. Nakshatra-3rd Floor, Gandhi Nagar, Ambazari Road, Shankar Nagar, Nagpur, Maharashtra, India, 440010 Nakshatra 402 Ground Floor, Building, Solitaire Park, Chakala, Andheri -Mumbai 400093 Hansdhwani Hitendrabhai Dwivedi Company Secretary & Complia...",unspecified_see_drhp,www.bigshareonline.com; www.nakshatraassetventures.com; www.narnolia.com,Extract from restated financials in DRHP (pattern not matched).,no_structured_differentiation_tag,Mr. Amar Vijaykumar Agrawal,subsidiary / group structure,bse_sme_ipo_drhp_pipeline,drhp_companies_specified_format.csv+final_merged_dsir_promoters.csv,,See DRHP ‘Industry / Business overview’ section.,no_structured_differentiation_tag|bse_sme_ipo_drhp_pipeline|subsidiary|group_structure,0,not_classified_manufacturer,1,india_location_signal,0,no_differentiation_evidence,1,named_individuals_in_promoter_field,1,sector_or_macro_tailwind_tags,0,weak_growth_signal,3,50,40.0,2
Navkkar Gold & Diamond Limited,"Registered Office: SCO 19, Sector 34C, Sector 34(Chandigarh), Chandigarh -160022 India; Tel",unspecified_see_drhp,www.navkkarjewellers.com; www.skylinerta.com; www.wealthminenetworks.com,Extract from restated financials in DRHP (pattern not matched).,no_structured_differentiation_tag,DRHP: Mr. Chirag Bharatbhai Ghataliya; Mr. Vivek Jain; Mrs. Taruna Jain; Ms. Muskan Jain; Ms. Dhawani Jain; Mr. Jinesh Jain; Mr. Yogesh Jain; Mr. Vivek Jain March; Mr. Yogesh Jain Negligible Negligible July; Mr. Jinesh Jain Negligible Negligible July,subsidiary / group structure,bse_sme_ipo_drhp_pipeline,drhp_companies_specified_format.csv+final_merged_dsir_promoters.csv,,See DRHP ‘Industry / Business overview’ section.,no_structured_differentiation_tag|bse_sme_ipo_drhp_pipeline|subsidiary|group_structure,0,not_classified_manufacturer,1,india_location_signal,0,no_differentiation_evidence,1,named_individuals_in_promoter_field,1,sector_or_macro_tailwind_tags,0,weak_growth_signal,3,50,40.0,2
Organic Recycling Systems Limited,"30A, Vashi, Navi Mumbai, Mumbai 400703 and having Corporate Identification Number U40106MH2008PLC186309.",unspecified_see_drhp,www.arihantcapital.com; www.maashitla.com; www.organicrecycling.co.in,Extract from restated financials in DRHP (pattern not matched).,no_structured_differentiation_tag,DRHP: Ms. Zinal Mukund Shah Email; Ms. Zinal Mukund Shah; Mr. Sarang Bhand. For; Mr. Sarang Bhand; Mrs. Smita Suhas Bhand You,subsidiary / group structure,bse_sme_ipo_drhp_pipeline,drhp_companies_specified_format.csv+final_merged_dsir_promoters.csv,U40106MH2008PLC186309,See DRHP ‘Industry / Business overview’ section.,no_structured_differentiation_tag|bse_sme_ipo_drhp_pipeline|subsidiary|group_structure,0,not_classified_manufacturer,1,india_location_signal,0,no_differentiation_evidence,1,named_individuals_in_promoter_field,1,sector_or_macro_tailwind_tags,0,weak_growth_signal,3,50,40.0,2
SAFETY CONTROLS & DEVICES LIMITED,"C-43/28/1 Nawal Kishore Road Hazratganj, Lucknow-226001, Uttar Pradesh, India N",unspecified_see_drhp,www.maashitla.com; www.sobhagyacapital.com,Extract from restated financials in DRHP (pattern not matched).,no_structured_differentiation_tag,DRHP: Mr. Shiva Nigam,subsidiary / group structure,bse_sme_ipo_drhp_pipeline,drhp_companies_specified_format.csv+final_merged_dsir_promoters.csv,,See DRHP ‘Industry / Business overview’ section.,no_structured_differentiation_tag|bse_sme_ipo_drhp_pipeline|subsidiary|group_structure,0,not_classified_manufacturer,1,india_location_signal,0,no_differentiation_evidence,1,named_individuals_in_promoter_field,1,sector_or_macro_tailwind_tags,0,weak_growth_signal,3,50,40.0,2
Sodhani Capital Limited,"1st floor C-373 C Block Vaishali Nagar, Jaipur-302021, Rajasthan, India",unspecified_see_drhp,https://sodhanicapital.com/; www.bonanzaonline.com; www.ndml.in; www.sodhanicapital.com,Extract from restated financials in DRHP (pattern not matched).,no_structured_differentiation_tag,DRHP: Ms. Renu Sharma; Ms. Swati Agrawal; Mr. Abhay Bansal Email ID,subsidiary / group structure,bse_sme_ipo_drhp_pipeline,drhp_companies_specified_format.csv+final_merged_dsir_promoters.csv,,See DRHP ‘Industry / Business overview’ section.,no_structured_differentiation_tag|bse_sme_ipo_drhp_pipeline|subsidiary|group_structure,0,not_classified_manufacturer,1,india_location_signal,0,no_differentiation_evidence,1,named_individuals_in_promoter_field,1,sector_or_macro_tailwind_tags,0,weak_growth_signal,3,50,40.0,3
Unisem Agritech Limited,"Village, Near KSRTC Bus Depot, Ranebennur, Haveri, Ranebennur, Karnataka, India, 581115. You’, ‘your’, or ‘yours’ Prospective Investor in this Issue.",unspecified_see_drhp,www.unisem.in,Extract from restated financials in DRHP (pattern not matched).,no_structured_differentiation_tag,DRHP: H N DEVAKUMAR; B H DEVASINGHNAIK; DHARANENDRA H GOUDA; Ms. Bobby Seth. Depositories Act The Depositories,subsidiary / group structure,bse_sme_ipo_drhp_pipeline,drhp_companies_specified_format.csv+final_merged_dsir_promoters.csv,,See DRHP ‘Industry / Business overview’ section.,no_structured_differentiation_tag|bse_sme_ipo_drhp_pipeline|subsidiary|group_structure,0,not_classified_manufacturer,1,india_location_signal,0,no_differentiation_evidence,1,named_individuals_in_promoter_field,1,sector_or_macro_tailwind_tags,0,weak_growth_signal,3,50,40.0,2
VDOIT TECHNOLOGIES LIMITED,"Unit number 912, Emaar Palm Square, Sector – 66, Golf Course, Extension Road, Gurugram, Gurgaon, Haryana -122011, India. | Tel No.: +91-1244468926 |",unspecified_see_drhp,https://vdoitech.com/; www.cameoindia.com; www.fedsec.in,Extract from restated financials in DRHP (pattern not matched).,no_structured_differentiation_tag,DRHP: Ms. K. Sreepriya,subsidiary / group structure,bse_sme_ipo_drhp_pipeline,drhp_companies_specified_format.csv+final_merged_dsir_promoters.csv,,See DRHP ‘Industry / Business overview’ section.,no_structured_differentiation_tag|bse_sme_ipo_drhp_pipeline|subsidiary|group_structure,0,not_classified_manufacturer,1,india_location_signal,0,no_differentiation_evidence,1,named_individuals_in_promoter_field,1,sector_or_macro_tailwind_tags,0,weak_growth_signal,3,50,40.0,2
Abril Paper Tech Limited,and enter into fresh lease or leave and license agreement,unspecified_see_drhp,www.abrilpapertech.com; www.ifinservices.in; www.kfintech.com,₹25 Cr (stated),no_structured_differentiation_tag,Promoter names not machine-extracted from sampled DRHP pages; verify in IPO prospectus or LinkedIn.,No explicit expansion/hiring/certification keywords in sampled pages — check MD&A / risk factors in full DRHP.,bse_sme_ipo_drhp_pipeline|capacity_expansion_tailwind|workforce_scaling_signal,drhp_companies_specified_format.csv+final_merged_dsir_promoters.csv,,See DRHP ‘Industry / Business overview’ section.,no_structured_differentiation_tag|bse_sme_ipo_drhp_pipeline|capacity_expansion_tailwind|workforce_scaling_signal|no_explicit_expansion|hiring|certification_keywords_in_sampled_pages_—_check_md&a|risk_factors_in_full_drhp,0,not_classified_manufacturer,0,weak_location_signal,0,no_differentiation_evidence,0,no_promoter_extract,1,sector_or_macro_tailwind_tags,1,growth_or_ipo_signal_in_text,2,33,35.0,2
Ace Alpha Tech Limited,"new certificate of incorporation pursuant to change of name dated 17th May, 2024.",unspecified_see_drhp,www.acealphatech.in; www.narnolia.com; www.skylinerta.com,Extract from restated financials in DRHP (pattern not matched).,no_structured_differentiation_tag,Could not download DRHP PDF/ZIP for promoter extraction.,hiring / recruitment; subsidiary / group structure,bse_sme_ipo_drhp_pipeline|workforce_scaling_signal,drhp_companies_specified_format.csv+final_merged_dsir_promoters.csv,,See DRHP ‘Industry / Business overview’ section.,no_structured_differentiation_tag|bse_sme_ipo_drhp_pipeline|workforce_scaling_signal|hiring|recruitment|subsidiary|group_structure,0,not_classified_manufacturer,0,weak_location_signal,0,no_differentiation_evidence,0,no_promoter_extract,1,sector_or_macro_tailwind_tags,1,growth_or_ipo_signal_in_text,2,33,35.0,2
AJC Jewel Manufacturers Limited,PDF parse error: PdfStreamError,unspecified_see_drhp,https://ajcjewel.com/ab; https://ajcjewel.com/about,Extract from restated financials in DRHP (pattern not matched).,no_structured_differentiation_tag,Could not download DRHP PDF/ZIP for promoter extraction.,No explicit expansion/hiring/certification keywords in sampled pages — check MD&A / risk factors in full DRHP.,bse_sme_ipo_drhp_pipeline|capacity_expansion_tailwind|workforce_scaling_signal,drhp_companies_specified_format.csv+final_merged_dsir_promoters.csv,,See DRHP ‘Industry / Business overview’ section.,no_structured_differentiation_tag|bse_sme_ipo_drhp_pipeline|capacity_expansion_tailwind|workforce_scaling_signal|no_explicit_expansion|hiring|certification_keywords_in_sampled_pages_—_check_md&a|risk_factors_in_full_drhp,0,not_classified_manufacturer,0,weak_location_signal,0,no_differentiation_evidence,0,no_promoter_extract,1,sector_or_macro_tailwind_tags,1,growth_or_ipo_signal_in_text,2,33,35.0,3
Ameenji Rubber Limited,"shareholders at the Extra Ordinary General Meeting held on May 09, 2024 our company was converted into a Public Limited Compa ny and consequently the name of our Company was changed from “Ameenji Rubber Private Limited” to “Ameenji Rubber Limited” vide a fresh Certificate of Inco...",unspecified_see_drhp,www.ameenji.com; www.bigshareonline.com; www.hemsecurities.com,Extract from restated financials in DRHP (pattern not matched).,no_structured_differentiation_tag,Promoter names not machine-extracted from sampled DRHP pages; verify in IPO prospectus or LinkedIn.,capex / capital expenditure; subsidiary / group structure; facility expansion,bse_sme_ipo_drhp_pipeline|capacity_expansion_tailwind,drhp_companies_specified_format.csv+final_merged_dsir_promoters.csv,,See DRHP ‘Industry / Business overview’ section.,no_structured_differentiation_tag|bse_sme_ipo_drhp_pipeline|capacity_expansion_tailwind|capex|capital_expenditure|subsidiary|group_structure|facility_expansion,0,not_classified_manufacturer,0,weak_location_signal,0,no_differentiation_evidence,0,no_promoter_extract,1,sector_or_macro_tailwind_tags,1,growth_or_ipo_signal_in_text,2,33,35.0,2
Anand Seamless Limited,"Ronak Jhuthawat & Co., Practi",unspecified_see_drhp,http://www.aftertrade.in; https://www.anandseamless.com/; www.in.mpms.mufg.com,Extract from restated financials in DRHP (pattern not matched).,no_structured_differentiation_tag,DRHP PDF could not be downloaded.,capex / capital expenditure; subsidiary / group structure,bse_sme_ipo_drhp_pipeline|capacity_expansion_tailwind,drhp_companies_specified_format.csv+final_merged_dsir_promoters.csv,,See DRHP ‘Industry / Business overview’ section.,no_structured_differentiation_tag|bse_sme_ipo_drhp_pipeline|capacity_expansion_tailwind|capex|capital_expenditure|subsidiary|group_structure,0,not_classified_manufacturer,0,weak_location_signal,0,no_differentiation_evidence,0,no_promoter_extract,1,sector_or_macro_tailwind_tags,1,growth_or_ipo_signal_in_text,2,33,35.0,2
ANUBHAV PLAST LIMITED,"01, 1987, vide certificate of incorporation bearing",unspecified_see_drhp,www.anubhavpole.com; www.bigshareonline.com; www.capitalsquare.in,Extract from restated financials in DRHP (pattern not matched).,no_structured_differentiation_tag,Could not download DRHP PDF/ZIP for promoter extraction.,No explicit expansion/hiring/certification keywords in sampled pages — check MD&A / risk factors in full DRHP.,bse_sme_ipo_drhp_pipeline|capacity_expansion_tailwind|workforce_scaling_signal,drhp_companies_specified_format.csv+final_merged_dsir_promoters.csv,,See DRHP ‘Industry / Business overview’ section.,no_structured_differentiation_tag|bse_sme_ipo_drhp_pipeline|capacity_expansion_tailwind|workforce_scaling_signal|no_explicit_expansion|hiring|certification_keywords_in_sampled_pages_—_check_md&a|risk_factors_in_full_drhp,0,not_classified_manufacturer,0,weak_location_signal,0,no_differentiation_evidence,0,no_promoter_extract,1,sector_or_macro_tailwind_tags,1,growth_or_ipo_signal_in_text,2,33,35.0,2
APTUS PHARMA LIMITED,Company was changed to “Aptus Pharma Limited.” The Corporate Identification Number of our Company is U24230GJ2010PLC061957.,unspecified_see_drhp,www.aptus-pharma.com,Extract from restated financials in DRHP (pattern not matched).,no_structured_differentiation_tag,Promoter names not machine-extracted from sampled DRHP pages; verify in IPO prospectus or LinkedIn.,No explicit expansion/hiring/certification keywords in sampled pages — check MD&A / risk factors in full DRHP.,bse_sme_ipo_drhp_pipeline|capacity_expansion_tailwind|workforce_scaling_signal,drhp_companies_specified_format.csv+final_merged_dsir_promoters.csv,U24230GJ2010PLC061957,See DRHP ‘Industry / Business overview’ section.,no_structured_differentiation_tag|bse_sme_ipo_drhp_pipeline|capacity_expansion_tailwind|workforce_scaling_signal|no_explicit_expansion|hiring|certification_keywords_in_sampled_pages_—_check_md&a|risk_factors_in_full_drhp,0,not_classified_manufacturer,0,weak_location_signal,0,no_differentiation_evidence,0,no_promoter_extract,1,sector_or_macro_tailwind_tags,1,growth_or_ipo_signal_in_text,2,33,35.0,2
ARC DISTRIBUTORS (I) LIMITED,chapter titled “History and Corporate Structure” beginning on page 162 of this Draft Red Herring Prospectus.,unspecified_see_drhp,www.arc-distributors.com,Extract from restated financials in DRHP (pattern not matched).,no_structured_differentiation_tag,Promoter names not machine-extracted from sampled DRHP pages; verify in IPO prospectus or LinkedIn.,No explicit expansion/hiring/certification keywords in sampled pages — check MD&A / risk factors in full DRHP.,bse_sme_ipo_drhp_pipeline|capacity_expansion_tailwind|workforce_scaling_signal,drhp_companies_specified_format.csv+final_merged_dsir_promoters.csv,,See DRHP ‘Industry / Business overview’ section.,no_structured_differentiation_tag|bse_sme_ipo_drhp_pipeline|capacity_expansion_tailwind|workforce_scaling_signal|no_explicit_expansion|hiring|certification_keywords_in_sampled_pages_—_check_md&a|risk_factors_in_full_drhp,0,not_classified_manufacturer,0,weak_location_signal,0,no_differentiation_evidence,0,no_promoter_extract,1,sector_or_macro_tailwind_tags,1,growth_or_ipo_signal_in_text,2,33,35.0,2
ASSOCIATED COATERS LIMITED,See DRHP ‘General Information’ — address not matched by pattern., The Following Changes or Updation has been incorporated under the chapter “,Search DRHP / issuer for corporate website.,Extract from restated financials in DRHP (pattern not matched).,no_structured_differentiation_tag,Could not download DRHP PDF/ZIP for promoter extraction.,No explicit expansion/hiring/certification keywords in sampled pages — check MD&A / risk factors in full DRHP.,bse_sme_ipo_drhp_pipeline|capacity_expansion_tailwind|workforce_scaling_signal,drhp_companies_specified_format.csv+final_merged_dsir_promoters.csv,, The Following Changes or Updation has been incorporated under the chapter “,no_structured_differentiation_tag|bse_sme_ipo_drhp_pipeline|capacity_expansion_tailwind|workforce_scaling_signal|no_explicit_expansion|hiring|certification_keywords_in_sampled_pages_—_check_md&a|risk_factors_in_full_drhp,0,not_classified_manufacturer,0,weak_location_signal,0,no_differentiation_evidence,0,no_promoter_extract,1,sector_or_macro_tailwind_tags,1,growth_or_ipo_signal_in_text,2,33,35.0,2
ATHARVA POLY-PLAST LIMITED,Corporate Identification Number U25209PN2014PLC150099,unspecified_see_drhp,https://atharvapolyplast.in/,Extract from restated financials in DRHP (pattern not matched).,no_structured_differentiation_tag,Could not download DRHP PDF/ZIP for promoter extraction.,No explicit expansion/hiring/certification keywords in sampled pages — check MD&A / risk factors in full DRHP.,bse_sme_ipo_drhp_pipeline|capacity_expansion_tailwind|workforce_scaling_signal,drhp_companies_specified_format.csv+final_merged_dsir_promoters.csv,U25209PN2014PLC150099,See DRHP ‘Industry / Business overview’ section.,no_structured_differentiation_tag|bse_sme_ipo_drhp_pipeline|capacity_expansion_tailwind|workforce_scaling_signal|no_explicit_expansion|hiring|certification_keywords_in_sampled_pages_—_check_md&a|risk_factors_in_full_drhp,0,not_classified_manufacturer,0,weak_location_signal,0,no_differentiation_evidence,0,no_promoter_extract,1,sector_or_macro_tailwind_tags,1,growth_or_ipo_signal_in_text,2,33,35.0,2
Aureate Tradde Limited,"delayed compliance /lapses may attract certain penalties The Company has generally complied with certain statutory provisions and there are the following discrepancies observed under provisions of Companies Act, 2013.",unspecified_see_drhp,www.aureatetradde.in; www.corporatemakers.in,₹5–25 Cr (approx from lakhs),no_structured_differentiation_tag,Could not download DRHP PDF/ZIP for promoter extraction.,No explicit expansion/hiring/certification keywords in sampled pages — check MD&A / risk factors in full DRHP.,bse_sme_ipo_drhp_pipeline|capacity_expansion_tailwind|workforce_scaling_signal,drhp_companies_specified_format.csv+final_merged_dsir_promoters.csv,,See DRHP ‘Industry / Business overview’ section.,no_structured_differentiation_tag|bse_sme_ipo_drhp_pipeline|capacity_expansion_tailwind|workforce_scaling_signal|no_explicit_expansion|hiring|certification_keywords_in_sampled_pages_—_check_md&a|risk_factors_in_full_drhp,0,not_classified_manufacturer,0,weak_location_signal,0,no_differentiation_evidence,0,no_promoter_extract,1,sector_or_macro_tailwind_tags,1,growth_or_ipo_signal_in_text,2,33,35.0,2
Austere Systems Limited,"TELEPHONE WEBSITE Office 301-303, A Square, Plot No",Financial Services,www.austeresystems.com; www.gyrcapitaladvisors.com; www.kfintech.com,Extract from restated financials in DRHP (pattern not matched).,no_structured_differentiation_tag,Could not download DRHP PDF/ZIP for promoter extraction.,No explicit expansion/hiring/certification keywords in sampled pages — check MD&A / risk factors in full DRHP.,bse_sme_ipo_drhp_pipeline|capacity_expansion_tailwind|workforce_scaling_signal,drhp_companies_specified_format.csv+final_merged_dsir_promoters.csv,,Summary of Financial Information: A summary of the financial information of,no_structured_differentiation_tag|bse_sme_ipo_drhp_pipeline|capacity_expansion_tailwind|workforce_scaling_signal|no_explicit_expansion|hiring|certification_keywords_in_sampled_pages_—_check_md&a|risk_factors_in_full_drhp,0,not_classified_manufacturer,0,weak_location_signal,0,no_differentiation_evidence,0,no_promoter_extract,1,sector_or_macro_tailwind_tags,1,growth_or_ipo_signal_in_text,2,33,35.0,2
Century Business Media Limited,"minutes, share certificates, and the statutory register maintained by the Company",unspecified_see_drhp,www.centurymedia.in; www.hemsecurities.com; www.kfintech.com,Extract from restated financials in DRHP (pattern not matched).,no_structured_differentiation_tag,Promoter names not machine-extracted from sampled DRHP pages; verify in IPO prospectus or LinkedIn.,No explicit expansion/hiring/certification keywords in sampled pages — check MD&A / risk factors in full DRHP.,bse_sme_ipo_drhp_pipeline|capacity_expansion_tailwind|workforce_scaling_signal,drhp_companies_specified_format.csv+final_merged_dsir_promoters.csv,,See DRHP ‘Industry / Business overview’ section.,no_structured_differentiation_tag|bse_sme_ipo_drhp_pipeline|capacity_expansion_tailwind|workforce_scaling_signal|no_explicit_expansion|hiring|certification_keywords_in_sampled_pages_—_check_md&a|risk_factors_in_full_drhp,0,not_classified_manufacturer,0,weak_location_signal,0,no_differentiation_evidence,0,no_promoter_extract,1,sector_or_macro_tailwind_tags,1,growth_or_ipo_signal_in_text,2,33,35.0,2
CFF Fluid Control Ltd,Identification Number of our Company is U28990MH2012PLC227023,unspecified_see_drhp,www.afsl.co.in; www.cameoindia.com; www.cffdefensys.com,Extract from restated financials in DRHP (pattern not matched).,no_structured_differentiation_tag,DRHP: Sunil Menon; Gautam Makker,No explicit expansion/hiring/certification keywords in sampled pages — check MD&A / risk factors in full DRHP.,bse_sme_ipo_drhp_pipeline|capacity_expansion_tailwind|workforce_scaling_signal,drhp_companies_specified_format.csv,U28990MH2012PLC227023,See DRHP ‘Industry / Business overview’ section.,no_structured_differentiation_tag|bse_sme_ipo_drhp_pipeline|capacity_expansion_tailwind|workforce_scaling_signal|no_explicit_expansion|hiring|certification_keywords_in_sampled_pages_—_check_md&a|risk_factors_in_full_drhp,0,not_classified_manufacturer,0,weak_location_signal,0,no_differentiation_evidence,0,weak_promoter_signal,1,sector_or_macro_tailwind_tags,1,growth_or_ipo_signal_in_text,2,33,35.0,1
Chamelidevi Flour Mills Limited,"Any interest, penalty, or late fees, if levied, shall not be met from the IPO proceeds, including General Corporate Purposes, and",unspecified_see_drhp,https://in.mpms.mufg.com; https://www.cdfm.in; www.beelinemb.com,Extract from restated financials in DRHP (pattern not matched).,no_structured_differentiation_tag,Could not download DRHP PDF/ZIP for promoter extraction.,hiring / recruitment,bse_sme_ipo_drhp_pipeline|workforce_scaling_signal,drhp_companies_specified_format.csv+final_merged_dsir_promoters.csv,,See DRHP ‘Industry / Business overview’ section.,no_structured_differentiation_tag|bse_sme_ipo_drhp_pipeline|workforce_scaling_signal|hiring|recruitment,0,not_classified_manufacturer,0,weak_location_signal,0,no_differentiation_evidence,0,no_promoter_extract,1,sector_or_macro_tailwind_tags,1,growth_or_ipo_signal_in_text,2,33,35.0,2
Dachepalli Publishers Limited,"public limited company, the name of our Company was changed to “Dachepalli Publishers Limited” vide fresh certificate of incorporation dated 29th July, 2024 issued by the Registrar of Companies, Central Processing Centre. For further details please refer to chapter titled “Histor...",unspecified_see_drhp,https://www.dachepalli.com/; www.bigshareonline.com; www.synfinx.com,Extract from restated financials in DRHP (pattern not matched).,no_structured_differentiation_tag,Could not download DRHP PDF/ZIP for promoter extraction.,No explicit expansion/hiring/certification keywords in sampled pages — check MD&A / risk factors in full DRHP.,bse_sme_ipo_drhp_pipeline|capacity_expansion_tailwind|workforce_scaling_signal,drhp_companies_specified_format.csv+final_merged_dsir_promoters.csv,,See DRHP ‘Industry / Business overview’ section.,no_structured_differentiation_tag|bse_sme_ipo_drhp_pipeline|capacity_expansion_tailwind|workforce_scaling_signal|no_explicit_expansion|hiring|certification_keywords_in_sampled_pages_—_check_md&a|risk_factors_in_full_drhp,0,not_classified_manufacturer,0,weak_location_signal,0,no_differentiation_evidence,0,no_promoter_extract,1,sector_or_macro_tailwind_tags,1,growth_or_ipo_signal_in_text,2,33,35.0,2
Devson Catalyst Limited,"2025. Consequently, the name of Company changed from “Devson Catalyst Private Limited” to “Devson Catalyst Limited”. The Corporate Identification Number of the Company is U31300GJ2004PLC044722.",unspecified_see_drhp,www.devsongroup.com; www.in.mpms.mufg.com; www.jjipoadvisors.com,₹25–100 Cr (approx from lakhs),no_structured_differentiation_tag,DRHP PDF could not be downloaded.,No explicit expansion/hiring/certification keywords in sampled pages — check MD&A / risk factors in full DRHP.,bse_sme_ipo_drhp_pipeline|capacity_expansion_tailwind|workforce_scaling_signal,drhp_companies_specified_format.csv+final_merged_dsir_promoters.csv,U31300GJ2004PLC044722,See DRHP ‘Industry / Business overview’ section.,no_structured_differentiation_tag|bse_sme_ipo_drhp_pipeline|capacity_expansion_tailwind|workforce_scaling_signal|no_explicit_expansion|hiring|certification_keywords_in_sampled_pages_—_check_md&a|risk_factors_in_full_drhp,0,not_classified_manufacturer,0,weak_location_signal,0,no_differentiation_evidence,0,no_promoter_extract,1,sector_or_macro_tailwind_tags,1,growth_or_ipo_signal_in_text,2,33,35.0,2
Dove Soft Limited,"³ZH´³XV´DQG³RXU´ Unless the context otherwise indicates or implies, refers to our Company.","9. We are involved in certain legal proceedings, which, if determined adversely, may affect",www.dovesoft.io; www.growhousewealth.com; www.purvashare.com; www.unistonecapital.com,Extract from restated financials in DRHP (pattern not matched).,no_structured_differentiation_tag,Promoter names not machine-extracted — verify in IPO prospectus or LinkedIn.,No explicit expansion/hiring/certification keywords in sampled pages — check MD&A / risk factors in full DRHP.,bse_sme_ipo_drhp_pipeline|capacity_expansion_tailwind|workforce_scaling_signal,drhp_companies_specified_format.csv+final_merged_dsir_promoters.csv,,"9. We are involved in certain legal proceedings, which, if determined adversely, may affect",no_structured_differentiation_tag|bse_sme_ipo_drhp_pipeline|capacity_expansion_tailwind|workforce_scaling_signal|no_explicit_expansion|hiring|certification_keywords_in_sampled_pages_—_check_md&a|risk_factors_in_full_drhp,0,not_classified_manufacturer,0,weak_location_signal,0,no_differentiation_evidence,0,weak_promoter_signal,1,sector_or_macro_tailwind_tags,1,growth_or_ipo_signal_in_text,2,33,35.0,4
Essex Marine Limited,TELEPHONE CORPORATE OFFICE TELEPHONE CONTACT PERSON,unspecified_see_drhp,www.essexmpl.com; www.kslindia.com; www.skylinerta.com,Extract from restated financials in DRHP (pattern not matched).,no_structured_differentiation_tag,Promoter names not machine-extracted from sampled DRHP pages; verify in IPO prospectus or LinkedIn.,No explicit expansion/hiring/certification keywords in sampled pages — check MD&A / risk factors in full DRHP.,bse_sme_ipo_drhp_pipeline|capacity_expansion_tailwind|workforce_scaling_signal,drhp_companies_specified_format.csv+final_merged_dsir_promoters.csv,,See DRHP ‘Industry / Business overview’ section.,no_structured_differentiation_tag|bse_sme_ipo_drhp_pipeline|capacity_expansion_tailwind|workforce_scaling_signal|no_explicit_expansion|hiring|certification_keywords_in_sampled_pages_—_check_md&a|risk_factors_in_full_drhp,0,not_classified_manufacturer,0,weak_location_signal,0,no_differentiation_evidence,0,no_promoter_extract,1,sector_or_macro_tailwind_tags,1,growth_or_ipo_signal_in_text,2,33,35.0,2
Fabtech Technologies Cleanrooms Limited,of our company is U74999MH2015PLC265137,unspecified_see_drhp,www.fabtechcleanroom.com; www.maashitla.com; www.vivro.net,₹100+ Cr (approx from lakhs),no_structured_differentiation_tag,Promoter names not machine-extracted from sampled DRHP pages; verify in IPO prospectus or LinkedIn.,No explicit expansion/hiring/certification keywords in sampled pages — check MD&A / risk factors in full DRHP.,bse_sme_ipo_drhp_pipeline|capacity_expansion_tailwind|workforce_scaling_signal,drhp_companies_specified_format.csv+final_merged_dsir_promoters.csv,U74999MH2015PLC265137,See DRHP ‘Industry / Business overview’ section.,no_structured_differentiation_tag|bse_sme_ipo_drhp_pipeline|capacity_expansion_tailwind|workforce_scaling_signal|no_explicit_expansion|hiring|certification_keywords_in_sampled_pages_—_check_md&a|risk_factors_in_full_drhp,0,not_classified_manufacturer,0,weak_location_signal,0,no_differentiation_evidence,0,no_promoter_extract,1,sector_or_macro_tailwind_tags,1,growth_or_ipo_signal_in_text,2,33,35.0,2
Fine Refiners Limited,LOCATED),unspecified_see_drhp,https://in.mpms.mufg.com/; www.finerefiners.com; www.fintellectualadvisors.com,₹25–100 Cr (approx from lakhs),no_structured_differentiation_tag,DRHP PDF could not be downloaded.,No explicit expansion/hiring/certification keywords in sampled pages — check MD&A / risk factors in full DRHP.,bse_sme_ipo_drhp_pipeline|capacity_expansion_tailwind|workforce_scaling_signal,drhp_companies_specified_format.csv+final_merged_dsir_promoters.csv,,See DRHP ‘Industry / Business overview’ section.,no_structured_differentiation_tag|bse_sme_ipo_drhp_pipeline|capacity_expansion_tailwind|workforce_scaling_signal|no_explicit_expansion|hiring|certification_keywords_in_sampled_pages_—_check_md&a|risk_factors_in_full_drhp,0,not_classified_manufacturer,0,weak_location_signal,0,no_differentiation_evidence,0,no_promoter_extract,1,sector_or_macro_tailwind_tags,1,growth_or_ipo_signal_in_text,2,33,35.0,2
Hamps Bio Limited,"of our Company, see “History and Certain Corporate Matters” beginning on page 131 of this Draft Prospectus",unspecified_see_drhp,www.bigshareonline.com; www.hampsbio.com; www.ib.marwadichandaranagroup.com,Extract from restated financials in DRHP (pattern not matched).,no_structured_differentiation_tag,Not extracted from PDF text; verify in IPO prospectus or LinkedIn.,No explicit expansion/hiring/certification keywords in sampled pages — check MD&A / risk factors in full DRHP.,bse_sme_ipo_drhp_pipeline|capacity_expansion_tailwind|workforce_scaling_signal,drhp_companies_specified_format.csv+final_merged_dsir_promoters.csv,,See DRHP ‘Industry / Business overview’ section.,no_structured_differentiation_tag|bse_sme_ipo_drhp_pipeline|capacity_expansion_tailwind|workforce_scaling_signal|no_explicit_expansion|hiring|certification_keywords_in_sampled_pages_—_check_md&a|risk_factors_in_full_drhp,0,not_classified_manufacturer,0,weak_location_signal,0,no_differentiation_evidence,0,weak_promoter_signal,1,sector_or_macro_tailwind_tags,1,growth_or_ipo_signal_in_text,2,33,35.0,2
Injecto Polymers Limited,"taken on lease from a Promoter, Group Companies and a third party respectively.",unspecified_see_drhp,www.injectopolymers.in,₹100+ Cr (approx from lakhs),no_structured_differentiation_tag,Promoter names not machine-extracted from sampled DRHP pages; verify in IPO prospectus or LinkedIn.,No explicit expansion/hiring/certification keywords in sampled pages — check MD&A / risk factors in full DRHP.,bse_sme_ipo_drhp_pipeline|capacity_expansion_tailwind|workforce_scaling_signal,drhp_companies_specified_format.csv+final_merged_dsir_promoters.csv,,See DRHP ‘Industry / Business overview’ section.,no_structured_differentiation_tag|bse_sme_ipo_drhp_pipeline|capacity_expansion_tailwind|workforce_scaling_signal|no_explicit_expansion|hiring|certification_keywords_in_sampled_pages_—_check_md&a|risk_factors_in_full_drhp,0,not_classified_manufacturer,0,weak_location_signal,0,no_differentiation_evidence,0,no_promoter_extract,1,sector_or_macro_tailwind_tags,1,growth_or_ipo_signal_in_text,2,33,35.0,2
JAY AMBE SUPERMARKETS LIMITED,IS LOCATED) AT LEAST TWO WORKING DAYS PRIOR TO THE ISSUE OPENING DATE AND SHALL BE MADE AVAILABLE TO THE BSE LIMITED “BSE” FOR THE PURPOSE OF UPLOADING ON THEIR WEBSITE. FOR FURTHER DETAILS KINDLY REFER TO CHAPTER TITLED “TERMS OF THE ISSUE” BEGINNING ON PAGE 319 OF THIS DRAFT RE...,lease agreements may have certain irregularities because of which we may be unable to effectively enforce,https://in.mpms.mufg.com/; www.beelinemb.com; www.citysquaremart.com,Extract from restated financials in DRHP (pattern not matched).,no_structured_differentiation_tag,DRHP: Mr Hitendra Patel,No explicit expansion/hiring/certification keywords in sampled pages — check MD&A / risk factors in full DRHP.,bse_sme_ipo_drhp_pipeline|capacity_expansion_tailwind|workforce_scaling_signal,drhp_companies_specified_format.csv+final_merged_dsir_promoters.csv,,lease agreements may have certain irregularities because of which we may be unable to effectively enforce,no_structured_differentiation_tag|bse_sme_ipo_drhp_pipeline|capacity_expansion_tailwind|workforce_scaling_signal|no_explicit_expansion|hiring|certification_keywords_in_sampled_pages_—_check_md&a|risk_factors_in_full_drhp,0,not_classified_manufacturer,0,weak_location_signal,0,no_differentiation_evidence,0,weak_promoter_signal,1,sector_or_macro_tailwind_tags,1,growth_or_ipo_signal_in_text,2,33,35.0,2
Kahali Craftistics Limited,"Registration Centre pursuant to a certificate of incorporation dated January 19, 2023 bearing Corporate Identification Number (",unspecified_see_drhp,www.bigshareonline.com; www.fedsec.in; www.kahalicraftistics.com,Extract from restated financials in DRHP (pattern not matched).,no_structured_differentiation_tag,Promoter names not machine-extracted from sampled DRHP pages; verify in IPO prospectus or LinkedIn.,No explicit expansion/hiring/certification keywords in sampled pages — check MD&A / risk factors in full DRHP.,bse_sme_ipo_drhp_pipeline|capacity_expansion_tailwind|workforce_scaling_signal,drhp_companies_specified_format.csv+final_merged_dsir_promoters.csv,,See DRHP ‘Industry / Business overview’ section.,no_structured_differentiation_tag|bse_sme_ipo_drhp_pipeline|capacity_expansion_tailwind|workforce_scaling_signal|no_explicit_expansion|hiring|certification_keywords_in_sampled_pages_—_check_md&a|risk_factors_in_full_drhp,0,not_classified_manufacturer,0,weak_location_signal,0,no_differentiation_evidence,0,no_promoter_extract,1,sector_or_macro_tailwind_tags,1,growth_or_ipo_signal_in_text,2,33,35.0,2
Karbonsteel Engineering Limited,"TELEPHONE WEBSITE B-8; Ratnadeep Cosmopolitan Chs Ltd, 140-141 S",unspecified_see_drhp,https://serencapital.in/; https://www.karbonsteel.com/; www.maashitla.com,Extract from restated financials in DRHP (pattern not matched).,no_structured_differentiation_tag,Promoter names not machine-extracted from sampled DRHP pages; verify in IPO prospectus or LinkedIn.,facility expansion,bse_sme_ipo_drhp_pipeline|capacity_expansion_tailwind,drhp_companies_specified_format.csv+final_merged_dsir_promoters.csv,,See DRHP ‘Industry / Business overview’ section.,no_structured_differentiation_tag|bse_sme_ipo_drhp_pipeline|capacity_expansion_tailwind|facility_expansion,0,not_classified_manufacturer,0,weak_location_signal,0,no_differentiation_evidence,0,no_promoter_extract,1,sector_or_macro_tailwind_tags,1,growth_or_ipo_signal_in_text,2,33,35.0,2
Khyati Global Ventures Limited,117 of this Draft Prospectus.,unspecified_see_drhp,www.afsl.co.in; www.bigshareonline.com; www.kgv.co.in,Extract from restated financials in DRHP (pattern not matched).,no_structured_differentiation_tag,Promoter names not machine-extracted from sampled DRHP pages; verify in IPO prospectus or LinkedIn.,No explicit expansion/hiring/certification keywords in sampled pages — check MD&A / risk factors in full DRHP.,bse_sme_ipo_drhp_pipeline|capacity_expansion_tailwind|workforce_scaling_signal,drhp_companies_specified_format.csv+final_merged_dsir_promoters.csv,,See DRHP ‘Industry / Business overview’ section.,no_structured_differentiation_tag|bse_sme_ipo_drhp_pipeline|capacity_expansion_tailwind|workforce_scaling_signal|no_explicit_expansion|hiring|certification_keywords_in_sampled_pages_—_check_md&a|risk_factors_in_full_drhp,0,not_classified_manufacturer,0,weak_location_signal,0,no_differentiation_evidence,0,no_promoter_extract,1,sector_or_macro_tailwind_tags,1,growth_or_ipo_signal_in_text,2,33,35.0,2
LIOTECH INDUSTRIES LIMITED,Registration Centre bearing,unspecified_see_drhp,www.kfintech.com; www.liotechindustries.in; www.wealthminenetworks.com,Extract from restated financials in DRHP (pattern not matched).,no_structured_differentiation_tag,Could not download DRHP PDF/ZIP for promoter extraction.,capex / capital expenditure; subsidiary / group structure,bse_sme_ipo_drhp_pipeline|capacity_expansion_tailwind,drhp_companies_specified_format.csv+final_merged_dsir_promoters.csv,,See DRHP ‘Industry / Business overview’ section.,no_structured_differentiation_tag|bse_sme_ipo_drhp_pipeline|capacity_expansion_tailwind|capex|capital_expenditure|subsidiary|group_structure,0,not_classified_manufacturer,0,weak_location_signal,0,no_differentiation_evidence,0,no_promoter_extract,1,sector_or_macro_tailwind_tags,1,growth_or_ipo_signal_in_text,2,33,35.0,3
Luxury Time Limited,Identification Number of our Company is U74900DL2008PLC182377,unspecified_see_drhp,www.gyrcapitaladvisors.com; www.luxurytimeindia.com; www.masserv.com,Extract from restated financials in DRHP (pattern not matched).,no_structured_differentiation_tag,Could not download DRHP PDF/ZIP for promoter extraction.,No explicit expansion/hiring/certification keywords in sampled pages — check MD&A / risk factors in full DRHP.,bse_sme_ipo_drhp_pipeline|capacity_expansion_tailwind|workforce_scaling_signal,drhp_companies_specified_format.csv+final_merged_dsir_promoters.csv,U74900DL2008PLC182377,See DRHP ‘Industry / Business overview’ section.,no_structured_differentiation_tag|bse_sme_ipo_drhp_pipeline|capacity_expansion_tailwind|workforce_scaling_signal|no_explicit_expansion|hiring|certification_keywords_in_sampled_pages_—_check_md&a|risk_factors_in_full_drhp,0,not_classified_manufacturer,0,weak_location_signal,0,no_differentiation_evidence,0,no_promoter_extract,1,sector_or_macro_tailwind_tags,1,growth_or_ipo_signal_in_text,2,33,35.0,2
Max Supreme Textiles Ltd,"of our company, please see “History and Certain Corporate Matters” beginning on page139",unspecified_see_drhp,www.fedsec.in; www.kfintech.com; www.maxsupremetextiles.com,Extract from restated financials in DRHP (pattern not matched).,no_structured_differentiation_tag,Promoter names not machine-extracted from sampled DRHP pages; verify in IPO prospectus or LinkedIn.,No explicit expansion/hiring/certification keywords in sampled pages — check MD&A / risk factors in full DRHP.,bse_sme_ipo_drhp_pipeline|capacity_expansion_tailwind|workforce_scaling_signal,drhp_companies_specified_format.csv+final_merged_dsir_promoters.csv,,See DRHP ‘Industry / Business overview’ section.,no_structured_differentiation_tag|bse_sme_ipo_drhp_pipeline|capacity_expansion_tailwind|workforce_scaling_signal|no_explicit_expansion|hiring|certification_keywords_in_sampled_pages_—_check_md&a|risk_factors_in_full_drhp,0,not_classified_manufacturer,0,weak_location_signal,0,no_differentiation_evidence,0,no_promoter_extract,1,sector_or_macro_tailwind_tags,1,growth_or_ipo_signal_in_text,2,33,35.0,2
Meta Infotech Limited,"instance, there has been a clerical error in Issue Price mentioned in form 2 filed for allotment of 1,25,000 equity shares by way of right issue in FY 2008. Further secretarial records for following past allotments of Equity Shares made by our Company could not be traced, as unde...",unspecified_see_drhp,www.hemsecurities.com; www.kfintech.com; www.metainfotech.com/,Extract from restated financials in DRHP (pattern not matched).,no_structured_differentiation_tag,Promoter names not machine-extracted from sampled DRHP pages; verify in IPO prospectus or LinkedIn.,No explicit expansion/hiring/certification keywords in sampled pages — check MD&A / risk factors in full DRHP.,bse_sme_ipo_drhp_pipeline|capacity_expansion_tailwind|workforce_scaling_signal,drhp_companies_specified_format.csv+final_merged_dsir_promoters.csv,,See DRHP ‘Industry / Business overview’ section.,no_structured_differentiation_tag|bse_sme_ipo_drhp_pipeline|capacity_expansion_tailwind|workforce_scaling_signal|no_explicit_expansion|hiring|certification_keywords_in_sampled_pages_—_check_md&a|risk_factors_in_full_drhp,0,not_classified_manufacturer,0,weak_location_signal,0,no_differentiation_evidence,0,no_promoter_extract,1,sector_or_macro_tailwind_tags,1,growth_or_ipo_signal_in_text,2,33,35.0,2
Monika Alcobev Limited,Registration Centre,unspecified_see_drhp,www.in.mpms.mufg.com; www.monikaalcobev.com,Extract from restated financials in DRHP (pattern not matched).,no_structured_differentiation_tag,Promoter names not machine-extracted from sampled DRHP pages; verify in IPO prospectus or LinkedIn.,No explicit expansion/hiring/certification keywords in sampled pages — check MD&A / risk factors in full DRHP.,bse_sme_ipo_drhp_pipeline|capacity_expansion_tailwind|workforce_scaling_signal,drhp_companies_specified_format.csv+final_merged_dsir_promoters.csv,,See DRHP ‘Industry / Business overview’ section.,no_structured_differentiation_tag|bse_sme_ipo_drhp_pipeline|capacity_expansion_tailwind|workforce_scaling_signal|no_explicit_expansion|hiring|certification_keywords_in_sampled_pages_—_check_md&a|risk_factors_in_full_drhp,0,not_classified_manufacturer,0,weak_location_signal,0,no_differentiation_evidence,0,no_promoter_extract,1,sector_or_macro_tailwind_tags,1,growth_or_ipo_signal_in_text,2,33,35.0,2
Mother Nutri Foods Limited,"Survey No 276/1, Opp",unspecified_see_drhp,www.mothernutrifoods.com,Extract from restated financials in DRHP (pattern not matched).,no_structured_differentiation_tag,Promoter names not machine-extracted from sampled DRHP pages; verify in IPO prospectus or LinkedIn.,No explicit expansion/hiring/certification keywords in sampled pages — check MD&A / risk factors in full DRHP.,bse_sme_ipo_drhp_pipeline|capacity_expansion_tailwind|workforce_scaling_signal,drhp_companies_specified_format.csv+final_merged_dsir_promoters.csv,,See DRHP ‘Industry / Business overview’ section.,no_structured_differentiation_tag|bse_sme_ipo_drhp_pipeline|capacity_expansion_tailwind|workforce_scaling_signal|no_explicit_expansion|hiring|certification_keywords_in_sampled_pages_—_check_md&a|risk_factors_in_full_drhp,0,not_classified_manufacturer,0,weak_location_signal,0,no_differentiation_evidence,0,no_promoter_extract,1,sector_or_macro_tailwind_tags,1,growth_or_ipo_signal_in_text,2,33,35.0,2
Novus Loyalty Limited,"Companies, Central Processing Centre. The corporate identification number of our Company is U72900HR2011PLC127344.",unspecified_see_drhp,www.kfintech.com; www.novus-loyalty.com; www.shcapl.com,Extract from restated financials in DRHP (pattern not matched).,no_structured_differentiation_tag,Could not download DRHP PDF/ZIP for promoter extraction.,hiring / recruitment,bse_sme_ipo_drhp_pipeline|workforce_scaling_signal,drhp_companies_specified_format.csv+final_merged_dsir_promoters.csv,U72900HR2011PLC127344,See DRHP ‘Industry / Business overview’ section.,no_structured_differentiation_tag|bse_sme_ipo_drhp_pipeline|workforce_scaling_signal|hiring|recruitment,0,not_classified_manufacturer,0,weak_location_signal,0,no_differentiation_evidence,0,no_promoter_extract,1,sector_or_macro_tailwind_tags,1,growth_or_ipo_signal_in_text,2,33,35.0,2
Oval Projects Engineering Limited,to the section titled “History and Certain Corporate Matters” on page 141.,11. In the past our Company has paid late filing fees for non -compliances with certain provisions of the lab,https://www.ovalprojects.com; www.masserv.com; www.smccapitals.com,Extract from restated financials in DRHP (pattern not matched).,no_structured_differentiation_tag,Promoter names not machine-extracted from sampled DRHP pages; verify in IPO prospectus or LinkedIn.,No explicit expansion/hiring/certification keywords in sampled pages — check MD&A / risk factors in full DRHP.,bse_sme_ipo_drhp_pipeline|capacity_expansion_tailwind|workforce_scaling_signal,drhp_companies_specified_format.csv+final_merged_dsir_promoters.csv,,11. In the past our Company has paid late filing fees for non -compliances with certain provisions of the lab,no_structured_differentiation_tag|bse_sme_ipo_drhp_pipeline|capacity_expansion_tailwind|workforce_scaling_signal|no_explicit_expansion|hiring|certification_keywords_in_sampled_pages_—_check_md&a|risk_factors_in_full_drhp,0,not_classified_manufacturer,0,weak_location_signal,0,no_differentiation_evidence,0,no_promoter_extract,1,sector_or_macro_tailwind_tags,1,growth_or_ipo_signal_in_text,2,33,35.0,3
Panchatv Bharat limited,"of the Draft Prospectus, the Corporate Identification Number of our Company is U13999DL2024PLC427903",unspecified_see_drhp,https://www.markcorporateadvisors.com/; https://www.panchatvlimited.com/; www.maashitla.com,Extract from restated financials in DRHP (pattern not matched).,no_structured_differentiation_tag,Could not download DRHP PDF/ZIP for promoter extraction.,No explicit expansion/hiring/certification keywords in sampled pages — check MD&A / risk factors in full DRHP.,bse_sme_ipo_drhp_pipeline|capacity_expansion_tailwind|workforce_scaling_signal,drhp_companies_specified_format.csv+final_merged_dsir_promoters.csv,U13999DL2024PLC427903,See DRHP ‘Industry / Business overview’ section.,no_structured_differentiation_tag|bse_sme_ipo_drhp_pipeline|capacity_expansion_tailwind|workforce_scaling_signal|no_explicit_expansion|hiring|certification_keywords_in_sampled_pages_—_check_md&a|risk_factors_in_full_drhp,0,not_classified_manufacturer,0,weak_location_signal,0,no_differentiation_evidence,0,no_promoter_extract,1,sector_or_macro_tailwind_tags,1,growth_or_ipo_signal_in_text,2,33,35.0,2
PDP Shipping & Projects Limited,Email and Telephone,unspecified_see_drhp,www.kfintech.com; www.pdpprojects.com; www.suncapitalservices.co.in,Extract from restated financials in DRHP (pattern not matched).,no_structured_differentiation_tag,Promoter names not machine-extracted from sampled DRHP pages; verify in IPO prospectus or LinkedIn.,No explicit expansion/hiring/certification keywords in sampled pages — check MD&A / risk factors in full DRHP.,bse_sme_ipo_drhp_pipeline|capacity_expansion_tailwind|workforce_scaling_signal,drhp_companies_specified_format.csv+final_merged_dsir_promoters.csv,,See DRHP ‘Industry / Business overview’ section.,no_structured_differentiation_tag|bse_sme_ipo_drhp_pipeline|capacity_expansion_tailwind|workforce_scaling_signal|no_explicit_expansion|hiring|certification_keywords_in_sampled_pages_—_check_md&a|risk_factors_in_full_drhp,0,not_classified_manufacturer,0,weak_location_signal,0,no_differentiation_evidence,0,no_promoter_extract,1,sector_or_macro_tailwind_tags,1,growth_or_ipo_signal_in_text,2,33,35.0,2
RCRS Innovations Limited,CORPORATE OFFICE CONTACT PERSON TELEPHONE AND EMAIL WEBSITE Building No,unspecified_see_drhp,https://rcrsinnovations.com/,Extract from restated financials in DRHP (pattern not matched).,no_structured_differentiation_tag,Could not download DRHP PDF/ZIP for promoter extraction.,No explicit expansion/hiring/certification keywords in sampled pages — check MD&A / risk factors in full DRHP.,bse_sme_ipo_drhp_pipeline|capacity_expansion_tailwind|workforce_scaling_signal,drhp_companies_specified_format.csv+final_merged_dsir_promoters.csv,,See DRHP ‘Industry / Business overview’ section.,no_structured_differentiation_tag|bse_sme_ipo_drhp_pipeline|capacity_expansion_tailwind|workforce_scaling_signal|no_explicit_expansion|hiring|certification_keywords_in_sampled_pages_—_check_md&a|risk_factors_in_full_drhp,0,not_classified_manufacturer,0,weak_location_signal,0,no_differentiation_evidence,0,no_promoter_extract,1,sector_or_macro_tailwind_tags,1,growth_or_ipo_signal_in_text,2,33,35.0,2
Resourceful Automobile Limited,"K-24, Upper Ground, KH No",unspecified_see_drhp,www.cameoindia.com; www.sawhneyauto.com; www.swastika.co.in,Extract from restated financials in DRHP (pattern not matched).,no_structured_differentiation_tag,Could not download DRHP PDF/ZIP for promoter extraction.,No explicit expansion/hiring/certification keywords in sampled pages — check MD&A / risk factors in full DRHP.,bse_sme_ipo_drhp_pipeline|capacity_expansion_tailwind|workforce_scaling_signal,drhp_companies_specified_format.csv+final_merged_dsir_promoters.csv,,See DRHP ‘Industry / Business overview’ section.,no_structured_differentiation_tag|bse_sme_ipo_drhp_pipeline|capacity_expansion_tailwind|workforce_scaling_signal|no_explicit_expansion|hiring|certification_keywords_in_sampled_pages_—_check_md&a|risk_factors_in_full_drhp,0,not_classified_manufacturer,0,weak_location_signal,0,no_differentiation_evidence,0,no_promoter_extract,1,sector_or_macro_tailwind_tags,1,growth_or_ipo_signal_in_text,2,33,35.0,2
Richesm Healthcare Limited,Office No,unspecified_see_drhp,www.kslindia.com; www.richesm.com; www.skylinerta.com,Extract from restated financials in DRHP (pattern not matched).,no_structured_differentiation_tag,DRHP: Ashish Aggarwal; Dilmeet Kaur,No explicit expansion/hiring/certification keywords in sampled pages — check MD&A / risk factors in full DRHP.,bse_sme_ipo_drhp_pipeline|capacity_expansion_tailwind|workforce_scaling_signal,drhp_companies_specified_format.csv+final_merged_dsir_promoters.csv,,See DRHP ‘Industry / Business overview’ section.,no_structured_differentiation_tag|bse_sme_ipo_drhp_pipeline|capacity_expansion_tailwind|workforce_scaling_signal|no_explicit_expansion|hiring|certification_keywords_in_sampled_pages_—_check_md&a|risk_factors_in_full_drhp,0,not_classified_manufacturer,0,weak_location_signal,0,no_differentiation_evidence,0,weak_promoter_signal,1,sector_or_macro_tailwind_tags,1,growth_or_ipo_signal_in_text,2,33,35.0,2
Roopa Screen Limited,carry out our business activities,unspecified_see_drhp,https://serencapital.in/; www.bigshareonline.com; www.roopaindia.in,Extract from restated financials in DRHP (pattern not matched).,no_structured_differentiation_tag,Could not download DRHP PDF/ZIP for promoter extraction.,facility expansion,bse_sme_ipo_drhp_pipeline|capacity_expansion_tailwind,drhp_companies_specified_format.csv+final_merged_dsir_promoters.csv,,See DRHP ‘Industry / Business overview’ section.,no_structured_differentiation_tag|bse_sme_ipo_drhp_pipeline|capacity_expansion_tailwind|facility_expansion,0,not_classified_manufacturer,0,weak_location_signal,0,no_differentiation_evidence,0,no_promoter_extract,1,sector_or_macro_tailwind_tags,1,growth_or_ipo_signal_in_text,2,33,35.0,2
Shanti Spintex Limited,"Sub Plot 1, Unit 1, Survey No",unspecified_see_drhp,www.shantispintex.com,Extract from restated financials in DRHP (pattern not matched).,no_structured_differentiation_tag,Promoter names not machine-extracted from sampled DRHP pages; verify in IPO prospectus or LinkedIn.,No explicit expansion/hiring/certification keywords in sampled pages — check MD&A / risk factors in full DRHP.,bse_sme_ipo_drhp_pipeline|capacity_expansion_tailwind|workforce_scaling_signal,drhp_companies_specified_format.csv+final_merged_dsir_promoters.csv,,See DRHP ‘Industry / Business overview’ section.,no_structured_differentiation_tag|bse_sme_ipo_drhp_pipeline|capacity_expansion_tailwind|workforce_scaling_signal|no_explicit_expansion|hiring|certification_keywords_in_sampled_pages_—_check_md&a|risk_factors_in_full_drhp,0,not_classified_manufacturer,0,weak_location_signal,0,no_differentiation_evidence,0,no_promoter_extract,1,sector_or_macro_tailwind_tags,1,growth_or_ipo_signal_in_text,2,33,35.0,2
Sharvaya Metals Limited,on the page 163 of the DRHP:,unspecified_see_drhp,www.bigshareonline.com; www.expertglobal.in; www.sharvayametals.com,Extract from restated financials in DRHP (pattern not matched).,rnd_mention,Promoter names not machine-extracted from sampled DRHP pages; verify in IPO prospectus or LinkedIn.,capacity expansion; capex / capital expenditure; facility expansion; backward integration,bse_sme_ipo_drhp_pipeline|capacity_expansion_tailwind,drhp_companies_specified_format.csv+final_merged_dsir_promoters.csv,,See DRHP ‘Industry / Business overview’ section.,rnd_mention|bse_sme_ipo_drhp_pipeline|capacity_expansion_tailwind|capacity_expansion|capex|capital_expenditure|facility_expansion|backward_integration,0,not_classified_manufacturer,0,weak_location_signal,0,no_differentiation_evidence,0,no_promoter_extract,1,sector_or_macro_tailwind_tags,1,growth_or_ipo_signal_in_text,2,33,35.0,2
Shiv Texchem Limited,"and other details please, see “History and Certain Corporate Matters” on page 126 of the Draft Red Herring Prospectus",unspecified_see_drhp,www.linkintime.co.in; www.shivtexchem.com; www.vivro.net,Extract from restated financials in DRHP (pattern not matched).,no_structured_differentiation_tag,DRHP: Vikas Pavankumar; Hemanshu S,No explicit expansion/hiring/certification keywords in sampled pages — check MD&A / risk factors in full DRHP.,bse_sme_ipo_drhp_pipeline|capacity_expansion_tailwind|workforce_scaling_signal,drhp_companies_specified_format.csv+final_merged_dsir_promoters.csv,,See DRHP ‘Industry / Business overview’ section.,no_structured_differentiation_tag|bse_sme_ipo_drhp_pipeline|capacity_expansion_tailwind|workforce_scaling_signal|no_explicit_expansion|hiring|certification_keywords_in_sampled_pages_—_check_md&a|risk_factors_in_full_drhp,0,not_classified_manufacturer,0,weak_location_signal,0,no_differentiation_evidence,0,weak_promoter_signal,1,sector_or_macro_tailwind_tags,1,growth_or_ipo_signal_in_text,2,33,35.0,2
Shivchem Agro limited,See DRHP ‘General Information’ — address not matched by pattern.,unspecified_see_drhp,www.maashitla.com; www.shannon.co.in; www.shivchemagro.com,Extract from restated financials in DRHP (pattern not matched).,no_structured_differentiation_tag,Could not download DRHP PDF/ZIP for promoter extraction.,No explicit expansion/hiring/certification keywords in sampled pages — check MD&A / risk factors in full DRHP.,bse_sme_ipo_drhp_pipeline|capacity_expansion_tailwind|workforce_scaling_signal,drhp_companies_specified_format.csv+final_merged_dsir_promoters.csv,,See DRHP ‘Industry / Business overview’ section.,no_structured_differentiation_tag|bse_sme_ipo_drhp_pipeline|capacity_expansion_tailwind|workforce_scaling_signal|no_explicit_expansion|hiring|certification_keywords_in_sampled_pages_—_check_md&a|risk_factors_in_full_drhp,0,not_classified_manufacturer,0,weak_location_signal,0,no_differentiation_evidence,0,no_promoter_extract,1,sector_or_macro_tailwind_tags,1,growth_or_ipo_signal_in_text,2,33,35.0,2
Shree Balaji (Mala) Textiles Limited,Certain Corporate Matters” on page 153 of this Draft Red Herring Prospectus.,unspecified_see_drhp,www.gyrcapitaladvisors.com; www.kfintech.com; www.malasaree.com,Extract from restated financials in DRHP (pattern not matched).,no_structured_differentiation_tag,Could not download DRHP PDF/ZIP for promoter extraction.,No explicit expansion/hiring/certification keywords in sampled pages — check MD&A / risk factors in full DRHP.,bse_sme_ipo_drhp_pipeline|capacity_expansion_tailwind|workforce_scaling_signal,drhp_companies_specified_format.csv+final_merged_dsir_promoters.csv,,See DRHP ‘Industry / Business overview’ section.,no_structured_differentiation_tag|bse_sme_ipo_drhp_pipeline|capacity_expansion_tailwind|workforce_scaling_signal|no_explicit_expansion|hiring|certification_keywords_in_sampled_pages_—_check_md&a|risk_factors_in_full_drhp,0,not_classified_manufacturer,0,weak_location_signal,0,no_differentiation_evidence,0,no_promoter_extract,1,sector_or_macro_tailwind_tags,1,growth_or_ipo_signal_in_text,2,33,35.0,2
Suich Industries Limited,"], EACH WITH WIDE CIRCULATION, AT LEAST 2 (TWO) WORKING DAYS PRIOR TO THE BID / ISSUE OPENING DATE WITH THE RELEVANT FINANCIAL RATIOS CALCULATED AT THE FLOOR PRICE AND THE CAP PRICE AND SHALL BE MADE AVAILABLE TO THE BSE LIMITED REFERRED TO AS THE “STOCK EXCHANGE” FOR T HE PURPOS...",unspecified_see_drhp,www.linkintime.co.in; www.pantomathgroup.com; www.suichgroup.com,Extract from restated financials in DRHP (pattern not matched).,no_structured_differentiation_tag,Promoter names not machine-extracted from sampled DRHP pages; verify in IPO prospectus or LinkedIn.,No explicit expansion/hiring/certification keywords in sampled pages — check MD&A / risk factors in full DRHP.,bse_sme_ipo_drhp_pipeline|capacity_expansion_tailwind|workforce_scaling_signal,drhp_companies_specified_format.csv+final_merged_dsir_promoters.csv,,See DRHP ‘Industry / Business overview’ section.,no_structured_differentiation_tag|bse_sme_ipo_drhp_pipeline|capacity_expansion_tailwind|workforce_scaling_signal|no_explicit_expansion|hiring|certification_keywords_in_sampled_pages_—_check_md&a|risk_factors_in_full_drhp,0,not_classified_manufacturer,0,weak_location_signal,0,no_differentiation_evidence,0,no_promoter_extract,1,sector_or_macro_tailwind_tags,1,growth_or_ipo_signal_in_text,2,33,35.0,2
Super Iron Foundry Ltd,Factor / Manufacturing facility and Warehouse at factory 161 Our Company does not employ any contract labour in our manufacturing process.,unspecified_see_drhp,www.horizonmanagement.in; www.linkintime.co.in; www.superironfoundry.com,Extract from restated financials in DRHP (pattern not matched).,no_structured_differentiation_tag,Could not download DRHP PDF/ZIP for promoter extraction.,No explicit expansion/hiring/certification keywords in sampled pages — check MD&A / risk factors in full DRHP.,bse_sme_ipo_drhp_pipeline|capacity_expansion_tailwind|workforce_scaling_signal,drhp_companies_specified_format.csv+final_merged_dsir_promoters.csv,,See DRHP ‘Industry / Business overview’ section.,no_structured_differentiation_tag|bse_sme_ipo_drhp_pipeline|capacity_expansion_tailwind|workforce_scaling_signal|no_explicit_expansion|hiring|certification_keywords_in_sampled_pages_—_check_md&a|risk_factors_in_full_drhp,0,not_classified_manufacturer,0,weak_location_signal,0,no_differentiation_evidence,0,no_promoter_extract,1,sector_or_macro_tailwind_tags,1,growth_or_ipo_signal_in_text,2,33,35.0,2
Supertech EV Ltd,"Company, please refer to the section title “History and Corporate Structure” on page no 29 of this Draft Red Herring Prospectus",unspecified_see_drhp,www.corporatemakers.in; www.skylinerta.com; www.supertechev.in,Extract from restated financials in DRHP (pattern not matched).,no_structured_differentiation_tag,Could not download DRHP PDF/ZIP for promoter extraction.,No explicit expansion/hiring/certification keywords in sampled pages — check MD&A / risk factors in full DRHP.,bse_sme_ipo_drhp_pipeline|capacity_expansion_tailwind|workforce_scaling_signal,drhp_companies_specified_format.csv+final_merged_dsir_promoters.csv,,See DRHP ‘Industry / Business overview’ section.,no_structured_differentiation_tag|bse_sme_ipo_drhp_pipeline|capacity_expansion_tailwind|workforce_scaling_signal|no_explicit_expansion|hiring|certification_keywords_in_sampled_pages_—_check_md&a|risk_factors_in_full_drhp,0,not_classified_manufacturer,0,weak_location_signal,0,no_differentiation_evidence,0,no_promoter_extract,1,sector_or_macro_tailwind_tags,1,growth_or_ipo_signal_in_text,2,33,35.0,2
Systematic Industries Limited,Download failed (timeout or HTTP error).,unspecified_see_drhp,https://systematicindustries.com/; www.cameoindia.com; www.hemsecurities.com,Extract from restated financials in DRHP (pattern not matched).,no_structured_differentiation_tag,Promoter names not machine-extracted from sampled DRHP pages; verify in IPO prospectus or LinkedIn.,No explicit expansion/hiring/certification keywords in sampled pages — check MD&A / risk factors in full DRHP.,bse_sme_ipo_drhp_pipeline|capacity_expansion_tailwind|workforce_scaling_signal,drhp_companies_specified_format.csv+final_merged_dsir_promoters.csv,,See DRHP ‘Industry / Business overview’ section.,no_structured_differentiation_tag|bse_sme_ipo_drhp_pipeline|capacity_expansion_tailwind|workforce_scaling_signal|no_explicit_expansion|hiring|certification_keywords_in_sampled_pages_—_check_md&a|risk_factors_in_full_drhp,0,not_classified_manufacturer,0,weak_location_signal,0,no_differentiation_evidence,0,no_promoter_extract,1,sector_or_macro_tailwind_tags,1,growth_or_ipo_signal_in_text,2,33,35.0,3
Techknowgreen Solutions Limited,"Flat-202, Hem Opal Apartment, Plot No",unspecified_see_drhp,www.bigshareonline.com; www.indorient.in; www.techkno; www.techknowgreen.com,Extract from restated financials in DRHP (pattern not matched).,no_structured_differentiation_tag,Promoter names not machine-extracted from sampled DRHP pages; verify in IPO prospectus or LinkedIn.,capex / capital expenditure,bse_sme_ipo_drhp_pipeline|capacity_expansion_tailwind,drhp_companies_specified_format.csv+final_merged_dsir_promoters.csv,,See DRHP ‘Industry / Business overview’ section.,no_structured_differentiation_tag|bse_sme_ipo_drhp_pipeline|capacity_expansion_tailwind|capex|capital_expenditure,0,not_classified_manufacturer,0,weak_location_signal,0,no_differentiation_evidence,0,no_promoter_extract,1,sector_or_macro_tailwind_tags,1,growth_or_ipo_signal_in_text,2,33,35.0,2
Technocrats Plasma Systems Limited,"108, Nirav -2, Gaon Devi Industrial Estate, Sativali, Vasai East, Dist",unspecified_see_drhp,www.technocratplasma.com,Extract from restated financials in DRHP (pattern not matched).,no_structured_differentiation_tag,Promoter names not machine-extracted from sampled DRHP pages; verify in IPO prospectus or LinkedIn.,No explicit expansion/hiring/certification keywords in sampled pages — check MD&A / risk factors in full DRHP.,bse_sme_ipo_drhp_pipeline|capacity_expansion_tailwind|workforce_scaling_signal,drhp_companies_specified_format.csv+final_merged_dsir_promoters.csv,,See DRHP ‘Industry / Business overview’ section.,no_structured_differentiation_tag|bse_sme_ipo_drhp_pipeline|capacity_expansion_tailwind|workforce_scaling_signal|no_explicit_expansion|hiring|certification_keywords_in_sampled_pages_—_check_md&a|risk_factors_in_full_drhp,0,not_classified_manufacturer,0,weak_location_signal,0,no_differentiation_evidence,0,no_promoter_extract,1,sector_or_macro_tailwind_tags,1,growth_or_ipo_signal_in_text,2,33,35.0,2
Vama Wovenfab Limited,100% Book Built Issue,unspecified_see_drhp,www.vamawoven.com,Extract from restated financials in DRHP (pattern not matched).,no_structured_differentiation_tag,Could not download DRHP PDF/ZIP for promoter extraction.,No explicit expansion/hiring/certification keywords in sampled pages — check MD&A / risk factors in full DRHP.,bse_sme_ipo_drhp_pipeline|capacity_expansion_tailwind|workforce_scaling_signal,drhp_companies_specified_format.csv+final_merged_dsir_promoters.csv,,See DRHP ‘Industry / Business overview’ section.,no_structured_differentiation_tag|bse_sme_ipo_drhp_pipeline|capacity_expansion_tailwind|workforce_scaling_signal|no_explicit_expansion|hiring|certification_keywords_in_sampled_pages_—_check_md&a|risk_factors_in_full_drhp,0,not_classified_manufacturer,0,weak_location_signal,0,no_differentiation_evidence,0,no_promoter_extract,1,sector_or_macro_tailwind_tags,1,growth_or_ipo_signal_in_text,2,33,35.0,2
Vandan Foods Limited,"OFFICE CONTACT PERSON TELEPHONE AND EMAIL WEBSITE 503/B, Wall Street-1, Opp",unspecified_see_drhp,www.bigshareonline.com; www.nirbhaycapital.com; www.vandanfoods.in,Extract from restated financials in DRHP (pattern not matched).,no_structured_differentiation_tag,d Mrs Jyotsanaben Jitendrabhai Patel is not traceable. In accordance with the,capex / capital expenditure,bse_sme_ipo_drhp_pipeline|capacity_expansion_tailwind,drhp_companies_specified_format.csv+final_merged_dsir_promoters.csv,,See DRHP ‘Industry / Business overview’ section.,no_structured_differentiation_tag|bse_sme_ipo_drhp_pipeline|capacity_expansion_tailwind|capex|capital_expenditure,0,not_classified_manufacturer,0,weak_location_signal,0,no_differentiation_evidence,0,weak_promoter_signal,1,sector_or_macro_tailwind_tags,1,growth_or_ipo_signal_in_text,2,33,35.0,2
ACCELERATEBS INDIA LIMITED,Little or no extractable text (likely scanned PDF — needs OCR).,unknown,,unknown,no_structured_differentiation_tag,DRHP: Ms. Poonam Dinesh Yadav Company Secretary; Mr. Kunal Arvind Shah; Mr. Keyur Dipakkumar Shah; Mr. Parth Shah; Ms. Kritika Rupda E-ma; Ms. Kritika Rupda E-mail; Ms. Poonam Dinesh Yadav Corporate Identification Number; Mr. Kunal Arvind Shah MOA; Mr. Kunal Arvind Shah Promoter Group Such; Mr. Keyur Dipakkumar Shah KEY PERFORMANCE INDICATORS,Not assessed (no machine-readable text).,bse_sme_ipo_drhp_pipeline,drhp_companies_specified_format.csv+final_merged_dsir_promoters.csv,,,no_structured_differentiation_tag|bse_sme_ipo_drhp_pipeline|not_assessed_(no_machine-readable_text),0,not_classified_manufacturer,0,weak_location_signal,0,no_differentiation_evidence,1,named_individuals_in_promoter_field,1,sector_or_macro_tailwind_tags,0,weak_growth_signal,2,33,30.0,3
Adcounty Media India Limited,Little or no extractable text (likely scanned PDF — needs OCR).,unknown,,unknown,no_structured_differentiation_tag,DRHP: Ms. Ashita Agrawal Our; Mr. Chandan Garg; Mr. Aditya Jangid; Mr. Abbhinav Rajendra Jain; Mr. Delphin Varghese; Ms. Vartika Dangayach; Mr. Bhupinder Singh Bindra; Mr. Chandan Garg. Our; Mr. Rajveer Singh,Not assessed (no machine-readable text).,bse_sme_ipo_drhp_pipeline,drhp_companies_specified_format.csv+final_merged_dsir_promoters.csv,,,no_structured_differentiation_tag|bse_sme_ipo_drhp_pipeline|not_assessed_(no_machine-readable_text),0,not_classified_manufacturer,0,weak_location_signal,0,no_differentiation_evidence,1,named_individuals_in_promoter_field,1,sector_or_macro_tailwind_tags,0,weak_growth_signal,2,33,30.0,2
ADON AGRO COMMODITIES LIMITED,Office No,unspecified_see_drhp,www.adonagrocommodities.com,Extract from restated financials in DRHP (pattern not matched).,no_structured_differentiation_tag,DRHP: Mrs. Snehal Gajanan Mhatre; Mr. Vishal Sancheti E-mail; Mr. Murali Krishna E-mail; Mr. Narayanswamy Venkitkrishnan MOA; Mr. Narayanswamy Venkitkrishnan; Mrs. Jigisha Narayanswamy; Mr. Shubham Ratan Sharma. For,subsidiary / group structure,bse_sme_ipo_drhp_pipeline,drhp_companies_specified_format.csv+final_merged_dsir_promoters.csv,,See DRHP ‘Industry / Business overview’ section.,no_structured_differentiation_tag|bse_sme_ipo_drhp_pipeline|subsidiary|group_structure,0,not_classified_manufacturer,0,weak_location_signal,0,no_differentiation_evidence,1,named_individuals_in_promoter_field,1,sector_or_macro_tailwind_tags,0,weak_growth_signal,2,33,30.0,2
Advait Infratech Limited,Little or no extractable text (likely scanned PDF — needs OCR).,unknown,,unknown,no_structured_differentiation_tag,DRHP: Mr Dipesh Panchal; Mr. Shalin Sheth; Mrs Rejal Sheth THE ISSUE PUBLIC ISSUE; Mrs. Rejal Sheth Promoter Group Such; Mrs. Rejal Sheth Company Secretary; Mr. Dipesh Panchal CSR Committee,Not assessed (no machine-readable text).,bse_sme_ipo_drhp_pipeline,drhp_companies_specified_format.csv+final_merged_dsir_promoters.csv,,,no_structured_differentiation_tag|bse_sme_ipo_drhp_pipeline|not_assessed_(no_machine-readable_text),0,not_classified_manufacturer,0,weak_location_signal,0,no_differentiation_evidence,1,named_individuals_in_promoter_field,1,sector_or_macro_tailwind_tags,0,weak_growth_signal,2,33,30.0,2
Advance Technoforge Limited,and Certain Corporate Matters” on page 150.,unspecified_see_drhp,www.advancetechforge.co; www.advancetechforge.com/; www.kfintech.com; www.suncapitalservices.co.in,Extract from restated financials in DRHP (pattern not matched).,no_structured_differentiation_tag,DRHP: Ms. Payal Bansal,subsidiary / group structure,bse_sme_ipo_drhp_pipeline,drhp_companies_specified_format.csv+final_merged_dsir_promoters.csv,,See DRHP ‘Industry / Business overview’ section.,no_structured_differentiation_tag|bse_sme_ipo_drhp_pipeline|subsidiary|group_structure,0,not_classified_manufacturer,0,weak_location_signal,0,no_differentiation_evidence,1,named_individuals_in_promoter_field,1,sector_or_macro_tailwind_tags,0,weak_growth_signal,2,33,30.0,3
Aelea Commodities Limited,"401 & 402, Saifee Park-2, Dr",unspecified_see_drhp,www.aeleacommodities.com,Extract from restated financials in DRHP (pattern not matched).,no_structured_differentiation_tag,DRHP: Dr. Mascarenhas Road,subsidiary / group structure,bse_sme_ipo_drhp_pipeline,drhp_companies_specified_format.csv+final_merged_dsir_promoters.csv,,See DRHP ‘Industry / Business overview’ section.,no_structured_differentiation_tag|bse_sme_ipo_drhp_pipeline|subsidiary|group_structure,0,not_classified_manufacturer,0,weak_location_signal,0,no_differentiation_evidence,1,named_individuals_in_promoter_field,1,sector_or_macro_tailwind_tags,0,weak_growth_signal,2,33,30.0,2
Afcom Holdings Limited,aircrafts will be leased exclusively from these lessors,unspecified_see_drhp,https://afcomcargo.com/; www.gyrcapitaladvisors.com; www.linkintime.co.in,Extract from restated financials in DRHP (pattern not matched).,no_structured_differentiation_tag,DRHP: Dr. Radhakrishnan Nagar; Ms Deccan Chronicle Holdings Limited; Ms. Canara Bank Versus Ms Deccan Chronicle; Ms ICICI Bank Versus Ms Deccan Chronicle; Mrs. Manjula Annamalai; Mr. Kannan Ramakrishnan,subsidiary / group structure,bse_sme_ipo_drhp_pipeline,drhp_companies_specified_format.csv+final_merged_dsir_promoters.csv,,See DRHP ‘Industry / Business overview’ section.,no_structured_differentiation_tag|bse_sme_ipo_drhp_pipeline|subsidiary|group_structure,0,not_classified_manufacturer,0,weak_location_signal,0,no_differentiation_evidence,1,named_individuals_in_promoter_field,1,sector_or_macro_tailwind_tags,0,weak_growth_signal,2,33,30.0,2
AHASolar Technologies Limited,Little or no extractable text (likely scanned PDF — needs OCR).,unknown,,unknown,no_structured_differentiation_tag,DRHP: Ms. Vrunda Manharbhai Patel Tel No; Mr. Nikhil Shah Email; Ms. Vrunda Manharbhai Patel PROMOTERS OF; Mr. Piyushkumar Vasantlal Bhatt; Mr. Pulkit Dhingra; Mr. Shatrughan Harinarayan Yadav; Mr. Vipin Sharma; Mr. Piyushkumar Vasantlal Bhatt. CMO The Chief; Mr. Ranjan Baheti CFO The Chief Financial; Mr. Priteshkumar Krishnaraj Mashru. COO The Chief,Not assessed (no machine-readable text).,bse_sme_ipo_drhp_pipeline,drhp_companies_specified_format.csv+final_merged_dsir_promoters.csv,,,no_structured_differentiation_tag|bse_sme_ipo_drhp_pipeline|not_assessed_(no_machine-readable_text),0,not_classified_manufacturer,0,weak_location_signal,0,no_differentiation_evidence,1,named_individuals_in_promoter_field,1,sector_or_macro_tailwind_tags,0,weak_growth_signal,2,33,30.0,2
AIK Pipes and Polymers Limited,Contact Person Email and Telephone,unspecified_see_drhp,www.aikpipes.com; www.shreni.in; www.skylinerta.com,Extract from restated financials in DRHP (pattern not matched).,no_structured_differentiation_tag,DRHP: Ms. Anshita Jain; Mr. Parth Shah Email; Mr. Imran Khan MOA; Mr. Imran Khan; Ms. Tahira Sheikh. For; Ms. Tahira Sheikh,Not assessed (no machine-readable text).,bse_sme_ipo_drhp_pipeline,drhp_companies_specified_format.csv+final_merged_dsir_promoters.csv,,See DRHP ‘Industry / Business overview’ section.,no_structured_differentiation_tag|bse_sme_ipo_drhp_pipeline|not_assessed_(no_machine-readable_text),0,not_classified_manufacturer,0,weak_location_signal,0,no_differentiation_evidence,1,named_individuals_in_promoter_field,1,sector_or_macro_tailwind_tags,0,weak_growth_signal,2,33,30.0,3
AIRFLOA RAIL TECHNOLOGY LIMITED,"Processing Centre on November 15, 2024",unspecified_see_drhp,https://www.airflow.co.in/; www.gyrcapitaladvisors.com; www.kfintech.com,Extract from restated financials in DRHP (pattern not matched).,no_structured_differentiation_tag,Mr. Venkatesan Dakshinamoorthy,subsidiary / group structure,bse_sme_ipo_drhp_pipeline,drhp_companies_specified_format.csv+final_merged_dsir_promoters.csv,U30204TN1998PLC041571,See DRHP ‘Industry / Business overview’ section.,no_structured_differentiation_tag|bse_sme_ipo_drhp_pipeline|subsidiary|group_structure,0,not_classified_manufacturer,0,weak_location_signal,0,no_differentiation_evidence,1,named_individuals_in_promoter_field,1,sector_or_macro_tailwind_tags,0,weak_growth_signal,2,33,30.0,2
Alkosign Limited,Little or no extractable text (likely scanned PDF — needs OCR).,unknown,,unknown,no_structured_differentiation_tag,DRHP: Samir Narendra Shah; Akshaya Narendra Shah,Not assessed (no machine-readable text).,bse_sme_ipo_drhp_pipeline,drhp_companies_specified_format.csv+final_merged_dsir_promoters.csv,,,no_structured_differentiation_tag|bse_sme_ipo_drhp_pipeline|not_assessed_(no_machine-readable_text),0,not_classified_manufacturer,0,weak_location_signal,0,no_differentiation_evidence,1,rich_drhp_promoter_blob,1,sector_or_macro_tailwind_tags,0,weak_growth_signal,2,33,30.0,2
ALPHALOGIC INDUSTRIES LIMITED,Little or no extractable text (likely scanned PDF — needs OCR).,unknown,,unknown,no_structured_differentiation_tag,DRHP: Ms. Aayushi Khandelwal Company Secretary; Mr. S. Ramakrishna Iyengar Telephone; Ms. K. Sreepriya Telephone; Ms. Aayushi Khandelwal; Ms Krina Gandhi,Not assessed (no machine-readable text).,bse_sme_ipo_drhp_pipeline,drhp_companies_specified_format.csv+final_merged_dsir_promoters.csv,,,no_structured_differentiation_tag|bse_sme_ipo_drhp_pipeline|not_assessed_(no_machine-readable_text),0,not_classified_manufacturer,0,weak_location_signal,0,no_differentiation_evidence,1,named_individuals_in_promoter_field,1,sector_or_macro_tailwind_tags,0,weak_growth_signal,2,33,30.0,3
AMANAYA VENTURES LIMITED,Little or no extractable text (likely scanned PDF — needs OCR).,unknown,,unknown,no_structured_differentiation_tag,DRHP: Mrs. Gurpreet Kaur Company Secretary; Mr. Satish Sheth; Ms. Mala Soneji Tel. No; Mr. Punit Mittal Tel. No; Mrs. Gurpreet Kaur; Mrs. Gurpreet Kaur. Director; Mrs. Rajni Mahajan. Materiality Policy; Mr. Manan Mahajan. Promoter Companies; Mr. Manan Mahajan. Willful Defaulter,Not assessed (no machine-readable text).,bse_sme_ipo_drhp_pipeline,drhp_companies_specified_format.csv+final_merged_dsir_promoters.csv,,,no_structured_differentiation_tag|bse_sme_ipo_drhp_pipeline|not_assessed_(no_machine-readable_text),0,not_classified_manufacturer,0,weak_location_signal,0,no_differentiation_evidence,1,named_individuals_in_promoter_field,1,sector_or_macro_tailwind_tags,0,weak_growth_signal,2,33,30.0,3
AMBO AGRITEC LIMITED,Little or no extractable text (likely scanned PDF — needs OCR).,unknown,,unknown,no_structured_differentiation_tag,DRHP: Mrs. Sudha Jain Company Secretary; Mr. Umesh Kumar Agarwal DETAILS OF OFFER; Mr. S. Ramakrishna Iyengar Telephone; Mr. R.D. Ramasamy; Mrs. Sudha Jain; Mr. Umesh Kumar Agarwal THE ISSUE INITIAL; Mr. Umesh Kumar Agarwal. Promoter Group Includes; Mr. Atish Kumar Roy. CIN Corporate Identification,Not assessed (no machine-readable text).,bse_sme_ipo_drhp_pipeline,drhp_companies_specified_format.csv+final_merged_dsir_promoters.csv,,,no_structured_differentiation_tag|bse_sme_ipo_drhp_pipeline|not_assessed_(no_machine-readable_text),0,not_classified_manufacturer,0,weak_location_signal,0,no_differentiation_evidence,1,named_individuals_in_promoter_field,1,sector_or_macro_tailwind_tags,0,weak_growth_signal,2,33,30.0,2
AMIC FORGING LIMITED,Little or no extractable text (likely scanned PDF — needs OCR).,unknown,,unknown,no_structured_differentiation_tag,DRHP: Ms. Neha Fatehpuria Company Secretary; Ms. Dimple Magharam Slun Email; Mr. Vinayak Morbale Email; Ms. Neha Fatehpuria; Mr. Girdharilal Chamaria; Mr. Anshul Chamaria; Ms. Manju Chamaria; Ms. Rashmi Chamaria,Not assessed (no machine-readable text).,bse_sme_ipo_drhp_pipeline,drhp_companies_specified_format.csv+final_merged_dsir_promoters.csv,,,no_structured_differentiation_tag|bse_sme_ipo_drhp_pipeline|not_assessed_(no_machine-readable_text),0,not_classified_manufacturer,0,weak_location_signal,0,no_differentiation_evidence,1,named_individuals_in_promoter_field,1,sector_or_macro_tailwind_tags,0,weak_growth_signal,2,33,30.0,2
Anand Rayons Limited,Little or no extractable text (likely scanned PDF — needs OCR).,unknown,,unknown,no_structured_differentiation_tag,DRHP: Mr. Rahul Makwana; Mr. Anand Bakshi Promoter Group Companies; Mr. Anand Bakshi; Mr. Gokul Bakshi; Mrs. Vasu Bakshi; Mrs. Hema Mishra; Mrs. Jigisha Chorwala; Mrs. Nila Gandhi,Not assessed (no machine-readable text).,bse_sme_ipo_drhp_pipeline,drhp_companies_specified_format.csv+final_merged_dsir_promoters.csv,,,no_structured_differentiation_tag|bse_sme_ipo_drhp_pipeline|not_assessed_(no_machine-readable_text),0,not_classified_manufacturer,0,weak_location_signal,0,no_differentiation_evidence,1,named_individuals_in_promoter_field,1,sector_or_macro_tailwind_tags,0,weak_growth_signal,2,33,30.0,2
Anmol India Limited,Little or no extractable text (likely scanned PDF — needs OCR).,unknown,,unknown,no_structured_differentiation_tag,DRHP: Ms. Parabhjot Kaur; Mr. Vijay Kumar; Mr. Chakshu Goyal Promoter Group Companies; Mr. Chakshu Goyal. For; Mr. Chakshu Goyal; Mrs. Neelam Rani; Mr. Tilak Raj; Mr. Sahil Aggarwal,Not assessed (no machine-readable text).,bse_sme_ipo_drhp_pipeline,drhp_companies_specified_format.csv,,,no_structured_differentiation_tag|bse_sme_ipo_drhp_pipeline|not_assessed_(no_machine-readable_text),0,not_classified_manufacturer,0,weak_location_signal,0,no_differentiation_evidence,1,named_individuals_in_promoter_field,1,sector_or_macro_tailwind_tags,0,weak_growth_signal,2,33,30.0,1
Anmol India Limited,Little or no extractable text (likely scanned PDF — needs OCR).,unknown,,unknown,no_structured_differentiation_tag,DRHP: Ms. Parabhjot Kaur; Mr. Vijay Kumar; Mr. Chakshu Goyal Promoter Group Companies; Mr. Chakshu Goyal. For; Mr. Chakshu Goyal; Mrs. Neelam Rani; Mr. Tilak Raj; Mr. Sahil Aggarwal,Not assessed (no machine-readable text).,bse_sme_ipo_drhp_pipeline,final_merged_dsir_promoters.csv,,,no_structured_differentiation_tag|bse_sme_ipo_drhp_pipeline|not_assessed_(no_machine-readable_text),0,not_classified_manufacturer,0,weak_location_signal,0,no_differentiation_evidence,1,named_individuals_in_promoter_field,1,sector_or_macro_tailwind_tags,0,weak_growth_signal,2,33,30.0,1
Anuroop Packaging Limited,Little or no extractable text (likely scanned PDF — needs OCR).,unknown,,unknown,no_structured_differentiation_tag,DRHP: Mr. Amarnath Matadin Sharma; Mr. Akash Amarnath Sharma; Mr. Akshay Amarnath Sharma; Mr. Amarnath Matadin Sharma SSPL Sara Solutions,Not assessed (no machine-readable text).,bse_sme_ipo_drhp_pipeline,drhp_companies_specified_format.csv+final_merged_dsir_promoters.csv,,,no_structured_differentiation_tag|bse_sme_ipo_drhp_pipeline|not_assessed_(no_machine-readable_text),0,not_classified_manufacturer,0,weak_location_signal,0,no_differentiation_evidence,1,named_individuals_in_promoter_field,1,sector_or_macro_tailwind_tags,0,weak_growth_signal,2,33,30.0,2
Ashapuri Gold Ornament Limited,Little or no extractable text (likely scanned PDF — needs OCR).,unknown,,unknown,no_structured_differentiation_tag,DRHP: Mr. Prince Saraf; Mr. Saremal Soni; Mr. Dinesh Soni; Mr. Jitendra Soni. Promoter Group Such,Not assessed (no machine-readable text).,bse_sme_ipo_drhp_pipeline,drhp_companies_specified_format.csv+final_merged_dsir_promoters.csv,,,no_structured_differentiation_tag|bse_sme_ipo_drhp_pipeline|not_assessed_(no_machine-readable_text),0,not_classified_manufacturer,0,weak_location_signal,0,no_differentiation_evidence,1,named_individuals_in_promoter_field,1,sector_or_macro_tailwind_tags,0,weak_growth_signal,2,33,30.0,2
Astron Multigrain Limited,Download failed (timeout or HTTP error).,unknown,,unknown,no_structured_differentiation_tag,DRHP: Mr. Jenish Parshottambhai Khunt; Mr. Ikshit Shah; Mr. Yash Doshi Email,,bse_sme_ipo_drhp_pipeline,drhp_companies_specified_format.csv+final_merged_dsir_promoters.csv,,,no_structured_differentiation_tag|bse_sme_ipo_drhp_pipeline,0,not_classified_manufacturer,0,weak_location_signal,0,no_differentiation_evidence,1,named_individuals_in_promoter_field,1,sector_or_macro_tailwind_tags,0,weak_growth_signal,2,33,30.0,2
Avax Soft Technologies Limited,Little or no extractable text (likely scanned PDF — needs OCR).,unknown,,unknown,no_structured_differentiation_tag,DRHP: Mr. Manick Wadhwa Mr. Ghanisht Nagpal Email; Mrs. Rati Gupta Email; Mr. Harinderpal Singh Sodhi; Mr. Harish Kumar. For,Not assessed (no machine-readable text).,bse_sme_ipo_drhp_pipeline,drhp_companies_specified_format.csv+final_merged_dsir_promoters.csv,,,no_structured_differentiation_tag|bse_sme_ipo_drhp_pipeline|not_assessed_(no_machine-readable_text),0,not_classified_manufacturer,0,weak_location_signal,0,no_differentiation_evidence,1,named_individuals_in_promoter_field,1,sector_or_macro_tailwind_tags,0,weak_growth_signal,2,33,30.0,2
B-RIGHT REALESTATE LIMITED,Little or no extractable text (likely scanned PDF — needs OCR).,unknown,,unknown,no_structured_differentiation_tag,DRHP: Ms. Zoya Jahur Shaikh Company Secretary; Ms. Dimple Magharam Slun Email; Ms. Deepali Dhuri Email; Ms. Zoya Jahur Shaikh,Not assessed (no machine-readable text).,bse_sme_ipo_drhp_pipeline,drhp_companies_specified_format.csv+final_merged_dsir_promoters.csv,,,no_structured_differentiation_tag|bse_sme_ipo_drhp_pipeline|not_assessed_(no_machine-readable_text),0,not_classified_manufacturer,0,weak_location_signal,0,no_differentiation_evidence,1,named_individuals_in_promoter_field,1,sector_or_macro_tailwind_tags,0,weak_growth_signal,2,33,30.0,2
B.R.Goyal Infrastructure Limited,bearing Corporate Identification Number (,unspecified_see_drhp,www.brginfra.com,₹0–5 Cr (approx from lakhs),no_structured_differentiation_tag,Mr. Balkrishna Goyal; Mr. Uppal Goyal,subsidiary / group structure,bse_sme_ipo_drhp_pipeline,drhp_companies_specified_format.csv+final_merged_dsir_promoters.csv,,See DRHP ‘Industry / Business overview’ section.,no_structured_differentiation_tag|bse_sme_ipo_drhp_pipeline|subsidiary|group_structure,0,not_classified_manufacturer,0,weak_location_signal,0,no_differentiation_evidence,1,named_individuals_in_promoter_field,1,sector_or_macro_tailwind_tags,0,weak_growth_signal,2,33,30.0,2
BBG Industries Limited,Little or no extractable text (likely scanned PDF — needs OCR).,unknown,,unknown,no_structured_differentiation_tag,DRHP: Ms. Riddhi Sureka; Mr. Priyadarshi Balu Agarwal; Mr. Harsh Agarwal. For,Not assessed (no machine-readable text).,bse_sme_ipo_drhp_pipeline,drhp_companies_specified_format.csv+final_merged_dsir_promoters.csv,,,no_structured_differentiation_tag|bse_sme_ipo_drhp_pipeline|not_assessed_(no_machine-readable_text),0,not_classified_manufacturer,0,weak_location_signal,0,no_differentiation_evidence,1,named_individuals_in_promoter_field,1,sector_or_macro_tailwind_tags,0,weak_growth_signal,2,33,30.0,2
Bhatia Colour Chem Limited,Little or no extractable text (likely scanned PDF — needs OCR).,unknown,,unknown,no_structured_differentiation_tag,DRHP: Ms. Hiral Shah; Mr. Bharat Bhatia; Mr. Ramesh Bhatia; Mr. Ravi Bhatia Type Fresh Issue Size; Mr. Ravi Bhatia THE ISSUE PUBLIC ISSUE; Mr. Ravi Bhatia ISSUE SIZE Initial Public; as follows,Not assessed (no machine-readable text).,bse_sme_ipo_drhp_pipeline,drhp_companies_specified_format.csv+final_merged_dsir_promoters.csv,,,no_structured_differentiation_tag|bse_sme_ipo_drhp_pipeline|not_assessed_(no_machine-readable_text),0,not_classified_manufacturer,0,weak_location_signal,0,no_differentiation_evidence,1,named_individuals_in_promoter_field,1,sector_or_macro_tailwind_tags,0,weak_growth_signal,2,33,30.0,2
Billwin Industries Limited,Little or no extractable text (likely scanned PDF — needs OCR).,unknown,,unknown,no_structured_differentiation_tag,DRHP: Ms. Payal Ankit Doshi; Mr. Subrata Dey Materiality Policy; Mr. Subrata Dey; Ms. Smita Subrata Dey,Not assessed (no machine-readable text).,bse_sme_ipo_drhp_pipeline,drhp_companies_specified_format.csv+final_merged_dsir_promoters.csv,,,no_structured_differentiation_tag|bse_sme_ipo_drhp_pipeline|not_assessed_(no_machine-readable_text),0,not_classified_manufacturer,0,weak_location_signal,0,no_differentiation_evidence,1,named_individuals_in_promoter_field,1,sector_or_macro_tailwind_tags,0,weak_growth_signal,2,33,30.0,2
Bonlon Industries Limited,Little or no extractable text (likely scanned PDF — needs OCR).,unknown,,unknown,no_structured_differentiation_tag,DRHP: Mr. Raj Jain; Mr. Arun Kumar Jain THE ISSUE PUBLIC; Mr. Arun Kumar Jain,Not assessed (no machine-readable text).,bse_sme_ipo_drhp_pipeline,drhp_companies_specified_format.csv+final_merged_dsir_promoters.csv,,,no_structured_differentiation_tag|bse_sme_ipo_drhp_pipeline|not_assessed_(no_machine-readable_text),0,not_classified_manufacturer,0,weak_location_signal,0,no_differentiation_evidence,1,named_individuals_in_promoter_field,1,sector_or_macro_tailwind_tags,0,weak_growth_signal,2,33,30.0,2
Bright Outdoor Media Limited,Little or no extractable text (likely scanned PDF — needs OCR).,unknown,,unknown,no_structured_differentiation_tag,DRHP: YOGESH JIWANLAL LAKHANI AND JAGRUTI YOGESH LAKHANI; Yogesh Jiwanlal Lakhani; Jagruti Yogesh,Not assessed (no machine-readable text).,bse_sme_ipo_drhp_pipeline,drhp_companies_specified_format.csv+final_merged_dsir_promoters.csv,,,no_structured_differentiation_tag|bse_sme_ipo_drhp_pipeline|not_assessed_(no_machine-readable_text),0,not_classified_manufacturer,0,weak_location_signal,0,no_differentiation_evidence,1,rich_drhp_promoter_blob,1,sector_or_macro_tailwind_tags,0,weak_growth_signal,2,33,30.0,2
Brisk Technovision Limited,Little or no extractable text (likely scanned PDF — needs OCR).,unknown,,unknown,no_structured_differentiation_tag,DRHP: Mr. Shreyas Anil Haldankar Telephone No; Ms. Kinnari Mehta Email; Mr. Shreyas Anil Haldankar Corporate Identity Number,Not assessed (no machine-readable text).,bse_sme_ipo_drhp_pipeline,drhp_companies_specified_format.csv+final_merged_dsir_promoters.csv,,,no_structured_differentiation_tag|bse_sme_ipo_drhp_pipeline|not_assessed_(no_machine-readable_text),0,not_classified_manufacturer,0,weak_location_signal,0,no_differentiation_evidence,1,named_individuals_in_promoter_field,1,sector_or_macro_tailwind_tags,0,weak_growth_signal,2,33,30.0,2
CapitalNumbers Infotech Limited,CONTACT PERSON TELEPHONE AND EMAIL,unspecified_see_drhp,https://www.capitalnumbers.com/,Extract from restated financials in DRHP (pattern not matched).,no_structured_differentiation_tag,DRHP: Ms. Priya Jhunjhunwala; Mr. Mohit Baid Telephone; Ms. Shanti Gopalkrishnan Tel,subsidiary / group structure,bse_sme_ipo_drhp_pipeline,drhp_companies_specified_format.csv+final_merged_dsir_promoters.csv,,See DRHP ‘Industry / Business overview’ section.,no_structured_differentiation_tag|bse_sme_ipo_drhp_pipeline|subsidiary|group_structure,0,not_classified_manufacturer,0,weak_location_signal,0,no_differentiation_evidence,1,named_individuals_in_promoter_field,1,sector_or_macro_tailwind_tags,0,weak_growth_signal,2,33,30.0,2
Cargosol Logistics Limited,Little or no extractable text (likely scanned PDF — needs OCR).,unknown,,unknown,no_structured_differentiation_tag,DRHP: Mr. Sourabh Garg Email; Ms. Shanti Gopalkrishnan Email; Mr. Roshan Kishanchand Rohira; Mr. Samuel Janathan Muliyil DETAILS OF; Mr. Samuel Muliyil. For,Not assessed (no machine-readable text).,bse_sme_ipo_drhp_pipeline,drhp_companies_specified_format.csv+final_merged_dsir_promoters.csv,,,no_structured_differentiation_tag|bse_sme_ipo_drhp_pipeline|not_assessed_(no_machine-readable_text),0,not_classified_manufacturer,0,weak_location_signal,0,no_differentiation_evidence,1,named_individuals_in_promoter_field,1,sector_or_macro_tailwind_tags,0,weak_growth_signal,2,33,30.0,2
Chandra Bhagat Pharma Limited,Little or no extractable text (likely scanned PDF — needs OCR).,unknown,,unknown,no_structured_differentiation_tag,DRHP: Dr. Ambedkar Road; Mr. Pranav Bhagat PROMOTERS OF THE; Mr. Hemant Chandravadan Bhagat; Mr. Pranav Hemant Bhagat; Mr. Hemant Chandravadan Bhagat Chief Financial Officer; Mrs. Prachi Bhagat. Company Secretary; Mrs. Prachi Bhagat Group Companies Group Companies; Mr. Pranav Hemant Bhagat ISSUE RELATED TERMS; Mr. Pranav Hemant Bhagat. For; Mrs. Prachi Pranav Bhagat,Not assessed (no machine-readable text).,bse_sme_ipo_drhp_pipeline,drhp_companies_specified_format.csv+final_merged_dsir_promoters.csv,,,no_structured_differentiation_tag|bse_sme_ipo_drhp_pipeline|not_assessed_(no_machine-readable_text),0,not_classified_manufacturer,0,weak_location_signal,0,no_differentiation_evidence,1,named_individuals_in_promoter_field,1,sector_or_macro_tailwind_tags,0,weak_growth_signal,2,33,30.0,2
Chatterbox Technologies Limited,"and other provisions of Companies Act, 2013",unspecified_see_drhp,www.bigshareonline.in; www.chtrbox.com; www.expertglobal.in,Extract from restated financials in DRHP (pattern not matched).,no_structured_differentiation_tag,DRHP: Mr. Adheesh Kabra SEBI Registration No. INZ,subsidiary / group structure,bse_sme_ipo_drhp_pipeline,drhp_companies_specified_format.csv+final_merged_dsir_promoters.csv,,See DRHP ‘Industry / Business overview’ section.,no_structured_differentiation_tag|bse_sme_ipo_drhp_pipeline|subsidiary|group_structure,0,not_classified_manufacturer,0,weak_location_signal,0,no_differentiation_evidence,1,named_individuals_in_promoter_field,1,sector_or_macro_tailwind_tags,0,weak_growth_signal,2,33,30.0,2
City Crops Agro Limited,Little or no extractable text (likely scanned PDF — needs OCR).,unknown,,unknown,no_structured_differentiation_tag,DRHP: Ms. Zalakben Chintan Gajjar Company Secretary; Mr. Kaupilkumar Hasmukhbhai Shah; Mrs. Shitalben Kaupilkumar Shah DETAILS OF OFFER; Mr. Heemadri Mukerjea Telephone; Mrs. Rati Gupta Telephone; Ms. Zalakben Chintan Gajjar,Not assessed (no machine-readable text).,bse_sme_ipo_drhp_pipeline,drhp_companies_specified_format.csv+final_merged_dsir_promoters.csv,,,no_structured_differentiation_tag|bse_sme_ipo_drhp_pipeline|not_assessed_(no_machine-readable_text),0,not_classified_manufacturer,0,weak_location_signal,0,no_differentiation_evidence,1,named_individuals_in_promoter_field,1,sector_or_macro_tailwind_tags,0,weak_growth_signal,2,33,30.0,2
City Pulse Multiplex Limited,Little or no extractable text (likely scanned PDF — needs OCR).,unknown,,unknown,no_structured_differentiation_tag,DRHP: Ms Divya Jitendrakumar Agrawal Website; Mr. Arpit Kumar Mehta; Mrs. Rajal Arpit Mehta For,Not assessed (no machine-readable text).,bse_sme_ipo_drhp_pipeline,drhp_companies_specified_format.csv+final_merged_dsir_promoters.csv,,,no_structured_differentiation_tag|bse_sme_ipo_drhp_pipeline|not_assessed_(no_machine-readable_text),0,not_classified_manufacturer,0,weak_location_signal,0,no_differentiation_evidence,1,named_individuals_in_promoter_field,1,sector_or_macro_tailwind_tags,0,weak_growth_signal,2,33,30.0,2
COMRADE APPLIANCES LIMITED,Little or no extractable text (likely scanned PDF — needs OCR).,unknown,,unknown,no_structured_differentiation_tag,DRHP: Ms. Kiran Tilwani Company Secretary; Ms. Dimple Magharam Slun Email; Ms. Kiran Tilwani; Mr. Khursheed Alam; Mr. Mehboob Alam DETAILS OF THE ISSUE; Mr. Mehboob Alam,Not assessed (no machine-readable text).,bse_sme_ipo_drhp_pipeline,drhp_companies_specified_format.csv+final_merged_dsir_promoters.csv,,,no_structured_differentiation_tag|bse_sme_ipo_drhp_pipeline|not_assessed_(no_machine-readable_text),0,not_classified_manufacturer,0,weak_location_signal,0,no_differentiation_evidence,1,named_individuals_in_promoter_field,1,sector_or_macro_tailwind_tags,0,weak_growth_signal,2,33,30.0,2
Concord Control Systems Limited,Little or no extractable text (likely scanned PDF — needs OCR).,unknown,,unknown,no_structured_differentiation_tag,DRHP: Mrs. Lavisha Wadhwani Company Secretary; Mr. Nitin Jain; Mr. Gaurav Lath DETAILS OF THE ISSUE; Mr. Ajay Jain Email; Mr. Aniket Chindarkar Email; Mrs. Lavisha Wadhwani; Mr. Gaurav Lath. For; Mr. Gaurav Lath. Subsidiary Company The Subsidiary,Not assessed (no machine-readable text).,bse_sme_ipo_drhp_pipeline,drhp_companies_specified_format.csv+final_merged_dsir_promoters.csv,,,no_structured_differentiation_tag|bse_sme_ipo_drhp_pipeline|not_assessed_(no_machine-readable_text),0,not_classified_manufacturer,0,weak_location_signal,0,no_differentiation_evidence,1,named_individuals_in_promoter_field,1,sector_or_macro_tailwind_tags,0,weak_growth_signal,2,33,30.0,2
CONTAINE TECHNOLOGIES LIMITED,Little or no extractable text (likely scanned PDF — needs OCR).,unknown,,unknown,no_structured_differentiation_tag,DRHP: Mrs. Nikitha Sarda Company Secretary; Mr. Anand Kumar Seethala; Mrs. Botcha Bhavani DETAILS OF OFFER TO; Mr. S. Ramakrishna Iyengar Telephone; Mr. R.D. Ramasamy; Mrs. Nikitha Sarda; Mrs. Botcha Bhavani THE ISSUE INITIAL PUBLIC; Mrs. Botcha Bhavani. Promoter Group Includes,Not assessed (no machine-readable text).,bse_sme_ipo_drhp_pipeline,drhp_companies_specified_format.csv+final_merged_dsir_promoters.csv,,,no_structured_differentiation_tag|bse_sme_ipo_drhp_pipeline|not_assessed_(no_machine-readable_text),0,not_classified_manufacturer,0,weak_location_signal,0,no_differentiation_evidence,1,named_individuals_in_promoter_field,1,sector_or_macro_tailwind_tags,0,weak_growth_signal,2,33,30.0,2
Core4 Engineers Limited,CORPORATE OFFICE CONTACT PERSON EMAIL AND TELEPHONE WEBSITE Mathrushree No,unspecified_see_drhp,https://core4engineers.com/,Extract from restated financials in DRHP (pattern not matched).,no_structured_differentiation_tag,DRHP: AGRAHARA CHAMARAJE GOWDA ABHINANDAN; HOSAHALLI; HOSAHALLI APPAGIGOWDA SAVITHA,subsidiary / group structure,bse_sme_ipo_drhp_pipeline,drhp_companies_specified_format.csv+final_merged_dsir_promoters.csv,,See DRHP ‘Industry / Business overview’ section.,no_structured_differentiation_tag|bse_sme_ipo_drhp_pipeline|subsidiary|group_structure,0,not_classified_manufacturer,0,weak_location_signal,0,no_differentiation_evidence,1,rich_drhp_promoter_blob,1,sector_or_macro_tailwind_tags,0,weak_growth_signal,2,33,30.0,2
Cospower Engineering Limited,Little or no extractable text (likely scanned PDF — needs OCR).,unknown,,unknown,no_structured_differentiation_tag,DRHP: Ms. Garima Garg; Ms. Garima Garg Director; Mr. Oswald Rosario Dsouza MOA; Mr. Oswald Rosario Dsouza; Mr. Felix Shridhar Kadam Promoter Group Includes; Mr. Felix Shridhar Kadam. Issue Related Terms,Not assessed (no machine-readable text).,bse_sme_ipo_drhp_pipeline,drhp_companies_specified_format.csv+final_merged_dsir_promoters.csv,,,no_structured_differentiation_tag|bse_sme_ipo_drhp_pipeline|not_assessed_(no_machine-readable_text),0,not_classified_manufacturer,0,weak_location_signal,0,no_differentiation_evidence,1,named_individuals_in_promoter_field,1,sector_or_macro_tailwind_tags,0,weak_growth_signal,2,33,30.0,2
Creativity At Best Technologies Limited,Khasra No,unspecified_see_drhp,www.cabtechnologies.com; www.kfintech.com; www.narnolia.com,Extract from restated financials in DRHP (pattern not matched).,no_structured_differentiation_tag,DRHP: Ms. Mrinalini Mehra Company Secretary; Mr. Pankaj Pasi SEBI Registration Number; Ms. Mrinalini Mehra OUR; Mr. Shalaj Mridul; Mr. Shailesh Kumar; Mrs. Anupam Kumari. Promoters Group,subsidiary / group structure,bse_sme_ipo_drhp_pipeline,drhp_companies_specified_format.csv+final_merged_dsir_promoters.csv,,See DRHP ‘Industry / Business overview’ section.,no_structured_differentiation_tag|bse_sme_ipo_drhp_pipeline|subsidiary|group_structure,0,not_classified_manufacturer,0,weak_location_signal,0,no_differentiation_evidence,1,named_individuals_in_promoter_field,1,sector_or_macro_tailwind_tags,0,weak_growth_signal,2,33,30.0,2
DADA ORGANICS LIMITED,Little or no extractable text (likely scanned PDF — needs OCR).,unknown,,unknown,no_structured_differentiation_tag,DRHP: Ms. Komal Hirenkumar Jain Company Secretary; Mr. Dineshbhai Bhanushankar Pandya; Mrs. Jayshree Dineshbhai Pandya DETAILS OF OFFER; Mr. S. Ramakrishna Iyengar Telephone; Ms. K. Sreepriya Telephone; Ms. Komal Hirenkumar Jain; Mrs. Jayshree Dineshbhai Pandya Promoter Group Includes; Mr. Bharatbhai Odhavjibhai Goti,Not assessed (no machine-readable text).,bse_sme_ipo_drhp_pipeline,drhp_companies_specified_format.csv+final_merged_dsir_promoters.csv,,,no_structured_differentiation_tag|bse_sme_ipo_drhp_pipeline|not_assessed_(no_machine-readable_text),0,not_classified_manufacturer,0,weak_location_signal,0,no_differentiation_evidence,1,named_individuals_in_promoter_field,1,sector_or_macro_tailwind_tags,0,weak_growth_signal,2,33,30.0,2
Dev Labtech Venture Limited,Little or no extractable text (likely scanned PDF — needs OCR).,unknown,,unknown,no_structured_differentiation_tag,DRHP: Mr. Pratik Ashokbhai Patel; Mr. Nikhil Shah Email; Mr. Shanti Gopalkrishnan Email; Mr. Jerambhai Lavjibhai Donda; Mrs. Labhuben Jerambhai Donda; Mr. Jay Jerambhai Donda For; Mr. Arunava Raha; Mr. Jerambhai Patel; Mrs. Vimlaben Bhlani; Mrs. Gauriben Bhlani Stakeholders Relationship Committee,Not assessed (no machine-readable text).,bse_sme_ipo_drhp_pipeline,drhp_companies_specified_format.csv+final_merged_dsir_promoters.csv,,,no_structured_differentiation_tag|bse_sme_ipo_drhp_pipeline|not_assessed_(no_machine-readable_text),0,not_classified_manufacturer,0,weak_location_signal,0,no_differentiation_evidence,1,named_individuals_in_promoter_field,1,sector_or_macro_tailwind_tags,0,weak_growth_signal,2,33,30.0,2
Dharni Capital Services Limited,Little or no extractable text (likely scanned PDF — needs OCR).,unknown,,unknown,no_structured_differentiation_tag,DRHP: Mr. Hemant Dharnidharka; Mrs. Preeti Saraogi DETAILS OF OFFER TO; Mr. Jinesh Doshi Email; Mr. R.D. Ramasamy Email; Mr. Mayank Mundhra; Mrs. Preeti Saraogi DETAILS OF ISSUE INITIAL; Mr. Hemant Dharnidharka Materiality Policy; Mrs. Preeti Saraogi. For; Mrs. Preeti Saraogi,Not assessed (no machine-readable text).,bse_sme_ipo_drhp_pipeline,drhp_companies_specified_format.csv+final_merged_dsir_promoters.csv,,,no_structured_differentiation_tag|bse_sme_ipo_drhp_pipeline|not_assessed_(no_machine-readable_text),0,not_classified_manufacturer,0,weak_location_signal,0,no_differentiation_evidence,1,named_individuals_in_promoter_field,1,sector_or_macro_tailwind_tags,0,weak_growth_signal,2,33,30.0,2
Dhyaani Tile and Marblez Limited,Little or no extractable text (likely scanned PDF — needs OCR).,unknown,,unknown,no_structured_differentiation_tag,DRHP: Ms. Foram Ajmeri; Mr. Chintan Nayan Bhai Rajyaguru Nomination; Mr. Chintan Nayan Bhai Rajyaguru Promoter Group; Mr. Chintan Nayan Bhai Rajyaguru SIZE OF,Not assessed (no machine-readable text).,bse_sme_ipo_drhp_pipeline,drhp_companies_specified_format.csv+final_merged_dsir_promoters.csv,,,no_structured_differentiation_tag|bse_sme_ipo_drhp_pipeline|not_assessed_(no_machine-readable_text),0,not_classified_manufacturer,0,weak_location_signal,0,no_differentiation_evidence,1,named_individuals_in_promoter_field,1,sector_or_macro_tailwind_tags,0,weak_growth_signal,2,33,30.0,2
Dindigul Farm Product Limited,Identification Number of our company is U15200TZ2010PLC016407.,unspecified_see_drhp,www.beelinemb.com; www.ennutrica.com; www.linkintime.co.in,Extract from restated financials in DRHP (pattern not matched).,no_structured_differentiation_tag,DRHP: Mr. Gurunathan Uma Kanth Narayanan PROMOTERS OF,subsidiary / group structure,bse_sme_ipo_drhp_pipeline,drhp_companies_specified_format.csv+final_merged_dsir_promoters.csv,U15200TZ2010PLC016407,See DRHP ‘Industry / Business overview’ section.,no_structured_differentiation_tag|bse_sme_ipo_drhp_pipeline|subsidiary|group_structure,0,not_classified_manufacturer,0,weak_location_signal,0,no_differentiation_evidence,1,named_individuals_in_promoter_field,1,sector_or_macro_tailwind_tags,0,weak_growth_signal,2,33,30.0,2
DIPNA PHARMACHEM LIMITED,Little or no extractable text (likely scanned PDF — needs OCR).,unknown,,unknown,no_structured_differentiation_tag,DRHP: Ms. Khushboo Jethaliya; Mr. Keyur Dipakkumar Shah Type Fresh Issue; Mr. Keyur Shah Promoter Group Companies; Ms. Khushboo Jethaliya. Chief Financial Officer; Mr. Keyur Parmar. Act; Mr. Keyur Shah. For,Not assessed (no machine-readable text).,bse_sme_ipo_drhp_pipeline,drhp_companies_specified_format.csv+final_merged_dsir_promoters.csv,,,no_structured_differentiation_tag|bse_sme_ipo_drhp_pipeline|not_assessed_(no_machine-readable_text),0,not_classified_manufacturer,0,weak_location_signal,0,no_differentiation_evidence,1,named_individuals_in_promoter_field,1,sector_or_macro_tailwind_tags,0,weak_growth_signal,2,33,30.0,2
DJ Mediaprint & Logistics Limited,Little or no extractable text (likely scanned PDF — needs OCR).,unknown,,unknown,no_structured_differentiation_tag,DRHP: Ms. Khushboo Mahesh Lalji; Mr. Dinesh Muddu Kotian; Mr. Santhosh Muddu Kotian. Promoter Group Includes; Mr. Dhanraj Dayanand Kunder,Not assessed (no machine-readable text).,bse_sme_ipo_drhp_pipeline,drhp_companies_specified_format.csv+final_merged_dsir_promoters.csv,,,no_structured_differentiation_tag|bse_sme_ipo_drhp_pipeline|not_assessed_(no_machine-readable_text),0,not_classified_manufacturer,0,weak_location_signal,0,no_differentiation_evidence,1,named_individuals_in_promoter_field,1,sector_or_macro_tailwind_tags,0,weak_growth_signal,2,33,30.0,2
Earum Pharmaceuticals Limited,Little or no extractable text (likely scanned PDF — needs OCR).,unknown,,unknown,no_structured_differentiation_tag,DRHP: Mr. Parsotam Kantilal Purohit; Mr. Bhumishth Narendrabhai Patel; Mrs. Payal Bhumishth Patel THE ISSUE INITIAL; Mrs. Payal Bhumishth Patel. For; Mrs. Payal Bhumishth Patel Issue Rela; Mrs. Payal Bhumishth Patel Issue Related Terms,Not assessed (no machine-readable text).,bse_sme_ipo_drhp_pipeline,drhp_companies_specified_format.csv+final_merged_dsir_promoters.csv,,,no_structured_differentiation_tag|bse_sme_ipo_drhp_pipeline|not_assessed_(no_machine-readable_text),0,not_classified_manufacturer,0,weak_location_signal,0,no_differentiation_evidence,1,named_individuals_in_promoter_field,1,sector_or_macro_tailwind_tags,0,weak_growth_signal,2,33,30.0,2
EBOR INDUSTRIES LIMITED,Little or no extractable text (likely scanned PDF — needs OCR).,unknown,,unknown,no_structured_differentiation_tag,DRHP: Mr. Vishal Girishkumar Suthar Company Secretary; Mr. DHRUMIL BIPIN PATEL DETAILS OF OFFER; Mr. S. Ramakrishna Iyengar Telephone; Mr. R.D. Ramasamy; Mr. Vishal Girishkumar Suthar; Mr. Dhrumil Bipin Patel THE ISSUE INITIAL; Mr. Dhrumil Bipin Patel. Promoter Group Includes; Mr. Dhrumil Bipin Patel. CIN Corporate Identification; Mr. Vishal Girishkumar Suthar Registered Office Plot,Not assessed (no machine-readable text).,bse_sme_ipo_drhp_pipeline,drhp_companies_specified_format.csv+final_merged_dsir_promoters.csv,,,no_structured_differentiation_tag|bse_sme_ipo_drhp_pipeline|not_assessed_(no_machine-readable_text),0,not_classified_manufacturer,0,weak_location_signal,0,no_differentiation_evidence,1,named_individuals_in_promoter_field,1,sector_or_macro_tailwind_tags,0,weak_growth_signal,2,33,30.0,2
Eighty Jewellers Limited,Little or no extractable text (likely scanned PDF — needs OCR).,unknown,,unknown,no_structured_differentiation_tag,DRHP: Mr. Nikesh Bardia; Mr. Tilok Chand Bardia; Mr. Nitin Kumar Bardia. DETAILS OF; Mr. Sourabh Garg Email; Mr. Swapnil Kate Email; Mr. Nitin Kumar Bardia. THE ISSUE INITIAL; Mr. Nikesh Bardia. Materiality Policy; Mr. Nitin Bardia; Mr. Nitin Kumar Bardia; Mr. Nikesh Bardia Stakeholders Relationship Committee,Not assessed (no machine-readable text).,bse_sme_ipo_drhp_pipeline,drhp_companies_specified_format.csv+final_merged_dsir_promoters.csv,,,no_structured_differentiation_tag|bse_sme_ipo_drhp_pipeline|not_assessed_(no_machine-readable_text),0,not_classified_manufacturer,0,weak_location_signal,0,no_differentiation_evidence,1,named_individuals_in_promoter_field,1,sector_or_macro_tailwind_tags,0,weak_growth_signal,2,33,30.0,2
Ekennis Software Service Limited,Little or no extractable text (likely scanned PDF — needs OCR).,unknown,,unknown,no_structured_differentiation_tag,DRHP: Ms. Sonali Corporate Identification Number; Ms. Manisha Sharma MOA; Ms. Manisha Sharma Promoter Group Such,Not assessed (no machine-readable text).,bse_sme_ipo_drhp_pipeline,drhp_companies_specified_format.csv+final_merged_dsir_promoters.csv,,,no_structured_differentiation_tag|bse_sme_ipo_drhp_pipeline|not_assessed_(no_machine-readable_text),0,not_classified_manufacturer,0,weak_location_signal,0,no_differentiation_evidence,1,named_individuals_in_promoter_field,1,sector_or_macro_tailwind_tags,0,weak_growth_signal,2,33,30.0,2
Euphoria Infotech (India) Limited,Little or no extractable text (likely scanned PDF — needs OCR).,unknown,,unknown,no_structured_differentiation_tag,DRHP: Mr. Shamba Bhanja,Not assessed (no machine-readable text).,bse_sme_ipo_drhp_pipeline,drhp_companies_specified_format.csv+final_merged_dsir_promoters.csv,,,no_structured_differentiation_tag|bse_sme_ipo_drhp_pipeline|not_assessed_(no_machine-readable_text),0,not_classified_manufacturer,0,weak_location_signal,0,no_differentiation_evidence,1,named_individuals_in_promoter_field,1,sector_or_macro_tailwind_tags,0,weak_growth_signal,2,33,30.0,2
EUREKA CONVEYOR BELTINGS LIMITED,Little or no extractable text (likely scanned PDF — needs OCR).,unknown,,unknown,no_structured_differentiation_tag,DRHP: Ms. Prerna Jain; Mr. Raj Kumar Khubchandani; Mr. Bharat Kumar Khubchandani; Mr. Sumit Khubchandani; Mr. Nitin Khubchandani; Mr. Puneet Khubchandani; Mrs. Bhakti Khubchandani. For; Mr. Govind Ram Mittal. ISSUE RELATED TERMS,Not assessed (no machine-readable text).,bse_sme_ipo_drhp_pipeline,drhp_companies_specified_format.csv+final_merged_dsir_promoters.csv,,,no_structured_differentiation_tag|bse_sme_ipo_drhp_pipeline|not_assessed_(no_machine-readable_text),0,not_classified_manufacturer,0,weak_location_signal,0,no_differentiation_evidence,1,named_individuals_in_promoter_field,1,sector_or_macro_tailwind_tags,0,weak_growth_signal,2,33,30.0,2
Evans Electric Limited,Little or no extractable text (likely scanned PDF — needs OCR).,unknown,,unknown,no_structured_differentiation_tag,DRHP: Mr. Deepak YPatil; Mr. Ivor Anthony Desouza THE ISSUE INITIAL; Mr. Ivor Anthony Desouza. For,Not assessed (no machine-readable text).,bse_sme_ipo_drhp_pipeline,drhp_companies_specified_format.csv+final_merged_dsir_promoters.csv,,,no_structured_differentiation_tag|bse_sme_ipo_drhp_pipeline|not_assessed_(no_machine-readable_text),0,not_classified_manufacturer,0,weak_location_signal,0,no_differentiation_evidence,1,named_individuals_in_promoter_field,1,sector_or_macro_tailwind_tags,0,weak_growth_signal,2,33,30.0,2
EverestIMS Technologies Limited,"“U72900KA2017PLC102256”. For details of Incorporation, change of name and registered office of our company, please refer to c hapter titled “",unspecified_see_drhp,https://everestims.com/; www.maashitla.com; www.oneviewadvisors.com,₹25–100 Cr (approx from lakhs),no_structured_differentiation_tag,Mr. Sudhakar Aruchamy,subsidiary / group structure,bse_sme_ipo_drhp_pipeline,drhp_companies_specified_format.csv,U72900KA2017PLC102256,See DRHP ‘Industry / Business overview’ section.,no_structured_differentiation_tag|bse_sme_ipo_drhp_pipeline|subsidiary|group_structure,0,not_classified_manufacturer,0,weak_location_signal,0,no_differentiation_evidence,1,named_individuals_in_promoter_field,1,sector_or_macro_tailwind_tags,0,weak_growth_signal,2,33,30.0,1
EVOQ REMEDIES LIMITED,Little or no extractable text (likely scanned PDF — needs OCR).,unknown,,unknown,no_structured_differentiation_tag,DRHP: Mr. Bhumishth Narendrabhai Patel Chairman; Mr. Mohit R. Goyal Email; Mr. Swapnil Kate Email; Mr. Tej Bharatkumar Hanj PROMOTERS OF; Mr. Bhumishth Narendrabhai Patel; Mrs. Payal Bhumishth Patel; Mr. Yogesh Rajput. Company Secretary; Mr. Tej Bharatkumar Hanj. Depositories Act; Mr. Bhumishth Patel,Not assessed (no machine-readable text).,bse_sme_ipo_drhp_pipeline,drhp_companies_specified_format.csv+final_merged_dsir_promoters.csv,,,no_structured_differentiation_tag|bse_sme_ipo_drhp_pipeline|not_assessed_(no_machine-readable_text),0,not_classified_manufacturer,0,weak_location_signal,0,no_differentiation_evidence,1,named_individuals_in_promoter_field,1,sector_or_macro_tailwind_tags,0,weak_growth_signal,2,33,30.0,2
Exhicon Events Media Solutions Limited,Little or no extractable text (likely scanned PDF — needs OCR).,unknown,,unknown,no_structured_differentiation_tag,DRHP: Mr. Abhishek Jain Company Secretary; Mr. Anand Srivastava Email; Mr. Abhishek Jain; Mr. Mohammad Quaim Syed; Ms. Padma Mishra THE ISSUE INITIAL PUBLIC; Ms. Padma Mishra; Ms. Padma Mishra For,Not assessed (no machine-readable text).,bse_sme_ipo_drhp_pipeline,drhp_companies_specified_format.csv+final_merged_dsir_promoters.csv,,,no_structured_differentiation_tag|bse_sme_ipo_drhp_pipeline|not_assessed_(no_machine-readable_text),0,not_classified_manufacturer,0,weak_location_signal,0,no_differentiation_evidence,1,named_individuals_in_promoter_field,1,sector_or_macro_tailwind_tags,0,weak_growth_signal,2,33,30.0,2
Farm Peace Limited,Download failed (timeout or HTTP error).,unknown,,unknown,no_structured_differentiation_tag,DRHP: SANDIPKUMAR NARSINHBHAI PATEL; SUDHIR HARIBHAI PATEL; GIRISHBHAI; GIRISHBHAI FALJIBHAI PATEL,,bse_sme_ipo_drhp_pipeline,drhp_companies_specified_format.csv+final_merged_dsir_promoters.csv,,,no_structured_differentiation_tag|bse_sme_ipo_drhp_pipeline,0,not_classified_manufacturer,0,weak_location_signal,0,no_differentiation_evidence,1,rich_drhp_promoter_blob,1,sector_or_macro_tailwind_tags,0,weak_growth_signal,2,33,30.0,2
Focus Business Solution Limited,Little or no extractable text (likely scanned PDF — needs OCR).,unknown,,unknown,no_structured_differentiation_tag,DRHP: Ms. Radha Rameshbhai Gohil; Mr. Vikas Chhangani PURVA SHAREGISTRY; Mr. Rajesh Shah; Ms. Purva Shah; Ms. Deepali Dhuri ISSUE PROGRAMME ISSUE OPENS; Mr. Mohamedyaseen Muhammadbhai Nathani; Mr. Mohamedamin Mohammad Nathani Promoters Group Companies; Mr. Mohammed Ilyas Shaikh. Companies Act; Ms. Radha Rameshbhai Gohil. Depositories Act; Mr. Mohamedamin Mohammad Nathani. For,Not assessed (no machine-readable text).,bse_sme_ipo_drhp_pipeline,drhp_companies_specified_format.csv+final_merged_dsir_promoters.csv,,,no_structured_differentiation_tag|bse_sme_ipo_drhp_pipeline|not_assessed_(no_machine-readable_text),0,not_classified_manufacturer,0,weak_location_signal,0,no_differentiation_evidence,1,named_individuals_in_promoter_field,1,sector_or_macro_tailwind_tags,0,weak_growth_signal,2,33,30.0,2
Fone4 Communications (India) Limited,Little or no extractable text (likely scanned PDF — needs OCR).,unknown,,unknown,no_structured_differentiation_tag,DRHP: Ms. Nisha Shaw; Mr. S. Ramakrishna; Mr. S. Ramakrishna Iyengar Telephone; Mr. R.D. Ramasamy; Mr. Sayyed Hamid; Mrs. Roudha Zerlina; Mr. Sayyed Haris Sayyed Imbichi,Not assessed (no machine-readable text).,bse_sme_ipo_drhp_pipeline,drhp_companies_specified_format.csv+final_merged_dsir_promoters.csv,,,no_structured_differentiation_tag|bse_sme_ipo_drhp_pipeline|not_assessed_(no_machine-readable_text),0,not_classified_manufacturer,0,weak_location_signal,0,no_differentiation_evidence,1,named_individuals_in_promoter_field,1,sector_or_macro_tailwind_tags,0,weak_growth_signal,2,33,30.0,2
G M Polyplast Limited,Little or no extractable text (likely scanned PDF — needs OCR).,unknown,,unknown,no_structured_differentiation_tag,DRHP: Ms. Dimple Amrit Parmar; Mr. Dinesh Balbirsingh Sharma; Ms. Sarita Dinesh Sharma; Ms. Sarita Dinesh Sharma Stakeholders,Not assessed (no machine-readable text).,bse_sme_ipo_drhp_pipeline,drhp_companies_specified_format.csv+final_merged_dsir_promoters.csv,,,no_structured_differentiation_tag|bse_sme_ipo_drhp_pipeline|not_assessed_(no_machine-readable_text),0,not_classified_manufacturer,0,weak_location_signal,0,no_differentiation_evidence,1,named_individuals_in_promoter_field,1,sector_or_macro_tailwind_tags,0,weak_growth_signal,2,33,30.0,2
G. K. P. Printing & Packaging Limited,Little or no extractable text (likely scanned PDF — needs OCR).,unknown,,unknown,no_structured_differentiation_tag,DRHP: Mr. Keval Harshad Goradia Nomination; Mr. Keval Harshad Goradia; Mrs. Payal Keval Goradia Promoter Group Persons,Not assessed (no machine-readable text).,bse_sme_ipo_drhp_pipeline,drhp_companies_specified_format.csv+final_merged_dsir_promoters.csv,,,no_structured_differentiation_tag|bse_sme_ipo_drhp_pipeline|not_assessed_(no_machine-readable_text),0,not_classified_manufacturer,0,weak_location_signal,0,no_differentiation_evidence,1,named_individuals_in_promoter_field,1,sector_or_macro_tailwind_tags,0,weak_growth_signal,2,33,30.0,2
Gabriel Pet Straps Limited,Little or no extractable text (likely scanned PDF — needs OCR).,unknown,,unknown,no_structured_differentiation_tag,DRHP: Ms. Gandecha Khyati Hareshbhai; Ms. Tanya Goyal E-mail; Ms. Gandecha Khyati Hareshbhai. Corporate Identification Number; Mr. Shah Jay Paresbhai MOA; Mr. Shah Jay Pareshbhai; Mr. Varasada Vimal Dayabhai; Mr. Kavathiya Vivek Dharmendrabhai. Promoter Group Such; Mr. Kavathiya Vivek Dharmendrabhai. KEY PERFORMANCE INDICATORS,Not assessed (no machine-readable text).,bse_sme_ipo_drhp_pipeline,drhp_companies_specified_format.csv+final_merged_dsir_promoters.csv,,,no_structured_differentiation_tag|bse_sme_ipo_drhp_pipeline|not_assessed_(no_machine-readable_text),0,not_classified_manufacturer,0,weak_location_signal,0,no_differentiation_evidence,1,named_individuals_in_promoter_field,1,sector_or_macro_tailwind_tags,0,weak_growth_signal,2,33,30.0,2
Galactico Corporate Services Limited,Little or no extractable text (likely scanned PDF — needs OCR).,unknown,,unknown,no_structured_differentiation_tag,DRHP: Ms. Harshika Thakkar; Mr. Vipul Lathi THE OFFER PUBLIC OFFER; Mr. Vipul Lathi Promoter Group Such; Mr. Vishal Sancheti. CIN; Ms. Harshika Thakkar. Director; Mr. Vipul Lathi. MOA; Mr. Vipul Lathi Stakeholders,Not assessed (no machine-readable text).,bse_sme_ipo_drhp_pipeline,drhp_companies_specified_format.csv+final_merged_dsir_promoters.csv,,,no_structured_differentiation_tag|bse_sme_ipo_drhp_pipeline|not_assessed_(no_machine-readable_text),0,not_classified_manufacturer,0,weak_location_signal,0,no_differentiation_evidence,1,named_individuals_in_promoter_field,1,sector_or_macro_tailwind_tags,0,weak_growth_signal,2,33,30.0,2
Gconnect Logitech and Supply chain Limited,Little or no extractable text (likely scanned PDF — needs OCR).,unknown,,unknown,no_structured_differentiation_tag,DRHP: Mr. Jigar Vinodbhai Sheth June; Mr. Vinod Venilal Sheth June,Not assessed (no machine-readable text).,bse_sme_ipo_drhp_pipeline,drhp_companies_specified_format.csv+final_merged_dsir_promoters.csv,,,no_structured_differentiation_tag|bse_sme_ipo_drhp_pipeline|not_assessed_(no_machine-readable_text),0,not_classified_manufacturer,0,weak_location_signal,0,no_differentiation_evidence,1,named_individuals_in_promoter_field,1,sector_or_macro_tailwind_tags,0,weak_growth_signal,2,33,30.0,2
GEM Enviro Management Limited,Little or no extractable text (likely scanned PDF — needs OCR).,unknown,,unknown,no_structured_differentiation_tag,DRHP: Mr. Vijay Kumar Sharma OUR; Mr. Kunal Bansal Email Id; Mr. Amit Puri; Mr. Pramod Negi E-mail; Mr. Anuj Rana Email Id; Mr. Siddharth Jadhav Website,Not assessed (no machine-readable text).,bse_sme_ipo_drhp_pipeline,drhp_companies_specified_format.csv+final_merged_dsir_promoters.csv,,,no_structured_differentiation_tag|bse_sme_ipo_drhp_pipeline|not_assessed_(no_machine-readable_text),0,not_classified_manufacturer,0,weak_location_signal,0,no_differentiation_evidence,1,named_individuals_in_promoter_field,1,sector_or_macro_tailwind_tags,0,weak_growth_signal,2,33,30.0,2
Gian Life Care Limited,Little or no extractable text (likely scanned PDF — needs OCR).,unknown,,unknown,no_structured_differentiation_tag,DRHP: Mr. Anil Bhargava SEBIRegn.No. INM; Mr. Arun Kumar Gupta Materiality Policy; Mr. Arun Kumar Gupta Promoter Group Includes; Mr. Arun Kumar Gupta; Mrs. Avani Gupta; Mr. Devang Agarwal; Ms. Rashika Agarwal; Mr. Manjeet Singh; Mr. Pravin Tomar; Ms. Akanksha Gupta. Issue,Not assessed (no machine-readable text).,bse_sme_ipo_drhp_pipeline,drhp_companies_specified_format.csv+final_merged_dsir_promoters.csv,,,no_structured_differentiation_tag|bse_sme_ipo_drhp_pipeline|not_assessed_(no_machine-readable_text),0,not_classified_manufacturer,0,weak_location_signal,0,no_differentiation_evidence,1,named_individuals_in_promoter_field,1,sector_or_macro_tailwind_tags,0,weak_growth_signal,2,33,30.0,2
Gleam Fabmat Limited,Little or no extractable text (likely scanned PDF — needs OCR).,unknown,,unknown,no_structured_differentiation_tag,DRHP: Mr. Amit Gupta; Mr. Arun Gupta; Mr. Anil Kumar Gupta THE ISSUE PUBLIC; Mr. Anil Kumar Gupta Promoter Group Such; Mr. Amit Gupta Company Secretary; Mr. Navneet Gupta Director,Not assessed (no machine-readable text).,bse_sme_ipo_drhp_pipeline,drhp_companies_specified_format.csv+final_merged_dsir_promoters.csv,,,no_structured_differentiation_tag|bse_sme_ipo_drhp_pipeline|not_assessed_(no_machine-readable_text),0,not_classified_manufacturer,0,weak_location_signal,0,no_differentiation_evidence,1,named_individuals_in_promoter_field,1,sector_or_macro_tailwind_tags,0,weak_growth_signal,2,33,30.0,2
Global Longlife Hospital and Research Limited,Little or no extractable text (likely scanned PDF — needs OCR).,unknown,,unknown,no_structured_differentiation_tag,DRHP: Mr. Deepak Ravidatta Sharma; Mr. Deepak Sharma. Chief Financial Officer; Ms. Hetal Thakkar Director,Not assessed (no machine-readable text).,bse_sme_ipo_drhp_pipeline,drhp_companies_specified_format.csv+final_merged_dsir_promoters.csv,,,no_structured_differentiation_tag|bse_sme_ipo_drhp_pipeline|not_assessed_(no_machine-readable_text),0,not_classified_manufacturer,0,weak_location_signal,0,no_differentiation_evidence,1,named_individuals_in_promoter_field,1,sector_or_macro_tailwind_tags,0,weak_growth_signal,2,33,30.0,2
Goblin India Limited,Little or no extractable text (likely scanned PDF — needs OCR).,unspecified_see_drhp,www.bigshareonline.com; www.galacticocorp.com; www.goblinindia.com,Extract from restated financials in DRHP (pattern not matched).,no_structured_differentiation_tag,DRHP: Ms. Farhat Mohanif Patel; Mr. Manojkumar Choukhany; Mrs. Sonam Choukhany. For; Mrs. Sonam Choukhany. Abridged Prospectus Abridged,Not assessed (no machine-readable text).,bse_sme_ipo_drhp_pipeline,drhp_companies_specified_format.csv+final_merged_dsir_promoters.csv,,See DRHP ‘Industry / Business overview’ section.,no_structured_differentiation_tag|bse_sme_ipo_drhp_pipeline|not_assessed_(no_machine-readable_text),0,not_classified_manufacturer,0,weak_location_signal,0,no_differentiation_evidence,1,named_individuals_in_promoter_field,1,sector_or_macro_tailwind_tags,0,weak_growth_signal,2,33,30.0,3
Goel Food Products Limited,Little or no extractable text (likely scanned PDF — needs OCR).,unknown,,unknown,no_structured_differentiation_tag,DRHP: Mr. Dinesh Goyal Managing Director Email Id; Mr. Dinesh Goyal Equity; Ms. Rashmi Goyal Equity; Mr. Dinesh Goyal; Mr. Dinesh Goyal THE ISSUE PUBLIC ISSUE,Not assessed (no machine-readable text).,bse_sme_ipo_drhp_pipeline,drhp_companies_specified_format.csv+final_merged_dsir_promoters.csv,,,no_structured_differentiation_tag|bse_sme_ipo_drhp_pipeline|not_assessed_(no_machine-readable_text),0,not_classified_manufacturer,0,weak_location_signal,0,no_differentiation_evidence,1,named_individuals_in_promoter_field,1,sector_or_macro_tailwind_tags,0,weak_growth_signal,2,33,30.0,2
Green Farm Bio-Gen  Limited,Little or no extractable text (likely scanned PDF — needs OCR).,unknown,,unknown,no_structured_differentiation_tag,DRHP: Ms. Nisha Bhagat; Mr. Rajesh Nama Companies Act; Mr. PrafulKumar Chavda; Mr. Prafulkumar Najabhai Chavda,Not assessed (no machine-readable text).,bse_sme_ipo_drhp_pipeline,drhp_companies_specified_format.csv+final_merged_dsir_promoters.csv,,,no_structured_differentiation_tag|bse_sme_ipo_drhp_pipeline|not_assessed_(no_machine-readable_text),0,not_classified_manufacturer,0,weak_location_signal,0,no_differentiation_evidence,1,named_individuals_in_promoter_field,1,sector_or_macro_tailwind_tags,0,weak_growth_signal,2,33,30.0,2
Greenhitech Ventures Limited,Little or no extractable text (likely scanned PDF — needs OCR).,unknown,,unknown,no_structured_differentiation_tag,DRHP: Mrs. Senha Jain; Mr. Naved Iqbal Place; Mr. Nikhil Shah SEBI Registration No; Mr. Navel Iqbal; Mr. Mohamad Nadeem; Mr. Naved Iqbal; Mr. Mohammad Nadeem; Mr. Javed Iqubal; Mrs. Shagufta Jawed; Mrs. Neha Nasir,Not assessed (no machine-readable text).,bse_sme_ipo_drhp_pipeline,drhp_companies_specified_format.csv+final_merged_dsir_promoters.csv,,,no_structured_differentiation_tag|bse_sme_ipo_drhp_pipeline|not_assessed_(no_machine-readable_text),0,not_classified_manufacturer,0,weak_location_signal,0,no_differentiation_evidence,1,named_individuals_in_promoter_field,1,sector_or_macro_tailwind_tags,0,weak_growth_signal,2,33,30.0,2
Greens Food Crafts India Limited,Little or no extractable text (likely scanned PDF — needs OCR).,unknown,,unknown,no_structured_differentiation_tag,DRHP: Mr. Satish Madhavanarayanan; Mr. SATISH MADHAVANARAYAN AND Mr. ANIL CHENNALINGE; Mr. Jagadeesh Bommegowda; Mrs. Meenakshi Gundlupet Venkatappa; Mr. Anil Chennalinge Gowda. For,Not assessed (no machine-readable text).,bse_sme_ipo_drhp_pipeline,drhp_companies_specified_format.csv+final_merged_dsir_promoters.csv,,,no_structured_differentiation_tag|bse_sme_ipo_drhp_pipeline|not_assessed_(no_machine-readable_text),0,not_classified_manufacturer,0,weak_location_signal,0,no_differentiation_evidence,1,named_individuals_in_promoter_field,1,sector_or_macro_tailwind_tags,0,weak_growth_signal,2,33,30.0,2
HEALTHY LIFE AGRITEC LIMITED,Little or no extractable text (likely scanned PDF — needs OCR).,unknown,,unknown,no_structured_differentiation_tag,DRHP: Mr. Shekhar Kapoor; Ms. DIVYA MOJJADA; Mr. S. Ramakrishna Iyengar Telephone; Mr. R.D. Ramasamy; Ms. Divya Mojjada; Mr. Sandeep Ramkirit Gaud,Not assessed (no machine-readable text).,bse_sme_ipo_drhp_pipeline,drhp_companies_specified_format.csv+final_merged_dsir_promoters.csv,,,no_structured_differentiation_tag|bse_sme_ipo_drhp_pipeline|not_assessed_(no_machine-readable_text),0,not_classified_manufacturer,0,weak_location_signal,0,no_differentiation_evidence,1,named_individuals_in_promoter_field,1,sector_or_macro_tailwind_tags,0,weak_growth_signal,2,33,30.0,2
Hemant Surgical Industries Limited,Little or no extractable text (likely scanned PDF — needs OCR).,unknown,,unknown,no_structured_differentiation_tag,DRHP: Mrs. Meenal Ajmera Company Secretary; Mrs. Roshni Lahoti Email; Mr. Swapnil Kate Email; Mrs. Meenal Ajmera,Not assessed (no machine-readable text).,bse_sme_ipo_drhp_pipeline,drhp_companies_specified_format.csv+final_merged_dsir_promoters.csv,,,no_structured_differentiation_tag|bse_sme_ipo_drhp_pipeline|not_assessed_(no_machine-readable_text),0,not_classified_manufacturer,0,weak_location_signal,0,no_differentiation_evidence,1,named_individuals_in_promoter_field,1,sector_or_macro_tailwind_tags,0,weak_growth_signal,2,33,30.0,3
Humming Bird Education Limited,Little or no extractable text (likely scanned PDF — needs OCR).,unknown,,unknown,no_structured_differentiation_tag,DRHP: Mr. Mayank Pratap Singh; Mr. Nitesh Jain; Mr. Narender Kumar Jain Promoters Group Companies; Mrs. Vaishali Jain. Companies Act; Mr. Mayank Pratap Singh Corporate Office; Mr. Narender Kumar Jain. For,Not assessed (no machine-readable text).,bse_sme_ipo_drhp_pipeline,drhp_companies_specified_format.csv+final_merged_dsir_promoters.csv,,,no_structured_differentiation_tag|bse_sme_ipo_drhp_pipeline|not_assessed_(no_machine-readable_text),0,not_classified_manufacturer,0,weak_location_signal,0,no_differentiation_evidence,1,named_individuals_in_promoter_field,1,sector_or_macro_tailwind_tags,0,weak_growth_signal,2,33,30.0,2
Hunger Choice Limited,Little or no extractable text (likely scanned PDF — needs OCR).,unknown,,unknown,no_structured_differentiation_tag,DRHP: Mr. Sarfraz Taherbhai Mulla; Mr. Maulik Khara; Ms. Riya Panchal,Not assessed (no machine-readable text).,bse_sme_ipo_drhp_pipeline,drhp_companies_specified_format.csv+final_merged_dsir_promoters.csv,,,no_structured_differentiation_tag|bse_sme_ipo_drhp_pipeline|not_assessed_(no_machine-readable_text),0,not_classified_manufacturer,0,weak_location_signal,0,no_differentiation_evidence,1,named_individuals_in_promoter_field,1,sector_or_macro_tailwind_tags,0,weak_growth_signal,2,33,30.0,2
ICL Organic Dairy Products Ltd,Little or no extractable text (likely scanned PDF — needs OCR).,unknown,,unknown,no_structured_differentiation_tag,DRHP: Ms. Neha Mittal; Mr. Roop Kishore Gola; Mr. Avadhesh Kumar Gola. Promoter Group Includes; Mr. Anil Kumar Sahu,Not assessed (no machine-readable text).,bse_sme_ipo_drhp_pipeline,drhp_companies_specified_format.csv+final_merged_dsir_promoters.csv,,,no_structured_differentiation_tag|bse_sme_ipo_drhp_pipeline|not_assessed_(no_machine-readable_text),0,not_classified_manufacturer,0,weak_location_signal,0,no_differentiation_evidence,1,named_individuals_in_promoter_field,1,sector_or_macro_tailwind_tags,0,weak_growth_signal,2,33,30.0,2
IDENTIXWEB LIMITED,LOCATED) AT LEAST TWO WORKING DAYS PRIOR TO THE ISSUE OPENING DATE AND SHALL BE MADE AVAILABLE TO THE BSE LIMITED (“BSE”) FOR THE PURPOSE OF UPLOADING ON ITS,unspecified_see_drhp,www.beelinemb.com; www.identixweb.com; www.skylinerta.com,Extract from restated financials in DRHP (pattern not matched).,no_structured_differentiation_tag,DRHP: Mrs. Pooja Shah PROMOTERS OF OUR; Mr. Priyankkumar Jivarajbhai Savani Chairman,subsidiary / group structure,bse_sme_ipo_drhp_pipeline,drhp_companies_specified_format.csv+final_merged_dsir_promoters.csv,,See DRHP ‘Industry / Business overview’ section.,no_structured_differentiation_tag|bse_sme_ipo_drhp_pipeline|subsidiary|group_structure,0,not_classified_manufacturer,0,weak_location_signal,0,no_differentiation_evidence,1,named_individuals_in_promoter_field,1,sector_or_macro_tailwind_tags,0,weak_growth_signal,2,33,30.0,2
INDO SMC Limited,Download failed (timeout or HTTP error).,unknown,,unknown,no_structured_differentiation_tag,DRHP: Ms. Avani Patel; Ms. Avani Patel Company Secretary; Mr. Mohit Baid SEBI Registration Number; Mr. Neel Niteshbhai Shah Managing Director; Mr. Nitin Jasvantbhai Patel Chairman; Mr. Chaitanya Patel Executive Director; Mrs. Riktabahen Sonawala Non-Executive Director; Mr. Shashwat Yatishkumar Shah Non-Executive Independent Director; Mr. Chintan Umeshbhai Bhatt Non-Executive Independent Director; Mr. Pramod Sultania SEBI Registration Number,,bse_sme_ipo_drhp_pipeline,drhp_companies_specified_format.csv+final_merged_dsir_promoters.csv,,,no_structured_differentiation_tag|bse_sme_ipo_drhp_pipeline,0,not_classified_manufacturer,0,weak_location_signal,0,no_differentiation_evidence,1,named_individuals_in_promoter_field,1,sector_or_macro_tailwind_tags,0,weak_growth_signal,2,33,30.0,2
INDONG TEA COMPANY LIMITED,Little or no extractable text (likely scanned PDF — needs OCR).,unknown,,unknown,no_structured_differentiation_tag,DRHP: Mr. Chandan Gupta; Mr. S. Ramakrishna Iyengar Telephone; Mr. R.D. Ramasamy; Mr. Hariram Garg; Mr. Madanlal Garg; Mr. Manoj Kumar Gan; Mr. Manoj Kumar Ganguly,Not assessed (no machine-readable text).,bse_sme_ipo_drhp_pipeline,drhp_companies_specified_format.csv+final_merged_dsir_promoters.csv,,,no_structured_differentiation_tag|bse_sme_ipo_drhp_pipeline|not_assessed_(no_machine-readable_text),0,not_classified_manufacturer,0,weak_location_signal,0,no_differentiation_evidence,1,named_individuals_in_promoter_field,1,sector_or_macro_tailwind_tags,0,weak_growth_signal,2,33,30.0,2
Infinity Infoway Limited,in relation to this lease/ rental/tenancy agreement may have an adverse effect on our business operations and results thereof.,unspecified_see_drhp,www.bigshareonline.com; www.holaniconsultants.co.in; www.infinityinfoway.com,₹0–5 Cr (approx from lakhs),no_structured_differentiation_tag,DRHP: Mrs. Payal Jain Email; Mr. Babu Rapheal; Mr. Bhaveshkumar Dhirajlal Gadhethriya; Mrs. Rinaben Bhaveshkumar Gadhethariya; Mr. Dhirajlal Bhanjibhai Gadhethariya; Mr. Nikunj Vrajlal Gajera,subsidiary / group structure,bse_sme_ipo_drhp_pipeline,drhp_companies_specified_format.csv+final_merged_dsir_promoters.csv,,See DRHP ‘Industry / Business overview’ section.,no_structured_differentiation_tag|bse_sme_ipo_drhp_pipeline|subsidiary|group_structure,0,not_classified_manufacturer,0,weak_location_signal,0,no_differentiation_evidence,1,named_individuals_in_promoter_field,1,sector_or_macro_tailwind_tags,0,weak_growth_signal,2,33,30.0,3
INNOKAIZ INDIA LIMITED,Little or no extractable text (likely scanned PDF — needs OCR).,unknown,,unknown,no_structured_differentiation_tag,DRHP: Ms. Mamta Saini Company Secretary; Ms. Dimple Magharam Slun Email; Ms. Mamta Saini; Mr. Balakrishnan Sukumarbalakrishnan DETAILS OF THE ISSUE; Mr. Balakrishnan Sukumarbalakrishnan,Not assessed (no machine-readable text).,bse_sme_ipo_drhp_pipeline,drhp_companies_specified_format.csv+final_merged_dsir_promoters.csv,,,no_structured_differentiation_tag|bse_sme_ipo_drhp_pipeline|not_assessed_(no_machine-readable_text),0,not_classified_manufacturer,0,weak_location_signal,0,no_differentiation_evidence,1,named_individuals_in_promoter_field,1,sector_or_macro_tailwind_tags,0,weak_growth_signal,2,33,30.0,3
Innovatus Entertainment Networks Limited,Little or no extractable text (likely scanned PDF — needs OCR).,unknown,,unknown,no_structured_differentiation_tag,DRHP: Ms. Sonal Gandhi,Not assessed (no machine-readable text).,bse_sme_ipo_drhp_pipeline,drhp_companies_specified_format.csv+final_merged_dsir_promoters.csv,,,no_structured_differentiation_tag|bse_sme_ipo_drhp_pipeline|not_assessed_(no_machine-readable_text),0,not_classified_manufacturer,0,weak_location_signal,0,no_differentiation_evidence,1,named_individuals_in_promoter_field,1,sector_or_macro_tailwind_tags,0,weak_growth_signal,2,33,30.0,2
Insolation Energy Limited,Little or no extractable text (likely scanned PDF — needs OCR).,unknown,,unknown,no_structured_differentiation_tag,DRHP: Mr. Manish Gupta; Mr. Vikas Jain DETAILS OF THE ISSUE; Mrs. Payal Jain Email; Mr. Aniket Chindarkar Email; Mr. Vikas Jain THE ISSUE INITIAL PUBLIC; Mr. Vikas Jain. For,Not assessed (no machine-readable text).,bse_sme_ipo_drhp_pipeline,drhp_companies_specified_format.csv+final_merged_dsir_promoters.csv,,,no_structured_differentiation_tag|bse_sme_ipo_drhp_pipeline|not_assessed_(no_machine-readable_text),0,not_classified_manufacturer,0,weak_location_signal,0,no_differentiation_evidence,1,named_individuals_in_promoter_field,1,sector_or_macro_tailwind_tags,0,weak_growth_signal,2,33,30.0,2
ITCONS E-SOLUTIONS LIMITED,Little or no extractable text (likely scanned PDF — needs OCR).,unknown,,unknown,no_structured_differentiation_tag,DRHP: Ms. Pooja Gupta Company Secretary; Mr. GAURAV MITTAL; Mrs. SWATI JAIN DETAILS OF OFFER TO; Mr. S. Ramakrishna Iyengar Telephone; Ms. K. Sreepriya Telephone; Ms. Pooja Gupta; Mrs. SWATI JAIN THE ISSUE INITIAL PUBLIC; Mr. Gaurav Mittal; Mrs. Swati Jain Promoter Group Includes; Mr. Chetan Prakash Mittal,Not assessed (no machine-readable text).,bse_sme_ipo_drhp_pipeline,drhp_companies_specified_format.csv+final_merged_dsir_promoters.csv,,,no_structured_differentiation_tag|bse_sme_ipo_drhp_pipeline|not_assessed_(no_machine-readable_text),0,not_classified_manufacturer,0,weak_location_signal,0,no_differentiation_evidence,1,named_individuals_in_promoter_field,1,sector_or_macro_tailwind_tags,0,weak_growth_signal,2,33,30.0,2
JAYANT INFRATECH LIMITED,Little or no extractable text (likely scanned PDF — needs OCR).,unknown,,unknown,no_structured_differentiation_tag,DRHP: Mr. Sagar Subhash Gulhane Company Secretary; Ms. Dimple Magharam Slun Email; Mr. Swapnil Kate Email; Mr. Sagar Subhash Gulhane; Mr. Nilesh Jobanputra THE ISSUE PUBLIC ISSUE; Mr. Nilesh Jobanputra,Not assessed (no machine-readable text).,bse_sme_ipo_drhp_pipeline,drhp_companies_specified_format.csv+final_merged_dsir_promoters.csv,,,no_structured_differentiation_tag|bse_sme_ipo_drhp_pipeline|not_assessed_(no_machine-readable_text),0,not_classified_manufacturer,0,weak_location_signal,0,no_differentiation_evidence,1,named_individuals_in_promoter_field,1,sector_or_macro_tailwind_tags,0,weak_growth_signal,2,33,30.0,2
JETMALL SPICES AND MASALA LIMITED,Little or no extractable text (likely scanned PDF — needs OCR).,unknown,,unknown,no_structured_differentiation_tag,DRHP: Ms Sheethal Jayandra Mehta; Mr. Jatin Pandya Company Secretary; Ms. Sheethal Jayandra Mehta Director; Mr Bharat Kumar Pukhrajji Promoter Group Such,Not assessed (no machine-readable text).,bse_sme_ipo_drhp_pipeline,drhp_companies_specified_format.csv+final_merged_dsir_promoters.csv,,,no_structured_differentiation_tag|bse_sme_ipo_drhp_pipeline|not_assessed_(no_machine-readable_text),0,not_classified_manufacturer,0,weak_location_signal,0,no_differentiation_evidence,1,named_individuals_in_promoter_field,1,sector_or_macro_tailwind_tags,0,weak_growth_signal,2,33,30.0,2
Kaka Industries Limited,Little or no extractable text (likely scanned PDF — needs OCR).,unknown,,unknown,no_structured_differentiation_tag,DRHP: Mr. Akun Goyal Email,Not assessed (no machine-readable text).,bse_sme_ipo_drhp_pipeline,drhp_companies_specified_format.csv+final_merged_dsir_promoters.csv,,,no_structured_differentiation_tag|bse_sme_ipo_drhp_pipeline|not_assessed_(no_machine-readable_text),0,not_classified_manufacturer,0,weak_location_signal,0,no_differentiation_evidence,1,named_individuals_in_promoter_field,1,sector_or_macro_tailwind_tags,0,weak_growth_signal,2,33,30.0,3
Karma Ecotech Limited,Little or no extractable text (likely scanned PDF — needs OCR).,unknown,,unknown,no_structured_differentiation_tag,DRHP: Mr. Nimit Aggarwal DETAILS OF THE ISSUE,Not assessed (no machine-readable text).,bse_sme_ipo_drhp_pipeline,drhp_companies_specified_format.csv+final_merged_dsir_promoters.csv,,,no_structured_differentiation_tag|bse_sme_ipo_drhp_pipeline|not_assessed_(no_machine-readable_text),0,not_classified_manufacturer,0,weak_location_signal,0,no_differentiation_evidence,1,named_individuals_in_promoter_field,1,sector_or_macro_tailwind_tags,0,weak_growth_signal,2,33,30.0,2
Katex Exim Limited,OFFICE CONTACT PERSON TELEPHONE AND EMAIL WEBSITE 55/Ashra Ind,unspecified_see_drhp,www.bigshareonline.com; www.nirbhaycapital.com; www.thekatex.com,Extract from restated financials in DRHP (pattern not matched).,no_structured_differentiation_tag,Mr. Sajal Rakesh Bansal,subsidiary / group structure,bse_sme_ipo_drhp_pipeline,drhp_companies_specified_format.csv+final_merged_dsir_promoters.csv,,See DRHP ‘Industry / Business overview’ section.,no_structured_differentiation_tag|bse_sme_ipo_drhp_pipeline|subsidiary|group_structure,0,not_classified_manufacturer,0,weak_location_signal,0,no_differentiation_evidence,1,named_individuals_in_promoter_field,1,sector_or_macro_tailwind_tags,0,weak_growth_signal,2,33,30.0,2
Kedarnath Industries Limited,Little or no extractable text (likely scanned PDF — needs OCR).,unknown,,unknown,no_structured_differentiation_tag,DRHP: Mr. Jitendra Singh Rathore; Mr. Rohit Mittal Promoter Group; Mr. Rohit Mittal,Not assessed (no machine-readable text).,bse_sme_ipo_drhp_pipeline,drhp_companies_specified_format.csv+final_merged_dsir_promoters.csv,,,no_structured_differentiation_tag|bse_sme_ipo_drhp_pipeline|not_assessed_(no_machine-readable_text),0,not_classified_manufacturer,0,weak_location_signal,0,no_differentiation_evidence,1,named_individuals_in_promoter_field,1,sector_or_macro_tailwind_tags,0,weak_growth_signal,2,33,30.0,2
Kelson Foods Limited - (Withdrawn),Little or no extractable text (likely scanned PDF — needs OCR).,unknown,,unknown,no_structured_differentiation_tag,DRHP: Kishan Tekchandani; Raina Tekchandani,Not assessed (no machine-readable text).,bse_sme_ipo_drhp_pipeline,drhp_companies_specified_format.csv+final_merged_dsir_promoters.csv,,,no_structured_differentiation_tag|bse_sme_ipo_drhp_pipeline|not_assessed_(no_machine-readable_text),0,not_classified_manufacturer,0,weak_location_signal,0,no_differentiation_evidence,1,rich_drhp_promoter_blob,1,sector_or_macro_tailwind_tags,0,weak_growth_signal,2,33,30.0,2
Khazanchi Jewellers Limited,Little or no extractable text (likely scanned PDF — needs OCR).,unknown,,unknown,no_structured_differentiation_tag,DRHP: Ms. Sakshi Jain; Mr Tarachand Mehta; Mr. Goutham Promoter Group Persons,Not assessed (no machine-readable text).,bse_sme_ipo_drhp_pipeline,drhp_companies_specified_format.csv+final_merged_dsir_promoters.csv,,,no_structured_differentiation_tag|bse_sme_ipo_drhp_pipeline|not_assessed_(no_machine-readable_text),0,not_classified_manufacturer,0,weak_location_signal,0,no_differentiation_evidence,1,named_individuals_in_promoter_field,1,sector_or_macro_tailwind_tags,0,weak_growth_signal,2,33,30.0,2
Kiaasa Retail Limited,further details of our Company see “General Information” and “History and Certain Corporate Matters” beginning on page 70 and 182 respectively of this Draft Red Herring Prospectus,unspecified_see_drhp,www.kiaasa.com,Extract from restated financials in DRHP (pattern not matched).,no_structured_differentiation_tag,DRHP: Ms. Kanishka Singhal Company Secretary; Ms. Kanishka Singhal; Mr. Om Prakash; Mr. Amit Chauhan,subsidiary / group structure,bse_sme_ipo_drhp_pipeline,drhp_companies_specified_format.csv+final_merged_dsir_promoters.csv,,See DRHP ‘Industry / Business overview’ section.,no_structured_differentiation_tag|bse_sme_ipo_drhp_pipeline|subsidiary|group_structure,0,not_classified_manufacturer,0,weak_location_signal,0,no_differentiation_evidence,1,named_individuals_in_promoter_field,1,sector_or_macro_tailwind_tags,0,weak_growth_signal,2,33,30.0,2
KK Shah Hospitals Limited,Little or no extractable text (likely scanned PDF — needs OCR).,unspecified_see_drhp,www.fedsec.in; www.shahhospitalratla; www.shahhospitalratlam.com; www.shreni.in,Extract from restated financials in DRHP (pattern not matched).,no_structured_differentiation_tag,DRHP: Ms. Saloni Badjatya Company Secretary; Mr. Saipan Sanghvi SEBI Registration Number; Mr. Parth Shah; Ms. Kritika Rupda SEBI Registr; Ms. Kritika Rupda SEBI Registration Number; Dr. Kirti Kumar Shah; Ms. Saloni Badjatya; Dr. Amit Shah; Dr. Kirti Kumar Shah Promoter Group Such; Dr. Amit Shah Company Secretary,Not assessed (no machine-readable text).,bse_sme_ipo_drhp_pipeline,drhp_companies_specified_format.csv+final_merged_dsir_promoters.csv,,See DRHP ‘Industry / Business overview’ section.,no_structured_differentiation_tag|bse_sme_ipo_drhp_pipeline|not_assessed_(no_machine-readable_text),0,not_classified_manufacturer,0,weak_location_signal,0,no_differentiation_evidence,1,named_individuals_in_promoter_field,1,sector_or_macro_tailwind_tags,0,weak_growth_signal,2,33,30.0,3
Knowledge Marine & Engineering Works Limited,"Limited Company pursuant to the special resolution passed by the shareholders at the Extra-Ordinary General Meeting of our Company held on January 23, 2020 and consequent upon conversion the name of our Company was changed to “Knowledge Marine & Engineering Works Limited” vide a ...",unspecified_see_drhp,www.hemsecurities.com; www.kmew.in; www.linkintime.co.in,Extract from restated financials in DRHP (pattern not matched).,no_structured_differentiation_tag,DRHP: Ms. Sonali Chetan Gor; Mr. Saurabh M. Daswani; Mrs. Kanak S. Kewalramani THE ISSUE INITIAL; Mr. Saurabh M. Daswani Materiality Policy; Mrs. Kanak S. Kewalramani; Mr. Pinkesh Kewalramani; Mr. Saurabh Daswani Stakeholders Relationship Committee,subsidiary / group structure,bse_sme_ipo_drhp_pipeline,drhp_companies_specified_format.csv+final_merged_dsir_promoters.csv,,See DRHP ‘Industry / Business overview’ section.,no_structured_differentiation_tag|bse_sme_ipo_drhp_pipeline|subsidiary|group_structure,0,not_classified_manufacturer,0,weak_location_signal,0,no_differentiation_evidence,1,named_individuals_in_promoter_field,1,sector_or_macro_tailwind_tags,0,weak_growth_signal,2,33,30.0,2
KP Green Engineering Limited,LOCATED),unspecified_see_drhp,www.beelinemb.com; www.bigshareonline.com; www.kpgreenengineering.com,Extract from restated financials in DRHP (pattern not matched).,no_structured_differentiation_tag,DRHP: Mr. Saurabh Sharma PROMOTERS OF OUR; Mr. Muinulhaque Iqbalhusen Kadva Whole Time Director; Mr. Hassan Faruk Patel; Dr. Farukbhai Gulambhai Patel; Mr. Hassan Faruk Patel Page; Mr. Hassan Faruk Patel. For,subsidiary / group structure,bse_sme_ipo_drhp_pipeline,drhp_companies_specified_format.csv+final_merged_dsir_promoters.csv,,See DRHP ‘Industry / Business overview’ section.,no_structured_differentiation_tag|bse_sme_ipo_drhp_pipeline|subsidiary|group_structure,0,not_classified_manufacturer,0,weak_location_signal,0,no_differentiation_evidence,1,named_individuals_in_promoter_field,1,sector_or_macro_tailwind_tags,0,weak_growth_signal,2,33,30.0,2
Kranti Industries Limited,Little or no extractable text (likely scanned PDF — needs OCR).,unknown,,unknown,no_structured_differentiation_tag,DRHP: Mr. Bhavesh Subhash Selarka; Mrs. Sheela Dhawale. Company Secretary; Mr. Bhavesh Subhash Selarka. Equity Shares Equity; Mr. Sachin Subhash Vora; Mr. Sumit Subhash Vora; Mrs. Indubala Subhash Vora For; Mrs. Basanti Kundanmal Vora Stakeholders,Not assessed (no machine-readable text).,bse_sme_ipo_drhp_pipeline,drhp_companies_specified_format.csv+final_merged_dsir_promoters.csv,,,no_structured_differentiation_tag|bse_sme_ipo_drhp_pipeline|not_assessed_(no_machine-readable_text),0,not_classified_manufacturer,0,weak_location_signal,0,no_differentiation_evidence,1,named_individuals_in_promoter_field,1,sector_or_macro_tailwind_tags,0,weak_growth_signal,2,33,30.0,2
Kumjai Farms Limited,Little or no extractable text (likely scanned PDF — needs OCR).,unknown,,unknown,no_structured_differentiation_tag,DRHP: JITENDRA SUDAM KULKARNI AND GAYATRI JITENDRA KULKARNI; Mr. Aniket Chindarkar SEBI Registration No,Not assessed (no machine-readable text).,bse_sme_ipo_drhp_pipeline,drhp_companies_specified_format.csv+final_merged_dsir_promoters.csv,,,no_structured_differentiation_tag|bse_sme_ipo_drhp_pipeline|not_assessed_(no_machine-readable_text),0,not_classified_manufacturer,0,weak_location_signal,0,no_differentiation_evidence,1,named_individuals_in_promoter_field,1,sector_or_macro_tailwind_tags,0,weak_growth_signal,2,33,30.0,2
L.K.Mehta Polymers Limited,Little or no extractable text (likely scanned PDF — needs OCR).,unknown,,unknown,no_structured_differentiation_tag,DRHP: Ms. Pooja Wadhvani; Mr. Mohit R. Goyal Email Id; Mr. Babu Rapheal; Mr. Kamlesh Mehta; Mr. Rina Mehta; Ms. Aashi Mehta. Company Secretary; Mrs. Pooja Wadhvani. Depositories Act The Depositories; Mrs. Rina Mehta. For; Mrs. Rina Mehta; Ms. Aashi Mehta,Not assessed (no machine-readable text).,bse_sme_ipo_drhp_pipeline,drhp_companies_specified_format.csv+final_merged_dsir_promoters.csv,,,no_structured_differentiation_tag|bse_sme_ipo_drhp_pipeline|not_assessed_(no_machine-readable_text),0,not_classified_manufacturer,0,weak_location_signal,0,no_differentiation_evidence,1,named_individuals_in_promoter_field,1,sector_or_macro_tailwind_tags,0,weak_growth_signal,2,33,30.0,2
LABDHI COMMERCIALS LIMITED,Little or no extractable text (likely scanned PDF — needs OCR).,unspecified_see_drhp,www.bigshareonline.com; www.focl.in; www.labdhi.co.in,Extract from restated financials in DRHP (pattern not matched).,no_structured_differentiation_tag,DRHP: Mr. Nikunj Mahendrabhai Kanabar; Mr. Nikunj Mahendrabhai Kanabar. Corporate Identification Number; Mr. Manoj Kantilal Raka. MOA; Mr. Manoj Kantilal Raka; Mrs. Rakhi Manoj Raka. Promoter Group Such,Not assessed (no machine-readable text).,bse_sme_ipo_drhp_pipeline,drhp_companies_specified_format.csv+final_merged_dsir_promoters.csv,,See DRHP ‘Industry / Business overview’ section.,no_structured_differentiation_tag|bse_sme_ipo_drhp_pipeline|not_assessed_(no_machine-readable_text),0,not_classified_manufacturer,0,weak_location_signal,0,no_differentiation_evidence,1,named_individuals_in_promoter_field,1,sector_or_macro_tailwind_tags,0,weak_growth_signal,2,33,30.0,3
Labelkraft Technologies Limited,Little or no extractable text (likely scanned PDF — needs OCR).,unknown,,unknown,no_structured_differentiation_tag,DRHP: Mr. Mritunjay Kumar; Mr. Sourabh Garg Email; Mr. Babu Rapheal Email; Mr. Ranjeet Kumar Solanki DETAILS OF,Not assessed (no machine-readable text).,bse_sme_ipo_drhp_pipeline,drhp_companies_specified_format.csv+final_merged_dsir_promoters.csv,,,no_structured_differentiation_tag|bse_sme_ipo_drhp_pipeline|not_assessed_(no_machine-readable_text),0,not_classified_manufacturer,0,weak_location_signal,0,no_differentiation_evidence,1,named_individuals_in_promoter_field,1,sector_or_macro_tailwind_tags,0,weak_growth_signal,2,33,30.0,3
Leapfrog Engineering Services Limited,"company, please refer to section titled “",unspecified_see_drhp,www.lesgroup.in,Extract from restated financials in DRHP (pattern not matched).,no_structured_differentiation_tag,DRHP: Ms. Sneha Hegde; Mr. Prabhav Narasimha Rao; Mrs. Priyashaila Prabhav Rao ADDENDUM TO; Mr. S. Ramakrishna Iyengar INTEGRATED REGISTRY MANAGEMENT; Mr. Suresh Bohra Telephone,subsidiary / group structure,bse_sme_ipo_drhp_pipeline,drhp_companies_specified_format.csv+final_merged_dsir_promoters.csv,,See DRHP ‘Industry / Business overview’ section.,no_structured_differentiation_tag|bse_sme_ipo_drhp_pipeline|subsidiary|group_structure,0,not_classified_manufacturer,0,weak_location_signal,0,no_differentiation_evidence,1,named_individuals_in_promoter_field,1,sector_or_macro_tailwind_tags,0,weak_growth_signal,2,33,30.0,2
MAAGH ADVERTISING AND MARKETING SERVICES LIMITED,Little or no extractable text (likely scanned PDF — needs OCR).,unknown,,unknown,no_structured_differentiation_tag,DRHP: Ms. Nidhi Jaiswal,Not assessed (no machine-readable text).,bse_sme_ipo_drhp_pipeline,drhp_companies_specified_format.csv+final_merged_dsir_promoters.csv,,,no_structured_differentiation_tag|bse_sme_ipo_drhp_pipeline|not_assessed_(no_machine-readable_text),0,not_classified_manufacturer,0,weak_location_signal,0,no_differentiation_evidence,1,named_individuals_in_promoter_field,1,sector_or_macro_tailwind_tags,0,weak_growth_signal,2,33,30.0,2
Macfos Limited,Little or no extractable text (likely scanned PDF — needs OCR).,unknown,,unknown,no_structured_differentiation_tag,DRHP: Mr. Sagar Subhash Gulhane; Mr. Binod Prasad CIN Corporate Identification Number,Not assessed (no machine-readable text).,bse_sme_ipo_drhp_pipeline,drhp_companies_specified_format.csv+final_merged_dsir_promoters.csv,,,no_structured_differentiation_tag|bse_sme_ipo_drhp_pipeline|not_assessed_(no_machine-readable_text),0,not_classified_manufacturer,0,weak_location_signal,0,no_differentiation_evidence,1,named_individuals_in_promoter_field,1,sector_or_macro_tailwind_tags,0,weak_growth_signal,2,33,30.0,2
Mahip Industries Ltd,Little or no extractable text (likely scanned PDF — needs OCR).,unknown,,unknown,no_structured_differentiation_tag,DRHP: Ms. Annapoornaben Tarunkumar Agrawal; Mr. Lalit Kumar Verma Companies Act; Mr. Rajiv Govindram Agrawal; Mr. Rajesh Jain; Mr. Bansidhar Jain; Mrs. Anita Garg; Mr. Sanjeev Garg; Mrs. Renu Jain; Mrs. Kaushiya Jain Stakeholders Relationship Committee Stakeholder,Not assessed (no machine-readable text).,bse_sme_ipo_drhp_pipeline,drhp_companies_specified_format.csv+final_merged_dsir_promoters.csv,,,no_structured_differentiation_tag|bse_sme_ipo_drhp_pipeline|not_assessed_(no_machine-readable_text),0,not_classified_manufacturer,0,weak_location_signal,0,no_differentiation_evidence,1,named_individuals_in_promoter_field,1,sector_or_macro_tailwind_tags,0,weak_growth_signal,2,33,30.0,2
Maiden Forgings Limited,Little or no extractable text (likely scanned PDF — needs OCR).,unknown,,unknown,no_structured_differentiation_tag,DRHP: Ms. Monika Negi Company Secretary; Ms. Monika Negi; Mr. Nishant Garg; Ms. Nivedita Garg THE ISSUE INITIAL PUBLIC; Ms. Nivedita Garg,Not assessed (no machine-readable text).,bse_sme_ipo_drhp_pipeline,drhp_companies_specified_format.csv+final_merged_dsir_promoters.csv,,,no_structured_differentiation_tag|bse_sme_ipo_drhp_pipeline|not_assessed_(no_machine-readable_text),0,not_classified_manufacturer,0,weak_location_signal,0,no_differentiation_evidence,1,named_individuals_in_promoter_field,1,sector_or_macro_tailwind_tags,0,weak_growth_signal,2,33,30.0,2
Mangal compusolution limited,Corporate Identity Number (,unspecified_see_drhp,www.jawacapital.in; www.kfintech.com; www.mangalcompusolution.com,Extract from restated financials in DRHP (pattern not matched).,no_structured_differentiation_tag,DRHP: Ms. Foram Rakeshkumar Shah; Mr. Mukesh Khandubhai Desai; Mrs. Binny Pathik Desai; Ms. Archana Sharma SEBI Registration No; Mr. M.Murali Krish; Mr. M.Murali Krishna SEBI Registration No,subsidiary / group structure,bse_sme_ipo_drhp_pipeline,drhp_companies_specified_format.csv+final_merged_dsir_promoters.csv,,See DRHP ‘Industry / Business overview’ section.,no_structured_differentiation_tag|bse_sme_ipo_drhp_pipeline|subsidiary|group_structure,0,not_classified_manufacturer,0,weak_location_signal,0,no_differentiation_evidence,1,named_individuals_in_promoter_field,1,sector_or_macro_tailwind_tags,0,weak_growth_signal,2,33,30.0,2
Mangalam Alloys Limited,Little or no extractable text (likely scanned PDF — needs OCR).,unknown,,unknown,no_structured_differentiation_tag,DRHP: Mr. Viplove Singh Kushwah; Mr. Uttamchand Chandanmal Mehta; Mr. Tushar Uttamchand Mehta. Promoter Group Includes; Mr. Uttamchand Mehta; Mr. Maheshchand Jain. Stock Exchange Unless,Not assessed (no machine-readable text).,bse_sme_ipo_drhp_pipeline,drhp_companies_specified_format.csv+final_merged_dsir_promoters.csv,,,no_structured_differentiation_tag|bse_sme_ipo_drhp_pipeline|not_assessed_(no_machine-readable_text),0,not_classified_manufacturer,0,weak_location_signal,0,no_differentiation_evidence,1,named_individuals_in_promoter_field,1,sector_or_macro_tailwind_tags,0,weak_growth_signal,2,33,30.0,2
Manoj Ceramic Limited,Little or no extractable text (likely scanned PDF — needs OCR).,unknown,,unknown,no_structured_differentiation_tag,DRHP: Ms. Krupa Thakkar; Mr. Manoj Dharamshi Rakhasiya; Mrs. Anjana Manoj Rakhasiya; Mr. Dhruv Manoj Rakhasiya; Mrs. Manasvi Dhruv Rakhasiya; Ms. Deepali Dhuri Telephone; Mr. Akash Manoj Rakhasiya; Mr. Aakash Manoj Rakhasiya; Mr. Manoj Dha; Mr. Manoj Dharamshi Rakhasiya Director,Not assessed (no machine-readable text).,bse_sme_ipo_drhp_pipeline,drhp_companies_specified_format.csv+final_merged_dsir_promoters.csv,,,no_structured_differentiation_tag|bse_sme_ipo_drhp_pipeline|not_assessed_(no_machine-readable_text),0,not_classified_manufacturer,0,weak_location_signal,0,no_differentiation_evidence,1,named_individuals_in_promoter_field,1,sector_or_macro_tailwind_tags,0,weak_growth_signal,2,33,30.0,2
Manoj Jewellers Limited,PERSON EMAIL AND TELEPHONE WEBSITE,unspecified_see_drhp,http://www.manojjewellerslimited.com; https://manojjewellerslimited; www.jawacapital.in; www.skylinerta.com,Extract from restated financials in DRHP (pattern not matched).,no_structured_differentiation_tag,DRHP: Ms. Vaneeta Khanna; Ms. Vaneeta Khanna. DIN Directors Identification Number; Mr. Manoj Kumar. MOA; Mr. Manoj Kumar; Mr. Sunil Shantilal; Ms. Raj Kumari; Ms. Shalu. For; Mr. Shantilal Sammirmal Jain. Stakeholders Relationship Committee; Ms. Raj Kumari. KEY PERFORMANCE INDICATORS Key,Not assessed (no machine-readable text).,bse_sme_ipo_drhp_pipeline,drhp_companies_specified_format.csv+final_merged_dsir_promoters.csv,,See DRHP ‘Industry / Business overview’ section.,no_structured_differentiation_tag|bse_sme_ipo_drhp_pipeline|not_assessed_(no_machine-readable_text),0,not_classified_manufacturer,0,weak_location_signal,0,no_differentiation_evidence,1,named_individuals_in_promoter_field,1,sector_or_macro_tailwind_tags,0,weak_growth_signal,2,33,30.0,3
Markolines Traffic Controls Limited,Little or no extractable text (likely scanned PDF — needs OCR).,unknown,,unknown,no_structured_differentiation_tag,DRHP: Mr. Parag Sudhir Jagdale; Mr. Sanjay Bhanudas Patil; Mr. Karan Atul Bora,Not assessed (no machine-readable text).,bse_sme_ipo_drhp_pipeline,drhp_companies_specified_format.csv+final_merged_dsir_promoters.csv,,,no_structured_differentiation_tag|bse_sme_ipo_drhp_pipeline|not_assessed_(no_machine-readable_text),0,not_classified_manufacturer,0,weak_location_signal,0,no_differentiation_evidence,1,named_individuals_in_promoter_field,1,sector_or_macro_tailwind_tags,0,weak_growth_signal,2,33,30.0,2
Maruti Interior Products Limited,Little or no extractable text (likely scanned PDF — needs OCR).,unknown,,unknown,no_structured_differentiation_tag,DRHP: Ms. Deepali Malpani; Mr. Paresh P. Lunagaria; Mr. Purushotam R. Lunagaria THE ISSUE PUBLIC; Mr. Purushotam R. Lunagaria Promoter Group Such; Mr. Nirmal P. Lunagaria Company Secretary; Ms. Deepali Malpani Director,Not assessed (no machine-readable text).,bse_sme_ipo_drhp_pipeline,drhp_companies_specified_format.csv+final_merged_dsir_promoters.csv,,,no_structured_differentiation_tag|bse_sme_ipo_drhp_pipeline|not_assessed_(no_machine-readable_text),0,not_classified_manufacturer,0,weak_location_signal,0,no_differentiation_evidence,1,named_individuals_in_promoter_field,1,sector_or_macro_tailwind_tags,0,weak_growth_signal,2,33,30.0,2
Matangi Rubber Limited,"Subsequently, our Company was converted into a Public Limited Company under the Companies Act, 2013 pursuant to a special resolution passed by the shareholders of our Company on November 04, 2024 and the n ame was changed to “Matangi Rubber Limited” pursuant to a fresh Certificat...",unspecified_see_drhp,www.bigshareonline.com; www.matangirubber.com; www.sarthi.in,Extract from restated financials in DRHP (pattern not matched).,no_structured_differentiation_tag,Mr. Mohit Gupta,subsidiary / group structure,bse_sme_ipo_drhp_pipeline,drhp_companies_specified_format.csv+final_merged_dsir_promoters.csv,,See DRHP ‘Industry / Business overview’ section.,no_structured_differentiation_tag|bse_sme_ipo_drhp_pipeline|subsidiary|group_structure,0,not_classified_manufacturer,0,weak_location_signal,0,no_differentiation_evidence,1,named_individuals_in_promoter_field,1,sector_or_macro_tailwind_tags,0,weak_growth_signal,2,33,30.0,2
Mayank Cattle Food Limited,Little or no extractable text (likely scanned PDF — needs OCR).,unknown,,unknown,no_structured_differentiation_tag,DRHP: Mrs. Payalben Mrugesh Pandya Company Secretary; Mr. S. Ramakrishna Iyengar Telephone; Ms. K. Sreepriya Telephone; Mr. Ankit Bharatbhai Vachhani; Mrs. Payalben Mrugesh Pandya,Not assessed (no machine-readable text).,bse_sme_ipo_drhp_pipeline,drhp_companies_specified_format.csv+final_merged_dsir_promoters.csv,,,no_structured_differentiation_tag|bse_sme_ipo_drhp_pipeline|not_assessed_(no_machine-readable_text),0,not_classified_manufacturer,0,weak_location_signal,0,no_differentiation_evidence,1,named_individuals_in_promoter_field,1,sector_or_macro_tailwind_tags,0,weak_growth_signal,2,33,30.0,2
Meera Industries Ltd,Little or no extractable text (likely scanned PDF — needs OCR).,unknown,,unknown,no_structured_differentiation_tag,DRHP: Ms. Bhavisha K. Khakhkhar; Mr. Dharmesh V. Desai; Mrs. Bijal D. Desai. Promoter Group Such,Not assessed (no machine-readable text).,bse_sme_ipo_drhp_pipeline,drhp_companies_specified_format.csv+final_merged_dsir_promoters.csv,,,no_structured_differentiation_tag|bse_sme_ipo_drhp_pipeline|not_assessed_(no_machine-readable_text),0,not_classified_manufacturer,0,weak_location_signal,0,no_differentiation_evidence,1,named_individuals_in_promoter_field,1,sector_or_macro_tailwind_tags,0,weak_growth_signal,2,33,30.0,2
Meson Valves India Limited,Little or no extractable text (likely scanned PDF — needs OCR).,unknown,,unknown,no_structured_differentiation_tag,DRHP: BRIJESH MADHAV MANERIKAR; SWAROOP RAGHUVIR NATEKAR; Mr. Parth Shah; Ms. Kritika Rupda E-mail,Not assessed (no machine-readable text).,bse_sme_ipo_drhp_pipeline,drhp_companies_specified_format.csv+final_merged_dsir_promoters.csv,,,no_structured_differentiation_tag|bse_sme_ipo_drhp_pipeline|not_assessed_(no_machine-readable_text),0,not_classified_manufacturer,0,weak_location_signal,0,no_differentiation_evidence,1,named_individuals_in_promoter_field,1,sector_or_macro_tailwind_tags,0,weak_growth_signal,2,33,30.0,2
MILAN GINNING PRESSING LIMITED,& FACTORY CONTACT PERSON EMAIL AND TELEPHONE,unspecified_see_drhp,www.milangroupindia.com,Extract from restated financials in DRHP (pattern not matched).,no_structured_differentiation_tag,DRHP: Mr. S. Ramakrishna Iyengar Telephone,subsidiary / group structure,bse_sme_ipo_drhp_pipeline,drhp_companies_specified_format.csv+final_merged_dsir_promoters.csv,,See DRHP ‘Industry / Business overview’ section.,no_structured_differentiation_tag|bse_sme_ipo_drhp_pipeline|subsidiary|group_structure,0,not_classified_manufacturer,0,weak_location_signal,0,no_differentiation_evidence,1,named_individuals_in_promoter_field,1,sector_or_macro_tailwind_tags,0,weak_growth_signal,2,33,30.0,2
Misquita Engineering Limited,Little or no extractable text (likely scanned PDF — needs OCR).,unknown,,unknown,no_structured_differentiation_tag,DRHP: Ms. Bhawini Surana; Mr. Thomas Constance Avinash Misquita; Ms. Gail Lucia Misquita Promoter Group Persons; Mr. Thomas Constance Avinash Misquita Stakeholders,Not assessed (no machine-readable text).,bse_sme_ipo_drhp_pipeline,drhp_companies_specified_format.csv+final_merged_dsir_promoters.csv,,,no_structured_differentiation_tag|bse_sme_ipo_drhp_pipeline|not_assessed_(no_machine-readable_text),0,not_classified_manufacturer,0,weak_location_signal,0,no_differentiation_evidence,1,named_individuals_in_promoter_field,1,sector_or_macro_tailwind_tags,0,weak_growth_signal,2,33,30.0,2
Monarch Surveyors and Engineering Consultants Limited,Bidder/ Investor Any prospective investor who makes a bid for Equity Shares in terms of Red Herring Prospectus.,unspecified_see_drhp,www.monarchconsultants.in,Extract from restated financials in DRHP (pattern not matched).,no_structured_differentiation_tag,Mr. Dattatraya Mohaniraj Karpe,subsidiary / group structure,bse_sme_ipo_drhp_pipeline,drhp_companies_specified_format.csv+final_merged_dsir_promoters.csv,,See DRHP ‘Industry / Business overview’ section.,no_structured_differentiation_tag|bse_sme_ipo_drhp_pipeline|subsidiary|group_structure,0,not_classified_manufacturer,0,weak_location_signal,0,no_differentiation_evidence,1,named_individuals_in_promoter_field,1,sector_or_macro_tailwind_tags,0,weak_growth_signal,2,33,30.0,2
Nanavati Ventures Limited,Little or no extractable text (likely scanned PDF — needs OCR).,unknown,,unknown,no_structured_differentiation_tag,DRHP: Mr. Pankaj Valjibhai Pandav; Mrs. Kashmira Hemantkumar Nanavati; Mr. Shreykumar Hasmukhbhai Sheth; Ms. Vaishnavi Hemantkumar Nanavati Promoter Group Includes; Mr. Yashkumar Sarjubhai Trivedi,Not assessed (no machine-readable text).,bse_sme_ipo_drhp_pipeline,drhp_companies_specified_format.csv+final_merged_dsir_promoters.csv,,,no_structured_differentiation_tag|bse_sme_ipo_drhp_pipeline|not_assessed_(no_machine-readable_text),0,not_classified_manufacturer,0,weak_location_signal,0,no_differentiation_evidence,1,named_individuals_in_promoter_field,1,sector_or_macro_tailwind_tags,0,weak_growth_signal,2,33,30.0,2
NATURO INDIABULL LIMITED,Little or no extractable text (likely scanned PDF — needs OCR).,unknown,,unknown,no_structured_differentiation_tag,DRHP: Ms. Shalini Joshi; Ms. Jyoti Choudhary; Mr. Gaurav Jain DETAILS OF OFFER TO; Mr. S. Ramakrishna Iyengar Telephone; Ms. Shanti Gopalkrishnan Telephone; Ms. JYOTI CHOUDHARY; Mr. GAURAV JAIN THE ISSUE INITIAL PUBLIC; Mr. Gaurav Jain; Mr. Rahul Khurana,Not assessed (no machine-readable text).,bse_sme_ipo_drhp_pipeline,drhp_companies_specified_format.csv+final_merged_dsir_promoters.csv,,,no_structured_differentiation_tag|bse_sme_ipo_drhp_pipeline|not_assessed_(no_machine-readable_text),0,not_classified_manufacturer,0,weak_location_signal,0,no_differentiation_evidence,1,named_individuals_in_promoter_field,1,sector_or_macro_tailwind_tags,0,weak_growth_signal,2,33,30.0,2
NIS Management Limited,"Opening Date with the relevant financial ratios calculated at the Floor Price and at the Cap Price, and shall be made available to the Stock Exchanges for the purpose of uploading on their respective websites. Pri",unspecified_see_drhp,www.nis.co.in,Extract from restated financials in DRHP (pattern not matched).,no_structured_differentiation_tag,DRHP: Ms. Ramyani Chatterjee Company Secretary; Mr. Debajit Choudhury Promoter Upto; Ms. Ramyani Chatterjee OUR; Mr. Debajit Choudhury; Ms. Rina Choudhury; Ms. Susmita Mukherjee; Ms. Debahuti Chatterjee; Ms. Nita Dey; Ms. Ramyani Chatterjee; Mr. Kanad Mukherjee,subsidiary / group structure,bse_sme_ipo_drhp_pipeline,drhp_companies_specified_format.csv+final_merged_dsir_promoters.csv,,See DRHP ‘Industry / Business overview’ section.,no_structured_differentiation_tag|bse_sme_ipo_drhp_pipeline|subsidiary|group_structure,0,not_classified_manufacturer,0,weak_location_signal,0,no_differentiation_evidence,1,named_individuals_in_promoter_field,1,sector_or_macro_tailwind_tags,0,weak_growth_signal,2,33,30.0,2
NISUS FINANCE SERVICE CO LIMITED,LOCATED),unspecified_see_drhp,www.beelinemb.com; www.nisusfin.com; www.skylinerta.com,₹25–100 Cr (approx from lakhs),no_structured_differentiation_tag,DRHP: Dr. Annie Besant Road; Mr. Nikhil Shah CIN; Dr. Ambedkar Road Near Kapole Niwas; Dr Ambedkar Road,subsidiary / group structure,bse_sme_ipo_drhp_pipeline,drhp_companies_specified_format.csv+final_merged_dsir_promoters.csv,,See DRHP ‘Industry / Business overview’ section.,no_structured_differentiation_tag|bse_sme_ipo_drhp_pipeline|subsidiary|group_structure,0,not_classified_manufacturer,0,weak_location_signal,0,no_differentiation_evidence,1,named_individuals_in_promoter_field,1,sector_or_macro_tailwind_tags,0,weak_growth_signal,2,33,30.0,2
Northern Spirits Ltd,Little or no extractable text (likely scanned PDF — needs OCR).,unknown,,unknown,no_structured_differentiation_tag,DRHP: Ms. Nikita Sureka; Mr. Kulbir Bakshi; Mr. Anuj Bakshi; Mr. Ankush Bakshi; Mr. Amit Kumar,Not assessed (no machine-readable text).,bse_sme_ipo_drhp_pipeline,drhp_companies_specified_format.csv+final_merged_dsir_promoters.csv,,,no_structured_differentiation_tag|bse_sme_ipo_drhp_pipeline|not_assessed_(no_machine-readable_text),0,not_classified_manufacturer,0,weak_location_signal,0,no_differentiation_evidence,1,named_individuals_in_promoter_field,1,sector_or_macro_tailwind_tags,0,weak_growth_signal,2,33,30.0,2
Novateor Research Laboratories Limited,Little or no extractable text (likely scanned PDF — needs OCR).,unknown,,unknown,no_structured_differentiation_tag,DRHP: Mr. Navdeep Subhashbhai Mehta; Mrs. Tejal Navdeep Mehta Promoter Companies,Not assessed (no machine-readable text).,bse_sme_ipo_drhp_pipeline,drhp_companies_specified_format.csv+final_merged_dsir_promoters.csv,,,no_structured_differentiation_tag|bse_sme_ipo_drhp_pipeline|not_assessed_(no_machine-readable_text),0,not_classified_manufacturer,0,weak_location_signal,0,no_differentiation_evidence,1,named_individuals_in_promoter_field,1,sector_or_macro_tailwind_tags,0,weak_growth_signal,2,33,30.0,2
Olatech Solutions Limited,Little or no extractable text (likely scanned PDF — needs OCR).,unknown,,unknown,no_structured_differentiation_tag,DRHP: Mr. Nitin Patidar; Ms. Kruti Doshi E-mail; Ms. Rati Gupta E-mail; Mr. Nitin Patidar Corporate Identification Number; Mr. Amit Kumar Singh MOA; Mr. Amit Kumar Singh Promoter Group Such,Not assessed (no machine-readable text).,bse_sme_ipo_drhp_pipeline,drhp_companies_specified_format.csv+final_merged_dsir_promoters.csv,,,no_structured_differentiation_tag|bse_sme_ipo_drhp_pipeline|not_assessed_(no_machine-readable_text),0,not_classified_manufacturer,0,weak_location_signal,0,no_differentiation_evidence,1,named_individuals_in_promoter_field,1,sector_or_macro_tailwind_tags,0,weak_growth_signal,2,33,30.0,2
Oliria Foods and Beverages Limited,Little or no extractable text (likely scanned PDF — needs OCR).,unknown,,unknown,no_structured_differentiation_tag,DRHP: Mr. Akun Goyal Email; Mr. Babu Rapheal Email,Not assessed (no machine-readable text).,bse_sme_ipo_drhp_pipeline,drhp_companies_specified_format.csv+final_merged_dsir_promoters.csv,,,no_structured_differentiation_tag|bse_sme_ipo_drhp_pipeline|not_assessed_(no_machine-readable_text),0,not_classified_manufacturer,0,weak_location_signal,0,no_differentiation_evidence,1,named_individuals_in_promoter_field,1,sector_or_macro_tailwind_tags,0,weak_growth_signal,2,33,30.0,2
Organic Recycling Systems Limited,Little or no extractable text (likely scanned PDF — needs OCR).,unknown,,unknown,no_structured_differentiation_tag,DRHP: Ms. Zinal Mukund Shah Email; Ms. Zinal Mukund Shah; Mr. Sarang Bhand. For; Mr. Sarang Bhand; Mrs. Smita Suhas Bhand You,Not assessed (no machine-readable text).,bse_sme_ipo_drhp_pipeline,drhp_companies_specified_format.csv,,,no_structured_differentiation_tag|bse_sme_ipo_drhp_pipeline|not_assessed_(no_machine-readable_text),0,not_classified_manufacturer,0,weak_location_signal,0,no_differentiation_evidence,1,named_individuals_in_promoter_field,1,sector_or_macro_tailwind_tags,0,weak_growth_signal,2,33,30.0,1
PACE E-COMMERCE VENTURES LIMITED,Little or no extractable text (likely scanned PDF — needs OCR).,unknown,,unknown,no_structured_differentiation_tag,DRHP: Ms. Nikita Pediwal; Mr. Shaival Dharmendra Gandhi Type Fresh Issue; Mr. Shaival Gandhi Promoter Group Companies; Ms. Nikita Pediwal. Chief Financial Officer; Mr. Shaival Gandhi. Act; Mr. Kaushal Jitendra Doshi; Mr. Shaival Gandhi. For,Not assessed (no machine-readable text).,bse_sme_ipo_drhp_pipeline,drhp_companies_specified_format.csv+final_merged_dsir_promoters.csv,,,no_structured_differentiation_tag|bse_sme_ipo_drhp_pipeline|not_assessed_(no_machine-readable_text),0,not_classified_manufacturer,0,weak_location_signal,0,no_differentiation_evidence,1,named_individuals_in_promoter_field,1,sector_or_macro_tailwind_tags,0,weak_growth_signal,2,33,30.0,2
PARAMOUNT SYNTEX LIMITED,"Bhuwan, Hazrat Abbas Raod, 3Samuel Street, Vadgadi Masjid, Chinchbunder, Princess",unspecified_see_drhp,www.paramountsyntex.com; www.sobhagyacapital.com,Extract from restated financials in DRHP (pattern not matched).,no_structured_differentiation_tag,DRHP: Ms. Bharti Singh Company Secretary; Mr. Rishabh Singhvi; Mrs. Menka Jha SEBI; Mrs. Bharti Singh,subsidiary / group structure,bse_sme_ipo_drhp_pipeline,drhp_companies_specified_format.csv+final_merged_dsir_promoters.csv,,See DRHP ‘Industry / Business overview’ section.,no_structured_differentiation_tag|bse_sme_ipo_drhp_pipeline|subsidiary|group_structure,0,not_classified_manufacturer,0,weak_location_signal,0,no_differentiation_evidence,1,named_individuals_in_promoter_field,1,sector_or_macro_tailwind_tags,0,weak_growth_signal,2,33,30.0,3
Party Cruisers Limited,Little or no extractable text (likely scanned PDF — needs OCR).,unknown,,unknown,no_structured_differentiation_tag,DRHP: Mr. Rushabh Shroff; Mr. Satish Sheth; Ms. Mala So SEBI Registration No; Mr. Arihant R. Sukhlecha; Mr. Arihant R. Sukhlecha Director; Mr. Zuzer Hatim Lucknowala; Mrs. Rachana Zuzer Lucknowala Promoter Companies,Not assessed (no machine-readable text).,bse_sme_ipo_drhp_pipeline,drhp_companies_specified_format.csv+final_merged_dsir_promoters.csv,,,no_structured_differentiation_tag|bse_sme_ipo_drhp_pipeline|not_assessed_(no_machine-readable_text),0,not_classified_manufacturer,0,weak_location_signal,0,no_differentiation_evidence,1,named_individuals_in_promoter_field,1,sector_or_macro_tailwind_tags,0,weak_growth_signal,2,33,30.0,2
PATRON EXIM LIMITED,Little or no extractable text (likely scanned PDF — needs OCR).,unknown,,unknown,no_structured_differentiation_tag,DRHP: Mr. Narendrakumar Patel; Mrs. Sushilabahen Patel Type Fresh Issue Size; Mrs. Sushilabahen Patel Promoter Group Companies; Mrs. Sonia Kakani. Chief Financial Officer; Mr. Hardikkumar Patel. Act; Mr. Narendrakumar Gangaramdas Patel; Mrs. Sushilabahen Narendrakumar Patel. For,Not assessed (no machine-readable text).,bse_sme_ipo_drhp_pipeline,drhp_companies_specified_format.csv+final_merged_dsir_promoters.csv,,,no_structured_differentiation_tag|bse_sme_ipo_drhp_pipeline|not_assessed_(no_machine-readable_text),0,not_classified_manufacturer,0,weak_location_signal,0,no_differentiation_evidence,1,named_individuals_in_promoter_field,1,sector_or_macro_tailwind_tags,0,weak_growth_signal,2,33,30.0,2
Pearl Green Clubs and Resorts Limited,Little or no extractable text (likely scanned PDF — needs OCR).,unknown,,unknown,no_structured_differentiation_tag,DRHP: Ms. Kanika Wasson Company Secretary; Mr. Hemantsingh Naharsingh Jhala; Mr. Vikas Kumar Verma Email; Ms. K. Sreepriya Email; Mrs. Rekhadevi Hemantsingh Jhala. Promoters Group,Not assessed (no machine-readable text).,bse_sme_ipo_drhp_pipeline,drhp_companies_specified_format.csv+final_merged_dsir_promoters.csv,,,no_structured_differentiation_tag|bse_sme_ipo_drhp_pipeline|not_assessed_(no_machine-readable_text),0,not_classified_manufacturer,0,weak_location_signal,0,no_differentiation_evidence,1,named_individuals_in_promoter_field,1,sector_or_macro_tailwind_tags,0,weak_growth_signal,2,33,30.0,2
Piotex Industries Limited,Little or no extractable text (likely scanned PDF — needs OCR).,unknown,,unknown,no_structured_differentiation_tag,DRHP: Mr. Mahendra Singh Rajpoot; Mr. Yogesh Omprakash Nimodiya; Mr. Abhay Shriram Asalkar; Mrs. Chaitali Abhay Asalkar; Mrs. Sandhya Nimodiya; Mr. Hitesh Loonia; Mr. Rupali Vinayak Hattikatti; Mr. Bharat Rikhabchand Dugad,Not assessed (no machine-readable text).,bse_sme_ipo_drhp_pipeline,drhp_companies_specified_format.csv+final_merged_dsir_promoters.csv,,,no_structured_differentiation_tag|bse_sme_ipo_drhp_pipeline|not_assessed_(no_machine-readable_text),0,not_classified_manufacturer,0,weak_location_signal,0,no_differentiation_evidence,1,named_individuals_in_promoter_field,1,sector_or_macro_tailwind_tags,0,weak_growth_signal,2,33,30.0,2
PlatinumOne Business Services Limited,Little or no extractable text (likely scanned PDF — needs OCR).,unknown,,unknown,no_structured_differentiation_tag,DRHP: Ms. Sony Devhare; Mr. Amey Narendra Saxena Materiality Policy; Mr. Amey Narendra Saxena; Mr. Ratul Lahiri; Mr. Vivek Yogendra Kumar,Not assessed (no machine-readable text).,bse_sme_ipo_drhp_pipeline,drhp_companies_specified_format.csv+final_merged_dsir_promoters.csv,,,no_structured_differentiation_tag|bse_sme_ipo_drhp_pipeline|not_assessed_(no_machine-readable_text),0,not_classified_manufacturer,0,weak_location_signal,0,no_differentiation_evidence,1,named_individuals_in_promoter_field,1,sector_or_macro_tailwind_tags,0,weak_growth_signal,2,33,30.0,2
Prevest Denpro Limited,Little or no extractable text (likely scanned PDF — needs OCR).,unspecified_see_drhp,www.bigshareonline.com; www.hemsecurities.com; www.prevestdenpro.com,Extract from restated financials in DRHP (pattern not matched).,no_structured_differentiation_tag,DRHP: Ms. Komal Mehra; Mr. Atul Modi; Mrs. Namrata Modi THE ISSUE INITIAL PUBLIC,Not assessed (no machine-readable text).,bse_sme_ipo_drhp_pipeline,drhp_companies_specified_format.csv+final_merged_dsir_promoters.csv,,See DRHP ‘Industry / Business overview’ section.,no_structured_differentiation_tag|bse_sme_ipo_drhp_pipeline|not_assessed_(no_machine-readable_text),0,not_classified_manufacturer,0,weak_location_signal,0,no_differentiation_evidence,1,named_individuals_in_promoter_field,1,sector_or_macro_tailwind_tags,0,weak_growth_signal,2,33,30.0,3
Promax Power Ltd,Little or no extractable text (likely scanned PDF — needs OCR).,unknown,,unknown,no_structured_differentiation_tag,DRHP: Mrs. Puneet Kaur; Mr. VISHAL BHARDWAJ; Mrs. SHWETA BHARDWAJ THE ISSUE INITIAL PUBLIC; Mr. Vishal Bhardwaj; Mrs. Shweta Bhardwaj; Mr. Amar Nath Dey,Not assessed (no machine-readable text).,bse_sme_ipo_drhp_pipeline,drhp_companies_specified_format.csv+final_merged_dsir_promoters.csv,,,no_structured_differentiation_tag|bse_sme_ipo_drhp_pipeline|not_assessed_(no_machine-readable_text),0,not_classified_manufacturer,0,weak_location_signal,0,no_differentiation_evidence,1,named_individuals_in_promoter_field,1,sector_or_macro_tailwind_tags,0,weak_growth_signal,2,33,30.0,2
PROSPECT COMMODITIES LIMITED,Little or no extractable text (likely scanned PDF — needs OCR).,unknown,,unknown,no_structured_differentiation_tag,DRHP: Ms. Bhargavi Pandya. Chief Financial Officer; Vimal Mishra; Priyanka Mishra,Not assessed (no machine-readable text).,bse_sme_ipo_drhp_pipeline,drhp_companies_specified_format.csv+final_merged_dsir_promoters.csv,,,no_structured_differentiation_tag|bse_sme_ipo_drhp_pipeline|not_assessed_(no_machine-readable_text),0,not_classified_manufacturer,0,weak_location_signal,0,no_differentiation_evidence,1,named_individuals_in_promoter_field,1,sector_or_macro_tailwind_tags,0,weak_growth_signal,2,33,30.0,2
Pune E - Stock Broking Limited,Little or no extractable text (likely scanned PDF — needs OCR).,unknown,,unknown,no_structured_differentiation_tag,DRHP: Mr. Daidipya Ghodnadikar,Not assessed (no machine-readable text).,bse_sme_ipo_drhp_pipeline,drhp_companies_specified_format.csv+final_merged_dsir_promoters.csv,,,no_structured_differentiation_tag|bse_sme_ipo_drhp_pipeline|not_assessed_(no_machine-readable_text),0,not_classified_manufacturer,0,weak_location_signal,0,no_differentiation_evidence,1,named_individuals_in_promoter_field,1,sector_or_macro_tailwind_tags,0,weak_growth_signal,2,33,30.0,2
Quality RO Industries Limited,Little or no extractable text (likely scanned PDF — needs OCR).,unknown,,unknown,no_structured_differentiation_tag,DRHP: Mr. Vivek Dholiya; Mr. Narendra Gupta; Mr. Vivek Dholiya. MOA; Mr. Vivek Dholiya. For; Mrs. Damini Dholiya. Stakeholders Relationship Committee,Not assessed (no machine-readable text).,bse_sme_ipo_drhp_pipeline,drhp_companies_specified_format.csv+final_merged_dsir_promoters.csv,,,no_structured_differentiation_tag|bse_sme_ipo_drhp_pipeline|not_assessed_(no_machine-readable_text),0,not_classified_manufacturer,0,weak_location_signal,0,no_differentiation_evidence,1,named_individuals_in_promoter_field,1,sector_or_macro_tailwind_tags,0,weak_growth_signal,2,33,30.0,2
Rainbow Crop Health Limited,Little or no extractable text (likely scanned PDF — needs OCR).,unknown,,unknown,no_structured_differentiation_tag,DRHP: Ms. Ginny Uppal; Mr. Ajay Rulhania; Ms. Rekha Rani. Promoters Group Companies; Ms. Rekha Rani. For,Not assessed (no machine-readable text).,bse_sme_ipo_drhp_pipeline,drhp_companies_specified_format.csv+final_merged_dsir_promoters.csv,,,no_structured_differentiation_tag|bse_sme_ipo_drhp_pipeline|not_assessed_(no_machine-readable_text),0,not_classified_manufacturer,0,weak_location_signal,0,no_differentiation_evidence,1,named_individuals_in_promoter_field,1,sector_or_macro_tailwind_tags,0,weak_growth_signal,2,33,30.0,2
Rajat City Developers Limited,Little or no extractable text (likely scanned PDF — needs OCR).,unknown,,unknown,no_structured_differentiation_tag,DRHP: Dr. Rajat Arora Registered Office; Dr. Rajat Arora; Dr. Jagdish Kumar Arora,Not assessed (no machine-readable text).,bse_sme_ipo_drhp_pipeline,drhp_companies_specified_format.csv+final_merged_dsir_promoters.csv,,,no_structured_differentiation_tag|bse_sme_ipo_drhp_pipeline|not_assessed_(no_machine-readable_text),0,not_classified_manufacturer,0,weak_location_signal,0,no_differentiation_evidence,1,named_individuals_in_promoter_field,1,sector_or_macro_tailwind_tags,0,weak_growth_signal,2,33,30.0,2
Ramsons Food Products Limited,Little or no extractable text (likely scanned PDF — needs OCR).,unknown,,unknown,no_structured_differentiation_tag,DRHP: Ms. Priya Dubey; Mr. Ashok Gupta; Mr. Pardeep Kumar Gupta; Mr. Bhushan Gupta; Ms. Archana Gupta; Mr. Anu Gupta; Ms. Anita Gupta; Ms. Sandhya Gupta Promoters Group Companies; Ms. Sandhya Gupta. For,Not assessed (no machine-readable text).,bse_sme_ipo_drhp_pipeline,drhp_companies_specified_format.csv+final_merged_dsir_promoters.csv,,,no_structured_differentiation_tag|bse_sme_ipo_drhp_pipeline|not_assessed_(no_machine-readable_text),0,not_classified_manufacturer,0,weak_location_signal,0,no_differentiation_evidence,1,named_individuals_in_promoter_field,1,sector_or_macro_tailwind_tags,0,weak_growth_signal,2,33,30.0,2
RAPID MULTIMODAL LOGISTICS LIMITED,Little or no extractable text (likely scanned PDF — needs OCR).,unknown,,unknown,no_structured_differentiation_tag,DRHP: Mr. Narayan Agarwal; Mr. Naryan Agarwal; Mr. Manoj Goel; Mr. Summit Agarwal; Ms. Nidhi Agarwal DETAILS OF THE OFFER; Mr. Narayan Agarwal Managing Director Email Id; Mr. Ravi Bombarde Email; Mr. Vinayak Morbale Email; Ms. Nidhi Agarwal THE ISSUE PUBLIC ISSUE; Ms. Nidhi Agarwal,Not assessed (no machine-readable text).,bse_sme_ipo_drhp_pipeline,drhp_companies_specified_format.csv+final_merged_dsir_promoters.csv,,,no_structured_differentiation_tag|bse_sme_ipo_drhp_pipeline|not_assessed_(no_machine-readable_text),0,not_classified_manufacturer,0,weak_location_signal,0,no_differentiation_evidence,1,named_individuals_in_promoter_field,1,sector_or_macro_tailwind_tags,0,weak_growth_signal,2,33,30.0,2
RESGEN LIMITED,Little or no extractable text (likely scanned PDF — needs OCR).,unknown,,unknown,no_structured_differentiation_tag,DRHP: Mr. Karan Atul Bora Managing Director Email; Ms. Dimple Magharam Slun Email; Mr. Swapnil Kate Email; Mr. Karan Atul Bora; Mr. Kunal Atul Bora For,Not assessed (no machine-readable text).,bse_sme_ipo_drhp_pipeline,drhp_companies_specified_format.csv+final_merged_dsir_promoters.csv,,,no_structured_differentiation_tag|bse_sme_ipo_drhp_pipeline|not_assessed_(no_machine-readable_text),0,not_classified_manufacturer,0,weak_location_signal,0,no_differentiation_evidence,1,named_individuals_in_promoter_field,1,sector_or_macro_tailwind_tags,0,weak_growth_signal,2,33,30.0,2
Resvera Wines Limited,Little or no extractable text (likely scanned PDF — needs OCR).,unknown,,unknown,no_structured_differentiation_tag,DRHP: Ms. Megha Vyas; Mr. Jinesh Doshi Email; Ms. Megha Vyas Corporate Identification Number; Mr. Nikhil Rajendra Khode MOA; Mrs. Komal Piyush Somani; Mr. Nikhil Rajendra Khode. Promoter Group Such,Not assessed (no machine-readable text).,bse_sme_ipo_drhp_pipeline,drhp_companies_specified_format.csv+final_merged_dsir_promoters.csv,,,no_structured_differentiation_tag|bse_sme_ipo_drhp_pipeline|not_assessed_(no_machine-readable_text),0,not_classified_manufacturer,0,weak_location_signal,0,no_differentiation_evidence,1,named_individuals_in_promoter_field,1,sector_or_macro_tailwind_tags,0,weak_growth_signal,2,33,30.0,2
RETINA PAINTS LIMITED,Little or no extractable text (likely scanned PDF — needs OCR).,unknown,,unknown,no_structured_differentiation_tag,DRHP: Mr. Krishnamachari Ramu Company Secretary; Ms. Dimple Magharam Slun Email; Mr. Swapnil Kate E-mail; Mr. Krishnamachari Ramu; Mr. Rakesh Dommati; Ms. Rajitha Koyyada DETAILS OF THE ISSUE; Ms. Rajitha Koyyada For,Not assessed (no machine-readable text).,bse_sme_ipo_drhp_pipeline,drhp_companies_specified_format.csv+final_merged_dsir_promoters.csv,,,no_structured_differentiation_tag|bse_sme_ipo_drhp_pipeline|not_assessed_(no_machine-readable_text),0,not_classified_manufacturer,0,weak_location_signal,0,no_differentiation_evidence,1,named_individuals_in_promoter_field,1,sector_or_macro_tailwind_tags,0,weak_growth_signal,2,33,30.0,2
Rikhav Securities Limited,Identification Number of our Company is U99999MH1995PLC086635.,unspecified_see_drhp,https://www.rikhav.net/,Extract from restated financials in DRHP (pattern not matched).,no_structured_differentiation_tag,DRHP: Ms. Sona Jain; Mr. Harshil Mahesh Shah; Mr. Harsh Mahesh Shah; Mr. Darshan Vikram Shah; Mr. Dhruvil Vikram Shah; Ms. Daksha Sharad Maniyar Public Selling Shareholder; Mr. Jayesh Mulchand Maniyar Public Selling Shareholder; Mr. Mukesh Jayantilal Sanghavi Public Selling Shareholder; Ms. Virali Girish Maniyar Public Selling Shareholder; Mr. Yash Jayesh Maniyar Public Selling Shareholder,subsidiary / group structure,bse_sme_ipo_drhp_pipeline,drhp_companies_specified_format.csv+final_merged_dsir_promoters.csv,U99999MH1995PLC086635,See DRHP ‘Industry / Business overview’ section.,no_structured_differentiation_tag|bse_sme_ipo_drhp_pipeline|subsidiary|group_structure,0,not_classified_manufacturer,0,weak_location_signal,0,no_differentiation_evidence,1,named_individuals_in_promoter_field,1,sector_or_macro_tailwind_tags,0,weak_growth_signal,2,33,30.0,2
Riyaasat Lifestyle Limited,"01/GF, 'Time Square', B/S",unspecified_see_drhp,www.riyaasat.in,₹0–5 Cr (approx from lakhs),no_structured_differentiation_tag,DRHP: Ms. Mansi Pratik Patel Company Secretary; Ms. Mansi Pratik Patel PROMOTERS OF; Mr. Nileshbhai Mansukhbhai Chalalia Company Secretary; Ms. Mansi Pratik Patel. Depositories Act,subsidiary / group structure,bse_sme_ipo_drhp_pipeline,drhp_companies_specified_format.csv+final_merged_dsir_promoters.csv,,See DRHP ‘Industry / Business overview’ section.,no_structured_differentiation_tag|bse_sme_ipo_drhp_pipeline|subsidiary|group_structure,0,not_classified_manufacturer,0,weak_location_signal,0,no_differentiation_evidence,1,named_individuals_in_promoter_field,1,sector_or_macro_tailwind_tags,0,weak_growth_signal,2,33,30.0,2
RO Jewels Limited,Little or no extractable text (likely scanned PDF — needs OCR).,unknown,,unknown,no_structured_differentiation_tag,DRHP: Mr. Bharat Rasiklal Shah; Mrs. Pravinaben Shah; Mr. Shubham Bharatbhai Shah Promoter Companies,Not assessed (no machine-readable text).,bse_sme_ipo_drhp_pipeline,drhp_companies_specified_format.csv+final_merged_dsir_promoters.csv,,,no_structured_differentiation_tag|bse_sme_ipo_drhp_pipeline|not_assessed_(no_machine-readable_text),0,not_classified_manufacturer,0,weak_location_signal,0,no_differentiation_evidence,1,named_individuals_in_promoter_field,1,sector_or_macro_tailwind_tags,0,weak_growth_signal,2,33,30.0,2
Roopshri Resorts Limited,Little or no extractable text (likely scanned PDF — needs OCR).,unknown,,unknown,no_structured_differentiation_tag,DRHP: Ms. Darshana Tapase; Mrs. Roopa Shah THE ISSUE PUBLIC ISSUE; Mrs. Roopa Shah Promoter Group Such; Ms. Darshana Tapase Director,Not assessed (no machine-readable text).,bse_sme_ipo_drhp_pipeline,drhp_companies_specified_format.csv+final_merged_dsir_promoters.csv,,,no_structured_differentiation_tag|bse_sme_ipo_drhp_pipeline|not_assessed_(no_machine-readable_text),0,not_classified_manufacturer,0,weak_location_signal,0,no_differentiation_evidence,1,named_individuals_in_promoter_field,1,sector_or_macro_tailwind_tags,0,weak_growth_signal,2,33,30.0,2
ROOPYAA FINBIZZ LIMITED,Little or no extractable text (likely scanned PDF — needs OCR).,unknown,,unknown,no_structured_differentiation_tag,DRHP: Mr. Hinil Patel Company Secretary; Mr. Rushabh Shroff; Ms. Mala Soneji Tel. No; Ms. Shanti Gopalkrishnan Tel. No; Mr. Hinil Patel; Mr. Hinil Patel Director; Mrs. Rupa Bhaskar Jha. Materiality Policy; Mr. Kunjit Maheshbhai Patel Promoter Companies; Mr. Kunjit Maheshbhai Patel Willful Defaulter,Not assessed (no machine-readable text).,bse_sme_ipo_drhp_pipeline,drhp_companies_specified_format.csv+final_merged_dsir_promoters.csv,,,no_structured_differentiation_tag|bse_sme_ipo_drhp_pipeline|not_assessed_(no_machine-readable_text),0,not_classified_manufacturer,0,weak_location_signal,0,no_differentiation_evidence,1,named_individuals_in_promoter_field,1,sector_or_macro_tailwind_tags,0,weak_growth_signal,2,33,30.0,2
Rosmerta Digital Services Limited,"a new certificate of incorporation consequent upon conversion dated June 03, 2024, bearing",unspecified_see_drhp,www.beelinemb.com; www.linkintime.co.in; www.narnolia.com; www.rosmertadigital.com,Extract from restated financials in DRHP (pattern not matched).,no_structured_differentiation_tag,DRHP: Mr. Kuntal Kar OUR; Mr. Pankaj Pasi SEBI Registration Number; Mr. Nikhil Shah SEBI Registration Number; Ms. Shanti Gopalkrishnan SEBI Registration Number; Mr. Karn Vivek Nagpal; Mr. Kartick Vivek Nagpal; Mr. Amit Kumar Somani Remuneration,subsidiary / group structure,bse_sme_ipo_drhp_pipeline,drhp_companies_specified_format.csv+final_merged_dsir_promoters.csv,,See DRHP ‘Industry / Business overview’ section.,no_structured_differentiation_tag|bse_sme_ipo_drhp_pipeline|subsidiary|group_structure,0,not_classified_manufacturer,0,weak_location_signal,0,no_differentiation_evidence,1,named_individuals_in_promoter_field,1,sector_or_macro_tailwind_tags,0,weak_growth_signal,2,33,30.0,2
RUKMANI DEVI GARG AGRO IMPEX LIMITED,have been certain instances of regulatory non -compliances or delays or errors in the past,unspecified_see_drhp,www.bigshareonline.com; www.fedsec.in; www.rdgagro.com,Extract from restated financials in DRHP (pattern not matched).,no_structured_differentiation_tag,DRHP: Mrs. Ayushi Agrawal; Mr. Vishal Garg; Mrs. Anju Garg,subsidiary / group structure,bse_sme_ipo_drhp_pipeline,drhp_companies_specified_format.csv+final_merged_dsir_promoters.csv,,See DRHP ‘Industry / Business overview’ section.,no_structured_differentiation_tag|bse_sme_ipo_drhp_pipeline|subsidiary|group_structure,0,not_classified_manufacturer,0,weak_location_signal,0,no_differentiation_evidence,1,named_individuals_in_promoter_field,1,sector_or_macro_tailwind_tags,0,weak_growth_signal,2,33,30.0,2
S. V. J. ENTERPRISES LIMITED,Little or no extractable text (likely scanned PDF — needs OCR).,unknown,,unknown,no_structured_differentiation_tag,DRHP: Ms. Saanvi Kargutkar Managing Director Email Id; Mr. Rushabh Shroff; Ms. Mala Soneji Email; Mr. Babu Rapheal; Ms. Saanvi Kargutkar; Mr. Suresh Jha; Ms. Veena Jha THE ISSUE PUBLIC ISSUE; Ms. Veena Jha,Not assessed (no machine-readable text).,bse_sme_ipo_drhp_pipeline,drhp_companies_specified_format.csv+final_merged_dsir_promoters.csv,,,no_structured_differentiation_tag|bse_sme_ipo_drhp_pipeline|not_assessed_(no_machine-readable_text),0,not_classified_manufacturer,0,weak_location_signal,0,no_differentiation_evidence,1,named_individuals_in_promoter_field,1,sector_or_macro_tailwind_tags,0,weak_growth_signal,2,33,30.0,2
Safa Systems & Technologies Limited,Little or no extractable text (likely scanned PDF — needs OCR).,unknown,,unknown,no_structured_differentiation_tag,DRHP: Ms. Pushpita Dasgupta; Mr. Faizal Bavaraparambil Abdul Khader; Mr. Bavaraparambil Abdhulkadher Hydrose; Mr. Harikrishnan Raghunathan Nair,Not assessed (no machine-readable text).,bse_sme_ipo_drhp_pipeline,drhp_companies_specified_format.csv+final_merged_dsir_promoters.csv,,,no_structured_differentiation_tag|bse_sme_ipo_drhp_pipeline|not_assessed_(no_machine-readable_text),0,not_classified_manufacturer,0,weak_location_signal,0,no_differentiation_evidence,1,named_individuals_in_promoter_field,1,sector_or_macro_tailwind_tags,0,weak_growth_signal,2,33,30.0,2
SAILANI TOURS N TRAVELS LIMITED,Little or no extractable text (likely scanned PDF — needs OCR).,unknown,,unknown,no_structured_differentiation_tag,DRHP: Ms. Purvi Agarwal Company Secretary; Ms. Dimple Magharam Slun Email; Mr. Swapnil Kate Email; Ms. Purvi Agarwal; Mr. Krishna Kumar Chanani; Ms. Sunita Chanani THE ISSUE PUBLIC ISSUE; Ms. Sunita Chanani,Not assessed (no machine-readable text).,bse_sme_ipo_drhp_pipeline,drhp_companies_specified_format.csv+final_merged_dsir_promoters.csv,,,no_structured_differentiation_tag|bse_sme_ipo_drhp_pipeline|not_assessed_(no_machine-readable_text),0,not_classified_manufacturer,0,weak_location_signal,0,no_differentiation_evidence,1,named_individuals_in_promoter_field,1,sector_or_macro_tailwind_tags,0,weak_growth_signal,2,33,30.0,2
Sakhiya Skin Clinic Limited,"on October 06, 2021","dermatology-focused healthcare services provider in India, with a long -standing operational history, we endeavour to su",www.gyrcapitaladvisors.com; www.kfintech.com; www.sakhiyaskinclinic.com,Extract from restated financials in DRHP (pattern not matched).,no_structured_differentiation_tag,DRHP: Ms. Pooja Ankit Sundarka Company Secretary; Mr. Mohit Baid SEBI Registration Number; Mr. Jagdishkumar Jadavbhai Sakhiya; Mrs. Rupalben Sakhiya; Dr. Sakhiya's Advanced Skin Science LLP,subsidiary / group structure,bse_sme_ipo_drhp_pipeline,drhp_companies_specified_format.csv+final_merged_dsir_promoters.csv,U85110GJ2011PLC121885,"dermatology-focused healthcare services provider in India, with a long -standing operational history, we endeavour to support our patient s",no_structured_differentiation_tag|bse_sme_ipo_drhp_pipeline|subsidiary|group_structure,0,not_classified_manufacturer,0,weak_location_signal,0,no_differentiation_evidence,1,named_individuals_in_promoter_field,1,sector_or_macro_tailwind_tags,0,weak_growth_signal,2,33,30.0,2
Samor Reality Limited,Little or no extractable text (likely scanned PDF — needs OCR).,unknown,,unknown,no_structured_differentiation_tag,DRHP: Ms. Pooja Aidasani; Mr. Birjukumar Ajitbhai Shah; Mrs. Jagrutiben Birjubhai Shah THE ISSUE PUBLIC; Mrs. Jagrutiben Birjubhai Shah. For; Mr. Birjukumar Ajit; Mrs. Jagrutiben Birjubhai Shah; Mr. Akshay Sevantilal Mehta; Mr. Mukesh Premchand Shah; Mr. Rohit Dalpatbhai Shah; Mr. Pinkesh Ajitbhai Shah,Not assessed (no machine-readable text).,bse_sme_ipo_drhp_pipeline,drhp_companies_specified_format.csv+final_merged_dsir_promoters.csv,,,no_structured_differentiation_tag|bse_sme_ipo_drhp_pipeline|not_assessed_(no_machine-readable_text),0,not_classified_manufacturer,0,weak_location_signal,0,no_differentiation_evidence,1,named_individuals_in_promoter_field,1,sector_or_macro_tailwind_tags,0,weak_growth_signal,2,33,30.0,2
Sampat Aluminium Limited,"Our Company has delayed in filing of Forms for certain years with Registrar of Companies for which additional fees has been paid by the Company and which has been certified by Dhyanam Vyas & Associates, Practi",unspecified_see_drhp,https://sampataluminium.com/; www.cameoindia.com,Extract from restated financials in DRHP (pattern not matched).,no_structured_differentiation_tag,DRHP: Mr. Sanket Sanjay Deora Chairman,subsidiary / group structure,bse_sme_ipo_drhp_pipeline,drhp_companies_specified_format.csv+final_merged_dsir_promoters.csv,,See DRHP ‘Industry / Business overview’ section.,no_structured_differentiation_tag|bse_sme_ipo_drhp_pipeline|subsidiary|group_structure,0,not_classified_manufacturer,0,weak_location_signal,0,no_differentiation_evidence,1,named_individuals_in_promoter_field,1,sector_or_macro_tailwind_tags,0,weak_growth_signal,2,33,30.0,2
SAN TRICA REALTORS LIMITED,Little or no extractable text (likely scanned PDF — needs OCR).,unknown,,unknown,no_structured_differentiation_tag,DRHP: Ms. Nupur Mohit Agrawal; Mr. Rushabh Shroff; Ms. Mala Soneji Tel. No; Mr. Babu Rapheal; Dr. Nitin Vithalrao Thorave Promoter Companies,Not assessed (no machine-readable text).,bse_sme_ipo_drhp_pipeline,drhp_companies_specified_format.csv+final_merged_dsir_promoters.csv,,,no_structured_differentiation_tag|bse_sme_ipo_drhp_pipeline|not_assessed_(no_machine-readable_text),0,not_classified_manufacturer,0,weak_location_signal,0,no_differentiation_evidence,1,named_individuals_in_promoter_field,1,sector_or_macro_tailwind_tags,0,weak_growth_signal,2,33,30.0,3
Sancode Technologies Limited,Little or no extractable text (likely scanned PDF — needs OCR).,unknown,,unknown,no_structured_differentiation_tag,DRHP: AMIT VIJAY JAIN; KHUSHBOO JAIN; MIHIR DEEPAK VORA AND ZNL; Amit Vijay Jain; Khushboo Jain; Mihir Deepak,Not assessed (no machine-readable text).,bse_sme_ipo_drhp_pipeline,drhp_companies_specified_format.csv+final_merged_dsir_promoters.csv,,,no_structured_differentiation_tag|bse_sme_ipo_drhp_pipeline|not_assessed_(no_machine-readable_text),0,not_classified_manufacturer,0,weak_location_signal,0,no_differentiation_evidence,1,rich_drhp_promoter_blob,1,sector_or_macro_tailwind_tags,0,weak_growth_signal,2,33,30.0,2
SBC Exports Limited,Little or no extractable text (likely scanned PDF — needs OCR).,unknown,,unknown,no_structured_differentiation_tag,DRHP: Mr. Hari Om Sharma; Mr. Dheerendra Gupta; Mrs. Deepika Gupta Promoters Group Companies; Mr. Mukesh Bhatt. Companies Act; Mr. Hari Om Sharma. Corporate Office; Mrs. Deepika Gupta; Mr. Sandeep Kumar Gupta; Mrs. Sarika Gupta; Mr. Dheerendra Kumar Gupta; Mr. Gaurav Gupta,Not assessed (no machine-readable text).,bse_sme_ipo_drhp_pipeline,drhp_companies_specified_format.csv+final_merged_dsir_promoters.csv,,,no_structured_differentiation_tag|bse_sme_ipo_drhp_pipeline|not_assessed_(no_machine-readable_text),0,not_classified_manufacturer,0,weak_location_signal,0,no_differentiation_evidence,1,named_individuals_in_promoter_field,1,sector_or_macro_tailwind_tags,0,weak_growth_signal,2,33,30.0,2
SBL Infratech Limited,Little or no extractable text (likely scanned PDF — needs OCR).,unknown,,unknown,no_structured_differentiation_tag,DRHP: Mr. Sarfraz Taherbhai Mulla; Mr. Ankit Sharma; Ms. Shifali Sharma Promoters Group; Ms. Shifali Sharma. For,Not assessed (no machine-readable text).,bse_sme_ipo_drhp_pipeline,drhp_companies_specified_format.csv+final_merged_dsir_promoters.csv,,,no_structured_differentiation_tag|bse_sme_ipo_drhp_pipeline|not_assessed_(no_machine-readable_text),0,not_classified_manufacturer,0,weak_location_signal,0,no_differentiation_evidence,1,named_individuals_in_promoter_field,1,sector_or_macro_tailwind_tags,0,weak_growth_signal,2,33,30.0,2
SBS Food Courts Limited,Little or no extractable text (likely scanned PDF — needs OCR).,unknown,,unknown,no_structured_differentiation_tag,DRHP: Mr. Prashant Agarwal; Mr. Joseph Sequeira; Mrs. Catherine Lawrentia; Ms. Kritika Rupda Tel No; Ms. Catherine Lawrentia; Mr. Josly Eric Sequeira; Mr. Alwin Sequeira; Mr. Vansh Manish Shah; Ms. Deshma Richard Sequeira. Stakeholders Relationship Committee,Not assessed (no machine-readable text).,bse_sme_ipo_drhp_pipeline,drhp_companies_specified_format.csv+final_merged_dsir_promoters.csv,,,no_structured_differentiation_tag|bse_sme_ipo_drhp_pipeline|not_assessed_(no_machine-readable_text),0,not_classified_manufacturer,0,weak_location_signal,0,no_differentiation_evidence,1,named_individuals_in_promoter_field,1,sector_or_macro_tailwind_tags,0,weak_growth_signal,2,33,30.0,2
Scarnose International Limited,Little or no extractable text (likely scanned PDF — needs OCR).,unknown,,unknown,no_structured_differentiation_tag,DRHP: Ms. Ankita Vivekkumar Shah; Mr. S. Ramakrishna Iyengar Telephone; Mr. R.D. Ramasamy; Mr. SHAH VIMALKUMAR MISHRILAL; Mr. HITESH LOONIA THE ISSUE INITIAL PUBLIC; Mr. Shah Vimalkumar Mishrilal; Mr. Hitesh Loonia. Promoter Group Includes; Ms. Sanjana Parmar,Not assessed (no machine-readable text).,bse_sme_ipo_drhp_pipeline,drhp_companies_specified_format.csv+final_merged_dsir_promoters.csv,,,no_structured_differentiation_tag|bse_sme_ipo_drhp_pipeline|not_assessed_(no_machine-readable_text),0,not_classified_manufacturer,0,weak_location_signal,0,no_differentiation_evidence,1,named_individuals_in_promoter_field,1,sector_or_macro_tailwind_tags,0,weak_growth_signal,2,33,30.0,3
Sealmatic India Limited,Little or no extractable text (likely scanned PDF — needs OCR).,unknown,,unknown,no_structured_differentiation_tag,DRHP: Ms. Neha Pinak Chedda Company Secretary; Mr. Mohamed Hanif Chaudhari; Mr. Sadik S. Chaudhari; Mr. Abid Ali. Chaudhari; Mrs. Waheeda U. Balwa; Mr. Rafiq H. Balwa; Ms. Neha Pinak Chheda; Mr. Umar A. K. Balwa; Mr. Rafiq H. Balwa THE ISSUE INITIAL; Mr. Ratan Bhabutlal Kandare Company Secretary,Not assessed (no machine-readable text).,bse_sme_ipo_drhp_pipeline,drhp_companies_specified_format.csv+final_merged_dsir_promoters.csv,,,no_structured_differentiation_tag|bse_sme_ipo_drhp_pipeline|not_assessed_(no_machine-readable_text),0,not_classified_manufacturer,0,weak_location_signal,0,no_differentiation_evidence,1,named_individuals_in_promoter_field,1,sector_or_macro_tailwind_tags,0,weak_growth_signal,2,33,30.0,2
Secmark Consultancy Limited,Little or no extractable text (likely scanned PDF — needs OCR).,unknown,,unknown,no_structured_differentiation_tag,DRHP: Mr. Sunil Kumar Bang; Mrs. Indira Vijay Ramaiya; Mrs. Ilaben Jaswantlal Shah; Mr. Binod Chandra Maharana,Not assessed (no machine-readable text).,bse_sme_ipo_drhp_pipeline,drhp_companies_specified_format.csv+final_merged_dsir_promoters.csv,,,no_structured_differentiation_tag|bse_sme_ipo_drhp_pipeline|not_assessed_(no_machine-readable_text),0,not_classified_manufacturer,0,weak_location_signal,0,no_differentiation_evidence,1,named_individuals_in_promoter_field,1,sector_or_macro_tailwind_tags,0,weak_growth_signal,2,33,30.0,2
SEVEN SEAZ VACATIONS LIMITED,Little or no extractable text (likely scanned PDF — needs OCR).,unknown,,unknown,no_structured_differentiation_tag,DRHP: Ms. Nisha Singh; Mr. Vikas Jain; Mr. Guneet Sethi THE ISSUE TYPE FRESH; Mr. Guneet Sethi,Not assessed (no machine-readable text).,bse_sme_ipo_drhp_pipeline,drhp_companies_specified_format.csv+final_merged_dsir_promoters.csv,,,no_structured_differentiation_tag|bse_sme_ipo_drhp_pipeline|not_assessed_(no_machine-readable_text),0,not_classified_manufacturer,0,weak_location_signal,0,no_differentiation_evidence,1,named_individuals_in_promoter_field,1,sector_or_macro_tailwind_tags,0,weak_growth_signal,2,33,30.0,2
Shakti Polytarp Limited,company. Any termination of the relevant lease/ rent agreements could adversely affect our operations.,unspecified_see_drhp,www.nexgenfin.com; www.shaktipolytarp.com; www.skylinerta.com,Extract from restated financials in DRHP (pattern not matched).,no_structured_differentiation_tag,Mr. Ravi Singhal,subsidiary / group structure,bse_sme_ipo_drhp_pipeline,drhp_companies_specified_format.csv+final_merged_dsir_promoters.csv,,See DRHP ‘Industry / Business overview’ section.,no_structured_differentiation_tag|bse_sme_ipo_drhp_pipeline|subsidiary|group_structure,0,not_classified_manufacturer,0,weak_location_signal,0,no_differentiation_evidence,1,named_individuals_in_promoter_field,1,sector_or_macro_tailwind_tags,0,weak_growth_signal,2,33,30.0,3
Shanmuga Hospital Limited,"For further details of change in name and registered office of our company, please refer to section titled “",unspecified_see_drhp,www.shanmugahospital.com,₹3 Cr (stated),no_structured_differentiation_tag,DRHP: Mr. Veer Pratap Reddy Gandluru; Mr. S. Ramakrishna Iyengar INTEGRATED REGISTRY MANAGEMENT,subsidiary / group structure,bse_sme_ipo_drhp_pipeline,drhp_companies_specified_format.csv+final_merged_dsir_promoters.csv,,See DRHP ‘Industry / Business overview’ section.,no_structured_differentiation_tag|bse_sme_ipo_drhp_pipeline|subsidiary|group_structure,0,not_classified_manufacturer,0,weak_location_signal,0,no_differentiation_evidence,1,named_individuals_in_promoter_field,1,sector_or_macro_tailwind_tags,0,weak_growth_signal,2,33,30.0,2
SHANTIDOOT INFRA SERVICES LIMITED,Little or no extractable text (likely scanned PDF — needs OCR).,unknown,,unknown,no_structured_differentiation_tag,DRHP: Ms. Anshu Anshuman Company Secretary; Mr. Avijeet Kumar Equity Shares; Ms. Anshu Anshuman; Mr. Avijeet Kumar,Not assessed (no machine-readable text).,bse_sme_ipo_drhp_pipeline,drhp_companies_specified_format.csv+final_merged_dsir_promoters.csv,,,no_structured_differentiation_tag|bse_sme_ipo_drhp_pipeline|not_assessed_(no_machine-readable_text),0,not_classified_manufacturer,0,weak_location_signal,0,no_differentiation_evidence,1,named_individuals_in_promoter_field,1,sector_or_macro_tailwind_tags,0,weak_growth_signal,2,33,30.0,2
Share Samadhan Limited,Tel: 01149084044 Fax: N,unspecified_see_drhp,www.narnolia.com; www.sharesamadhan.com; www.skylinerta.com,Extract from restated financials in DRHP (pattern not matched).,no_structured_differentiation_tag,DRHP: Mr. Kumar Rishi OUR; Mr. Abhay Kumar Chandalia; Mrs. Anjali Mathur; Mr. Vinay Kumar Sangwan; Mrs. Veena Khanna,subsidiary / group structure,bse_sme_ipo_drhp_pipeline,drhp_companies_specified_format.csv+final_merged_dsir_promoters.csv,,See DRHP ‘Industry / Business overview’ section.,no_structured_differentiation_tag|bse_sme_ipo_drhp_pipeline|subsidiary|group_structure,0,not_classified_manufacturer,0,weak_location_signal,0,no_differentiation_evidence,1,named_individuals_in_promoter_field,1,sector_or_macro_tailwind_tags,0,weak_growth_signal,2,33,30.0,2
Sharp Agricom Limited,Download failed (timeout or HTTP error).,unknown,,unknown,no_structured_differentiation_tag,DRHP: Ms. Neha Gupta; Mr. Sanjay Singhal; Ms. Gauri Singhal; Mr. Sunand Singhal; Ms. Vidhi Goel. Companies Act The Companies; Mrs. Neha Gupta. Committee,,bse_sme_ipo_drhp_pipeline,drhp_companies_specified_format.csv+final_merged_dsir_promoters.csv,,,no_structured_differentiation_tag|bse_sme_ipo_drhp_pipeline,0,not_classified_manufacturer,0,weak_location_signal,0,no_differentiation_evidence,1,named_individuals_in_promoter_field,1,sector_or_macro_tailwind_tags,0,weak_growth_signal,2,33,30.0,2
Shashwat Furnishing Solutions Limited,U20299RJ2021PLC073899,unspecified_see_drhp,www.beelinebroking.com; www.handicraftsvillage.com; www.kfintech.com,Extract from restated financials in DRHP (pattern not matched).,no_structured_differentiation_tag,DRHP: Mr. Hitesh Karnawat; Mrs. Ratika Khandelwal; Mr. Hitesh Karnawat. For; Mr. Lalit Ghewarchand Karnawat. Stakeholders Relationship Committee,subsidiary / group structure,bse_sme_ipo_drhp_pipeline,drhp_companies_specified_format.csv+final_merged_dsir_promoters.csv,U20299RJ2021PLC073899,See DRHP ‘Industry / Business overview’ section.,no_structured_differentiation_tag|bse_sme_ipo_drhp_pipeline|subsidiary|group_structure,0,not_classified_manufacturer,0,weak_location_signal,0,no_differentiation_evidence,1,named_individuals_in_promoter_field,1,sector_or_macro_tailwind_tags,0,weak_growth_signal,2,33,30.0,2
SHELTER PHARMA LIMITED,Little or no extractable text (likely scanned PDF — needs OCR).,unknown,,unknown,no_structured_differentiation_tag,DRHP: Ms. Dimple Magharam Slun Email; Mr. Swapnil Kate Email; Mr. Mustaqim Nisarahmed Sabugar; Mr. Shakil Nisarahmed Sabugar THE ISSUE PUBLIC; Mr. Shakil Nisarahmed Sabugar,Not assessed (no machine-readable text).,bse_sme_ipo_drhp_pipeline,drhp_companies_specified_format.csv+final_merged_dsir_promoters.csv,,,no_structured_differentiation_tag|bse_sme_ipo_drhp_pipeline|not_assessed_(no_machine-readable_text),0,not_classified_manufacturer,0,weak_location_signal,0,no_differentiation_evidence,1,named_individuals_in_promoter_field,1,sector_or_macro_tailwind_tags,0,weak_growth_signal,2,33,30.0,2
Shivam Chemicals Limited,Little or no extractable text (likely scanned PDF — needs OCR).,unknown,,unknown,no_structured_differentiation_tag,DRHP: Mr. Manish Tarachand Pande,Not assessed (no machine-readable text).,bse_sme_ipo_drhp_pipeline,drhp_companies_specified_format.csv+final_merged_dsir_promoters.csv,,,no_structured_differentiation_tag|bse_sme_ipo_drhp_pipeline|not_assessed_(no_machine-readable_text),0,not_classified_manufacturer,0,weak_location_signal,0,no_differentiation_evidence,1,named_individuals_in_promoter_field,1,sector_or_macro_tailwind_tags,0,weak_growth_signal,2,33,30.0,2
Shoora Designs Limited,Little or no extractable text (likely scanned PDF — needs OCR).,unknown,,unknown,no_structured_differentiation_tag,DRHP: Ms. Priti Mohata; Mrs. Sejalben Satish Kansodariya; Mr. Rajeshbhai Labhubhai Mer DETAILS OF ISSUE; Mr. Rajeshbhai Labhubhai Mer. For; Mr. Rajeshbhai Labhubhai Mer; Mr. Ashwin Madhabhai Makwana,Not assessed (no machine-readable text).,bse_sme_ipo_drhp_pipeline,drhp_companies_specified_format.csv+final_merged_dsir_promoters.csv,,,no_structured_differentiation_tag|bse_sme_ipo_drhp_pipeline|not_assessed_(no_machine-readable_text),0,not_classified_manufacturer,0,weak_location_signal,0,no_differentiation_evidence,1,named_individuals_in_promoter_field,1,sector_or_macro_tailwind_tags,0,weak_growth_signal,2,33,30.0,2
Shree Marutinandan Tubes Limited,Little or no extractable text (likely scanned PDF — needs OCR).,unknown,,unknown,no_structured_differentiation_tag,DRHP: Ms. Pooja Mangal PROMOTERS OF THE; Mrs. Kusumlata Shivratan Sharma; Mr. Vikram Shivratan Sharma; Mr. Bharat Shivratan Sharma; Mr. Vikram Shivratan Sharma Place,Not assessed (no machine-readable text).,bse_sme_ipo_drhp_pipeline,drhp_companies_specified_format.csv+final_merged_dsir_promoters.csv,,,no_structured_differentiation_tag|bse_sme_ipo_drhp_pipeline|not_assessed_(no_machine-readable_text),0,not_classified_manufacturer,0,weak_location_signal,0,no_differentiation_evidence,1,named_individuals_in_promoter_field,1,sector_or_macro_tailwind_tags,0,weak_growth_signal,2,33,30.0,2
Shri Balaji Valve Components Limited,Little or no extractable text (likely scanned PDF — needs OCR).,unknown,,unknown,no_structured_differentiation_tag,DRHP: Mr. Sourabh Garg Email; Mr. Babu Rapheal Email,Not assessed (no machine-readable text).,bse_sme_ipo_drhp_pipeline,drhp_companies_specified_format.csv+final_merged_dsir_promoters.csv,,,no_structured_differentiation_tag|bse_sme_ipo_drhp_pipeline|not_assessed_(no_machine-readable_text),0,not_classified_manufacturer,0,weak_location_signal,0,no_differentiation_evidence,1,named_individuals_in_promoter_field,1,sector_or_macro_tailwind_tags,0,weak_growth_signal,2,33,30.0,3
Shri Venkatesh Refineries Limited,Little or no extractable text (likely scanned PDF — needs OCR).,unknown,,unknown,no_structured_differentiation_tag,DRHP: Ms. Sapna Kamaldas Vaishnav; Mr. Anil Ganapati Kabre; Mr. Shantanu Ramesh Kabre; Mr. Prasad Dinesh Kabre THE ISSUE INITIAL; Mr. Dinesh Ganapati Kabre Materiality Policy; Mr. Dinesh Ganapati Kabre; Mr. Anil Ganpati Kabre; Mr. Prasad Dinesh Kabre; Mr. Ramesh Ganapati Kabre. Stakeholders Relationship Committee,Not assessed (no machine-readable text).,bse_sme_ipo_drhp_pipeline,drhp_companies_specified_format.csv+final_merged_dsir_promoters.csv,,,no_structured_differentiation_tag|bse_sme_ipo_drhp_pipeline|not_assessed_(no_machine-readable_text),0,not_classified_manufacturer,0,weak_location_signal,0,no_differentiation_evidence,1,named_individuals_in_promoter_field,1,sector_or_macro_tailwind_tags,0,weak_growth_signal,2,33,30.0,2
Silicon Rental Solutions Ltd,Little or no extractable text (likely scanned PDF — needs OCR).,unknown,,unknown,no_structured_differentiation_tag,DRHP: Ms. Himanshi Tiwari; Ms. Anushka Sanjay Motiani,Not assessed (no machine-readable text).,bse_sme_ipo_drhp_pipeline,drhp_companies_specified_format.csv+final_merged_dsir_promoters.csv,,,no_structured_differentiation_tag|bse_sme_ipo_drhp_pipeline|not_assessed_(no_machine-readable_text),0,not_classified_manufacturer,0,weak_location_signal,0,no_differentiation_evidence,1,named_individuals_in_promoter_field,1,sector_or_macro_tailwind_tags,0,weak_growth_signal,2,33,30.0,2
Silver Pearl Hospitality & Luxury Spaces Limited,Little or no extractable text (likely scanned PDF — needs OCR).,unknown,,unknown,no_structured_differentiation_tag,DRHP: Ms. Jyoti Antil,Not assessed (no machine-readable text).,bse_sme_ipo_drhp_pipeline,drhp_companies_specified_format.csv+final_merged_dsir_promoters.csv,,,no_structured_differentiation_tag|bse_sme_ipo_drhp_pipeline|not_assessed_(no_machine-readable_text),0,not_classified_manufacturer,0,weak_location_signal,0,no_differentiation_evidence,1,named_individuals_in_promoter_field,1,sector_or_macro_tailwind_tags,0,weak_growth_signal,2,33,30.0,2
Skill Tree Consulting Limited,Certain Corporate Matters” beginning on page 101 of this Draft Red Herring Prospectus,unspecified_see_drhp,https://www.skilltreeconsulting.in/,Extract from restated financials in DRHP (pattern not matched).,no_structured_differentiation_tag,DRHP: Ms. Hunny Naresh Mehta; Mr. Jaspal Singh Sehgal; Mr. Vishesh Saini Chief Financial Officer; Mr. Yogesh Gupta. Company Secretary; Ms. Hunny Naresh Mehta. Depositories Act; Mr. Jaspal Singh Sehgal For,subsidiary / group structure,bse_sme_ipo_drhp_pipeline,drhp_companies_specified_format.csv+final_merged_dsir_promoters.csv,,See DRHP ‘Industry / Business overview’ section.,no_structured_differentiation_tag|bse_sme_ipo_drhp_pipeline|subsidiary|group_structure,0,not_classified_manufacturer,0,weak_location_signal,0,no_differentiation_evidence,1,named_individuals_in_promoter_field,1,sector_or_macro_tailwind_tags,0,weak_growth_signal,2,33,30.0,2
SM Auto Stamping Limited,"“we”, “us” and “our” Unless the context otherwis e indicates or implies refers to our Company",unspecified_see_drhp,www.bigshareonline.com; www.hemsecurities.com; www.smautostamping.com,Extract from restated financials in DRHP (pattern not matched).,no_structured_differentiation_tag,DRHP: Mrs. Priya Anuj Khadilkar; Mr. Mukund Narayan Kulkarni; Mr. Suresh Gunwant Fegde; Mrs. Alka Mukund Kulkarni THE ISSUE INITIAL; Mr. Suresh GunwantFegde; Mrs. AlkaMukundKulkarni. For,subsidiary / group structure,bse_sme_ipo_drhp_pipeline,drhp_companies_specified_format.csv+final_merged_dsir_promoters.csv,,See DRHP ‘Industry / Business overview’ section.,no_structured_differentiation_tag|bse_sme_ipo_drhp_pipeline|subsidiary|group_structure,0,not_classified_manufacturer,0,weak_location_signal,0,no_differentiation_evidence,1,named_individuals_in_promoter_field,1,sector_or_macro_tailwind_tags,0,weak_growth_signal,2,33,30.0,2
Solar91 Cleantech Limited,"incorporation consequent upon conversion dated July 22, 2024 bearing",unspecified_see_drhp,www.maashitla.com; www.narnolia.com; www.solar91.com,Extract from restated financials in DRHP (pattern not matched).,no_structured_differentiation_tag,DRHP: Mr. Harshit Jain; Mr. Pankaj Pasi Website; Mr. Mukul Agrawal CIN; Mrs. Surbhi Toshniwal. This; Mr. Dhawal Gaurang Vasavada; Mr. Saurabh Vyas; Mr. Prateek Agrawal; Mr. Sandeep Gurnani,subsidiary / group structure,bse_sme_ipo_drhp_pipeline,drhp_companies_specified_format.csv+final_merged_dsir_promoters.csv,,See DRHP ‘Industry / Business overview’ section.,no_structured_differentiation_tag|bse_sme_ipo_drhp_pipeline|subsidiary|group_structure,0,not_classified_manufacturer,0,weak_location_signal,0,no_differentiation_evidence,1,named_individuals_in_promoter_field,1,sector_or_macro_tailwind_tags,0,weak_growth_signal,2,33,30.0,2
Sonalis Consumer Products Limited,Little or no extractable text (likely scanned PDF — needs OCR).,unknown,,unknown,no_structured_differentiation_tag,DRHP: Ms. Ankita Chopra; Mr. Gaurav Jain SEBI; Ms. Sonali Nilesh Kocharekar; Ms. Smita Shashikant Shah. For; Ms. Smita Shashikant Shah; Mr. Shivang Shashikant Shah,Not assessed (no machine-readable text).,bse_sme_ipo_drhp_pipeline,drhp_companies_specified_format.csv+final_merged_dsir_promoters.csv,,,no_structured_differentiation_tag|bse_sme_ipo_drhp_pipeline|not_assessed_(no_machine-readable_text),0,not_classified_manufacturer,0,weak_location_signal,0,no_differentiation_evidence,1,named_individuals_in_promoter_field,1,sector_or_macro_tailwind_tags,0,weak_growth_signal,2,33,30.0,2
STEELMAN TELECOM LTD.,Little or no extractable text (likely scanned PDF — needs OCR).,unknown,,unknown,no_structured_differentiation_tag,DRHP: Ms. Nidhi Goyal Company Secretary; Mr. Mahendra Bindal Equity; Mr. Mayank Bindal Equity; Ms. Dimple Magharam Slun Email; Mr. Aniket Chindarkar Email; Ms. Nidhi Goyal; Mr. Mayank Bindal THE ISSUE PUBLIC ISSUE; Mr. Mayank Bindal,Not assessed (no machine-readable text).,bse_sme_ipo_drhp_pipeline,drhp_companies_specified_format.csv+final_merged_dsir_promoters.csv,,,no_structured_differentiation_tag|bse_sme_ipo_drhp_pipeline|not_assessed_(no_machine-readable_text),0,not_classified_manufacturer,0,weak_location_signal,0,no_differentiation_evidence,1,named_individuals_in_promoter_field,1,sector_or_macro_tailwind_tags,0,weak_growth_signal,2,33,30.0,2
Storage Technologies and Automation Limited,Number U74900KA2010PLC052918,unspecified_see_drhp,https://racksandrollers.com; www.integratedindia.in; www.nikunjonline.com; www.oneviewadvisors.com,₹25–100 Cr (approx from lakhs),no_structured_differentiation_tag,DRHP: Ms. Theja Raju Mobile No,subsidiary / group structure,bse_sme_ipo_drhp_pipeline,drhp_companies_specified_format.csv+final_merged_dsir_promoters.csv,U74900KA2010PLC052918,See DRHP ‘Industry / Business overview’ section.,no_structured_differentiation_tag|bse_sme_ipo_drhp_pipeline|subsidiary|group_structure,0,not_classified_manufacturer,0,weak_location_signal,0,no_differentiation_evidence,1,named_individuals_in_promoter_field,1,sector_or_macro_tailwind_tags,0,weak_growth_signal,2,33,30.0,2
SUDARSHAN PHARMA INDUSTRIES LIMITED,Little or no extractable text (likely scanned PDF — needs OCR).,unknown,,unknown,no_structured_differentiation_tag,DRHP: Mr. Hemal Vasantrai Mehta Chairman; Ms. Dimple Magharam Slun Email; Mr. Hemal Vasantrai Mehta; Mr. Sachin Vasantrai Mehta DETAILS OF; Mr. Sachin Vasantrai Mehta,Not assessed (no machine-readable text).,bse_sme_ipo_drhp_pipeline,drhp_companies_specified_format.csv+final_merged_dsir_promoters.csv,,,no_structured_differentiation_tag|bse_sme_ipo_drhp_pipeline|not_assessed_(no_machine-readable_text),0,not_classified_manufacturer,0,weak_location_signal,0,no_differentiation_evidence,1,named_individuals_in_promoter_field,1,sector_or_macro_tailwind_tags,0,weak_growth_signal,2,33,30.0,2
Sugs Lloyd Limited,"further details, please refer to chapter titled “History and Corporate Structure” beginning on page 160 of this Draft Red Herring Prospectus.",unspecified_see_drhp,www.3dcsl.com; www.sugslloyds.com,Extract from restated financials in DRHP (pattern not matched).,no_structured_differentiation_tag,DRHP: Ms. Nimmy Singh Chauhan; Mr. Rhydham Kapoor Email; Mrs. Priti Shah; Mr. Santosh Kumar Shah; Mr. Santosh Kumar Shah CIN Corporate Identification; Mr. Vicky Kumar Companies Act; Ms. Nimmy Singh Chauhan. Corporate; Mrs. Priti Shah. MOA; Mr. Santosh Kumar Shah For; Mr. Laxman Prasad,subsidiary / group structure,bse_sme_ipo_drhp_pipeline,drhp_companies_specified_format.csv+final_merged_dsir_promoters.csv,,See DRHP ‘Industry / Business overview’ section.,no_structured_differentiation_tag|bse_sme_ipo_drhp_pipeline|subsidiary|group_structure,0,not_classified_manufacturer,0,weak_location_signal,0,no_differentiation_evidence,1,named_individuals_in_promoter_field,1,sector_or_macro_tailwind_tags,0,weak_growth_signal,2,33,30.0,2
Suratwwala Business Group Limited,Little or no extractable text (likely scanned PDF — needs OCR).,unknown,,unknown,no_structured_differentiation_tag,DRHP: Mrs. Prathama Nitin Gandhi; Mr. Manoj Dhansukhlal Suratwala THE ISSUE INITIAL,Not assessed (no machine-readable text).,bse_sme_ipo_drhp_pipeline,drhp_companies_specified_format.csv+final_merged_dsir_promoters.csv,,,no_structured_differentiation_tag|bse_sme_ipo_drhp_pipeline|not_assessed_(no_machine-readable_text),0,not_classified_manufacturer,0,weak_location_signal,0,no_differentiation_evidence,1,named_individuals_in_promoter_field,1,sector_or_macro_tailwind_tags,0,weak_growth_signal,2,33,30.0,2
SURIFRESH EXTRACT LIMITED,"of incorporation consequent upon conversion dated July 24, 2024, bearing",unspecified_see_drhp,www.bigshareonline.com; www.narnolia.com; www.surifreshextract.com,Extract from restated financials in DRHP (pattern not matched).,no_structured_differentiation_tag,DRHP: Mr. Kunjbihari Yadav Company Secretary; Mr. Pankaj Pasi SEBI Registration Number; Mr. Kunjbihari Yadav. Depositories Act The Depositories; Mr. Sudhir Suri; Mr. Manav Suri; Mr. Hitin Suri; Mr. Siddhaarth Suri; Mr. Sidhantt Suri. Promoters Group,subsidiary / group structure,bse_sme_ipo_drhp_pipeline,drhp_companies_specified_format.csv+final_merged_dsir_promoters.csv,,See DRHP ‘Industry / Business overview’ section.,no_structured_differentiation_tag|bse_sme_ipo_drhp_pipeline|subsidiary|group_structure,0,not_classified_manufacturer,0,weak_location_signal,0,no_differentiation_evidence,1,named_individuals_in_promoter_field,1,sector_or_macro_tailwind_tags,0,weak_growth_signal,2,33,30.0,2
Suyog Gurbaxani Funicular Ropeways Limited,"“we”, “us” or “our” Unless the context otherwise indicates or implies, refers to our Company.",unspecified_see_drhp,www.afsl.co.in; www.kfintech.com; www.sgfrl.com,Extract from restated financials in DRHP (pattern not matched).,no_structured_differentiation_tag,Mr. Rajkumar Gurbaxani,Not assessed (no machine-readable text).,bse_sme_ipo_drhp_pipeline,drhp_companies_specified_format.csv+final_merged_dsir_promoters.csv,,See DRHP ‘Industry / Business overview’ section.,no_structured_differentiation_tag|bse_sme_ipo_drhp_pipeline|not_assessed_(no_machine-readable_text),0,not_classified_manufacturer,0,weak_location_signal,0,no_differentiation_evidence,1,named_individuals_in_promoter_field,1,sector_or_macro_tailwind_tags,0,weak_growth_signal,2,33,30.0,3
SVS VENTURES LIMITED,Little or no extractable text (likely scanned PDF — needs OCR).,unspecified_see_drhp,www.bigshareonline.com; www.focl.in; www.svsventures.co.in,Extract from restated financials in DRHP (pattern not matched).,no_structured_differentiation_tag,DRHP: Ms. Sanchita Kailashchandra Ojha Email; Mr. Babu Rapheal C. Tel No; Ms. Sanchita Kailashchandra Ojha; Mr. Shashikant Vedprakash Sharma Materiality Policy; Mr. Shashikant Vedprakash Sharma Promoter Companies,Not assessed (no machine-readable text).,bse_sme_ipo_drhp_pipeline,drhp_companies_specified_format.csv+final_merged_dsir_promoters.csv,,See DRHP ‘Industry / Business overview’ section.,no_structured_differentiation_tag|bse_sme_ipo_drhp_pipeline|not_assessed_(no_machine-readable_text),0,not_classified_manufacturer,0,weak_location_signal,0,no_differentiation_evidence,1,named_individuals_in_promoter_field,1,sector_or_macro_tailwind_tags,0,weak_growth_signal,2,33,30.0,3
Technichem Organics Limited,Little or no extractable text (likely scanned PDF — needs OCR).,unknown,,unknown,no_structured_differentiation_tag,DRHP: Mr. Thakkar Parth; Mr. Bharat Jayantilal Pandya MOA; Mr. Bharat Jayantilal Pandya; Mr. Pandya Anilkumar Jayantilal; Mr. Pandya Anilkumar Jayantilal. Stakeholders Relationship Committee; Mr. Piyush Maganlal Nathwani KEY PERFORMANCE INDICATORS,Not assessed (no machine-readable text).,bse_sme_ipo_drhp_pipeline,drhp_companies_specified_format.csv+final_merged_dsir_promoters.csv,,,no_structured_differentiation_tag|bse_sme_ipo_drhp_pipeline|not_assessed_(no_machine-readable_text),0,not_classified_manufacturer,0,weak_location_signal,0,no_differentiation_evidence,1,named_individuals_in_promoter_field,1,sector_or_macro_tailwind_tags,0,weak_growth_signal,2,33,30.0,2
Telge Projects Limited,"U, 8906 E, Skely Drive, Tulsa, Oklahoma- 74129.",unspecified_see_drhp,https://telgeprojects.com/; www.bigshareonline.com; www.shcapl.com,Extract from restated financials in DRHP (pattern not matched).,no_structured_differentiation_tag,DRHP: Ms. Barkha Mohit Bharuka; Ms. Shraddha Shailesh Telge Chairman; Ms. Barkha Mohit Bharuka Company Secretary; Ms. Shraddha Shailesh Telge; Ms. Shraddha Shailesh Telge. For; Mr. Uttam Gangadhar Telge; Ms. Shraddha Shailesh Telge. KEY PERFORMANCE INDICATORS,subsidiary / group structure,bse_sme_ipo_drhp_pipeline,drhp_companies_specified_format.csv+final_merged_dsir_promoters.csv,,See DRHP ‘Industry / Business overview’ section.,no_structured_differentiation_tag|bse_sme_ipo_drhp_pipeline|subsidiary|group_structure,0,not_classified_manufacturer,0,weak_location_signal,0,no_differentiation_evidence,1,named_individuals_in_promoter_field,1,sector_or_macro_tailwind_tags,0,weak_growth_signal,2,33,30.0,2
Times Green Energy (India) Limited,Little or no extractable text (likely scanned PDF — needs OCR).,unspecified_see_drhp,www.afsl.co.in; www.bigshareonline.com; www.timesgreenenergy.com,Extract from restated financials in DRHP (pattern not matched).,no_structured_differentiation_tag,DRHP: Mr. Ashutosh Shukla; Mrs. Dinne Lakshmi Jumaal; Mrs. Kanuparthi Vani THE ISSUE PUBLIC ISSUE; Mrs. Dinne Lakshmi Juma; Mrs. Kanuparthi Vani Promoter Group Such; Mr. Srinivas Prasad Kanuparthi Company Secretary; Mr Ashutosh Shukla. Director,Not assessed (no machine-readable text).,bse_sme_ipo_drhp_pipeline,drhp_companies_specified_format.csv+final_merged_dsir_promoters.csv,,See DRHP ‘Industry / Business overview’ section.,no_structured_differentiation_tag|bse_sme_ipo_drhp_pipeline|not_assessed_(no_machine-readable_text),0,not_classified_manufacturer,0,weak_location_signal,0,no_differentiation_evidence,1,named_individuals_in_promoter_field,1,sector_or_macro_tailwind_tags,0,weak_growth_signal,2,33,30.0,3
TRANSTEEL SEATING TECHNOLOGIES LIMITED,Little or no extractable text (likely scanned PDF — needs OCR).,unknown,,unknown,no_structured_differentiation_tag,DRHP: Mr. Shiraz Ibrahim Managing Director Email Id; Ms. Dimple Magharam Slun Email; Mr. Asif Sayyed Email; Mr. Shiraz Ibrahim; Ms. Nasreen Shiraz,Not assessed (no machine-readable text).,bse_sme_ipo_drhp_pipeline,drhp_companies_specified_format.csv+final_merged_dsir_promoters.csv,,,no_structured_differentiation_tag|bse_sme_ipo_drhp_pipeline|not_assessed_(no_machine-readable_text),0,not_classified_manufacturer,0,weak_location_signal,0,no_differentiation_evidence,1,named_individuals_in_promoter_field,1,sector_or_macro_tailwind_tags,0,weak_growth_signal,2,33,30.0,2
Transvoy Logistics India Limited,CORPORATE OFFICE CONTACT PERSON TELEPHONE AND EMAIL,unspecified_see_drhp,www.beelinemb.com; www.linkintime.co.in; www.transvoy.com,Extract from restated financials in DRHP (pattern not matched).,no_structured_differentiation_tag,Mr. Ravindrakumar Kumarchandra Joshi,subsidiary / group structure,bse_sme_ipo_drhp_pipeline,drhp_companies_specified_format.csv+final_merged_dsir_promoters.csv,,See DRHP ‘Industry / Business overview’ section.,no_structured_differentiation_tag|bse_sme_ipo_drhp_pipeline|subsidiary|group_structure,0,not_classified_manufacturer,0,weak_location_signal,0,no_differentiation_evidence,1,named_individuals_in_promoter_field,1,sector_or_macro_tailwind_tags,0,weak_growth_signal,2,33,30.0,2
Trident Lifeline Limited,Little or no extractable text (likely scanned PDF — needs OCR).,unknown,,unknown,no_structured_differentiation_tag,DRHP: Mr. Kunal Amrishbhai Chauhan Tel No; Mr. Nikhil Shah Email; Mr. Kunal Amrishbhai Chauhan PROMOTERS OF; Mr. Hardik Jigishkumar Desai; Mr. Mayurkumar Mansukhbhai Gajera; Mrs. Rinkal Mayurbhai Gajera; Mr. Tarang Nathabhai Gajera; Mr. Mohak Nathabhai Gajera; Mr. Hardik Jigishkumar Desai Chief Financial Officer; Mr. Mayurkumar Mansukhbhai Gajera Company Secretary,Not assessed (no machine-readable text).,bse_sme_ipo_drhp_pipeline,drhp_companies_specified_format.csv+final_merged_dsir_promoters.csv,,,no_structured_differentiation_tag|bse_sme_ipo_drhp_pipeline|not_assessed_(no_machine-readable_text),0,not_classified_manufacturer,0,weak_location_signal,0,no_differentiation_evidence,1,named_individuals_in_promoter_field,1,sector_or_macro_tailwind_tags,0,weak_growth_signal,2,33,30.0,2
Tutorials Point (India) Limited,Little or no extractable text (likely scanned PDF — needs OCR).,unknown,,unknown,no_structured_differentiation_tag,DRHP: Mr. Mohammad Mohtashim. Nomination; Mr. Mohammad Mohtashim; Mrs. Mahnaz Fatima Promoter Group Persons,Not assessed (no machine-readable text).,bse_sme_ipo_drhp_pipeline,drhp_companies_specified_format.csv+final_merged_dsir_promoters.csv,,,no_structured_differentiation_tag|bse_sme_ipo_drhp_pipeline|not_assessed_(no_machine-readable_text),0,not_classified_manufacturer,0,weak_location_signal,0,no_differentiation_evidence,1,named_individuals_in_promoter_field,1,sector_or_macro_tailwind_tags,0,weak_growth_signal,2,33,30.0,3
Ullu Digital Limited,Little or no extractable text (likely scanned PDF — needs OCR).,unknown,,unknown,no_structured_differentiation_tag,DRHP: Ms. Sheriya Jain Company Secretary; Mr. Pankaj Passi SEBI Registration Number; Ms. Sheriya Jain OUR; Ms. Sheriya Jain. Depositories Act The Depositories; Mr. Vibhu Agarwal; Mrs. Megha Agarwal. Promoters Group,Not assessed (no machine-readable text).,bse_sme_ipo_drhp_pipeline,drhp_companies_specified_format.csv+final_merged_dsir_promoters.csv,,,no_structured_differentiation_tag|bse_sme_ipo_drhp_pipeline|not_assessed_(no_machine-readable_text),0,not_classified_manufacturer,0,weak_location_signal,0,no_differentiation_evidence,1,named_individuals_in_promoter_field,1,sector_or_macro_tailwind_tags,0,weak_growth_signal,2,33,30.0,2
Ultra Rich Weddings Limited,Little or no extractable text (likely scanned PDF — needs OCR).,unknown,,unknown,no_structured_differentiation_tag,DRHP: Mr. Saurabh Goswami Type Fresh Issue Size; Mr. SAURABH GOSWAMI THE ISSUE INITIAL PUBLIC; Mr. Saurabh Goswami Promoter Group Companies; Ms. Nidhi Patel. Chief Financial Officer; Mr. Manish Shrivastava. Act; Mr. Saurabh Goswami,Not assessed (no machine-readable text).,bse_sme_ipo_drhp_pipeline,drhp_companies_specified_format.csv+final_merged_dsir_promoters.csv,,,no_structured_differentiation_tag|bse_sme_ipo_drhp_pipeline|not_assessed_(no_machine-readable_text),0,not_classified_manufacturer,0,weak_location_signal,0,no_differentiation_evidence,1,named_individuals_in_promoter_field,1,sector_or_macro_tailwind_tags,0,weak_growth_signal,2,33,30.0,2
UNITED TECHFAB LIMITED,EMAIL WEBSITE Survey No,unspecified_see_drhp,www.kfintech.com; www.nirbhaycapital.com; www.unitedtechfab.com,Extract from restated financials in DRHP (pattern not matched).,no_structured_differentiation_tag,Mr. Gagan Nirmalkumar Mittal,subsidiary / group structure,bse_sme_ipo_drhp_pipeline,drhp_companies_specified_format.csv+final_merged_dsir_promoters.csv,,See DRHP ‘Industry / Business overview’ section.,no_structured_differentiation_tag|bse_sme_ipo_drhp_pipeline|subsidiary|group_structure,0,not_classified_manufacturer,0,weak_location_signal,0,no_differentiation_evidence,1,named_individuals_in_promoter_field,1,sector_or_macro_tailwind_tags,0,weak_growth_signal,2,33,30.0,2
Vahh Chemicals Limited,Our Company has delayed in complying with certain statutory provisions under Companies Act 2013,unspecified_see_drhp,www.kfintech.com; www.vahhchemicals.com,₹25–100 Cr (approx from lakhs),rnd_mention,DRHP: Mr. Aayush Hiren Desai; Mrs. Hetal Hirenbhai Desai,subsidiary / group structure; backward integration,bse_sme_ipo_drhp_pipeline,drhp_companies_specified_format.csv+final_merged_dsir_promoters.csv,,See DRHP ‘Industry / Business overview’ section.,rnd_mention|bse_sme_ipo_drhp_pipeline|subsidiary|group_structure|backward_integration,0,not_classified_manufacturer,0,weak_location_signal,0,no_differentiation_evidence,1,named_individuals_in_promoter_field,1,sector_or_macro_tailwind_tags,0,weak_growth_signal,2,33,30.0,2
VARYAA CREATIONS LIMITED,Little or no extractable text (likely scanned PDF — needs OCR).,unknown,,unknown,no_structured_differentiation_tag,DRHP: Ms. Akshita Agrawal; Ms. Mala Soneji; Mr. Ronak Bhatt Tel No; Mr. Asif Sayeed Te; Ms. Akshita Agrawal Director; Mrs. Pooja Vineet Naheta Materiality Policy; Mrs. Pooja Vineet Naheta; Mrs. Sarika Amit Naheta Promoter Companies,Not assessed (no machine-readable text).,bse_sme_ipo_drhp_pipeline,drhp_companies_specified_format.csv+final_merged_dsir_promoters.csv,,,no_structured_differentiation_tag|bse_sme_ipo_drhp_pipeline|not_assessed_(no_machine-readable_text),0,not_classified_manufacturer,0,weak_location_signal,0,no_differentiation_evidence,1,named_individuals_in_promoter_field,1,sector_or_macro_tailwind_tags,0,weak_growth_signal,2,33,30.0,2
Vashishtha Luxury Fashion Limited,Information” and “History and Certain Corporate Matters” beginning on page 50 and 144 respectively of the Draft Red Herring Prospectus.,unspecified_see_drhp,www.bigshareonline.com; www.expertglobal.in; www.vashishthaluxuryfashion.com,₹0–5 Cr (approx from lakhs),no_structured_differentiation_tag,DRHP: Mr. Shobit R. Agarwal SEBI; Mr. Abhishek Jain SEBI Registration No. INZ; Ms. Krupali Thakkar; Mr. Ravindra Dhareshivkar; Mr. Mustak Odiya; Ms. Archana Odiya DETAILS OF OFFER TO,subsidiary / group structure,bse_sme_ipo_drhp_pipeline,drhp_companies_specified_format.csv+final_merged_dsir_promoters.csv,,See DRHP ‘Industry / Business overview’ section.,no_structured_differentiation_tag|bse_sme_ipo_drhp_pipeline|subsidiary|group_structure,0,not_classified_manufacturer,0,weak_location_signal,0,no_differentiation_evidence,1,named_individuals_in_promoter_field,1,sector_or_macro_tailwind_tags,0,weak_growth_signal,2,33,30.0,2
Vedant Asset Ltd,Little or no extractable text (likely scanned PDF — needs OCR).,unknown,,unknown,no_structured_differentiation_tag,DRHP: Mr. Shobhan Gupta; Mr. Sourabh Garg Email; Mr. Sagar Pathare Email; Mr. Lallit Tripathi; Mrs. Priyanka Maheshwari DETAILS OF THE ISSUE; Mrs. Priyanka Maheshwari. For,Not assessed (no machine-readable text).,bse_sme_ipo_drhp_pipeline,drhp_companies_specified_format.csv+final_merged_dsir_promoters.csv,,,no_structured_differentiation_tag|bse_sme_ipo_drhp_pipeline|not_assessed_(no_machine-readable_text),0,not_classified_manufacturer,0,weak_location_signal,0,no_differentiation_evidence,1,named_individuals_in_promoter_field,1,sector_or_macro_tailwind_tags,0,weak_growth_signal,2,33,30.0,2
Veefin Solutions Limited,Little or no extractable text (likely scanned PDF — needs OCR).,unknown,,unknown,no_structured_differentiation_tag,DRHP: Ms. Sarita Vijay Mahajan Company Secretary; Mr. Raja Debnath; Mr. Gautam Vijay Udani; Mr. Ajay Babu Rajendran; Mr. Parth Shah; Ms. Kritika Rupda; Ms. Sarita Vijay Mahajan; Mr. Raja Debnath MOA; Mr. Gautam Vijay Udani Promoter Group Such; Mr. Gautam Vijay Udani KEY PERFORMANCE INDICATORS,Not assessed (no machine-readable text).,bse_sme_ipo_drhp_pipeline,drhp_companies_specified_format.csv+final_merged_dsir_promoters.csv,,,no_structured_differentiation_tag|bse_sme_ipo_drhp_pipeline|not_assessed_(no_machine-readable_text),0,not_classified_manufacturer,0,weak_location_signal,0,no_differentiation_evidence,1,named_individuals_in_promoter_field,1,sector_or_macro_tailwind_tags,0,weak_growth_signal,2,33,30.0,2
Veer Global Infraconstruction Limited,Little or no extractable text (likely scanned PDF — needs OCR).,unknown,,unknown,no_structured_differentiation_tag,DRHP: Ms. Deepali Chundawat; Mr. Vijaybhai Vagjibhai Bhanshali; Mrs. Anita Vijay Bhanshali; Mr. Vinod Mohanlal Jain; Mr. Mukesh Chunilal Jain; Mr. Abhishek Mukesh Jain,Not assessed (no machine-readable text).,bse_sme_ipo_drhp_pipeline,drhp_companies_specified_format.csv+final_merged_dsir_promoters.csv,,,no_structured_differentiation_tag|bse_sme_ipo_drhp_pipeline|not_assessed_(no_machine-readable_text),0,not_classified_manufacturer,0,weak_location_signal,0,no_differentiation_evidence,1,named_individuals_in_promoter_field,1,sector_or_macro_tailwind_tags,0,weak_growth_signal,2,33,30.0,2
Veerkrupa Jewellers Limited,Little or no extractable text (likely scanned PDF — needs OCR).,unknown,,unknown,no_structured_differentiation_tag,DRHP: Mr. Ankit Purushottam Sanchiher Email; Mr. Ankit Purushottam Sanchiher; Mr. Chirag Arvind Shah Materiality Policy; Mr. Chirag Arvind Shah And Mrs. Nehaben; Mrs. Nehaben Chiragbhai Shah Willful Defaulter,Not assessed (no machine-readable text).,bse_sme_ipo_drhp_pipeline,drhp_companies_specified_format.csv+final_merged_dsir_promoters.csv,,,no_structured_differentiation_tag|bse_sme_ipo_drhp_pipeline|not_assessed_(no_machine-readable_text),0,not_classified_manufacturer,0,weak_location_signal,0,no_differentiation_evidence,1,named_individuals_in_promoter_field,1,sector_or_macro_tailwind_tags,0,weak_growth_signal,2,33,30.0,2
Viraunique Realtors Limited,Little or no extractable text (likely scanned PDF — needs OCR).,unknown,,unknown,no_structured_differentiation_tag,DRHP: Ms. Neelam Raj,Not assessed (no machine-readable text).,bse_sme_ipo_drhp_pipeline,drhp_companies_specified_format.csv+final_merged_dsir_promoters.csv,,,no_structured_differentiation_tag|bse_sme_ipo_drhp_pipeline|not_assessed_(no_machine-readable_text),0,not_classified_manufacturer,0,weak_location_signal,0,no_differentiation_evidence,1,named_individuals_in_promoter_field,1,sector_or_macro_tailwind_tags,0,weak_growth_signal,2,33,30.0,3
Visaman Global Sales Limited,Little or no extractable text (likely scanned PDF — needs OCR).,unknown,,unknown,no_structured_differentiation_tag,DRHP: Ms. Ankita Anil Jain; Mr. MITULKUMAR SURESHCHANDRA VASA; Mr. SURESHCHANDRA GULABCHAND VASA THE ISSUE INITIAL; Mr. Mitulkumar Sureshchandra Vasa; Mr. Sureshchandra Gulabchand Vasa; Mr. Vishvas Sureshbhai Bhimjiyani,Not assessed (no machine-readable text).,bse_sme_ipo_drhp_pipeline,drhp_companies_specified_format.csv+final_merged_dsir_promoters.csv,,,no_structured_differentiation_tag|bse_sme_ipo_drhp_pipeline|not_assessed_(no_machine-readable_text),0,not_classified_manufacturer,0,weak_location_signal,0,no_differentiation_evidence,1,named_individuals_in_promoter_field,1,sector_or_macro_tailwind_tags,0,weak_growth_signal,2,33,30.0,2
Vivaa Tradecom Limited,Little or no extractable text (likely scanned PDF — needs OCR).,unknown,,unknown,no_structured_differentiation_tag,DRHP: Mr. Mitesh Adani. For,Not assessed (no machine-readable text).,bse_sme_ipo_drhp_pipeline,drhp_companies_specified_format.csv+final_merged_dsir_promoters.csv,,,no_structured_differentiation_tag|bse_sme_ipo_drhp_pipeline|not_assessed_(no_machine-readable_text),0,not_classified_manufacturer,0,weak_location_signal,0,no_differentiation_evidence,1,named_individuals_in_promoter_field,1,sector_or_macro_tailwind_tags,0,weak_growth_signal,2,33,30.0,2
Vrundavan Plantation Limited,Little or no extractable text (likely scanned PDF — needs OCR).,unknown,,unknown,no_structured_differentiation_tag,DRHP: Mr. Upendra Tiwari Promoter Group Companies; Ms. Kajal Kalwani. Chief Financial Officer; Mr. Dineshkumar Dubey. Act; Mr. Upendra Tiwari,Not assessed (no machine-readable text).,bse_sme_ipo_drhp_pipeline,drhp_companies_specified_format.csv+final_merged_dsir_promoters.csv,,,no_structured_differentiation_tag|bse_sme_ipo_drhp_pipeline|not_assessed_(no_machine-readable_text),0,not_classified_manufacturer,0,weak_location_signal,0,no_differentiation_evidence,1,named_individuals_in_promoter_field,1,sector_or_macro_tailwind_tags,0,weak_growth_signal,2,33,30.0,2
Welpar Pharmbizz Limited,Little or no extractable text (likely scanned PDF — needs OCR).,unknown,,unknown,no_structured_differentiation_tag,DRHP: Ms. Mitti Mitesh Jain; Mr. Dipesh Paras Chhajed MoA; Mr. Paras Kanhaiyalal Chhajed; Mr. Dipesh Paras Chhajed; Mr. Manish Paras Chhajed Promoter Group Persons; Mr. Manish Paras Chhajed For; Mr. Manish Paras Chhajed; Mr. Kiran Paras Chhajed; Ms. Anita Kiran Chhajed; Ms. Chandrakala Manish Chhajed,Not assessed (no machine-readable text).,bse_sme_ipo_drhp_pipeline,drhp_companies_specified_format.csv+final_merged_dsir_promoters.csv,,,no_structured_differentiation_tag|bse_sme_ipo_drhp_pipeline|not_assessed_(no_machine-readable_text),0,not_classified_manufacturer,0,weak_location_signal,0,no_differentiation_evidence,1,named_individuals_in_promoter_field,1,sector_or_macro_tailwind_tags,0,weak_growth_signal,2,33,30.0,2
White Organic Retail Limited,Little or no extractable text (likely scanned PDF — needs OCR).,unknown,,unknown,no_structured_differentiation_tag,DRHP: Ms. Charmi Sagar Jobalia; Mr. Darshak Mahesh Rupani; Mr. Prashantt Mahesh Rupani; Mr. Ronak Vinod Desai,Not assessed (no machine-readable text).,bse_sme_ipo_drhp_pipeline,drhp_companies_specified_format.csv+final_merged_dsir_promoters.csv,,,no_structured_differentiation_tag|bse_sme_ipo_drhp_pipeline|not_assessed_(no_machine-readable_text),0,not_classified_manufacturer,0,weak_location_signal,0,no_differentiation_evidence,1,named_individuals_in_promoter_field,1,sector_or_macro_tailwind_tags,0,weak_growth_signal,2,33,30.0,2
Achyut Healthcare Limited,"The reg istered office of our Company situated at 610 Colonade, B/H Iscon Temple, Opposite Iscon, BRTS Bus Stand, Iscon – Ambali Road, Ahmedabad- 380 058, Gujarat, India",unspecified_see_drhp,www.achyuthealthcare.com; www.gyrcapitaladvisors.com; www.kfintech.com,Extract from restated financials in DRHP (pattern not matched).,no_structured_differentiation_tag,Promoter names not machine-extracted from sampled DRHP pages; verify in IPO prospectus or LinkedIn.,subsidiary / group structure,bse_sme_ipo_drhp_pipeline,drhp_companies_specified_format.csv+final_merged_dsir_promoters.csv,,See DRHP ‘Industry / Business overview’ section.,no_structured_differentiation_tag|bse_sme_ipo_drhp_pipeline|subsidiary|group_structure,0,not_classified_manufacturer,1,india_location_signal,0,no_differentiation_evidence,0,no_promoter_extract,1,sector_or_macro_tailwind_tags,0,weak_growth_signal,2,33,25.0,2
BAI-KAKAJI POLYMERS LIMITED,"Plot No. M3 & M4 MIDC, Latur, Maharashtra, India, 413531 Dheerajkumar Pannalal Tiwari Company Secretary & Compliance Officer E-mail: cs@baikakaji.com Tel No: +91 9028254663 Website: https://baikakajipolymers.com",unspecified_see_drhp,https://baikakajipolymers.com,Extract from restated financials in DRHP (pattern not matched).,no_structured_differentiation_tag,Promoter names not machine-extracted from sampled DRHP pages; verify in IPO prospectus or LinkedIn.,subsidiary / group structure,bse_sme_ipo_drhp_pipeline,drhp_companies_specified_format.csv+final_merged_dsir_promoters.csv,,See DRHP ‘Industry / Business overview’ section.,no_structured_differentiation_tag|bse_sme_ipo_drhp_pipeline|subsidiary|group_structure,0,not_classified_manufacturer,1,india_location_signal,0,no_differentiation_evidence,0,no_promoter_extract,1,sector_or_macro_tailwind_tags,0,weak_growth_signal,2,33,25.0,2
Exato Technologies Limited,"A-33, 02nd Floor, Sector -2, Noida, Gautam Buddha Nagar, Noida, Uttar Pradesh, India, 201301",unspecified_see_drhp,https://www.exato.ai/; www.gyrcapitaladvisors.com; www.kfintech.com,Extract from restated financials in DRHP (pattern not matched).,no_structured_differentiation_tag,Could not download DRHP PDF/ZIP for promoter extraction.,subsidiary / group structure,bse_sme_ipo_drhp_pipeline,drhp_companies_specified_format.csv+final_merged_dsir_promoters.csv,,See DRHP ‘Industry / Business overview’ section.,no_structured_differentiation_tag|bse_sme_ipo_drhp_pipeline|subsidiary|group_structure,0,not_classified_manufacturer,1,india_location_signal,0,no_differentiation_evidence,0,no_promoter_extract,1,sector_or_macro_tailwind_tags,0,weak_growth_signal,2,33,25.0,2
Futurex Management Solution Limited,"198 & 199, First Floor, Pocket -3, Sector - 24, Rohini, Northwest, Delhi, 110085 Ground Floor, Viraat I, C-56/35, Sector - 62, Noida 201309 Shweta Bansal Company Secretary and Compliance Officer Email: cs@futurexsolutions.com Tel No: 011-41687775 www.futurexsolutions. com PROMOTE...",unspecified_see_drhp,www.futurexsolutions; www.futurexsolutions.com,Extract from restated financials in DRHP (pattern not matched).,no_structured_differentiation_tag,DRHP PDF could not be downloaded.,subsidiary / group structure,bse_sme_ipo_drhp_pipeline,drhp_companies_specified_format.csv+final_merged_dsir_promoters.csv,,See DRHP ‘Industry / Business overview’ section.,no_structured_differentiation_tag|bse_sme_ipo_drhp_pipeline|subsidiary|group_structure,0,not_classified_manufacturer,1,india_location_signal,0,no_differentiation_evidence,0,no_promoter_extract,1,sector_or_macro_tailwind_tags,0,weak_growth_signal,2,33,25.0,2
Gallard Steel Limited,"TELEPHONE WEBSITE Flat No. 01, SukhsnehApartment, 168-M Khatiwala Tank, Indore, Madhya Pradesh-MP – 452014",unspecified_see_drhp,https://www.gallardsteel.com,Extract from restated financials in DRHP (pattern not matched).,no_structured_differentiation_tag,Promoter names not machine-extracted from sampled DRHP pages; verify in IPO prospectus or LinkedIn.,subsidiary / group structure,bse_sme_ipo_drhp_pipeline,drhp_companies_specified_format.csv+final_merged_dsir_promoters.csv,,See DRHP ‘Industry / Business overview’ section.,no_structured_differentiation_tag|bse_sme_ipo_drhp_pipeline|subsidiary|group_structure,0,not_classified_manufacturer,1,india_location_signal,0,no_differentiation_evidence,0,no_promoter_extract,1,sector_or_macro_tailwind_tags,0,weak_growth_signal,2,33,25.0,2
IKEDA LIMITED,"W.E.A., Karol Bagh, New Delhi, Central Delhi, Delhi, India, 110005",unspecified_see_drhp,www.finkeda.com; www.ftfinsec.com; www.maashitla.com,Extract from restated financials in DRHP (pattern not matched).,no_structured_differentiation_tag,Could not download DRHP PDF/ZIP for promoter extraction.,subsidiary / group structure,bse_sme_ipo_drhp_pipeline,drhp_companies_specified_format.csv,,See DRHP ‘Industry / Business overview’ section.,no_structured_differentiation_tag|bse_sme_ipo_drhp_pipeline|subsidiary|group_structure,0,not_classified_manufacturer,1,india_location_signal,0,no_differentiation_evidence,0,no_promoter_extract,1,sector_or_macro_tailwind_tags,0,weak_growth_signal,2,33,25.0,1
IKEDA LIMITED,"W.E.A., Karol Bagh, New Delhi, Central Delhi, Delhi, India, 110005",unspecified_see_drhp,www.finkeda.com; www.ftfinsec.com; www.maashitla.com,Extract from restated financials in DRHP (pattern not matched).,no_structured_differentiation_tag,Could not download DRHP PDF/ZIP for promoter extraction.,subsidiary / group structure,bse_sme_ipo_drhp_pipeline,final_merged_dsir_promoters.csv,,See DRHP ‘Industry / Business overview’ section.,no_structured_differentiation_tag|bse_sme_ipo_drhp_pipeline|subsidiary|group_structure,0,not_classified_manufacturer,1,india_location_signal,0,no_differentiation_evidence,0,no_promoter_extract,1,sector_or_macro_tailwind_tags,0,weak_growth_signal,2,33,25.0,1
Integrum Energy Infrastructure Limited,"Koramangala, 560034, Bangalore, Karnataka -560034, India",unspecified_see_drhp,www.beelinemb.com; www.integratedregistry.in; www.integrumenergy.in,₹5–25 Cr (approx from lakhs),no_structured_differentiation_tag,Could not download DRHP PDF/ZIP for promoter extraction.,subsidiary / group structure,bse_sme_ipo_drhp_pipeline,drhp_companies_specified_format.csv+final_merged_dsir_promoters.csv,,See DRHP ‘Industry / Business overview’ section.,no_structured_differentiation_tag|bse_sme_ipo_drhp_pipeline|subsidiary|group_structure,0,not_classified_manufacturer,1,india_location_signal,0,no_differentiation_evidence,0,no_promoter_extract,1,sector_or_macro_tailwind_tags,0,weak_growth_signal,2,33,25.0,2
Maharaja & Speedex India Limited,"53/27 GT Karnal Road Village Alipur, Near Alipur Police Station, New Delhi, Delhi-110036",unspecified_see_drhp,https://speedexind.com,Extract from restated financials in DRHP (pattern not matched).,no_structured_differentiation_tag,Promoter names not machine-extracted — verify in IPO prospectus or LinkedIn.,subsidiary / group structure,bse_sme_ipo_drhp_pipeline,drhp_companies_specified_format.csv+final_merged_dsir_promoters.csv,,See DRHP ‘Industry / Business overview’ section.,no_structured_differentiation_tag|bse_sme_ipo_drhp_pipeline|subsidiary|group_structure,0,not_classified_manufacturer,1,india_location_signal,0,no_differentiation_evidence,0,weak_promoter_signal,1,sector_or_macro_tailwind_tags,0,weak_growth_signal,2,33,25.0,2
Methodhub Software Limited,"Unit No. 109, 1 st Floor, Prestige Meridian – 1, No. 29, M.G. Road, Bengaluru – 560 001, Karnataka, India. Muthukrishnan Shanmuga Thevar- Company Secretary and Compliance Officer Telephone: +91 78248 23132 Email: cs@methodhub.in",unspecified_see_drhp,www.methodhub.in,Extract from restated financials in DRHP (pattern not matched).,no_structured_differentiation_tag,Promoter names not machine-extracted from sampled DRHP pages; verify in IPO prospectus or LinkedIn.,subsidiary / group structure,bse_sme_ipo_drhp_pipeline,drhp_companies_specified_format.csv+final_merged_dsir_promoters.csv,,See DRHP ‘Industry / Business overview’ section.,no_structured_differentiation_tag|bse_sme_ipo_drhp_pipeline|subsidiary|group_structure,0,not_classified_manufacturer,1,india_location_signal,0,no_differentiation_evidence,0,no_promoter_extract,1,sector_or_macro_tailwind_tags,0,weak_growth_signal,2,33,25.0,2
N R GOLD LIMITED,"Bldg., 18/22 Shaikh Memon Street, Kalbadevi , Mumbai, Maharashtra , 400002 India Promoters Sanjay Jain, Rinku Jain and Barbelo Estates LLP Promoter Group Companies, individuals and entities (other than companies) as defined under Regulation 2 sub-regulation (pp) of the SEBI ICDR ...",unspecified_see_drhp,www.ifinservices.in; www.nrgold.com; www.skylinerta.com; www.wealthminenetworks.com,Extract from restated financials in DRHP (pattern not matched).,no_structured_differentiation_tag,Could not download DRHP PDF/ZIP for promoter extraction.,subsidiary / group structure,bse_sme_ipo_drhp_pipeline,drhp_companies_specified_format.csv+final_merged_dsir_promoters.csv,,See DRHP ‘Industry / Business overview’ section.,no_structured_differentiation_tag|bse_sme_ipo_drhp_pipeline|subsidiary|group_structure,0,not_classified_manufacturer,1,india_location_signal,0,no_differentiation_evidence,0,no_promoter_extract,1,sector_or_macro_tailwind_tags,0,weak_growth_signal,2,33,25.0,2
NEETU YOSHI LIMITED,"Jakhan, Rajpur Road, Dehradun, Dehradun, Uttarakhand, India-248001 “we”, “us” and “our” Unless the context otherwise indicates or implies, refers to our Company together with our Subsidiaries, on a consolidated basis as on the date of this Draft Red Herring Prospectus. “you”, “yo...",unspecified_see_drhp,www.neetuyoshi.com,Extract from restated financials in DRHP (pattern not matched).,no_structured_differentiation_tag,Could not download DRHP PDF/ZIP for promoter extraction.,subsidiary / group structure,bse_sme_ipo_drhp_pipeline,drhp_companies_specified_format.csv+final_merged_dsir_promoters.csv,,See DRHP ‘Industry / Business overview’ section.,no_structured_differentiation_tag|bse_sme_ipo_drhp_pipeline|subsidiary|group_structure,0,not_classified_manufacturer,1,india_location_signal,0,no_differentiation_evidence,0,no_promoter_extract,1,sector_or_macro_tailwind_tags,0,weak_growth_signal,2,33,25.0,2
Nexxus Petro Industries Limited,"B-811 Swati Trinity, Applewood Township Sanathal Sanand, Sarkhej, Ahmedabad, Dascroi, Gujarat, India, 382210",unspecified_see_drhp,www.kfintech.com; www.nexxusgroup.co.in; www.srujanalpha.com,Extract from restated financials in DRHP (pattern not matched).,rnd_mention,Could not download DRHP PDF/ZIP for promoter extraction.,backward integration,bse_sme_ipo_drhp_pipeline,drhp_companies_specified_format.csv+final_merged_dsir_promoters.csv,,See DRHP ‘Industry / Business overview’ section.,rnd_mention|bse_sme_ipo_drhp_pipeline|backward_integration,0,not_classified_manufacturer,1,india_location_signal,0,no_differentiation_evidence,0,no_promoter_extract,1,sector_or_macro_tailwind_tags,0,weak_growth_signal,2,33,25.0,2
Om Galaxy Limited,"5, Industrial Estate, Sativali Road, Village Valiv, Vasai, Thane, Maharashtra - 401208, India “we”, “us” and “our” Unless the context otherwise indicates or implies, refers to our Company and our Subsidiaries",unspecified_see_drhp,www.omgalaxymould.com,Extract from restated financials in DRHP (pattern not matched).,no_structured_differentiation_tag,Promoter names not machine-extracted — verify in IPO prospectus or LinkedIn.,subsidiary / group structure,bse_sme_ipo_drhp_pipeline,drhp_companies_specified_format.csv+final_merged_dsir_promoters.csv,,See DRHP ‘Industry / Business overview’ section.,no_structured_differentiation_tag|bse_sme_ipo_drhp_pipeline|subsidiary|group_structure,0,not_classified_manufacturer,1,india_location_signal,0,no_differentiation_evidence,0,weak_promoter_signal,1,sector_or_macro_tailwind_tags,0,weak_growth_signal,2,33,25.0,2
Oneindig Technologies Limited,"V-503, Atrium, VIVANTA by Taj Hotel Complex, Shooting Range Road, Suraj Kund, Faridabad-121009, Haryana, India C-48, 3rd Floor, DDA Sheds, Okhla Industrial Area Phase-1, South Delhi, New Delhi-110020 Mr. Sumit Das (Company Secretary and Compliance Officer) Email: info@oneindig.te...",unspecified_see_drhp,www.maashitla.com; www.oneindig.tech; www.shareindia.com,₹1 Cr (stated),no_structured_differentiation_tag,Could not download DRHP PDF/ZIP for promoter extraction.,subsidiary / group structure,bse_sme_ipo_drhp_pipeline,drhp_companies_specified_format.csv+final_merged_dsir_promoters.csv,,See DRHP ‘Industry / Business overview’ section.,no_structured_differentiation_tag|bse_sme_ipo_drhp_pipeline|subsidiary|group_structure,0,not_classified_manufacturer,1,india_location_signal,0,no_differentiation_evidence,0,no_promoter_extract,1,sector_or_macro_tailwind_tags,0,weak_growth_signal,2,33,25.0,2
Segmental Infrastructure Development Limited,"of the Company was shifted from the state of Delhi to State of Haryana vide Certificate of Incorporation dated September 12, 2023 issued by Registrar of Companies, Delhi",unspecified_see_drhp,www.bigshareonline.comInvestor; www.segmental.in; www.segmental.in/Promoter; www.shareindia.comInvestor,Extract from restated financials in DRHP (pattern not matched).,no_structured_differentiation_tag,Could not download DRHP PDF/ZIP for promoter extraction.,subsidiary / group structure,bse_sme_ipo_drhp_pipeline,drhp_companies_specified_format.csv+final_merged_dsir_promoters.csv,,See DRHP ‘Industry / Business overview’ section.,no_structured_differentiation_tag|bse_sme_ipo_drhp_pipeline|subsidiary|group_structure,0,not_classified_manufacturer,1,india_location_signal,0,no_differentiation_evidence,0,no_promoter_extract,1,sector_or_macro_tailwind_tags,0,weak_growth_signal,2,33,25.0,2
Shree TNB Polymers Limited,"Athalroad, Silvassa, Dadra & Nagar Haveli, India- 396230.",unspecified_see_drhp,www.shreetnbpolymers.in,Extract from restated financials in DRHP (pattern not matched).,no_structured_differentiation_tag,DRHP PDF could not be downloaded.,subsidiary / group structure,bse_sme_ipo_drhp_pipeline,drhp_companies_specified_format.csv+final_merged_dsir_promoters.csv,,See DRHP ‘Industry / Business overview’ section.,no_structured_differentiation_tag|bse_sme_ipo_drhp_pipeline|subsidiary|group_structure,0,not_classified_manufacturer,1,india_location_signal,0,no_differentiation_evidence,0,no_promoter_extract,1,sector_or_macro_tailwind_tags,0,weak_growth_signal,2,33,25.0,2
Shreni Shares Limited,"Borivali (West)- 400092 Mumbai, Maharashtra, India “we”, “us” or “our” Unless the context otherwise indicates or implies, refers to our Company.",unspecified_see_drhp,www.afsl.co.in; www.bigshareonline.com; www.shreni.in,Extract from restated financials in DRHP (pattern not matched).,no_structured_differentiation_tag,Promoter names not machine-extracted from sampled DRHP pages; verify in IPO prospectus or LinkedIn.,subsidiary / group structure,bse_sme_ipo_drhp_pipeline,drhp_companies_specified_format.csv+final_merged_dsir_promoters.csv,,See DRHP ‘Industry / Business overview’ section.,no_structured_differentiation_tag|bse_sme_ipo_drhp_pipeline|subsidiary|group_structure,0,not_classified_manufacturer,1,india_location_signal,0,no_differentiation_evidence,0,no_promoter_extract,1,sector_or_macro_tailwind_tags,0,weak_growth_signal,2,33,25.0,2
Sihora Industries Limited,"Compound, Udhna, Mangrol, Surat-394210, Gujarat, India. You or Your or Yours Prospective Investors in the Issue",unspecified_see_drhp,www.bigshareonline.com; www.sihoragroup.com; www.sobhagyacapital.com,Extract from restated financials in DRHP (pattern not matched).,no_structured_differentiation_tag,Could not download DRHP PDF/ZIP for promoter extraction.,subsidiary / group structure,bse_sme_ipo_drhp_pipeline,drhp_companies_specified_format.csv+final_merged_dsir_promoters.csv,,See DRHP ‘Industry / Business overview’ section.,no_structured_differentiation_tag|bse_sme_ipo_drhp_pipeline|subsidiary|group_structure,0,not_classified_manufacturer,1,india_location_signal,0,no_differentiation_evidence,0,no_promoter_extract,1,sector_or_macro_tailwind_tags,0,weak_growth_signal,2,33,25.0,2
Swasth Foodtech India Limited,name of our Company was changed to ‘Swasth Foodtech India Limited’,unspecified_see_drhp,www.horizonmanagement.in; www.swasthfoodtech.com,₹25–100 Cr (approx from lakhs),no_structured_differentiation_tag,Promoter names not machine-extracted from sampled DRHP pages; verify in IPO prospectus or LinkedIn.,subsidiary / group structure,bse_sme_ipo_drhp_pipeline,drhp_companies_specified_format.csv+final_merged_dsir_promoters.csv,,See DRHP ‘Industry / Business overview’ section.,no_structured_differentiation_tag|bse_sme_ipo_drhp_pipeline|subsidiary|group_structure,0,not_classified_manufacturer,1,india_location_signal,0,no_differentiation_evidence,0,no_promoter_extract,1,sector_or_macro_tailwind_tags,0,weak_growth_signal,2,33,25.0,2
UHM Vacation Limited,"C 715, Dattani Plaza, Near E W Ind Est, Safed Pool, Saki Naka, Andheri (East), Mumbai - 400072, Maharashtra, India Sanchita Dad, Company Secretary and Compliance Officer Email: cs@uhmvacation.com Telephone: 02246079484",unspecified_see_drhp,www.uhmvacation.com/,Extract from restated financials in DRHP (pattern not matched).,no_structured_differentiation_tag,Could not download DRHP PDF/ZIP for promoter extraction.,subsidiary / group structure,bse_sme_ipo_drhp_pipeline,drhp_companies_specified_format.csv+final_merged_dsir_promoters.csv,,See DRHP ‘Industry / Business overview’ section.,no_structured_differentiation_tag|bse_sme_ipo_drhp_pipeline|subsidiary|group_structure,0,not_classified_manufacturer,1,india_location_signal,0,no_differentiation_evidence,0,no_promoter_extract,1,sector_or_macro_tailwind_tags,0,weak_growth_signal,2,33,25.0,2
Valplast Technologies Limited,"was U45400HR2014FLC094931. Further, pursuant to our email dated September 26, 2023, and January 11, 2024, to Registrar of companies, Delhi, our",unspecified_see_drhp,www.bigshareonline.com; www.fintellectualadvisors.com; www.valplastech.com,Extract from restated financials in DRHP (pattern not matched).,no_structured_differentiation_tag,Could not download DRHP PDF/ZIP for promoter extraction.,subsidiary / group structure,bse_sme_ipo_drhp_pipeline,drhp_companies_specified_format.csv+final_merged_dsir_promoters.csv,U45400HR2014FLC094931,See DRHP ‘Industry / Business overview’ section.,no_structured_differentiation_tag|bse_sme_ipo_drhp_pipeline|subsidiary|group_structure,0,not_classified_manufacturer,1,india_location_signal,0,no_differentiation_evidence,0,no_promoter_extract,1,sector_or_macro_tailwind_tags,0,weak_growth_signal,2,33,25.0,2
Zebion Infotech Limited,"Sr. No. 383/8 FL 101 & 102 Atharv, Jaytu New Timber Merchant Society, Ghorpade Peth, Pune, Maharashtra, India, 411042 Aakash Chaturvedi Company Secretary & Compliance Officer Email: cs@zebion.in Telephone: +91 9623441166 www.zebion.in",unspecified_see_drhp,www.zebion.in,Extract from restated financials in DRHP (pattern not matched).,no_structured_differentiation_tag,Promoter names not machine-extracted — verify in IPO prospectus or LinkedIn.,subsidiary / group structure,bse_sme_ipo_drhp_pipeline,drhp_companies_specified_format.csv+final_merged_dsir_promoters.csv,,See DRHP ‘Industry / Business overview’ section.,no_structured_differentiation_tag|bse_sme_ipo_drhp_pipeline|subsidiary|group_structure,0,not_classified_manufacturer,1,india_location_signal,0,no_differentiation_evidence,0,weak_promoter_signal,1,sector_or_macro_tailwind_tags,0,weak_growth_signal,2,33,25.0,2
Aashka Hospitals Limited,Little or no extractable text (likely scanned PDF — needs OCR).,unknown,,unknown,no_structured_differentiation_tag,Promoter names not machine-extracted from sampled DRHP pages; verify in IPO prospectus or LinkedIn.,Not assessed (no machine-readable text).,bse_sme_ipo_drhp_pipeline,drhp_companies_specified_format.csv+final_merged_dsir_promoters.csv,,,no_structured_differentiation_tag|bse_sme_ipo_drhp_pipeline|not_assessed_(no_machine-readable_text),0,not_classified_manufacturer,0,weak_location_signal,0,no_differentiation_evidence,0,no_promoter_extract,1,sector_or_macro_tailwind_tags,0,weak_growth_signal,1,17,15.0,2
Acme India Industries Limited,"filing of ADT-1, MGT-7 and in the drafting of Board Reports. List o f Delays/Errors mentioned below:",unspecified_see_drhp,https://acmeindia.co/; www.bigshareonline.com; www.hemsecurities.com,₹5–25 Cr (approx from lakhs),no_structured_differentiation_tag,Promoter names not machine-extracted from sampled DRHP pages; verify in IPO prospectus or LinkedIn.,subsidiary / group structure,bse_sme_ipo_drhp_pipeline,drhp_companies_specified_format.csv+final_merged_dsir_promoters.csv,,See DRHP ‘Industry / Business overview’ section.,no_structured_differentiation_tag|bse_sme_ipo_drhp_pipeline|subsidiary|group_structure,0,not_classified_manufacturer,0,weak_location_signal,0,no_differentiation_evidence,0,no_promoter_extract,1,sector_or_macro_tailwind_tags,0,weak_growth_signal,1,17,15.0,2
Acme Universal Safezone 9 Limited,"PERSON E-MAIL AND TELEPHONE WEBSITE Near Twelve Shops Girwai Naka, A",unspecified_see_drhp,www.acmeuniversal9.com,Extract from restated financials in DRHP (pattern not matched).,no_structured_differentiation_tag,Promoter names not machine-extracted — verify in IPO prospectus or LinkedIn.,subsidiary / group structure,bse_sme_ipo_drhp_pipeline,drhp_companies_specified_format.csv+final_merged_dsir_promoters.csv,,See DRHP ‘Industry / Business overview’ section.,no_structured_differentiation_tag|bse_sme_ipo_drhp_pipeline|subsidiary|group_structure,0,not_classified_manufacturer,0,weak_location_signal,0,no_differentiation_evidence,0,weak_promoter_signal,1,sector_or_macro_tailwind_tags,0,weak_growth_signal,1,17,15.0,2
Adeshwar Meditex Limited,Download failed (timeout or HTTP error).,unknown,,unknown,no_structured_differentiation_tag,Could not download DRHP PDF/ZIP for promoter extraction.,,bse_sme_ipo_drhp_pipeline,drhp_companies_specified_format.csv+final_merged_dsir_promoters.csv,,,no_structured_differentiation_tag|bse_sme_ipo_drhp_pipeline,0,not_classified_manufacturer,0,weak_location_signal,0,no_differentiation_evidence,0,no_promoter_extract,1,sector_or_macro_tailwind_tags,0,weak_growth_signal,1,17,15.0,2
Amkay Products Limited,Little or no extractable text (likely scanned PDF — needs OCR).,unknown,,unknown,no_structured_differentiation_tag,Could not download DRHP PDF/ZIP for promoter extraction.,Not assessed (no machine-readable text).,bse_sme_ipo_drhp_pipeline,drhp_companies_specified_format.csv+final_merged_dsir_promoters.csv,,,no_structured_differentiation_tag|bse_sme_ipo_drhp_pipeline|not_assessed_(no_machine-readable_text),0,not_classified_manufacturer,0,weak_location_signal,0,no_differentiation_evidence,0,no_promoter_extract,1,sector_or_macro_tailwind_tags,0,weak_growth_signal,1,17,15.0,3
ARROWHEAD SEPERATION ENGINEERING LIMITED,Little or no extractable text (likely scanned PDF — needs OCR).,unknown,,unknown,no_structured_differentiation_tag,Promoter names not machine-extracted from sampled DRHP pages; verify in IPO prospectus or LinkedIn.,Not assessed (no machine-readable text).,bse_sme_ipo_drhp_pipeline,drhp_companies_specified_format.csv+final_merged_dsir_promoters.csv,,,no_structured_differentiation_tag|bse_sme_ipo_drhp_pipeline|not_assessed_(no_machine-readable_text),0,not_classified_manufacturer,0,weak_location_signal,0,no_differentiation_evidence,0,no_promoter_extract,1,sector_or_macro_tailwind_tags,0,weak_growth_signal,1,17,15.0,2
ASARFI HOSPITAL LIMITED,Little or no extractable text (likely scanned PDF — needs OCR).,unknown,,unknown,no_structured_differentiation_tag,Promoter names not machine-extracted from sampled DRHP pages; verify in IPO prospectus or LinkedIn.,Not assessed (no machine-readable text).,bse_sme_ipo_drhp_pipeline,drhp_companies_specified_format.csv+final_merged_dsir_promoters.csv,,,no_structured_differentiation_tag|bse_sme_ipo_drhp_pipeline|not_assessed_(no_machine-readable_text),0,not_classified_manufacturer,0,weak_location_signal,0,no_differentiation_evidence,0,no_promoter_extract,1,sector_or_macro_tailwind_tags,0,weak_growth_signal,1,17,15.0,3
Atam Valves Limited,Little or no extractable text (likely scanned PDF — needs OCR).,unknown,,unknown,no_structured_differentiation_tag,Promoter names not machine-extracted from sampled DRHP pages; verify in IPO prospectus or LinkedIn.,Not assessed (no machine-readable text).,bse_sme_ipo_drhp_pipeline,drhp_companies_specified_format.csv+final_merged_dsir_promoters.csv,,,no_structured_differentiation_tag|bse_sme_ipo_drhp_pipeline|not_assessed_(no_machine-readable_text),0,not_classified_manufacturer,0,weak_location_signal,0,no_differentiation_evidence,0,no_promoter_extract,1,sector_or_macro_tailwind_tags,0,weak_growth_signal,1,17,15.0,2
Axiom consulting limited,Little or no extractable text (likely scanned PDF — needs OCR).,unknown,,unknown,no_structured_differentiation_tag,Promoter names not machine-extracted from sampled DRHP pages; verify in IPO prospectus or LinkedIn.,Not assessed (no machine-readable text).,bse_sme_ipo_drhp_pipeline,drhp_companies_specified_format.csv+final_merged_dsir_promoters.csv,,,no_structured_differentiation_tag|bse_sme_ipo_drhp_pipeline|not_assessed_(no_machine-readable_text),0,not_classified_manufacturer,0,weak_location_signal,0,no_differentiation_evidence,0,no_promoter_extract,1,sector_or_macro_tailwind_tags,0,weak_growth_signal,1,17,15.0,2
Bizotic Commercial Limited,Little or no extractable text (likely scanned PDF — needs OCR).,unknown,,unknown,no_structured_differentiation_tag,DRHP: Sanjay Gupta; Sangita Aggarwala,Not assessed (no machine-readable text).,bse_sme_ipo_drhp_pipeline,drhp_companies_specified_format.csv+final_merged_dsir_promoters.csv,,,no_structured_differentiation_tag|bse_sme_ipo_drhp_pipeline|not_assessed_(no_machine-readable_text),0,not_classified_manufacturer,0,weak_location_signal,0,no_differentiation_evidence,0,weak_promoter_signal,1,sector_or_macro_tailwind_tags,0,weak_growth_signal,1,17,15.0,2
BLT LOGISTICS LIMITED,"Opening Date, with the relevant financial ratios calculated at the Floor Price and at the Cap Price, and shall be made available to the Stock Exchanges for the purpose of uploading on their respective website. Prospectus The Prospectus, to be filed with the ROC containing, inter ...",unspecified_see_drhp,www.bltlogistics.com,Extract from restated financials in DRHP (pattern not matched).,no_structured_differentiation_tag,Could not download DRHP PDF/ZIP for promoter extraction.,subsidiary / group structure,bse_sme_ipo_drhp_pipeline,drhp_companies_specified_format.csv+final_merged_dsir_promoters.csv,,See DRHP ‘Industry / Business overview’ section.,no_structured_differentiation_tag|bse_sme_ipo_drhp_pipeline|subsidiary|group_structure,0,not_classified_manufacturer,0,weak_location_signal,0,no_differentiation_evidence,0,no_promoter_extract,1,sector_or_macro_tailwind_tags,0,weak_growth_signal,1,17,15.0,2
Bondada Engineering Limited,Little or no extractable text (likely scanned PDF — needs OCR).,unknown,,unknown,no_structured_differentiation_tag,Promoter names not machine-extracted from sampled DRHP pages; verify in IPO prospectus or LinkedIn.,Not assessed (no machine-readable text).,bse_sme_ipo_drhp_pipeline,drhp_companies_specified_format.csv+final_merged_dsir_promoters.csv,,,no_structured_differentiation_tag|bse_sme_ipo_drhp_pipeline|not_assessed_(no_machine-readable_text),0,not_classified_manufacturer,0,weak_location_signal,0,no_differentiation_evidence,0,no_promoter_extract,1,sector_or_macro_tailwind_tags,0,weak_growth_signal,1,17,15.0,2
CFF FLUID CONTROL LIMITED,Little or no extractable text (likely scanned PDF — needs OCR).,unknown,,unknown,no_structured_differentiation_tag,DRHP: Sunil Menon; Gautam Makker,Not assessed (no machine-readable text).,bse_sme_ipo_drhp_pipeline,drhp_companies_specified_format.csv+final_merged_dsir_promoters.csv,,,no_structured_differentiation_tag|bse_sme_ipo_drhp_pipeline|not_assessed_(no_machine-readable_text),0,not_classified_manufacturer,0,weak_location_signal,0,no_differentiation_evidence,0,weak_promoter_signal,1,sector_or_macro_tailwind_tags,0,weak_growth_signal,1,17,15.0,2
Chatha Foods Limited,Download failed (timeout or HTTP error).,unknown,,unknown,no_structured_differentiation_tag,Could not download DRHP PDF/ZIP for promoter extraction.,,bse_sme_ipo_drhp_pipeline,drhp_companies_specified_format.csv+final_merged_dsir_promoters.csv,,,no_structured_differentiation_tag|bse_sme_ipo_drhp_pipeline,0,not_classified_manufacturer,0,weak_location_signal,0,no_differentiation_evidence,0,no_promoter_extract,1,sector_or_macro_tailwind_tags,0,weak_growth_signal,1,17,15.0,2
Chemkart India Limited,PDF parse error: PdfStreamError,unknown,,unknown,no_structured_differentiation_tag,Could not download DRHP PDF/ZIP for promoter extraction.,,bse_sme_ipo_drhp_pipeline,drhp_companies_specified_format.csv+final_merged_dsir_promoters.csv,,,no_structured_differentiation_tag|bse_sme_ipo_drhp_pipeline,0,not_classified_manufacturer,0,weak_location_signal,0,no_differentiation_evidence,0,no_promoter_extract,1,sector_or_macro_tailwind_tags,0,weak_growth_signal,1,17,15.0,2
CLINITECH LABORATORY LIMITED,Little or no extractable text (likely scanned PDF — needs OCR).,unknown,,unknown,no_structured_differentiation_tag,Promoter names not machine-extracted from sampled DRHP pages; verify in IPO prospectus or LinkedIn.,Not assessed (no machine-readable text).,bse_sme_ipo_drhp_pipeline,drhp_companies_specified_format.csv+final_merged_dsir_promoters.csv,,,no_structured_differentiation_tag|bse_sme_ipo_drhp_pipeline|not_assessed_(no_machine-readable_text),0,not_classified_manufacturer,0,weak_location_signal,0,no_differentiation_evidence,0,no_promoter_extract,1,sector_or_macro_tailwind_tags,0,weak_growth_signal,1,17,15.0,2
COMMAND POLYMERS LIMITED,Little or no extractable text (likely scanned PDF — needs OCR).,unknown,,unknown,no_structured_differentiation_tag,Promoter names not machine-extracted from sampled DRHP pages; verify in IPO prospectus or LinkedIn.,Not assessed (no machine-readable text).,bse_sme_ipo_drhp_pipeline,drhp_companies_specified_format.csv+final_merged_dsir_promoters.csv,,,no_structured_differentiation_tag|bse_sme_ipo_drhp_pipeline|not_assessed_(no_machine-readable_text),0,not_classified_manufacturer,0,weak_location_signal,0,no_differentiation_evidence,0,no_promoter_extract,1,sector_or_macro_tailwind_tags,0,weak_growth_signal,1,17,15.0,2
Company Name,City/Location,Industry Segment,Website,Revenue Band,no_structured_differentiation_tag,Promoter/Decision-Maker,Growth Signals,bse_sme_ipo_drhp_pipeline,final_merged_dsir_promoters.csv,,Industry Segment,no_structured_differentiation_tag|bse_sme_ipo_drhp_pipeline|growth_signals,0,not_classified_manufacturer,0,weak_location_signal,0,no_differentiation_evidence,0,weak_promoter_signal,1,sector_or_macro_tailwind_tags,0,weak_growth_signal,1,17,15.0,1
Cosmic CRF Limited,Little or no extractable text (likely scanned PDF — needs OCR).,unknown,,unknown,no_structured_differentiation_tag,Promoter names not machine-extracted from sampled DRHP pages; verify in IPO prospectus or LinkedIn.,Not assessed (no machine-readable text).,bse_sme_ipo_drhp_pipeline,drhp_companies_specified_format.csv+final_merged_dsir_promoters.csv,,,no_structured_differentiation_tag|bse_sme_ipo_drhp_pipeline|not_assessed_(no_machine-readable_text),0,not_classified_manufacturer,0,weak_location_signal,0,no_differentiation_evidence,0,no_promoter_extract,1,sector_or_macro_tailwind_tags,0,weak_growth_signal,1,17,15.0,2
Crazy Snacks Limited,"in 2006, earlier submissions were made physically and cannot be retrieved from the Ministry of Corporate Affairs (MCA) portal",unspecified_see_drhp,www.crazy.org.in; www.inventuremerchantbanker.com; www.kfintech.com,Extract from restated financials in DRHP (pattern not matched).,no_structured_differentiation_tag,Promoter names not machine-extracted from sampled DRHP pages; verify in IPO prospectus or LinkedIn.,subsidiary / group structure,bse_sme_ipo_drhp_pipeline,drhp_companies_specified_format.csv+final_merged_dsir_promoters.csv,,See DRHP ‘Industry / Business overview’ section.,no_structured_differentiation_tag|bse_sme_ipo_drhp_pipeline|subsidiary|group_structure,0,not_classified_manufacturer,0,weak_location_signal,0,no_differentiation_evidence,0,no_promoter_extract,1,sector_or_macro_tailwind_tags,0,weak_growth_signal,1,17,15.0,2
CRYOGENIC OGS LIMITED,Download failed (timeout or HTTP error).,unknown,,unknown,no_structured_differentiation_tag,Could not download DRHP PDF/ZIP for promoter extraction.,,bse_sme_ipo_drhp_pipeline,drhp_companies_specified_format.csv+final_merged_dsir_promoters.csv,,,no_structured_differentiation_tag|bse_sme_ipo_drhp_pipeline,0,not_classified_manufacturer,0,weak_location_signal,0,no_differentiation_evidence,0,no_promoter_extract,1,sector_or_macro_tailwind_tags,0,weak_growth_signal,1,17,15.0,2
Dhaval Packaging Limited,Download failed (timeout or HTTP error).,unknown,,unknown,no_structured_differentiation_tag,Promoter names not machine-extracted — verify in IPO prospectus or LinkedIn.,,bse_sme_ipo_drhp_pipeline,drhp_companies_specified_format.csv+final_merged_dsir_promoters.csv,,,no_structured_differentiation_tag|bse_sme_ipo_drhp_pipeline,0,not_classified_manufacturer,0,weak_location_signal,0,no_differentiation_evidence,0,weak_promoter_signal,1,sector_or_macro_tailwind_tags,0,weak_growth_signal,1,17,15.0,2
Earkart Limited,"U74999DL2021PLC399313. For further information, please refer chapter “",unspecified_see_drhp,www.earkart.in; www.sarthiwm.in; www.skylinerta.com,Extract from restated financials in DRHP (pattern not matched).,no_structured_differentiation_tag,Promoter names not machine-extracted from sampled DRHP pages; verify in IPO prospectus or LinkedIn.,subsidiary / group structure,bse_sme_ipo_drhp_pipeline,drhp_companies_specified_format.csv+final_merged_dsir_promoters.csv,U74999DL2021PLC399313,See DRHP ‘Industry / Business overview’ section.,no_structured_differentiation_tag|bse_sme_ipo_drhp_pipeline|subsidiary|group_structure,0,not_classified_manufacturer,0,weak_location_signal,0,no_differentiation_evidence,0,no_promoter_extract,1,sector_or_macro_tailwind_tags,0,weak_growth_signal,1,17,15.0,2
Earthstahl & Alloys Limited,Download failed (timeout or HTTP error).,unknown,,unknown,no_structured_differentiation_tag,Could not download DRHP PDF/ZIP for promoter extraction.,,bse_sme_ipo_drhp_pipeline,drhp_companies_specified_format.csv+final_merged_dsir_promoters.csv,,,no_structured_differentiation_tag|bse_sme_ipo_drhp_pipeline,0,not_classified_manufacturer,0,weak_location_signal,0,no_differentiation_evidence,0,no_promoter_extract,1,sector_or_macro_tailwind_tags,0,weak_growth_signal,1,17,15.0,2
Eastern Logica Infoway Ltd,Little or no extractable text (likely scanned PDF — needs OCR).,unknown,,unknown,no_structured_differentiation_tag,Promoter names not machine-extracted from sampled DRHP pages; verify in IPO prospectus or LinkedIn.,Not assessed (no machine-readable text).,bse_sme_ipo_drhp_pipeline,drhp_companies_specified_format.csv+final_merged_dsir_promoters.csv,,,no_structured_differentiation_tag|bse_sme_ipo_drhp_pipeline|not_assessed_(no_machine-readable_text),0,not_classified_manufacturer,0,weak_location_signal,0,no_differentiation_evidence,0,no_promoter_extract,1,sector_or_macro_tailwind_tags,0,weak_growth_signal,1,17,15.0,2
EP Biocomposites Limited,Little or no extractable text (likely scanned PDF — needs OCR).,unknown,,unknown,no_structured_differentiation_tag,Promoter names not machine-extracted from sampled DRHP pages; verify in IPO prospectus or LinkedIn.,Not assessed (no machine-readable text).,bse_sme_ipo_drhp_pipeline,drhp_companies_specified_format.csv+final_merged_dsir_promoters.csv,,,no_structured_differentiation_tag|bse_sme_ipo_drhp_pipeline|not_assessed_(no_machine-readable_text),0,not_classified_manufacturer,0,weak_location_signal,0,no_differentiation_evidence,0,no_promoter_extract,1,sector_or_macro_tailwind_tags,0,weak_growth_signal,1,17,15.0,2
Fabino Life Sciences Limited,Download failed (timeout or HTTP error).,unknown,,unknown,no_structured_differentiation_tag,Could not download DRHP PDF/ZIP for promoter extraction.,,bse_sme_ipo_drhp_pipeline,drhp_companies_specified_format.csv+final_merged_dsir_promoters.csv,,,no_structured_differentiation_tag|bse_sme_ipo_drhp_pipeline,0,not_classified_manufacturer,0,weak_location_signal,0,no_differentiation_evidence,0,no_promoter_extract,1,sector_or_macro_tailwind_tags,0,weak_growth_signal,1,17,15.0,2
FourFront Limited,OPENING DATE AND SHALL BE MADE AVAILABLE TO THE BSE LIMITED “BSE”) FOR THE PURPOSE OF UPLOADING ON THEIR WEBSITE. FOR FURTHER DETAILS KINDLY REFER TO,unspecified_see_drhp,www.beelinemb.com; www.fourfront.in; www.in.mpms.mufg.com,Extract from restated financials in DRHP (pattern not matched).,no_structured_differentiation_tag,Promoter names not machine-extracted from sampled DRHP pages; verify in IPO prospectus or LinkedIn.,subsidiary / group structure,bse_sme_ipo_drhp_pipeline,drhp_companies_specified_format.csv+final_merged_dsir_promoters.csv,,See DRHP ‘Industry / Business overview’ section.,no_structured_differentiation_tag|bse_sme_ipo_drhp_pipeline|subsidiary|group_structure,0,not_classified_manufacturer,0,weak_location_signal,0,no_differentiation_evidence,0,no_promoter_extract,1,sector_or_macro_tailwind_tags,0,weak_growth_signal,1,17,15.0,2
FX Multitech Limited,"WITH WIDE CIRCULATION, AT LEAST TWO WORKING DAYS PRIOR TO THE BID/OFFER OPENING DATE AND SHALL BE MADE AVAILABLE TO SME PLATFORM OF BSE (“BSE SME ”), FOR THE PURPOSE OF UPLOADING ON THEIR RESPECTIVE WEBSITE IN ACCORDANCE WITH THE SEBI ICDR REGULATIONS, AS AMENDED.",unspecified_see_drhp,https://www.fxmultitech.com; www.in.mpms.mufg.com; www.oneviewadvisors.com,₹100+ Cr (approx from lakhs),no_structured_differentiation_tag,DRHP PDF could not be downloaded.,subsidiary / group structure,bse_sme_ipo_drhp_pipeline,drhp_companies_specified_format.csv+final_merged_dsir_promoters.csv,,See DRHP ‘Industry / Business overview’ section.,no_structured_differentiation_tag|bse_sme_ipo_drhp_pipeline|subsidiary|group_structure,0,not_classified_manufacturer,0,weak_location_signal,0,no_differentiation_evidence,0,no_promoter_extract,1,sector_or_macro_tailwind_tags,0,weak_growth_signal,1,17,15.0,3
GB Logistics Commerce Limited,Contact Person Telephone and Email,unspecified_see_drhp,https://www.maashitla.com/; www.gblogisticsindia.com,Extract from restated financials in DRHP (pattern not matched).,no_structured_differentiation_tag,Promoter names not machine-extracted from sampled DRHP pages; verify in IPO prospectus or LinkedIn.,subsidiary / group structure,bse_sme_ipo_drhp_pipeline,drhp_companies_specified_format.csv+final_merged_dsir_promoters.csv,,See DRHP ‘Industry / Business overview’ section.,no_structured_differentiation_tag|bse_sme_ipo_drhp_pipeline|subsidiary|group_structure,0,not_classified_manufacturer,0,weak_location_signal,0,no_differentiation_evidence,0,no_promoter_extract,1,sector_or_macro_tailwind_tags,0,weak_growth_signal,1,17,15.0,2
Gensol Engineering Limited,Little or no extractable text (likely scanned PDF — needs OCR).,unknown,,unknown,no_structured_differentiation_tag,Promoter names not machine-extracted from sampled DRHP pages; verify in IPO prospectus or LinkedIn.,Not assessed (no machine-readable text).,bse_sme_ipo_drhp_pipeline,drhp_companies_specified_format.csv+final_merged_dsir_promoters.csv,,,no_structured_differentiation_tag|bse_sme_ipo_drhp_pipeline|not_assessed_(no_machine-readable_text),0,not_classified_manufacturer,0,weak_location_signal,0,no_differentiation_evidence,0,no_promoter_extract,1,sector_or_macro_tailwind_tags,0,weak_growth_signal,1,17,15.0,3
Getalong Enterprise Limited,Little or no extractable text (likely scanned PDF — needs OCR).,unspecified_see_drhp,www.getalongenterprise.com; www.linkintime.co.in; www.shreni.in,Extract from restated financials in DRHP (pattern not matched).,no_structured_differentiation_tag,Promoter names not machine-extracted from sampled DRHP pages; verify in IPO prospectus or LinkedIn.,Not assessed (no machine-readable text).,bse_sme_ipo_drhp_pipeline,drhp_companies_specified_format.csv+final_merged_dsir_promoters.csv,,See DRHP ‘Industry / Business overview’ section.,no_structured_differentiation_tag|bse_sme_ipo_drhp_pipeline|not_assessed_(no_machine-readable_text),0,not_classified_manufacturer,0,weak_location_signal,0,no_differentiation_evidence,0,no_promoter_extract,1,sector_or_macro_tailwind_tags,0,weak_growth_signal,1,17,15.0,3
Global Ocean Logistics India Limited,Registration Centre bearing,unspecified_see_drhp,www.globalocean.in; www.ib.marwadichandaranagroup.com; www.kfintech.com,Extract from restated financials in DRHP (pattern not matched).,no_structured_differentiation_tag,Promoter names not machine-extracted from sampled DRHP pages; verify in IPO prospectus or LinkedIn.,subsidiary / group structure,bse_sme_ipo_drhp_pipeline,drhp_companies_specified_format.csv+final_merged_dsir_promoters.csv,,See DRHP ‘Industry / Business overview’ section.,no_structured_differentiation_tag|bse_sme_ipo_drhp_pipeline|subsidiary|group_structure,0,not_classified_manufacturer,0,weak_location_signal,0,no_differentiation_evidence,0,no_promoter_extract,1,sector_or_macro_tailwind_tags,0,weak_growth_signal,1,17,15.0,2
H.M. ELECTRO MECH LIMITED,Download failed (timeout or HTTP error).,unknown,,unknown,no_structured_differentiation_tag,Could not download DRHP PDF/ZIP for promoter extraction.,,bse_sme_ipo_drhp_pipeline,drhp_companies_specified_format.csv+final_merged_dsir_promoters.csv,,,no_structured_differentiation_tag|bse_sme_ipo_drhp_pipeline,0,not_classified_manufacturer,0,weak_location_signal,0,no_differentiation_evidence,0,no_promoter_extract,1,sector_or_macro_tailwind_tags,0,weak_growth_signal,1,17,15.0,2
Hannah Joseph Hospital Limited,"nursing staff 3. Property Address: Sub- District, Madurai South Taluk, No.37, Chinthamani Village, Shown in Patta No. 51, Ayan Nanja",unspecified_see_drhp,https://hannahjosephhospital.com/,Extract from restated financials in DRHP (pattern not matched).,no_structured_differentiation_tag,Promoter names not machine-extracted from sampled DRHP pages; verify in IPO prospectus or LinkedIn.,subsidiary / group structure,bse_sme_ipo_drhp_pipeline,drhp_companies_specified_format.csv+final_merged_dsir_promoters.csv,,See DRHP ‘Industry / Business overview’ section.,no_structured_differentiation_tag|bse_sme_ipo_drhp_pipeline|subsidiary|group_structure,0,not_classified_manufacturer,0,weak_location_signal,0,no_differentiation_evidence,0,no_promoter_extract,1,sector_or_macro_tailwind_tags,0,weak_growth_signal,1,17,15.0,2
Harshdeep Hortico Limited,Little or no extractable text (likely scanned PDF — needs OCR).,unknown,,unknown,no_structured_differentiation_tag,Promoter names not machine-extracted from sampled DRHP pages; verify in IPO prospectus or LinkedIn.,Not assessed (no machine-readable text).,bse_sme_ipo_drhp_pipeline,drhp_companies_specified_format.csv+final_merged_dsir_promoters.csv,,,no_structured_differentiation_tag|bse_sme_ipo_drhp_pipeline|not_assessed_(no_machine-readable_text),0,not_classified_manufacturer,0,weak_location_signal,0,no_differentiation_evidence,0,no_promoter_extract,1,sector_or_macro_tailwind_tags,0,weak_growth_signal,1,17,15.0,2
Highness Microelectronics Limited,Download failed (timeout or HTTP error).,unknown,,unknown,no_structured_differentiation_tag,Could not download DRHP PDF/ZIP for promoter extraction.,,bse_sme_ipo_drhp_pipeline,drhp_companies_specified_format.csv+final_merged_dsir_promoters.csv,,,no_structured_differentiation_tag|bse_sme_ipo_drhp_pipeline,0,not_classified_manufacturer,0,weak_location_signal,0,no_differentiation_evidence,0,no_promoter_extract,1,sector_or_macro_tailwind_tags,0,weak_growth_signal,1,17,15.0,2
Icodex Publishing Solutions Limited,PDF parse error: PdfStreamError,unknown,,unknown,no_structured_differentiation_tag,Could not download DRHP PDF/ZIP for promoter extraction.,,bse_sme_ipo_drhp_pipeline,drhp_companies_specified_format.csv+final_merged_dsir_promoters.csv,,,no_structured_differentiation_tag|bse_sme_ipo_drhp_pipeline,0,not_classified_manufacturer,0,weak_location_signal,0,no_differentiation_evidence,0,no_promoter_extract,1,sector_or_macro_tailwind_tags,0,weak_growth_signal,1,17,15.0,2
Infonative Solutions Limited,PDF parse error: PdfStreamError,unknown,,unknown,no_structured_differentiation_tag,Could not download DRHP PDF/ZIP for promoter extraction.,,bse_sme_ipo_drhp_pipeline,drhp_companies_specified_format.csv+final_merged_dsir_promoters.csv,,,no_structured_differentiation_tag|bse_sme_ipo_drhp_pipeline,0,not_classified_manufacturer,0,weak_location_signal,0,no_differentiation_evidence,0,no_promoter_extract,1,sector_or_macro_tailwind_tags,0,weak_growth_signal,1,17,15.0,2
ISH TRAVEL & TOURS  LIMITED,Download failed (timeout or HTTP error).,unknown,,unknown,no_structured_differentiation_tag,Could not download DRHP PDF/ZIP for promoter extraction.,,bse_sme_ipo_drhp_pipeline,drhp_companies_specified_format.csv+final_merged_dsir_promoters.csv,,,no_structured_differentiation_tag|bse_sme_ipo_drhp_pipeline,0,not_classified_manufacturer,0,weak_location_signal,0,no_differentiation_evidence,0,no_promoter_extract,1,sector_or_macro_tailwind_tags,0,weak_growth_signal,1,17,15.0,2
Jivial Industries Limited,section title “History and Corporate Structure” on page no. 165 of this Draft Prospectus.,significant customers or the inability to procure new orders on a regular basis or at all may have an adverse effect on,www.bigshareonline.com; www.corporatemakers.in; www.jivialrailings.com,Extract from restated financials in DRHP (pattern not matched).,no_structured_differentiation_tag,Could not download DRHP PDF/ZIP for promoter extraction.,subsidiary / group structure,bse_sme_ipo_drhp_pipeline,drhp_companies_specified_format.csv+final_merged_dsir_promoters.csv,,significant customers or the inability to procure new orders on a regular basis or at all may have an adverse effect on,no_structured_differentiation_tag|bse_sme_ipo_drhp_pipeline|subsidiary|group_structure,0,not_classified_manufacturer,0,weak_location_signal,0,no_differentiation_evidence,0,no_promoter_extract,1,sector_or_macro_tailwind_tags,0,weak_growth_signal,1,17,15.0,2
JJ PV SOLAR LIMITED,"Our Company in consultation with the BRLM, may, consider closing the Bid/Issue Period for QIBs one Working Day prior to the Bid/Issue Closing Date in accordance with the SEBI ICDR Regulations.",unspecified_see_drhp,www.jjpvsolar; www.jjpvsolar.com,Extract from restated financials in DRHP (pattern not matched).,no_structured_differentiation_tag,Could not download DRHP PDF/ZIP for promoter extraction.,subsidiary / group structure,bse_sme_ipo_drhp_pipeline,drhp_companies_specified_format.csv+final_merged_dsir_promoters.csv,,See DRHP ‘Industry / Business overview’ section.,no_structured_differentiation_tag|bse_sme_ipo_drhp_pipeline|subsidiary|group_structure,0,not_classified_manufacturer,0,weak_location_signal,0,no_differentiation_evidence,0,no_promoter_extract,1,sector_or_macro_tailwind_tags,0,weak_growth_signal,1,17,15.0,2
Kahan Packaging Limited,Little or no extractable text (likely scanned PDF — needs OCR).,unknown,,unknown,no_structured_differentiation_tag,Promoter names not machine-extracted from sampled DRHP pages; verify in IPO prospectus or LinkedIn.,Not assessed (no machine-readable text).,bse_sme_ipo_drhp_pipeline,drhp_companies_specified_format.csv+final_merged_dsir_promoters.csv,,,no_structured_differentiation_tag|bse_sme_ipo_drhp_pipeline|not_assessed_(no_machine-readable_text),0,not_classified_manufacturer,0,weak_location_signal,0,no_differentiation_evidence,0,no_promoter_extract,1,sector_or_macro_tailwind_tags,0,weak_growth_signal,1,17,15.0,2
Kasturi Metal Composite Limited,PDF parse error: PdfStreamError,unknown,,unknown,no_structured_differentiation_tag,Could not download DRHP PDF/ZIP for promoter extraction.,,bse_sme_ipo_drhp_pipeline,drhp_companies_specified_format.csv+final_merged_dsir_promoters.csv,,,no_structured_differentiation_tag|bse_sme_ipo_drhp_pipeline,0,not_classified_manufacturer,0,weak_location_signal,0,no_differentiation_evidence,0,no_promoter_extract,1,sector_or_macro_tailwind_tags,0,weak_growth_signal,1,17,15.0,2
Kesar India Limited,Little or no extractable text (likely scanned PDF — needs OCR).,unknown,,unknown,no_structured_differentiation_tag,Promoter names not machine-extracted from sampled DRHP pages; verify in IPO prospectus or LinkedIn.,Not assessed (no machine-readable text).,bse_sme_ipo_drhp_pipeline,drhp_companies_specified_format.csv,,,no_structured_differentiation_tag|bse_sme_ipo_drhp_pipeline|not_assessed_(no_machine-readable_text),0,not_classified_manufacturer,0,weak_location_signal,0,no_differentiation_evidence,0,no_promoter_extract,1,sector_or_macro_tailwind_tags,0,weak_growth_signal,1,17,15.0,1
Kesar India Limited,Little or no extractable text (likely scanned PDF — needs OCR).,unknown,,unknown,no_structured_differentiation_tag,Promoter names not machine-extracted from sampled DRHP pages; verify in IPO prospectus or LinkedIn.,Not assessed (no machine-readable text).,bse_sme_ipo_drhp_pipeline,final_merged_dsir_promoters.csv,,,no_structured_differentiation_tag|bse_sme_ipo_drhp_pipeline|not_assessed_(no_machine-readable_text),0,not_classified_manufacturer,0,weak_location_signal,0,no_differentiation_evidence,0,no_promoter_extract,1,sector_or_macro_tailwind_tags,0,weak_growth_signal,1,17,15.0,1
Kuberan Global Edu Solutions Limited,Little or no extractable text (likely scanned PDF — needs OCR).,unknown,,unknown,no_structured_differentiation_tag,Promoter names not machine-extracted from sampled DRHP pages; verify in IPO prospectus or LinkedIn.,Not assessed (no machine-readable text).,bse_sme_ipo_drhp_pipeline,drhp_companies_specified_format.csv+final_merged_dsir_promoters.csv,,,no_structured_differentiation_tag|bse_sme_ipo_drhp_pipeline|not_assessed_(no_machine-readable_text),0,not_classified_manufacturer,0,weak_location_signal,0,no_differentiation_evidence,0,no_promoter_extract,1,sector_or_macro_tailwind_tags,0,weak_growth_signal,1,17,15.0,2
Larisa Hotels and Resorts Limited,"Centre issued a new certificate of incorporation consequent upon conversion dated October 08, 2024, bearing",unspecified_see_drhp,https://larisahotelsandresorts.co; https://larisahotelsandresorts.com/,Extract from restated financials in DRHP (pattern not matched).,no_structured_differentiation_tag,Could not download DRHP PDF/ZIP for promoter extraction.,subsidiary / group structure,bse_sme_ipo_drhp_pipeline,drhp_companies_specified_format.csv+final_merged_dsir_promoters.csv,,See DRHP ‘Industry / Business overview’ section.,no_structured_differentiation_tag|bse_sme_ipo_drhp_pipeline|subsidiary|group_structure,0,not_classified_manufacturer,0,weak_location_signal,0,no_differentiation_evidence,0,no_promoter_extract,1,sector_or_macro_tailwind_tags,0,weak_growth_signal,1,17,15.0,2
LGT Business Connextions Limited,the Corporate Identification Number of our Company is U74999TN2016PLC112289. For further details of incorporation please refer to section titled “,unspecified_see_drhp,www.lgtholidays.com; www.markcorporateadvisors.com; www.skylinerta.com,Extract from restated financials in DRHP (pattern not matched).,no_structured_differentiation_tag,Promoter names not machine-extracted from sampled DRHP pages; verify in IPO prospectus or LinkedIn.,subsidiary / group structure,bse_sme_ipo_drhp_pipeline,drhp_companies_specified_format.csv+final_merged_dsir_promoters.csv,U74999TN2016PLC112289,See DRHP ‘Industry / Business overview’ section.,no_structured_differentiation_tag|bse_sme_ipo_drhp_pipeline|subsidiary|group_structure,0,not_classified_manufacturer,0,weak_location_signal,0,no_differentiation_evidence,0,no_promoter_extract,1,sector_or_macro_tailwind_tags,0,weak_growth_signal,1,17,15.0,2
Liqvd Digital India Limited,"AT LEAST TW O WORKING DAYS PRIOR TO THE BID/ OFFER OPENING DATE AND SHALL BE MADE AVAILABLE TO THE SME PLATFORM OF BSE (“BSE SME”) FOR THE PURPOSES OF UPLOADING ON THEIR WEBSITE, IN ACCORDANCE WITH THE SEBI ICDR REGULATIONS.",unspecified_see_drhp,https://liqvd.asia/,Extract from restated financials in DRHP (pattern not matched).,no_structured_differentiation_tag,Could not download DRHP PDF/ZIP for promoter extraction.,subsidiary / group structure,bse_sme_ipo_drhp_pipeline,drhp_companies_specified_format.csv+final_merged_dsir_promoters.csv,,See DRHP ‘Industry / Business overview’ section.,no_structured_differentiation_tag|bse_sme_ipo_drhp_pipeline|subsidiary|group_structure,0,not_classified_manufacturer,0,weak_location_signal,0,no_differentiation_evidence,0,no_promoter_extract,1,sector_or_macro_tailwind_tags,0,weak_growth_signal,1,17,15.0,4
MACH CONFERENCES AND EVENTS LIMITED,CORPORATE OFFICE CONTACT PERSON TELEPHONE AND EMAIL,unspecified_see_drhp,www.machconferences.com,Extract from restated financials in DRHP (pattern not matched).,no_structured_differentiation_tag,Promoter names not machine-extracted from sampled DRHP pages; verify in IPO prospectus or LinkedIn.,subsidiary / group structure,bse_sme_ipo_drhp_pipeline,drhp_companies_specified_format.csv+final_merged_dsir_promoters.csv,,See DRHP ‘Industry / Business overview’ section.,no_structured_differentiation_tag|bse_sme_ipo_drhp_pipeline|subsidiary|group_structure,0,not_classified_manufacturer,0,weak_location_signal,0,no_differentiation_evidence,0,no_promoter_extract,1,sector_or_macro_tailwind_tags,0,weak_growth_signal,1,17,15.0,2
Mafia Trends Limited,Little or no extractable text (likely scanned PDF — needs OCR).,unknown,,unknown,no_structured_differentiation_tag,Promoter names not machine-extracted from sampled DRHP pages; verify in IPO prospectus or LinkedIn.,Not assessed (no machine-readable text).,bse_sme_ipo_drhp_pipeline,drhp_companies_specified_format.csv+final_merged_dsir_promoters.csv,,,no_structured_differentiation_tag|bse_sme_ipo_drhp_pipeline|not_assessed_(no_machine-readable_text),0,not_classified_manufacturer,0,weak_location_signal,0,no_differentiation_evidence,0,no_promoter_extract,1,sector_or_macro_tailwind_tags,0,weak_growth_signal,1,17,15.0,2
Modern Diagnostic & Research Centre Limited,PDF parse error: PdfStreamError,unknown,,unknown,no_structured_differentiation_tag,Could not download DRHP PDF/ZIP for promoter extraction.,,bse_sme_ipo_drhp_pipeline,drhp_companies_specified_format.csv+final_merged_dsir_promoters.csv,,,no_structured_differentiation_tag|bse_sme_ipo_drhp_pipeline,0,not_classified_manufacturer,0,weak_location_signal,0,no_differentiation_evidence,0,no_promoter_extract,1,sector_or_macro_tailwind_tags,0,weak_growth_signal,1,17,15.0,2
Modi's Navnirman Limited,Little or no extractable text (likely scanned PDF — needs OCR).,unknown,,unknown,no_structured_differentiation_tag,Promoter names not machine-extracted from sampled DRHP pages; verify in IPO prospectus or LinkedIn.,Not assessed (no machine-readable text).,bse_sme_ipo_drhp_pipeline,drhp_companies_specified_format.csv+final_merged_dsir_promoters.csv,,,no_structured_differentiation_tag|bse_sme_ipo_drhp_pipeline|not_assessed_(no_machine-readable_text),0,not_classified_manufacturer,0,weak_location_signal,0,no_differentiation_evidence,0,no_promoter_extract,1,sector_or_macro_tailwind_tags,0,weak_growth_signal,1,17,15.0,2
Mopshop Distribution Limited,Registered Office: Gala No,unspecified_see_drhp,www.cameoindia.com; www.kslindia.com; www.mopshop.in,Extract from restated financials in DRHP (pattern not matched).,no_structured_differentiation_tag,Could not download DRHP PDF/ZIP for promoter extraction.,subsidiary / group structure,bse_sme_ipo_drhp_pipeline,drhp_companies_specified_format.csv+final_merged_dsir_promoters.csv,,See DRHP ‘Industry / Business overview’ section.,no_structured_differentiation_tag|bse_sme_ipo_drhp_pipeline|subsidiary|group_structure,0,not_classified_manufacturer,0,weak_location_signal,0,no_differentiation_evidence,0,no_promoter_extract,1,sector_or_macro_tailwind_tags,0,weak_growth_signal,1,17,15.0,2
NAPS Global India Limited,"“we”, “us” or “our” Unless the context otherwise indicates or implies, refers to our Company",unspecified_see_drhp,www.afsl.co.in; www.cameoindia.com; www.napsglobalindia.com,Extract from restated financials in DRHP (pattern not matched).,no_structured_differentiation_tag,Promoter names not machine-extracted from sampled DRHP pages; verify in IPO prospectus or LinkedIn.,subsidiary / group structure,bse_sme_ipo_drhp_pipeline,drhp_companies_specified_format.csv+final_merged_dsir_promoters.csv,,See DRHP ‘Industry / Business overview’ section.,no_structured_differentiation_tag|bse_sme_ipo_drhp_pipeline|subsidiary|group_structure,0,not_classified_manufacturer,0,weak_location_signal,0,no_differentiation_evidence,0,no_promoter_extract,1,sector_or_macro_tailwind_tags,0,weak_growth_signal,1,17,15.0,2
New Swan Multitech Limited,Little or no extractable text (likely scanned PDF — needs OCR).,unknown,,unknown,no_structured_differentiation_tag,Promoter names not machine-extracted from sampled DRHP pages; verify in IPO prospectus or LinkedIn.,Not assessed (no machine-readable text).,bse_sme_ipo_drhp_pipeline,drhp_companies_specified_format.csv+final_merged_dsir_promoters.csv,,,no_structured_differentiation_tag|bse_sme_ipo_drhp_pipeline|not_assessed_(no_machine-readable_text),0,not_classified_manufacturer,0,weak_location_signal,0,no_differentiation_evidence,0,no_promoter_extract,1,sector_or_macro_tailwind_tags,0,weak_growth_signal,1,17,15.0,2
Nityanand Udyog Limited,2) CIN is not mentioned on the letterhead of Directors Report; 3) Name and DIN of the Directors signing Directors Report is not mentioned; 4),unspecified_see_drhp,https://in.mpms.mufg.com/; www.nityanandudyog.com; www.unistonecapital.com,₹0–5 Cr (approx from lakhs),no_structured_differentiation_tag,Promoter names not machine-extracted from sampled DRHP pages; verify in IPO prospectus or LinkedIn.,subsidiary / group structure,bse_sme_ipo_drhp_pipeline,drhp_companies_specified_format.csv+final_merged_dsir_promoters.csv,,See DRHP ‘Industry / Business overview’ section.,no_structured_differentiation_tag|bse_sme_ipo_drhp_pipeline|subsidiary|group_structure,0,not_classified_manufacturer,0,weak_location_signal,0,no_differentiation_evidence,0,no_promoter_extract,1,sector_or_macro_tailwind_tags,0,weak_growth_signal,1,17,15.0,2
OSPYN Technologies Limited,PDF parse error: PdfStreamError,unknown,,unknown,no_structured_differentiation_tag,Could not download DRHP PDF/ZIP for promoter extraction.,,bse_sme_ipo_drhp_pipeline,drhp_companies_specified_format.csv+final_merged_dsir_promoters.csv,,,no_structured_differentiation_tag|bse_sme_ipo_drhp_pipeline,0,not_classified_manufacturer,0,weak_location_signal,0,no_differentiation_evidence,0,no_promoter_extract,1,sector_or_macro_tailwind_tags,0,weak_growth_signal,1,17,15.0,2
Parshva Enterprises Limited,Little or no extractable text (likely scanned PDF — needs OCR).,unknown,,unknown,no_structured_differentiation_tag,Promoter names not machine-extracted from sampled DRHP pages; verify in IPO prospectus or LinkedIn.,Not assessed (no machine-readable text).,bse_sme_ipo_drhp_pipeline,drhp_companies_specified_format.csv+final_merged_dsir_promoters.csv,,,no_structured_differentiation_tag|bse_sme_ipo_drhp_pipeline|not_assessed_(no_machine-readable_text),0,not_classified_manufacturer,0,weak_location_signal,0,no_differentiation_evidence,0,no_promoter_extract,1,sector_or_macro_tailwind_tags,0,weak_growth_signal,1,17,15.0,2
Rangoli Tradecomm Ltd,Little or no extractable text (likely scanned PDF — needs OCR).,unknown,,unknown,no_structured_differentiation_tag,Promoter names not machine-extracted from sampled DRHP pages; verify in IPO prospectus or LinkedIn.,Not assessed (no machine-readable text).,bse_sme_ipo_drhp_pipeline,drhp_companies_specified_format.csv+final_merged_dsir_promoters.csv,,,no_structured_differentiation_tag|bse_sme_ipo_drhp_pipeline|not_assessed_(no_machine-readable_text),0,not_classified_manufacturer,0,weak_location_signal,0,no_differentiation_evidence,0,no_promoter_extract,1,sector_or_macro_tailwind_tags,0,weak_growth_signal,1,17,15.0,2
Ratnadhar Infra Limited,(g) Business Strengths and Strategies,Construction / Infra,www.kreocapital.com; www.ratnadharinfra.com,Extract from restated financials in DRHP (pattern not matched).,no_structured_differentiation_tag,Promoter names not machine-extracted — verify in IPO prospectus or LinkedIn.,subsidiary / group structure,bse_sme_ipo_drhp_pipeline,drhp_companies_specified_format.csv+final_merged_dsir_promoters.csv,,the tradin g of ready-mix concrete and other construction materials,no_structured_differentiation_tag|bse_sme_ipo_drhp_pipeline|subsidiary|group_structure,0,not_classified_manufacturer,0,weak_location_signal,0,no_differentiation_evidence,0,weak_promoter_signal,1,sector_or_macro_tailwind_tags,0,weak_growth_signal,1,17,15.0,2
Rhetan TMT Limited,Little or no extractable text (likely scanned PDF — needs OCR).,unknown,,unknown,no_structured_differentiation_tag,Promoter names not machine-extracted from sampled DRHP pages; verify in IPO prospectus or LinkedIn.,Not assessed (no machine-readable text).,bse_sme_ipo_drhp_pipeline,drhp_companies_specified_format.csv+final_merged_dsir_promoters.csv,,,no_structured_differentiation_tag|bse_sme_ipo_drhp_pipeline|not_assessed_(no_machine-readable_text),0,not_classified_manufacturer,0,weak_location_signal,0,no_differentiation_evidence,0,no_promoter_extract,1,sector_or_macro_tailwind_tags,0,weak_growth_signal,1,17,15.0,2
Ritco Logistics Limited,Little or no extractable text (likely scanned PDF — needs OCR).,unknown,,unknown,no_structured_differentiation_tag,Promoter names not machine-extracted from sampled DRHP pages; verify in IPO prospectus or LinkedIn.,Not assessed (no machine-readable text).,bse_sme_ipo_drhp_pipeline,drhp_companies_specified_format.csv+final_merged_dsir_promoters.csv,,,no_structured_differentiation_tag|bse_sme_ipo_drhp_pipeline|not_assessed_(no_machine-readable_text),0,not_classified_manufacturer,0,weak_location_signal,0,no_differentiation_evidence,0,no_promoter_extract,1,sector_or_macro_tailwind_tags,0,weak_growth_signal,1,17,15.0,2
Sai Swami Metals and Alloys Limited,Little or no extractable text (likely scanned PDF — needs OCR).,unknown,,unknown,no_structured_differentiation_tag,Could not download DRHP PDF/ZIP for promoter extraction.,Not assessed (no machine-readable text).,bse_sme_ipo_drhp_pipeline,drhp_companies_specified_format.csv+final_merged_dsir_promoters.csv,,,no_structured_differentiation_tag|bse_sme_ipo_drhp_pipeline|not_assessed_(no_machine-readable_text),0,not_classified_manufacturer,0,weak_location_signal,0,no_differentiation_evidence,0,no_promoter_extract,1,sector_or_macro_tailwind_tags,0,weak_growth_signal,1,17,15.0,2
Sai Urja Indo Ventures Limited,"UG-2 Office Floor, J",unspecified_see_drhp,https://suiv.co.in/,Extract from restated financials in DRHP (pattern not matched).,no_structured_differentiation_tag,Could not download DRHP PDF/ZIP for promoter extraction.,subsidiary / group structure,bse_sme_ipo_drhp_pipeline,drhp_companies_specified_format.csv+final_merged_dsir_promoters.csv,,See DRHP ‘Industry / Business overview’ section.,no_structured_differentiation_tag|bse_sme_ipo_drhp_pipeline|subsidiary|group_structure,0,not_classified_manufacturer,0,weak_location_signal,0,no_differentiation_evidence,0,no_promoter_extract,1,sector_or_macro_tailwind_tags,0,weak_growth_signal,1,17,15.0,2
Shayona Engineering Ltd.,Registered Office: Shed No,unspecified_see_drhp,www.horizonmanagement.in; www.kfintech.com; www.shayonaengg.com,Extract from restated financials in DRHP (pattern not matched).,no_structured_differentiation_tag,Promoter names not machine-extracted from sampled DRHP pages; verify in IPO prospectus or LinkedIn.,subsidiary / group structure,bse_sme_ipo_drhp_pipeline,drhp_companies_specified_format.csv+final_merged_dsir_promoters.csv,,See DRHP ‘Industry / Business overview’ section.,no_structured_differentiation_tag|bse_sme_ipo_drhp_pipeline|subsidiary|group_structure,0,not_classified_manufacturer,0,weak_location_signal,0,no_differentiation_evidence,0,no_promoter_extract,1,sector_or_macro_tailwind_tags,0,weak_growth_signal,1,17,15.0,3
Shellz India Limited,"registered office of our Company, see “History and Certain Corporate Matters” on page 217.",unspecified_see_drhp,www.shellz.in,₹0–5 Cr (approx from lakhs),no_structured_differentiation_tag,DRHP: KAPIL GARG AND SHALINI GARG,subsidiary / group structure,bse_sme_ipo_drhp_pipeline,drhp_companies_specified_format.csv+final_merged_dsir_promoters.csv,,See DRHP ‘Industry / Business overview’ section.,no_structured_differentiation_tag|bse_sme_ipo_drhp_pipeline|subsidiary|group_structure,0,not_classified_manufacturer,0,weak_location_signal,0,no_differentiation_evidence,0,weak_promoter_signal,1,sector_or_macro_tailwind_tags,0,weak_growth_signal,1,17,15.0,2
Siyaram Recycling Industries Limited,Download failed (timeout or HTTP error).,unknown,,unknown,no_structured_differentiation_tag,Could not download DRHP PDF/ZIP for promoter extraction.,,bse_sme_ipo_drhp_pipeline,drhp_companies_specified_format.csv+final_merged_dsir_promoters.csv,,,no_structured_differentiation_tag|bse_sme_ipo_drhp_pipeline,0,not_classified_manufacturer,0,weak_location_signal,0,no_differentiation_evidence,0,no_promoter_extract,1,sector_or_macro_tailwind_tags,0,weak_growth_signal,1,17,15.0,2
Sobo Films Holding Limited,CORPORATE OFFICE CONTACT PERSON CONTACT NUMBER AND EMAIL,unspecified_see_drhp,www.bigshareonlince.com; www.comfortsecurities.co.in; www.sobofilms.com,Extract from restated financials in DRHP (pattern not matched).,no_structured_differentiation_tag,Could not download DRHP PDF/ZIP for promoter extraction.,subsidiary / group structure,bse_sme_ipo_drhp_pipeline,drhp_companies_specified_format.csv+final_merged_dsir_promoters.csv,,See DRHP ‘Industry / Business overview’ section.,no_structured_differentiation_tag|bse_sme_ipo_drhp_pipeline|subsidiary|group_structure,0,not_classified_manufacturer,0,weak_location_signal,0,no_differentiation_evidence,0,no_promoter_extract,1,sector_or_macro_tailwind_tags,0,weak_growth_signal,1,17,15.0,2
Sodhani Academy of Fintech Enablers Limited,Little or no extractable text (likely scanned PDF — needs OCR).,unspecified_see_drhp,www.cameoindia.com; www.safefintech.in; www.srujanalpha.com,Extract from restated financials in DRHP (pattern not matched).,no_structured_differentiation_tag,Could not download DRHP PDF/ZIP for promoter extraction.,Not assessed (no machine-readable text).,bse_sme_ipo_drhp_pipeline,drhp_companies_specified_format.csv+final_merged_dsir_promoters.csv,,See DRHP ‘Industry / Business overview’ section.,no_structured_differentiation_tag|bse_sme_ipo_drhp_pipeline|not_assessed_(no_machine-readable_text),0,not_classified_manufacturer,0,weak_location_signal,0,no_differentiation_evidence,0,no_promoter_extract,1,sector_or_macro_tailwind_tags,0,weak_growth_signal,1,17,15.0,3
SOLARIUM GREEN ENERGY LIMITED,Little or no extractable text (likely scanned PDF — needs OCR).,unknown,,unknown,no_structured_differentiation_tag,Promoter names not machine-extracted from sampled DRHP pages; verify in IPO prospectus or LinkedIn.,Not assessed (no machine-readable text).,bse_sme_ipo_drhp_pipeline,drhp_companies_specified_format.csv+final_merged_dsir_promoters.csv,,,no_structured_differentiation_tag|bse_sme_ipo_drhp_pipeline|not_assessed_(no_machine-readable_text),0,not_classified_manufacturer,0,weak_location_signal,0,no_differentiation_evidence,0,no_promoter_extract,1,sector_or_macro_tailwind_tags,0,weak_growth_signal,1,17,15.0,2
SPECIALITY MEDICINES LIMITED,Download failed (timeout or HTTP error).,unknown,,unknown,no_structured_differentiation_tag,Could not download DRHP PDF/ZIP for promoter extraction.,Not assessed (no machine-readable text).,bse_sme_ipo_drhp_pipeline,drhp_companies_specified_format.csv+final_merged_dsir_promoters.csv,,,no_structured_differentiation_tag|bse_sme_ipo_drhp_pipeline|not_assessed_(no_machine-readable_text),0,not_classified_manufacturer,0,weak_location_signal,0,no_differentiation_evidence,0,no_promoter_extract,1,sector_or_macro_tailwind_tags,0,weak_growth_signal,1,17,15.0,3
Srigee DLM Limited,PDF parse error: PdfStreamError,unknown,,unknown,no_structured_differentiation_tag,Could not download DRHP PDF/ZIP for promoter extraction.,,bse_sme_ipo_drhp_pipeline,drhp_companies_specified_format.csv+final_merged_dsir_promoters.csv,,,no_structured_differentiation_tag|bse_sme_ipo_drhp_pipeline,0,not_classified_manufacturer,0,weak_location_signal,0,no_differentiation_evidence,0,no_promoter_extract,1,sector_or_macro_tailwind_tags,0,weak_growth_signal,1,17,15.0,2
SUNITA TOOLS LIMITED,Download failed (timeout or HTTP error).,unknown,,unknown,no_structured_differentiation_tag,Could not download DRHP PDF/ZIP for promoter extraction.,,bse_sme_ipo_drhp_pipeline,drhp_companies_specified_format.csv+final_merged_dsir_promoters.csv,,,no_structured_differentiation_tag|bse_sme_ipo_drhp_pipeline,0,not_classified_manufacturer,0,weak_location_signal,0,no_differentiation_evidence,0,no_promoter_extract,1,sector_or_macro_tailwind_tags,0,weak_growth_signal,1,17,15.0,2
Sunrise Efficient Marketing Limited,Little or no extractable text (likely scanned PDF — needs OCR).,unknown,,unknown,no_structured_differentiation_tag,Promoter names not machine-extracted from sampled DRHP pages; verify in IPO prospectus or LinkedIn.,Not assessed (no machine-readable text).,bse_sme_ipo_drhp_pipeline,drhp_companies_specified_format.csv+final_merged_dsir_promoters.csv,,,no_structured_differentiation_tag|bse_sme_ipo_drhp_pipeline|not_assessed_(no_machine-readable_text),0,not_classified_manufacturer,0,weak_location_signal,0,no_differentiation_evidence,0,no_promoter_extract,1,sector_or_macro_tailwind_tags,0,weak_growth_signal,1,17,15.0,2
Swashthik Plascon Limited,Little or no extractable text (likely scanned PDF — needs OCR).,unknown,,unknown,no_structured_differentiation_tag,Could not download DRHP PDF/ZIP for promoter extraction.,Not assessed (no machine-readable text).,bse_sme_ipo_drhp_pipeline,drhp_companies_specified_format.csv+final_merged_dsir_promoters.csv,,,no_structured_differentiation_tag|bse_sme_ipo_drhp_pipeline|not_assessed_(no_machine-readable_text),0,not_classified_manufacturer,0,weak_location_signal,0,no_differentiation_evidence,0,no_promoter_extract,1,sector_or_macro_tailwind_tags,0,weak_growth_signal,1,17,15.0,2
Trafiksol ITS Technologies Limited,Little or no extractable text (likely scanned PDF — needs OCR).,unknown,,unknown,no_structured_differentiation_tag,Promoter names not machine-extracted from sampled DRHP pages; verify in IPO prospectus or LinkedIn.,Not assessed (no machine-readable text).,bse_sme_ipo_drhp_pipeline,drhp_companies_specified_format.csv+final_merged_dsir_promoters.csv,,,no_structured_differentiation_tag|bse_sme_ipo_drhp_pipeline|not_assessed_(no_machine-readable_text),0,not_classified_manufacturer,0,weak_location_signal,0,no_differentiation_evidence,0,no_promoter_extract,1,sector_or_macro_tailwind_tags,0,weak_growth_signal,1,17,15.0,2
Unified Data- Tech Solutions Limited,PDF parse error: PdfStreamError,unknown,,unknown,no_structured_differentiation_tag,Could not download DRHP PDF/ZIP for promoter extraction.,,bse_sme_ipo_drhp_pipeline,drhp_companies_specified_format.csv+final_merged_dsir_promoters.csv,,,no_structured_differentiation_tag|bse_sme_ipo_drhp_pipeline,0,not_classified_manufacturer,0,weak_location_signal,0,no_differentiation_evidence,0,no_promoter_extract,1,sector_or_macro_tailwind_tags,0,weak_growth_signal,1,17,15.0,2
V R FILMS & STUDIOS LIMITED,Download failed (timeout or HTTP error).,unknown,,unknown,no_structured_differentiation_tag,Could not download DRHP PDF/ZIP for promoter extraction.,,bse_sme_ipo_drhp_pipeline,drhp_companies_specified_format.csv+final_merged_dsir_promoters.csv,,,no_structured_differentiation_tag|bse_sme_ipo_drhp_pipeline,0,not_classified_manufacturer,0,weak_location_signal,0,no_differentiation_evidence,0,no_promoter_extract,1,sector_or_macro_tailwind_tags,0,weak_growth_signal,1,17,15.0,2
Virtuoso Optoelectronics Limited,Little or no extractable text (likely scanned PDF — needs OCR).,unknown,,unknown,no_structured_differentiation_tag,Promoter names not machine-extracted from sampled DRHP pages; verify in IPO prospectus or LinkedIn.,Not assessed (no machine-readable text).,bse_sme_ipo_drhp_pipeline,drhp_companies_specified_format.csv+final_merged_dsir_promoters.csv,,,no_structured_differentiation_tag|bse_sme_ipo_drhp_pipeline|not_assessed_(no_machine-readable_text),0,not_classified_manufacturer,0,weak_location_signal,0,no_differentiation_evidence,0,no_promoter_extract,1,sector_or_macro_tailwind_tags,0,weak_growth_signal,1,17,15.0,2
Vision Time India Limited,studios are located and the same are either on lease arrangement or on right to use basis,unspecified_see_drhp,www.arihantcapital.com; www.cameoindia.com; www.visiontime.in,Extract from restated financials in DRHP (pattern not matched).,no_structured_differentiation_tag,Could not download DRHP PDF/ZIP for promoter extraction.,subsidiary / group structure,bse_sme_ipo_drhp_pipeline,drhp_companies_specified_format.csv+final_merged_dsir_promoters.csv,,See DRHP ‘Industry / Business overview’ section.,no_structured_differentiation_tag|bse_sme_ipo_drhp_pipeline|subsidiary|group_structure,0,not_classified_manufacturer,0,weak_location_signal,0,no_differentiation_evidence,0,no_promoter_extract,1,sector_or_macro_tailwind_tags,0,weak_growth_signal,1,17,15.0,2
Yajur Fibres Limited,TELEPHONE AND FACSIMILE CORPORATE OFFICE TELEPHONE AND FACSIMILE CONTACT PERSON EMAIL AND,unspecified_see_drhp,www.yajurfibres.com,Extract from restated financials in DRHP (pattern not matched).,no_structured_differentiation_tag,Promoter names not machine-extracted from sampled DRHP pages; verify in IPO prospectus or LinkedIn.,subsidiary / group structure,bse_sme_ipo_drhp_pipeline,drhp_companies_specified_format.csv+final_merged_dsir_promoters.csv,,See DRHP ‘Industry / Business overview’ section.,no_structured_differentiation_tag|bse_sme_ipo_drhp_pipeline|subsidiary|group_structure,0,not_classified_manufacturer,0,weak_location_signal,0,no_differentiation_evidence,0,no_promoter_extract,1,sector_or_macro_tailwind_tags,0,weak_growth_signal,1,17,15.0,3
Zelio E-Mobility Limited,PDF parse error: PdfStreamError,unknown,,unknown,no_structured_differentiation_tag,Could not download DRHP PDF/ZIP for promoter extraction.,,bse_sme_ipo_drhp_pipeline,drhp_companies_specified_format.csv+final_merged_dsir_promoters.csv,,,no_structured_differentiation_tag|bse_sme_ipo_drhp_pipeline,0,not_classified_manufacturer,0,weak_location_signal,0,no_differentiation_evidence,0,no_promoter_extract,1,sector_or_macro_tailwind_tags,0,weak_growth_signal,1,17,15.0,2
Company Name,City/Location,Industry Segment,Website,Revenue Band,no_structured_differentiation_tag,Promoter/Decision-Maker,Growth Signals,,data_with_dsir_recognition.csv,,Industry Segment,no_structured_differentiation_tag|growth_signals,0,not_classified_manufacturer,0,weak_location_signal,0,no_differentiation_evidence,0,weak_promoter_signal,0,no_tailwind_tags,0,weak_growth_signal,0,0,0.0,1
